STT,Mã hồ sơ,Kết quả Scan (B2),Bản ghi Giữ lại (#1),Ghi chú / Kết quả thao tác,Thời gian
1,"H31.05.02.H31.09.2005.281","1 bản (CLEAN_OK)","Hồ sơ Tập lưu Quyết định, Kết luận của Sở Xây dựng tỉnh Hưng Yên (từ số 01 - 75)","Đạt chuẩn (1 bản duy nhất) - Hồ sơ chuẩn, không có bản trùng thừa","2026-09-19 07:54:31"
2,"H31.05.02.H31.09.2005.282","1 bản (CLEAN_OK)","Tập lưu Báo cáo của Sở Xây dựng tỉnh Hưng Yên năm 2005 (từ số 01 - 36)","Đạt chuẩn (1 bản duy nhất) - Hồ sơ chuẩn, không có bản trùng thừa","2026-09-19 07:54:33"
3,"H31.05.02.H31.09.2005.283","1 bản (CLEAN_OK)","Tập lưu Báo cáo của Sở Xây dựng tỉnh Hưng Yên năm 2005 (từ số 37 - 61)","Đạt chuẩn (1 bản duy nhất) - Hồ sơ chuẩn, không có bản trùng thừa","2026-09-19 07:54:35"
4,"H31.05.02.H31.09.2005.284","1 bản (CLEAN_OK)","Tập lưu Tờ trình của Sở Xây dựng tỉnh Hưng Yên năm 2005 (từ số 01 - 103)","Đạt chuẩn (1 bản duy nhất) - Hồ sơ chuẩn, không có bản trùng thừa","2026-09-19 07:54:38"
5,"H31.05.02.H31.09.2005.285","1 bản (CLEAN_OK)","Tập lưu Thông báo của Sở Xây dựng tỉnh Hưng Yên năm 2005 (từ số 01 - 103)","Đạt chuẩn (1 bản duy nhất) - Hồ sơ chuẩn, không có bản trùng thừa","2026-09-19 07:54:40"
6,"H31.05.02.H31.09.2005.286","1 bản (CLEAN_OK)","Tập lưu Công văn của Sở Xây dựng tỉnh Hưng Yên năm 2005 (từ số 01 - 155)","Đạt chuẩn (1 bản duy nhất) - Hồ sơ chuẩn, không có bản trùng thừa","2026-09-19 07:54:43"
7,"H31.05.02.H31.09.2005.287","1 bản (CLEAN_OK)","Tập lưu Công văn của Sở Xây dựng tỉnh Hưng Yên năm 2005 (từ số 156 - 259)","Đạt chuẩn (1 bản duy nhất) - Hồ sơ chuẩn, không có bản trùng thừa","2026-09-19 07:54:45"
8,"H31.05.02.H31.09.2005.288","1 bản (CLEAN_OK)","Tập lưu Công văn của Sở Xây dựng tỉnh Hưng Yên năm 2005 (từ số 260-345).","Đạt chuẩn (1 bản duy nhất) - Hồ sơ chuẩn, không có bản trùng thừa","2026-09-19 07:54:47"
9,"H31.05.02.H31.09.2005.289","1 bản (CLEAN_OK)","Tập lưu Hướng dẫn, Biên bản của Sở Xây dựng năm 2005","Đạt chuẩn (1 bản duy nhất) - Hồ sơ chuẩn, không có bản trùng thừa","2026-09-19 07:54:50"
10,"H31.05.02.H31.09.2006.290","1 bản (CLEAN_OK)","Tập lưu Quyết định, Kết luận của Sở Xây dựng tỉnh Hưng Yên năm 2006 (từ số 01 - 78)","Đạt chuẩn (1 bản duy nhất) - Hồ sơ chuẩn, không có bản trùng thừa","2026-09-19 07:54:52"
11,"H31.05.02.H31.09.2006.291","1 bản (CLEAN_OK)","Tập lưu Báo cáo của Sở Xây dựng tỉnh Hưng Yên năm 2006 (từ số 01-47)","Đạt chuẩn (1 bản duy nhất) - Hồ sơ chuẩn, không có bản trùng thừa","2026-09-19 07:54:54"
12,"H31.05.02.H31.09.2006.292","1 bản (CLEAN_OK)","Tập lưu Tờ trình của Sở Xây dựng tỉnh Hưng Yên năm 2006 (từ số 01 - 54)","Đạt chuẩn (1 bản duy nhất) - Hồ sơ chuẩn, không có bản trùng thừa","2026-09-19 07:54:57"
13,"H31.05.02.H31.09.2006.293","1 bản (CLEAN_OK)","Tập lưu Tờ trình của Sở Xây dựng tỉnh Hưng Yên năm 2006 (từ số 55 - 88)","Đạt chuẩn (1 bản duy nhất) - Hồ sơ chuẩn, không có bản trùng thừa","2026-09-19 07:54:59"
14,"H31.05.02.H31.09.2006.294","1 bản (CLEAN_OK)","Tập lưu Thông báo của Sở Xây dựng tỉnh Hưng Yên năm 2006 (từ số 01 - 104)","Đạt chuẩn (1 bản duy nhất) - Hồ sơ chuẩn, không có bản trùng thừa","2026-09-19 07:55:02"
15,"H31.05.02.H31.09.2006.295","1 bản (CLEAN_OK)","Tập lưu Thông báo của Sở Xây dựng tỉnh Hưng Yên năm 2006 (từ số 105-166)","Đạt chuẩn (1 bản duy nhất) - Hồ sơ chuẩn, không có bản trùng thừa","2026-09-19 07:55:04"
16,"H31.05.02.H31.09.2006.296","1 bản (CLEAN_OK)","Tập lưu Thông báo của Sở Xây dựng tỉnh Hưng Yên năm 2006 (từ số 167 - 200)","Đạt chuẩn (1 bản duy nhất) - Hồ sơ chuẩn, không có bản trùng thừa","2026-09-19 07:55:06"
17,"H31.05.02.H31.09.2006.297","1 bản (CLEAN_OK)","Tập lưu Công văn của Sở Xây dựng tỉnh Hưng Yên năm 2006 (từ số 01 - 77)","Đạt chuẩn (1 bản duy nhất) - Hồ sơ chuẩn, không có bản trùng thừa","2026-09-19 07:55:09"
18,"H31.05.02.H31.09.2006.298","1 bản (CLEAN_OK)","Tập lưu Công văn của Sở Xây dựng tỉnh Hưng Yên năm 2006 (từ số 78 - 189)","Đạt chuẩn (1 bản duy nhất) - Hồ sơ chuẩn, không có bản trùng thừa","2026-09-19 07:55:11"
19,"H31.05.02.H31.09.2006.299","1 bản (CLEAN_OK)","Tập lưu Công văn của Sở Xây dựng tỉnh Hưng Yên năm 2006 (từ số 190 - 253)","Đạt chuẩn (1 bản duy nhất) - Hồ sơ chuẩn, không có bản trùng thừa","2026-09-19 07:55:13"
20,"H31.05.02.H31.09.2006.300","1 bản (CLEAN_OK)","Tập lưu Công văn của Sở Xây dựng tỉnh Hưng Yên năm 2006 (từ số 254 - 373)","Đạt chuẩn (1 bản duy nhất) - Hồ sơ chuẩn, không có bản trùng thừa","2026-09-19 07:55:16"
21,"H31.05.02.H31.09.2007.301","1 bản (CLEAN_OK)","Hồ sơ Tập lưu Quyết định, Kết luận của Sở Xây dựng tỉnh Hưng Yên năm 2007 (từ số 01 - 59)","Đạt chuẩn (1 bản duy nhất) - Hồ sơ chuẩn, không có bản trùng thừa","2026-09-19 07:55:18"
22,"H31.05.02.H31.09.2007.302","1 bản (CLEAN_OK)","Tập lưu báo cáo của Sở Xây dựng tỉnh Hưng Yên năm 2007 (từ số 01 - 61)","Đạt chuẩn (1 bản duy nhất) - Hồ sơ chuẩn, không có bản trùng thừa","2026-09-19 07:55:21"
23,"H31.05.02.H31.09.2007.303","1 bản (CLEAN_OK)","Tập lưu Tờ trình của Sở Xây dựng tỉnh Hưng Yên năm 2007 (từ số 01 - 103)","Đạt chuẩn (1 bản duy nhất) - Hồ sơ chuẩn, không có bản trùng thừa","2026-09-19 07:55:23"
24,"H31.05.02.H31.09.2007.304","1 bản (CLEAN_OK)","Tập lưu thông báo của Sở Xây dựng tỉnh Hưng Yên năm 2007 (từ số 01-135)","Đạt chuẩn (1 bản duy nhất) - Hồ sơ chuẩn, không có bản trùng thừa","2026-09-19 07:55:25"
25,"H31.05.02.H31.09.2007.305","1 bản (CLEAN_OK)","Tập lưu Thông báo của Sở Xây dựng tỉnh Hưng Yên năm 2007
(từ số 136 - 231)","Đạt chuẩn (1 bản duy nhất) - Hồ sơ chuẩn, không có bản trùng thừa","2026-09-19 07:55:28"
26,"H31.05.02.H31.09.2007.306","1 bản (CLEAN_OK)","Tập lưu Công văn của Sở Xây dựng tỉnh Hưng Yên năm 2007
(từ số 01-88)","Đạt chuẩn (1 bản duy nhất) - Hồ sơ chuẩn, không có bản trùng thừa","2026-09-19 07:55:30"
27,"H31.05.02.H31.09.2007.307","1 bản (CLEAN_OK)","Tập lưu Công văn của Sở Xây dựng tỉnh Hưng Yên năm 2007 (từ số 89-182)","Đạt chuẩn (1 bản duy nhất) - Hồ sơ chuẩn, không có bản trùng thừa","2026-09-19 07:55:32"
28,"H31.05.02.H31.09.2007.308","1 bản (CLEAN_OK)","Tập lưu Công văn của Sở Xây dựng tỉnh Hưng Yên năm 2007 (từ số 183 - 292).","Đạt chuẩn (1 bản duy nhất) - Hồ sơ chuẩn, không có bản trùng thừa","2026-09-19 07:55:39"
29,"H31.05.02.H31.09.2007.309","1 bản (CLEAN_OK)","Tập lưu Công văn của Sở Xây dựng tỉnh Hưng Yên năm 2007 (từ số 293 - 451)","Đạt chuẩn (1 bản duy nhất) - Hồ sơ chuẩn, không có bản trùng thừa","2026-09-19 07:55:45"
30,"H31.05.02.H31.09.2008.310","1 bản (CLEAN_OK)","Tập lưu Quyết định của Sở Xây dựng tỉnh Hưng Yên năm 2008 (từ số 01 - 92)","Đạt chuẩn (1 bản duy nhất) - Hồ sơ chuẩn, không có bản trùng thừa","2026-09-19 07:55:51"
31,"H31.05.02.H31.09.2008.311","1 bản (CLEAN_OK)","Tập lưu Báo cáo của Sở Xây dựng tỉnh Hưng Yên năm 2008 (từ số 01 - 65)","Đạt chuẩn (1 bản duy nhất) - Hồ sơ chuẩn, không có bản trùng thừa","2026-09-19 07:55:57"
32,"H31.05.02.H31.09.2008.312","1 bản (CLEAN_OK)","Tập lưu Tờ trình của Sở Xây dựng tỉnh Hưng Yên năm 2008 (từ số 01 - 58)","Đạt chuẩn (1 bản duy nhất) - Hồ sơ chuẩn, không có bản trùng thừa","2026-09-19 07:56:03"
33,"H31.05.02.H31.09.2008.313","1 bản (CLEAN_OK)","Hồ sơ Tập lưu Tờ trình của Sở Xây dựng tỉnh Hưng Yên năm 2008 (từ số 59 - 95)","Đạt chuẩn (1 bản duy nhất) - Hồ sơ chuẩn, không có bản trùng thừa","2026-09-19 07:56:09"
34,"H31.05.02.H31.09.2008.314","1 bản (CLEAN_OK)","Tập lưu Công văn của Sở Xây dựng tỉnh Hưng Yên năm 2008 (từ số 01 - 96)","Đạt chuẩn (1 bản duy nhất) - Hồ sơ chuẩn, không có bản trùng thừa","2026-09-19 07:56:15"
35,"H31.05.02.H31.09.2008.315","1 bản (CLEAN_OK)","Hồ sơ Tập lưu Công văn của Sở Xây dựng tỉnh Hưng Yên năm 2008 (từ số 97-194)","Đạt chuẩn (1 bản duy nhất) - Hồ sơ chuẩn, không có bản trùng thừa","2026-09-19 07:56:21"
36,"H31.05.02.H31.09.2008.316","1 bản (CLEAN_OK)","Tập lưu Công văn của Sở Xây dựng tỉnh Hưng Yên năm 2008 (từ số 195 - 271)","Đạt chuẩn (1 bản duy nhất) - Hồ sơ chuẩn, không có bản trùng thừa","2026-09-19 07:56:27"
37,"H31.05.02.H31.09.2008.317","1 bản (CLEAN_OK)","Tập lưu Công văn của Sở Xây dựng tỉnh Hưng Yên năm 2008 (từ số 271 - 365)","Đạt chuẩn (1 bản duy nhất) - Hồ sơ chuẩn, không có bản trùng thừa","2026-09-19 07:56:33"
38,"H31.05.02.H31.09.2008.318","1 bản (CLEAN_OK)","Tập lưu Công văn của Sở Xây dựng tỉnh Hưng Yên năm 2008","Đạt chuẩn (1 bản duy nhất) - Hồ sơ chuẩn, không có bản trùng thừa","2026-09-19 07:56:39"
39,"H31.05.02.H31.09.2008.319","1 bản (CLEAN_OK)","Tập lưu Công văn của Sở Xây dựng tỉnh Hưng Yên năm 2008","Đạt chuẩn (1 bản duy nhất) - Hồ sơ chuẩn, không có bản trùng thừa","2026-09-19 07:56:45"
40,"H31.05.02.H31.09.2008.320","1 bản (CLEAN_OK)","Tập lưu Thông báo của Sở Xây dựng tỉnh Hưng Yên năm 2015","Đạt chuẩn (1 bản duy nhất) - Hồ sơ chuẩn, không có bản trùng thừa","2026-09-19 07:56:51"
41,"H31.05.02.H31.09.2008.321","1 bản (CLEAN_OK)","Tập lưu Thông báo của Sở Xây dựng tỉnh Hưng Yên năm 2008. (từ số 52 - 124)","Đạt chuẩn (1 bản duy nhất) - Hồ sơ chuẩn, không có bản trùng thừa","2026-09-19 07:56:57"
42,"H31.05.02.H31.09.2008.322","1 bản (CLEAN_OK)","Tập lưu Thông báo của Sở Xây dựng tỉnh Hưng Yên năm 2008 (từ số 124 - 188)","Đạt chuẩn (1 bản duy nhất) - Hồ sơ chuẩn, không có bản trùng thừa","2026-09-19 07:57:03"
43,"H31.05.02.H31.09.2008.323","1 bản (CLEAN_OK)","Tập lưu Thông báo của Sở Xây dựng tỉnh Hưng Yên năm 2008 (từ số 189 - 279)","Đạt chuẩn (1 bản duy nhất) - Hồ sơ chuẩn, không có bản trùng thừa","2026-09-19 07:57:09"
44,"H31.05.02.H31.09.2008.324","1 bản (CLEAN_OK)","Tập lưu Giấy phép xây dựng Sở Xây dựng tỉnh Hưng Yên năm 2008 (từ số 01-75)","Đạt chuẩn (1 bản duy nhất) - Hồ sơ chuẩn, không có bản trùng thừa","2026-09-19 07:57:15"
45,"H31.05.02.H31.09.2008.325","1 bản (CLEAN_OK)","Tập lưu Chứng chỉ Quy hoạch Sở Xây dựng tỉnh Hưng Yên năm 2006 - 2008 (từ số 01 - 42)","Đạt chuẩn (1 bản duy nhất) - Hồ sơ chuẩn, không có bản trùng thừa","2026-09-19 07:57:21"
46,"H31.05.02.H31.09.2009.326","1 bản (CLEAN_OK)","Tập lưu Quyết định của Sở Xây dựng tỉnh Hưng Yên năm 2009 (từ số 01 - 122)","Đạt chuẩn (1 bản duy nhất) - Hồ sơ chuẩn, không có bản trùng thừa","2026-09-19 07:57:27"
47,"H31.05.02.H31.09.2009.327","1 bản (CLEAN_OK)","Tập lưu Báo cáo của Sở Xây dựng tỉnh Hưng Yên năm 2009 (từ 01-79)","Đạt chuẩn (1 bản duy nhất) - Hồ sơ chuẩn, không có bản trùng thừa","2026-09-19 07:57:33"
48,"H31.05.02.H31.09.2009.328","1 bản (CLEAN_OK)","Tập lưu Công văn của Sở Xây dựng tỉnh Hưng Yên năm 2009 (từ số 01 - 111)","Đạt chuẩn (1 bản duy nhất) - Hồ sơ chuẩn, không có bản trùng thừa","2026-09-19 07:57:39"
49,"H31.05.02.H31.09.2009.329","1 bản (CLEAN_OK)","Tập lưu Công văn của Sở Xây dựng tỉnh Hưng Yên năm 2009 (từ số 112 - 218)","Đạt chuẩn (1 bản duy nhất) - Hồ sơ chuẩn, không có bản trùng thừa","2026-09-19 07:57:45"
50,"H31.05.02.H31.09.2009.330","1 bản (CLEAN_OK)","Hồ sơ Tập lưu Công văn của Sở Xây dựng tỉnh Hưng Yên năm 2009 (từ số 219 - 294)","Đạt chuẩn (1 bản duy nhất) - Hồ sơ chuẩn, không có bản trùng thừa","2026-09-19 07:57:51"
51,"H31.05.02.H31.09.2009.331","1 bản (CLEAN_OK)","Tập lưu Công văn của Sở Xây dựng tỉnh Hưng Yên năm 2009 (từ số 295 - 364)","Đạt chuẩn (1 bản duy nhất) - Hồ sơ chuẩn, không có bản trùng thừa","2026-09-19 07:57:57"
52,"H31.05.02.H31.09.2009.332","1 bản (CLEAN_OK)","Tập lưu Công văn của Sở Xây dựng tỉnh Hưng Yên năm 2009 (từ số 365 -475)","Đạt chuẩn (1 bản duy nhất) - Hồ sơ chuẩn, không có bản trùng thừa","2026-09-19 07:58:03"
53,"H31.05.02.H31.09.2009.333","1 bản (CLEAN_OK)","Tập lưu Công văn của Sở Xây dựng tỉnh Hưng Yên năm 2009
(từ số 476 - 619)","Đạt chuẩn (1 bản duy nhất) - Hồ sơ chuẩn, không có bản trùng thừa","2026-09-19 07:58:09"
54,"H31.05.02.H31.09.2009.334","1 bản (CLEAN_OK)","Tập lưu Tờ trình của Sở Xây dựng tỉnh Hưng Yên năm 2009 (từ số 01 - 60)","Đạt chuẩn (1 bản duy nhất) - Hồ sơ chuẩn, không có bản trùng thừa","2026-09-19 07:58:15"
55,"H31.05.02.H31.09.2009.335","1 bản (CLEAN_OK)","Tập lưu Tờ trình của Sở Xây dựng tỉnh Hưng Yên năm 2009 (từ số 61 - 125)","Đạt chuẩn (1 bản duy nhất) - Hồ sơ chuẩn, không có bản trùng thừa","2026-09-19 07:58:21"
56,"H31.05.02.H31.09.2009.336","1 bản (CLEAN_OK)","Tập lưu thông báo của Sở Xây dựng tỉnh Hưng Yên năm 2009 (từ số 01 - 89)","Đạt chuẩn (1 bản duy nhất) - Hồ sơ chuẩn, không có bản trùng thừa","2026-09-19 07:58:27"
57,"H31.05.02.H31.09.2009.337","1 bản (CLEAN_OK)","Tập lưu thông báo của Sở Xây dựng tỉnh Hưng Yên năm 2009 (từ số 90 - 179)","Đạt chuẩn (1 bản duy nhất) - Hồ sơ chuẩn, không có bản trùng thừa","2026-09-19 07:58:33"
58,"H31.05.02.H31.09.2009.338","1 bản (CLEAN_OK)","Tập lưu Thông báo của Sở Xây dựng tỉnh Hưng Yên năm 2009 (từ số 180 - 199)","Đạt chuẩn (1 bản duy nhất) - Hồ sơ chuẩn, không có bản trùng thừa","2026-09-19 07:58:39"
59,"H31.05.02.H31.09.2009.339","1 bản (CLEAN_OK)","Tập lưu Kết quả thẩm định của Sở Xây dựng tỉnh Hưng Yên năm 2009 (từ số 01-41)","Đạt chuẩn (1 bản duy nhất) - Hồ sơ chuẩn, không có bản trùng thừa","2026-09-19 07:58:45"
60,"H31.05.02.H31.09.2009.340","1 bản (CLEAN_OK)","Tập lưu Giấy phép xây dựng của Sở Xây dựng tỉnh Hưng Yên năm 2009 (từ số 01 -75)","Đạt chuẩn (1 bản duy nhất) - Hồ sơ chuẩn, không có bản trùng thừa","2026-09-19 07:58:51"
61,"H31.05.02.H31.09.2010.341","1 bản (CLEAN_OK)","Tập lưu Quyết định của Sở Xây dựng tỉnh Hưng Yên năm 2010 (từ số 01 - 68)","Đạt chuẩn (1 bản duy nhất) - Hồ sơ chuẩn, không có bản trùng thừa","2026-09-19 07:58:57"
62,"H31.05.02.H31.09.2010.342","1 bản (CLEAN_OK)","Tập lưu Quyết định của Sở Xây dựng tỉnh Hưng Yên năm 2010 (từ số 69 - 141)","Đạt chuẩn (1 bản duy nhất) - Hồ sơ chuẩn, không có bản trùng thừa","2026-09-19 07:59:03"
63,"H31.05.02.H31.09.2010.343","1 bản (CLEAN_OK)","Hồ sơ Tập lưu Báo cáo của Sở Xây dựng tỉnh Hưng Yên năm 2010 (từ số 01-67)","Đạt chuẩn (1 bản duy nhất) - Hồ sơ chuẩn, không có bản trùng thừa","2026-09-19 07:59:09"
64,"H31.05.02.H31.09.2010.344","1 bản (CLEAN_OK)","Tập lưu Tờ trình của Sở Xây dựng tỉnh Hưng Yên năm 2010 (từ số 01 - 60)","Đạt chuẩn (1 bản duy nhất) - Hồ sơ chuẩn, không có bản trùng thừa","2026-09-19 07:59:15"
65,"H31.05.02.H31.09.2010.345","1 bản (CLEAN_OK)","Tập lưu Tờ trình của Sở Xây dựng tỉnh Hưng Yên năm 2010 
(từ số 61 - 109)","Đạt chuẩn (1 bản duy nhất) - Hồ sơ chuẩn, không có bản trùng thừa","2026-09-19 07:59:21"
66,"H31.05.02.H31.09.2010.346","1 bản (CLEAN_OK)","Tập lưu thông báo của Sở Xây dựng tỉnh Hưng Yên năm 2010 (từ số 01 - 74)","Đạt chuẩn (1 bản duy nhất) - Hồ sơ chuẩn, không có bản trùng thừa","2026-09-19 07:59:27"
67,"H31.05.02.H31.09.2010.347","1 bản (CLEAN_OK)","Tập lưu Thông báo của Sở Xây dựng tỉnh Hưng Yên năm 2010 (từ số 75 - 126)","Đạt chuẩn (1 bản duy nhất) - Hồ sơ chuẩn, không có bản trùng thừa","2026-09-19 07:59:33"
68,"H31.05.02.H31.09.2010.348","1 bản (CLEAN_OK)","Tập lưu Thông báo của Sở Xây dựng tỉnh Hưng Yên năm 2010.","Đạt chuẩn (1 bản duy nhất) - Hồ sơ chuẩn, không có bản trùng thừa","2026-09-19 07:59:39"
69,"H31.05.02.H31.09.2010.349","1 bản (CLEAN_OK)","Tập lưu Thông báo của Sở Xây dựng tỉnh Hưng Yên năm 2010
(từ số 178 - 233)","Đạt chuẩn (1 bản duy nhất) - Hồ sơ chuẩn, không có bản trùng thừa","2026-09-19 07:59:45"
70,"H31.05.02.H31.09.2010.350","1 bản (CLEAN_OK)","Tập lưu Công văn của Sở Xây dựng tỉnh Hưng Yên năm 2010 (từ số 01 - 117)","Đạt chuẩn (1 bản duy nhất) - Hồ sơ chuẩn, không có bản trùng thừa","2026-09-19 07:59:51"
71,"H31.05.02.H31.09.2010.351","1 bản (CLEAN_OK)","Tập lưu Công văn của Sở Xây dựng tỉnh Hưng Yên năm 2010 (từ số 118 - 218)","Đạt chuẩn (1 bản duy nhất) - Hồ sơ chuẩn, không có bản trùng thừa","2026-09-19 07:59:57"
72,"H31.05.02.H31.09.2010.352","1 bản (CLEAN_OK)","Tập lưu Công văn của Sở Xây dựng tỉnh Hưng Yên năm 2010 (từ số 219 - 238)","Đạt chuẩn (1 bản duy nhất) - Hồ sơ chuẩn, không có bản trùng thừa","2026-09-19 08:00:03"
73,"H31.05.02.H31.09.2010.353","1 bản (CLEAN_OK)","Tập lưu Công văn của Sở Xây dựng tỉnh Hưng Yên năm 2010 (từ số 239 - 425)","Đạt chuẩn (1 bản duy nhất) - Hồ sơ chuẩn, không có bản trùng thừa","2026-09-19 08:00:09"
74,"H31.05.02.H31.09.2010.354","1 bản (CLEAN_OK)","Tập lưu Công văn của Sở Xây dựng tỉnh Hưng Yên năm 2010 (từ số 421, 426 - 497)","Đạt chuẩn (1 bản duy nhất) - Hồ sơ chuẩn, không có bản trùng thừa","2026-09-19 08:00:15"
75,"H31.05.02.H31.09.2010.355","1 bản (CLEAN_OK)","Tập lưu Công văn của Sở Xây dựng tỉnh Hưng Yên năm 2010 (từ số 498 - 602)","Đạt chuẩn (1 bản duy nhất) - Hồ sơ chuẩn, không có bản trùng thừa","2026-09-19 08:00:21"
76,"H31.05.02.H31.09.2010.356","1 bản (CLEAN_OK)","Tập lưu kết quả thẩm định của Sở Xây dựng tỉnh Hưng Yên năm 2010 (từ số 498-602)","Đạt chuẩn (1 bản duy nhất) - Hồ sơ chuẩn, không có bản trùng thừa","2026-09-19 08:00:27"
77,"H31.05.02.H31.09.2010.357","1 bản (CLEAN_OK)","Hồ sơ Tập lưu giấy phép xây dựng của Sở Xây dựng tỉnh Hưng Yên năm 2010 (từ số 01-88)","Đạt chuẩn (1 bản duy nhất) - Hồ sơ chuẩn, không có bản trùng thừa","2026-09-19 08:00:33"
78,"H31.05.02.H31.09.2010.358","1 bản (CLEAN_OK)","Hồ sơ Tập lưu chứng chỉ Quy hoạch của Sở Xây dựng tỉnh Hưng Yên năm 2009-2010","Đạt chuẩn (1 bản duy nhất) - Hồ sơ chuẩn, không có bản trùng thừa","2026-09-19 08:00:39"
79,"H31.05.02.H31.09.2011.359","1 bản (CLEAN_OK)","Tập lưu Quyết định của Sở Xây dựng tỉnh Hưng Yên năm
2011 (từ số 01 - 99)","Đạt chuẩn (1 bản duy nhất) - Hồ sơ chuẩn, không có bản trùng thừa","2026-09-19 08:00:45"
80,"H31.05.02.H31.09.2011.360","1 bản (CLEAN_OK)","Tập lưu báo cáo của Sở Xây dựng tỉnh Hưng Yên năm 2011 (từ số 01-88)","Đạt chuẩn (1 bản duy nhất) - Hồ sơ chuẩn, không có bản trùng thừa","2026-09-19 08:00:51"
81,"H31.05.02.H31.09.2011.361","1 bản (CLEAN_OK)","Tập lưu Tờ trình của Sở Xây dựng tỉnh Hưng Yên năm 2011 (từ số 01 - 50)","Đạt chuẩn (1 bản duy nhất) - Hồ sơ chuẩn, không có bản trùng thừa","2026-09-19 08:00:57"
82,"H31.05.02.H31.09.2011.362","1 bản (CLEAN_OK)","Hồ sơ Tập lưu Tờ trình của Sở Xây dựng tỉnh Hưng Yên năm 2011 (từ số 51 - 99)","Đạt chuẩn (1 bản duy nhất) - Hồ sơ chuẩn, không có bản trùng thừa","2026-09-19 08:01:03"
83,"H31.05.02.H31.09.2011.363","1 bản (CLEAN_OK)","Tập lưu Tờ trình của Sở Xây dựng tỉnh Hưng Yên năm 2011 (từ số 100-128)","Đạt chuẩn (1 bản duy nhất) - Hồ sơ chuẩn, không có bản trùng thừa","2026-09-19 08:01:09"
84,"H31.05.02.H31.09.2011.364","1 bản (CLEAN_OK)","Hồ sơ Tập lưu Thông báo của Sở Xây dựng tỉnh Hưng Yên năm 2011 (từ số 01 - 58)","Đạt chuẩn (1 bản duy nhất) - Hồ sơ chuẩn, không có bản trùng thừa","2026-09-19 08:01:15"
85,"H31.05.02.H31.09.2011.365","1 bản (CLEAN_OK)","Hồ sơ Tập lưu Thông báo của Sở Xây dựng tỉnh Hưng Yên năm 2011 (từ số 59-105)","Đạt chuẩn (1 bản duy nhất) - Hồ sơ chuẩn, không có bản trùng thừa","2026-09-19 08:01:21"
86,"H31.05.02.H31.09.2011.366","1 bản (CLEAN_OK)","Tập lưu Thông báo của Sở Xây dựng tỉnh Hưng Yên năm 2011 (từ số 105 – 192)","Đạt chuẩn (1 bản duy nhất) - Hồ sơ chuẩn, không có bản trùng thừa","2026-09-19 08:01:27"
87,"H31.05.02.H31.09.2011.367","1 bản (CLEAN_OK)","Tập lưu Thông báo của Sở Xây dựng tỉnh Hưng Yên năm 2011 (từ số 193 - 260)","Đạt chuẩn (1 bản duy nhất) - Hồ sơ chuẩn, không có bản trùng thừa","2026-09-19 08:01:30"
88,"H31.05.02.H31.09.2011.368","1 bản (CLEAN_OK)","Tập lưu Công văn của Sở Xây dựng tỉnh Hưng Yên năm 2011 (từ số 01 - 125)","Đạt chuẩn (1 bản duy nhất) - Hồ sơ chuẩn, không có bản trùng thừa","2026-09-19 08:01:33"
89,"H31.05.02.H31.09.2011.369","1 bản (CLEAN_OK)","Hồ sơ Tập lưu Công văn của Sở Xây dựng tỉnh Hưng Yên năm 2011(từ số 126 - 182)","Đạt chuẩn (1 bản duy nhất) - Hồ sơ chuẩn, không có bản trùng thừa","2026-09-19 08:01:35"
90,"H31.05.02.H31.09.2011.370","1 bản (CLEAN_OK)","Tập lưu Công văn của Sở Xây dựng tỉnh Hưng Yên năm 2011 (từ số 183 - 283)","Đạt chuẩn (1 bản duy nhất) - Hồ sơ chuẩn, không có bản trùng thừa","2026-09-19 08:01:41"
91,"H31.05.02.H31.09.2011.371","1 bản (CLEAN_OK)","Tập lưu Công văn của Sở Xây dựng tỉnh Hưng Yên năm 2011 (từ số 285 - 418)","Đạt chuẩn (1 bản duy nhất) - Hồ sơ chuẩn, không có bản trùng thừa","2026-09-19 08:01:47"
92,"H31.05.02.H31.09.2011.372","1 bản (CLEAN_OK)","Tập lưu Công văn của Sở Xây dựng tỉnh Hưng Yên năm 2011 (từ số 418 - 513)","Đạt chuẩn (1 bản duy nhất) - Hồ sơ chuẩn, không có bản trùng thừa","2026-09-19 08:01:53"
93,"H31.05.02.H31.09.2011.373","1 bản (CLEAN_OK)","Tập lưu Công văn của Sở Xây dựng tỉnh Hưng Yên năm 2011 (từ số 514 - 685)","Đạt chuẩn (1 bản duy nhất) - Hồ sơ chuẩn, không có bản trùng thừa","2026-09-19 08:01:59"
94,"H31.05.02.H31.09.2011.374","1 bản (CLEAN_OK)","Tập lưu Kết quả thẩm định của Sở Xây dựng tỉnh Hưng Yên năm 2011 (từ số 01 - 38)","Đạt chuẩn (1 bản duy nhất) - Hồ sơ chuẩn, không có bản trùng thừa","2026-09-19 08:02:05"
95,"H31.05.02.H31.09.2011.375","1 bản (CLEAN_OK)","Tập lưu Giấy phép xây dựng của Sở Xây dựng tỉnh Hưng Yên năm 2011 (từ số 01 - 59)","Đạt chuẩn (1 bản duy nhất) - Hồ sơ chuẩn, không có bản trùng thừa","2026-09-19 08:02:11"
96,"H31.05.02.H31.09.2011.376","1 bản (CLEAN_OK)","Tập lưu giấy phép thầu của Sở Xây dựng tỉnh Hưng Yên năm 2011","Đạt chuẩn (1 bản duy nhất) - Hồ sơ chuẩn, không có bản trùng thừa","2026-09-19 08:02:17"
97,"H31.05.02.H31.09.2011.377","1 bản (CLEAN_OK)","Tập lưu Chứng chỉ Quy hoạch của Sở Xây dựng tỉnh Hưng Yên năm 2011","Đạt chuẩn (1 bản duy nhất) - Hồ sơ chuẩn, không có bản trùng thừa","2026-09-19 08:02:23"
98,"H31.05.02.H31.09.2012.378","1 bản (CLEAN_OK)","Tập lưu Quyết định của Sở Xây dựng tỉnh Hưng Yên năm 2012 (từ số 01 - 105)","Đạt chuẩn (1 bản duy nhất) - Hồ sơ chuẩn, không có bản trùng thừa","2026-09-19 08:02:29"
99,"H31.05.02.H31.09.2012.379","1 bản (CLEAN_OK)","Tập lưu Báo cáo của Sở Xây dựng tỉnh Hưng Yên năm 2012 (từ số 01 - 58)","Đạt chuẩn (1 bản duy nhất) - Hồ sơ chuẩn, không có bản trùng thừa","2026-09-19 08:02:35"
100,"H31.05.02.H31.09.2012.380","1 bản (CLEAN_OK)","Tập lưu Báo cáo của Sở Xây dựng tỉnh Hưng Yên năm 2012 (từ số 62 - 104)","Đạt chuẩn (1 bản duy nhất) - Hồ sơ chuẩn, không có bản trùng thừa","2026-09-19 08:02:41"
101,"H31.05.02.H31.09.2012.381","1 bản (CLEAN_OK)","Tập lưu Tờ trình của Sở Xây Dựng tỉnh Hưng Yên năm 2012 (từ số 01-62)","Đạt chuẩn (1 bản duy nhất) - Hồ sơ chuẩn, không có bản trùng thừa","2026-09-19 08:02:47"
102,"H31.05.02.H31.09.2012.382","1 bản (CLEAN_OK)","Tập lưu Tờ trình của Sở Xây dựng tỉnh Hưng Yên năm 2012 (từ số 63 - 106)","Đạt chuẩn (1 bản duy nhất) - Hồ sơ chuẩn, không có bản trùng thừa","2026-09-19 08:02:53"
103,"H31.05.02.H31.09.2012.383","1 bản (CLEAN_OK)","Tập lưu Tờ trình của Sở Xây dựng tỉnh Hưng Yên năm 2012 (từ số 107 - 146)","Đạt chuẩn (1 bản duy nhất) - Hồ sơ chuẩn, không có bản trùng thừa","2026-09-19 08:02:59"
104,"H31.05.02.H31.09.2012.384","1 bản (CLEAN_OK)","Tập lưu Thông báo của Sở Xây dựng tỉnh Hưng Yên năm 2012
(từ số 01 - 108)","Đạt chuẩn (1 bản duy nhất) - Hồ sơ chuẩn, không có bản trùng thừa","2026-09-19 08:03:05"
105,"H31.05.02.H31.09.2012.385","1 bản (CLEAN_OK)","Hồ sơ Tập lưu Thông báo của Sở Xây dựng tỉnh Hưng Yên năm 2012 (từ số 109 - 184)","Đạt chuẩn (1 bản duy nhất) - Hồ sơ chuẩn, không có bản trùng thừa","2026-09-19 08:03:11"
106,"H31.05.02.H31.09.2012.386","1 bản (CLEAN_OK)","Tập lưu Thông báo của Sở Xây dựng tỉnh Hưng Yên năm 2012 (từ số 185 - 249)","Đạt chuẩn (1 bản duy nhất) - Hồ sơ chuẩn, không có bản trùng thừa","2026-09-19 08:03:17"
107,"H31.05.02.H31.09.2012.387","1 bản (CLEAN_OK)","Tập lưu Công văn của Sở Xây dựng tỉnh Hưng Yên năm 2012 (từ số 01 - 112)","Đạt chuẩn (1 bản duy nhất) - Hồ sơ chuẩn, không có bản trùng thừa","2026-09-19 08:03:23"
108,"H31.05.02.H31.09.2012.388","1 bản (CLEAN_OK)","Hồ sơ Tập lưu Công văn của Sở Xây dựng tỉnh Hưng Yên năm 2012 (từ số 113-228)","Đạt chuẩn (1 bản duy nhất) - Hồ sơ chuẩn, không có bản trùng thừa","2026-09-19 08:03:29"
109,"H31.05.02.H31.09.2012.389","1 bản (CLEAN_OK)","Hồ sơ Tập lưu Công văn của Sở Xây dựng tỉnh Hưng Yên năm 2012 (từ số 229 - 347)","Đạt chuẩn (1 bản duy nhất) - Hồ sơ chuẩn, không có bản trùng thừa","2026-09-19 08:03:35"
110,"H31.05.02.H31.09.2012.390","1 bản (CLEAN_OK)","Hồ sơ Tập lưu Công văn của Sở Xây dựng tỉnh Hưng Yên năm 2012 (từ số 348-391)","Đạt chuẩn (1 bản duy nhất) - Hồ sơ chuẩn, không có bản trùng thừa","2026-09-19 08:03:41"
111,"H31.05.02.H31.09.2012.391","1 bản (CLEAN_OK)","Tập lưu Công văn của Sở Xây dựng tỉnh Hưng Yên năm 2012 (từ số 392-574)","Đạt chuẩn (1 bản duy nhất) - Hồ sơ chuẩn, không có bản trùng thừa","2026-09-19 08:03:47"
112,"H31.05.02.H31.09.2012.392","1 bản (CLEAN_OK)","Tập lưu chứng chỉ Quy hoạch của Sở Xây dựng tỉnh Hưng Yên năm 2012","Đạt chuẩn (1 bản duy nhất) - Hồ sơ chuẩn, không có bản trùng thừa","2026-09-19 08:03:53"
113,"H31.05.02.H31.09.2012.393","1 bản (CLEAN_OK)","Tập lưu Kết quả thẩm định của Sở Xây dựng tỉnh Hưng Yên năm 2012 (từ số 01 - 30)","Đạt chuẩn (1 bản duy nhất) - Hồ sơ chuẩn, không có bản trùng thừa","2026-09-19 08:03:59"
114,"H31.05.02.H31.09.2012.394","1 bản (CLEAN_OK)","Tập lưu Giấy phép thầu của Sở Xây dựng tỉnh Hưng Yên năm 2012 (từ số 01 - 09).","Đạt chuẩn (1 bản duy nhất) - Hồ sơ chuẩn, không có bản trùng thừa","2026-09-19 08:04:05"
115,"H31.05.02.H31.09.2012.395","1 bản (CLEAN_OK)","Hồ sơ Tập lưu Giấy phép Xây dựng của Sở Xây dựng tỉnh Hưng Yên năm 2012 (từ số 01 - 37)","Đạt chuẩn (1 bản duy nhất) - Hồ sơ chuẩn, không có bản trùng thừa","2026-09-19 08:04:11"
116,"H31.05.02.H31.09.2013.396","1 bản (CLEAN_OK)","Tập lưu Quyết định của Sở Xây dựng tỉnh Hưng Yên năm 2013 (từ số 01 - 85)","Đạt chuẩn (1 bản duy nhất) - Hồ sơ chuẩn, không có bản trùng thừa","2026-09-19 08:04:17"
117,"H31.05.02.H31.09.2013.397","1 bản (CLEAN_OK)","Tập lưu quyết định của Sở Xây dựng tỉnh Hưng Yên năm 2013 (từ số 86 - 129).","Đạt chuẩn (1 bản duy nhất) - Hồ sơ chuẩn, không có bản trùng thừa","2026-09-19 08:04:23"
118,"H31.05.02.H31.09.2013.398","1 bản (CLEAN_OK)","Tập lưu Báo cáo của Sở Xây dựng tỉnh Hưng Yên năm 2013 (từ số 01 - 48)","Đạt chuẩn (1 bản duy nhất) - Hồ sơ chuẩn, không có bản trùng thừa","2026-09-19 08:04:29"
119,"H31.05.02.H31.09.2013.399","1 bản (CLEAN_OK)","Tập lưu Báo cáo của Sở Xây dựng tỉnh Hưng Yên năm 2013 (từ số 49-101)","Đạt chuẩn (1 bản duy nhất) - Hồ sơ chuẩn, không có bản trùng thừa","2026-09-19 08:04:34"
120,"H31.05.02.H31.09.2013.400","1 bản (CLEAN_OK)","Tập lưu Báo cáo của Sở Xây dựng tỉnh Hưng Yên năm 2013 (từ số 102 - 129)","Đạt chuẩn (1 bản duy nhất) - Hồ sơ chuẩn, không có bản trùng thừa","2026-09-19 08:04:40"
121,"H31.05.02.H31.09.2013.401","1 bản (CLEAN_OK)","Hồ sơ Tập lưu Tờ trình của Sở Xây dựng tỉnh Hưng Yên năm 2013 (từ số 01 - 45)","Đạt chuẩn (1 bản duy nhất) - Hồ sơ chuẩn, không có bản trùng thừa","2026-09-19 08:04:46"
122,"H31.05.02.H31.09.2013.402","1 bản (CLEAN_OK)","Tập lưu Tờ trình của Sở Xây dựng tỉnh Hưng Yên năm 2013 (từ số 46 - 87)","Đạt chuẩn (1 bản duy nhất) - Hồ sơ chuẩn, không có bản trùng thừa","2026-09-19 08:04:52"
123,"H31.05.02.H31.09.2013.403","1 bản (CLEAN_OK)","Hồ sơ Tập lưu Tờ trình của Sở Xây dựng tỉnh Hưng Yên năm 2013 (từ số 88-123)","Đạt chuẩn (1 bản duy nhất) - Hồ sơ chuẩn, không có bản trùng thừa","2026-09-19 08:04:58"
124,"H31.05.02.H31.09.2013.404","1 bản (CLEAN_OK)","Hồ sơ Tập lưu thông báo của Sở Xây dựng tỉnh Hưng Yên năm 2013 (từ số 01 - 58)","Đạt chuẩn (1 bản duy nhất) - Hồ sơ chuẩn, không có bản trùng thừa","2026-09-19 08:05:04"
125,"H31.05.02.H31.09.2013.405","1 bản (CLEAN_OK)","Tập lưu Thông báo của Sở Xây dựng tỉnh Hưng Yên năm 2013 (từ số 59 - 116)","Đạt chuẩn (1 bản duy nhất) - Hồ sơ chuẩn, không có bản trùng thừa","2026-09-19 08:05:10"
126,"H31.05.02.H31.09.2013.406","1 bản (CLEAN_OK)","Tập lưu Thông báo của Sở Xây dựng tỉnh Hưng Yên năm 2013 (từ số 117 - 199)","Đạt chuẩn (1 bản duy nhất) - Hồ sơ chuẩn, không có bản trùng thừa","2026-09-19 08:05:16"
127,"H31.05.02.H31.09.2013.407","1 bản (CLEAN_OK)","Tập lưu Thông báo của Sở Xây dựng tỉnh Hưng Yên năm 2013 (từ số 200a - 275)","Đạt chuẩn (1 bản duy nhất) - Hồ sơ chuẩn, không có bản trùng thừa","2026-09-19 08:05:22"
128,"H31.05.02.H31.09.2013.408","1 bản (CLEAN_OK)","Tập lưu Công văn của Sở Xây dựng tỉnh Hưng Yên năm 2013 (từ số 01 - 77)","Đạt chuẩn (1 bản duy nhất) - Hồ sơ chuẩn, không có bản trùng thừa","2026-09-19 08:05:28"
129,"H31.05.02.H31.09.2013.409","1 bản (CLEAN_OK)","Hồ sơ Tập lưu Công văn của Sở Xây dựng tỉnh Hưng Yên năm 2013 (từ số 78-177)","Đạt chuẩn (1 bản duy nhất) - Hồ sơ chuẩn, không có bản trùng thừa","2026-09-19 08:05:34"
130,"H31.05.02.H31.09.2013.410","1 bản (CLEAN_OK)","Hồ sơ Tập lưu Công văn của Sở Xây dựng tỉnh Hưng Yên năm 2013 (từ số 178-241)","Đạt chuẩn (1 bản duy nhất) - Hồ sơ chuẩn, không có bản trùng thừa","2026-09-19 08:05:40"
131,"H31.05.02.H31.09.2013.411","1 bản (CLEAN_OK)","Hồ sơ Tập lưu Công văn của Sở Xây dựng tỉnh Hưng Yên năm 2013 (từ số 242 - 354)","Đạt chuẩn (1 bản duy nhất) - Hồ sơ chuẩn, không có bản trùng thừa","2026-09-19 08:05:46"
132,"H31.05.02.H31.09.2013.412","1 bản (CLEAN_OK)","Hồ sơ Tập lưu Công văn của Sở Xây dựng tỉnh Hưng Yên năm 2013 (từ số 355-423)","Đạt chuẩn (1 bản duy nhất) - Hồ sơ chuẩn, không có bản trùng thừa","2026-09-19 08:05:52"
133,"H31.05.02.H31.09.2013.413","1 bản (CLEAN_OK)","Tập lưu Công văn của Sở Xây dựng tỉnh Hưng Yên năm 2013 (từ số 424 - 498)","Đạt chuẩn (1 bản duy nhất) - Hồ sơ chuẩn, không có bản trùng thừa","2026-09-19 08:05:58"
134,"H31.05.02.H31.09.2013.414","1 bản (CLEAN_OK)","Tập lưu Công văn của Sở Xây dựng tỉnh Hưng Yên năm 2013 (từ số 499 - 548)","Đạt chuẩn (1 bản duy nhất) - Hồ sơ chuẩn, không có bản trùng thừa","2026-09-19 08:06:04"
135,"H31.05.02.H31.09.2013.415","1 bản (CLEAN_OK)","Hồ sơ Tập lưu kết quả thẩm định của Sở Xây dựng tỉnh Hưng Yên năm 2013 (từ số 01-45)","Đạt chuẩn (1 bản duy nhất) - Hồ sơ chuẩn, không có bản trùng thừa","2026-09-19 08:06:10"
136,"H31.05.02.H31.09.2013.416","1 bản (CLEAN_OK)","Tập lưu Kết quả thẩm định của Sở Xây dựng tỉnh Hưng Yên năm 2013 (từ số 46 - 68)","Đạt chuẩn (1 bản duy nhất) - Hồ sơ chuẩn, không có bản trùng thừa","2026-09-19 08:06:16"
137,"H31.05.02.H31.09.2013.417","1 bản (CLEAN_OK)","Tập lưu Chứng chỉ Quy hoạch của Sở Xây dựng tỉnh Hưng Yên năm 2013 (từ số 01 - 13)","Đạt chuẩn (1 bản duy nhất) - Hồ sơ chuẩn, không có bản trùng thừa","2026-09-19 08:06:22"
138,"H31.05.02.H31.09.2013.418","1 bản (CLEAN_OK)","Tập lưu Quyết định Giấy phép xây dựng giấy phép thầu cho nhà thầu nước ngoài của Sở Xây dựng tỉnh Hưng Yên năm 2013 (từ số 01 - 09)","Đạt chuẩn (1 bản duy nhất) - Hồ sơ chuẩn, không có bản trùng thừa","2026-09-19 08:06:28"
139,"H31.05.02.H31.09.2013.419","1 bản (CLEAN_OK)","Tập lưu Giấy phép xây dựng của Sở Xây dựng tỉnh Hưng Yên năm 2013 (từ số 01 - 2)","Đạt chuẩn (1 bản duy nhất) - Hồ sơ chuẩn, không có bản trùng thừa","2026-09-19 08:06:34"
140,"H31.05.02.H31.09.2014.420","1 bản (CLEAN_OK)","Tập lưu quyết định của Sở Xây dựng tỉnh Hưng Yên năm 2014 (từ số 01-67)","Đạt chuẩn (1 bản duy nhất) - Hồ sơ chuẩn, không có bản trùng thừa","2026-09-19 08:06:40"
141,"H31.05.02.H31.09.2014.421","1 bản (CLEAN_OK)","Tập lưu Báo cáo của Sở Xây dựng tỉnh Hưng Yên năm 2014 (từ số 01 - 48)","Đạt chuẩn (1 bản duy nhất) - Hồ sơ chuẩn, không có bản trùng thừa","2026-09-19 08:06:46"
142,"H31.05.02.H31.09.2014.422","1 bản (CLEAN_OK)","Hồ sơ Tập lưu Báo cáo của Sở Xây dựng tỉnh Hưng Yên năm 2014","Đạt chuẩn (1 bản duy nhất) - Hồ sơ chuẩn, không có bản trùng thừa","2026-09-19 08:06:52"
143,"H31.05.02.H31.09.2014.423","1 bản (CLEAN_OK)","Tập lưu Báo cáo của Sở Xây dựng tỉnh Hưng Yên năm 2014 (từ số 96 - 113)","Đạt chuẩn (1 bản duy nhất) - Hồ sơ chuẩn, không có bản trùng thừa","2026-09-19 08:06:58"
144,"H31.05.02.H31.09.2014.424","1 bản (CLEAN_OK)","Tập lưu Tờ trình của Sở Xây dựng tỉnh Hưng Yên năm 2014 (từ số 01 - 52)","Đạt chuẩn (1 bản duy nhất) - Hồ sơ chuẩn, không có bản trùng thừa","2026-09-19 08:07:04"
145,"H31.05.02.H31.09.2014.425","1 bản (CLEAN_OK)","Tờ trình; Sở Xây dựng tỉnh Hưng Yên; Năm 2014","Đạt chuẩn (1 bản duy nhất) - Hồ sơ chuẩn, không có bản trùng thừa","2026-09-19 08:07:10"
146,"H31.05.02.H31.09.2014.426","1 bản (CLEAN_OK)","Hồ sơ Tập lưu Thông báo của Sở Xây dựng tỉnh Hưng Yên năm 2014
(từ số 01 - 76)","Đạt chuẩn (1 bản duy nhất) - Hồ sơ chuẩn, không có bản trùng thừa","2026-09-19 08:07:16"
147,"H31.05.02.H31.09.2014.427","1 bản (CLEAN_OK)","Tập lưu Thông báo của Sở Xây dựng tỉnh Hưng Yên năm 2014 (từ số 77 - 120)","Đạt chuẩn (1 bản duy nhất) - Hồ sơ chuẩn, không có bản trùng thừa","2026-09-19 08:07:22"
148,"H31.05.02.H31.09.2014.428","1 bản (CLEAN_OK)","Hồ sơ Tập lưu Thông báo của Sở Xây dựng tỉnh Hưng Yên năm 2014 ( từ số 121 - 197a)","Đạt chuẩn (1 bản duy nhất) - Hồ sơ chuẩn, không có bản trùng thừa","2026-09-19 08:07:28"
149,"H31.05.02.H31.09.2014.429","1 bản (CLEAN_OK)","Tập lưu Thông báo của Sở Xây dựng tỉnh Hưng Yên  năm 2014 (từ số 197 - 276)","Đạt chuẩn (1 bản duy nhất) - Hồ sơ chuẩn, không có bản trùng thừa","2026-09-19 08:07:34"
150,"H31.05.02.H31.09.2014.430","1 bản (CLEAN_OK)","Hồ sơ Tập lưu Công văn của Sở Xây dựng tỉnh Hưng Yên năm 2014 (từ số 01-87)","Đạt chuẩn (1 bản duy nhất) - Hồ sơ chuẩn, không có bản trùng thừa","2026-09-19 08:07:40"
151,"H31.05.02.H31.09.2014.431","1 bản (CLEAN_OK)","Tập lưu Công văn của Sở Xây dựng tỉnh Hưng Yên năm 2014 (từ số 90 - 185)","Đạt chuẩn (1 bản duy nhất) - Hồ sơ chuẩn, không có bản trùng thừa","2026-09-19 08:07:46"
152,"H31.05.02.H31.09.2014.432","1 bản (CLEAN_OK)","Tập lưu Công văn của Sở Xây dựng tỉnh Hưng Yên năm 2014 (từ số 186 - 264)","Đạt chuẩn (1 bản duy nhất) - Hồ sơ chuẩn, không có bản trùng thừa","2026-09-19 08:07:52"
153,"H31.05.02.H31.09.2014.433","1 bản (CLEAN_OK)","Tập lưu Công văn của Sở Xây dựng tỉnh Hưng Yên năm 2014 (từ số 265 - 368)","Đạt chuẩn (1 bản duy nhất) - Hồ sơ chuẩn, không có bản trùng thừa","2026-09-19 08:07:58"
154,"H31.05.02.H31.09.2014.434","1 bản (CLEAN_OK)","Tập lưu Công văn của Sở Xây dựng tỉnh Hưng Yên năm 2014 (từ số 369 - 441)","Đạt chuẩn (1 bản duy nhất) - Hồ sơ chuẩn, không có bản trùng thừa","2026-09-19 08:08:04"
155,"H31.05.02.H31.09.2014.435","1 bản (CLEAN_OK)","Tập lưu Công văn của Sở Xây dựng tỉnh Hưng Yên năm 2014 (từ số 442 - 518)","Đạt chuẩn (1 bản duy nhất) - Hồ sơ chuẩn, không có bản trùng thừa","2026-09-19 08:08:10"
156,"H31.05.02.H31.09.2014.436","1 bản (CLEAN_OK)","Tập lưu Báo cáo kết quả thẩm tra của Sở Xây dựng tỉnh Hưng Yên năm 2014 (từ số 01 - 38)","Đạt chuẩn (1 bản duy nhất) - Hồ sơ chuẩn, không có bản trùng thừa","2026-09-19 08:08:16"
157,"H31.05.02.H31.09.2014.437","1 bản (CLEAN_OK)","Tập lưu Báo cáo kết quả thẩm tra của Sở Xây dựng tỉnh Hưng Yên năm 2014 (từ số 39 - 78)","Đạt chuẩn (1 bản duy nhất) - Hồ sơ chuẩn, không có bản trùng thừa","2026-09-19 08:08:22"
158,"H31.05.02.H31.09.2014.438","1 bản (CLEAN_OK)","Tập lưu Báo cáo kết quả thẩm tra của Sở Xây dựng tỉnh Hưng Yên năm 2014 (từ số 79 - 110)","Đạt chuẩn (1 bản duy nhất) - Hồ sơ chuẩn, không có bản trùng thừa","2026-09-19 08:08:28"
159,"H31.05.02.H31.09.2014.439","1 bản (CLEAN_OK)","Tập lưu Báo cáo kết quả thẩm tra của Sở Xây dựng tỉnh Hưng Yên năm 2014 (từ số 111 - 134)","Đạt chuẩn (1 bản duy nhất) - Hồ sơ chuẩn, không có bản trùng thừa","2026-09-19 08:08:34"
160,"H31.05.02.H31.09.2014.440","1 bản (CLEAN_OK)","Tập lưu Giấy phép xây dựng của Sở Xây dựng tỉnh Hưng Yên năm 2014 (từ số 01 - 61)","Đạt chuẩn (1 bản duy nhất) - Hồ sơ chuẩn, không có bản trùng thừa","2026-09-19 08:08:40"
161,"H31.05.02.H31.09.2014.441","1 bản (CLEAN_OK)","Tập lưu Quyết định Giấy phép xây dựng giấy phép thầu cho nhà thầu nước ngoài của Sở Xây dựng tỉnh Hưng Yên năm 2014 (từ số 01 - 08)","Đạt chuẩn (1 bản duy nhất) - Hồ sơ chuẩn, không có bản trùng thừa","2026-09-19 08:08:46"
162,"H31.05.02.H31.09.2014.442","1 bản (CLEAN_OK)","Hồ sơ Tập lưu Chứng chỉ quy hoạch Sở Xây dựng tỉnh Hưng Yên năm 2014 (từ số 01 - 11)","Đạt chuẩn (1 bản duy nhất) - Hồ sơ chuẩn, không có bản trùng thừa","2026-09-19 08:08:52"
163,"H31.05.02.H31.09.2015.443","1 bản (CLEAN_OK)","Tập lưu Quyết định của Sở Xây dựng tỉnh Hưng Yên năm 2015 (từ số 01 - 79)","Đạt chuẩn (1 bản duy nhất) - Hồ sơ chuẩn, không có bản trùng thừa","2026-09-19 08:08:58"
164,"H31.05.02.H31.09.2015.444","1 bản (CLEAN_OK)","Tập lưu Tờ trình của Sở Xây dựng tỉnh Hưng Yên năm 2015 (từ số 01 - 36)","Đạt chuẩn (1 bản duy nhất) - Hồ sơ chuẩn, không có bản trùng thừa","2026-09-19 08:09:04"
165,"H31.05.02.H31.09.2015.445","1 bản (CLEAN_OK)","Hồ sơ Tập lưu Tờ trình của Sở xây dựng tỉnh Hưng Yên năm 2015 (từ số 37-79)","Đạt chuẩn (1 bản duy nhất) - Hồ sơ chuẩn, không có bản trùng thừa","2026-09-19 08:09:10"
166,"H31.05.02.H31.09.2015.446","1 bản (CLEAN_OK)","Tập lưu Thông báo của Sở Xây dựng tỉnh Hưng Yên năm 2015 (từ số 01-37)","Đạt chuẩn (1 bản duy nhất) - Hồ sơ chuẩn, không có bản trùng thừa","2026-09-19 08:09:16"
167,"H31.05.02.H31.09.2015.447","1 bản (CLEAN_OK)","Tập lưu Thông báo của Sở Xây dựng tỉnh Hưng Yên năm 2015 (từ số 38-80)","Đạt chuẩn (1 bản duy nhất) - Hồ sơ chuẩn, không có bản trùng thừa","2026-09-19 08:09:22"
168,"H31.05.02.H31.09.2015.448","1 bản (CLEAN_OK)","Tập lưu Thông báo của Sở Xây dựng tỉnh Hưng Yên năm 2015 (từ số 81 - 139 )","Đạt chuẩn (1 bản duy nhất) - Hồ sơ chuẩn, không có bản trùng thừa","2026-09-19 08:09:28"
169,"H31.05.02.H31.09.2015.449","1 bản (CLEAN_OK)","Tập lưu Thông báo của Sở Xây dựng tỉnh Hưng Yên năm 2015","Đạt chuẩn (1 bản duy nhất) - Hồ sơ chuẩn, không có bản trùng thừa","2026-09-19 08:09:34"
170,"H31.05.02.H31.09.2015.450","1 bản (CLEAN_OK)","Tập lưu Thông báo của Sở Xây dựng tỉnh Hưng Yên năm 2015","Đạt chuẩn (1 bản duy nhất) - Hồ sơ chuẩn, không có bản trùng thừa","2026-09-19 08:09:40"
171,"H31.05.02.H31.09.2015.451","1 bản (CLEAN_OK)","Tập lưu Công văn của Sở Xây dựng tỉnh Hưng Yên năm 2015","Đạt chuẩn (1 bản duy nhất) - Hồ sơ chuẩn, không có bản trùng thừa","2026-09-19 08:09:46"
172,"H31.05.02.H31.09.2015.452","1 bản (CLEAN_OK)","Tập lưu Công văn của Sở Xây dựng tỉnh Hưng Yên năm 2015 (từ số 92 - 172)","Đạt chuẩn (1 bản duy nhất) - Hồ sơ chuẩn, không có bản trùng thừa","2026-09-19 08:09:52"
173,"H31.05.02.H31.09.2015.453","1 bản (CLEAN_OK)","Tập lưu Công văn của Sở Xây dựng tỉnh Hưng Yên năm 2015 (từ số 174-216)","Đạt chuẩn (1 bản duy nhất) - Hồ sơ chuẩn, không có bản trùng thừa","2026-09-19 08:09:58"
174,"H31.05.02.H31.09.2015.454","1 bản (CLEAN_OK)","Tập lưu Công văn của Sở Xây dựng tỉnh Hưng Yên năm 2015 (từ số 217 - 272)","Đạt chuẩn (1 bản duy nhất) - Hồ sơ chuẩn, không có bản trùng thừa","2026-09-19 08:10:04"
175,"H31.05.02.H31.09.2015.455","1 bản (CLEAN_OK)","Tập lưu Công văn của Sở Xây dựng tỉnh Hưng Yên năm 2015 (từ số 273 - 359)","Đạt chuẩn (1 bản duy nhất) - Hồ sơ chuẩn, không có bản trùng thừa","2026-09-19 08:10:10"
176,"H31.05.02.H31.09.2015.456","1 bản (CLEAN_OK)","Tập lưu Công văn của Sở Xây dựng tỉnh Hưng Yên năm 2015 (từ số 360 - 504)","Đạt chuẩn (1 bản duy nhất) - Hồ sơ chuẩn, không có bản trùng thừa","2026-09-19 08:10:16"
177,"H31.05.02.H31.09.2015.457","1 bản (CLEAN_OK)","Hồ sơ Quyết định của UBND tỉnh Hưng Yên về việc quy định chức năng, nhiệm vụ, quyền hạn và cơ cấu tổ chức của Sở Xây dựng năm 2010","Đạt chuẩn (1 bản duy nhất) - Hồ sơ chuẩn, không có bản trùng thừa","2026-09-19 08:10:22"
178,"H31.05.02.H31.09.2017.2178","30 bản (ERROR_SKIPPED)","Phương án thiết kế kiến trúc điều chỉnh, bổ sung các mẫu nhà của dự án khu biệt thự Thủy Nguyên, thuộc phân khu 9-12 khu đô thị thương mại và du lịch Văn Giang (Ecopark).","Bỏ qua (Lỗi máy chủ) - Đã thử gửi lệnh xóa nhưng máy chủ Vinasynet không cập nhật (bản ghi bị khóa)","2026-09-19 08:11:13"
179,"H31.05.02.H31.09.2017.2177","30 bản (ERROR_SKIPPED)","Phương án thiết kế kiến trúc điều chỉnh một số mẫu Biệt thự của dự án Khu biệt thự Thủy Nguyên thuộc phân khu 9-12 khu đô thị thương mại và du lịch Văn Giàng (Ecopark) tại xã Xuân Quan, huyện Văn Giang","Bỏ qua (Lỗi máy chủ) - Đã thử gửi lệnh xóa nhưng máy chủ Vinasynet không cập nhật (bản ghi bị khóa)","2026-09-19 08:11:51"
180,"H31.05.02.H31.09.2017.2176","30 bản (ERROR_SKIPPED)","Phương án thiết kế kiến trúc các mẫu nhà thuộc dự án khu Biệt thư và nhà phố vườn Vạn Tuế (Sago Palm Garden) tại xã Phụng Công, huyện Văn Giang","Bỏ qua (Lỗi máy chủ) - Đã thử gửi lệnh xóa nhưng máy chủ Vinasynet không cập nhật (bản ghi bị khóa)","2026-09-19 08:12:29"
181,"H31.05.02.H31.09.2017.2175","30 bản (ERROR_SKIPPED)","Phương án thiết kế kiến trúc mẫu nhà điển hình của dự án thành phần Khu nhà ở 10 (gđ 1), thuộc Khu đô thị thương mại và du lịch Văn Giang. (Ecopark) tại xã Xuân Quan, huyện Văn Giang","Bỏ qua (Lỗi máy chủ) - Đã thử gửi lệnh xóa nhưng máy chủ Vinasynet không cập nhật (bản ghi bị khóa)","2026-09-19 08:13:07"
182,"H31.05.02.H31.09.2017.2174","30 bản (ERROR_SKIPPED)","Phương án thiết kế kiến trúc mẫu nhà diễn hình của dự án thành phần Khu biệt thự đảo (gđ1) thuộc khu đô thị thương mại và du lịch Văn Giang (Ecopark)","Bỏ qua (Lỗi máy chủ) - Đã thử gửi lệnh xóa nhưng máy chủ Vinasynet không cập nhật (bản ghi bị khóa)","2026-09-19 08:13:40"
183,"H31.05.02.H31.09.2017.2173","30 bản (ERROR_SKIPPED)","Phương án thiết kế kiến trúc bổ sung các mẫu nhà của dự án thành phần Khu biệt thự đảo (gđ 1) thuộc khu đô thị thương mại và du lịch Văn Giang (Ecopark) tại xã Xuân Quan, huyện Văn Giang","Bỏ qua (Lỗi máy chủ) - Đã thử gửi lệnh xóa nhưng máy chủ Vinasynet không cập nhật (bản ghi bị khóa)","2026-09-19 08:14:18"
184,"H31.05.02.H31.09.2016.2080","30 bản (ERROR_SKIPPED)","Hồ sơ quyết toán công trình tòa nhà hỗn hợp cao tầng và khu nhà ở đế bán của công ty cổ phần đầu tư đô thị Phúc Thành tại thị trấn Bần Yên Nhân - Mỹ Hào năm 2016.","Bỏ qua (Lỗi máy chủ) - Đã thử gửi lệnh xóa nhưng máy chủ Vinasynet không cập nhật (bản ghi bị khóa)","2026-09-19 08:14:56"
185,"H31.05.02.H31.09.2016.2079","30 bản (ERROR_SKIPPED)","Về việc cho ý kiến thẩm định dự án của các doanh nghiệp trên địa bàn xã Cung Hưng, huyện Yên Mỹ","Bỏ qua (Lỗi máy chủ) - Đã thử gửi lệnh xóa nhưng máy chủ Vinasynet không cập nhật (bản ghi bị khóa)","2026-09-19 08:15:34"
186,"H31.05.02.H31.09.2016.2078","30 bản (ERROR_SKIPPED)","Về việc cho ý kiến thẩm định dự án của các doanh nghiệp trên địa bàn xã Trung Hòa, huyện Yên Mỹ.","Bỏ qua (Lỗi máy chủ) - Đã thử gửi lệnh xóa nhưng máy chủ Vinasynet không cập nhật (bản ghi bị khóa)","2026-09-19 08:16:12"
187,"H31.05.02.H31.09.2016.2077","30 bản (ERROR_SKIPPED)","Về việc cho ý kiến thẩm định dự án của các doanh nghiệp trên địa bàn xã Thanh Long, huyện Yên Mỹ","Bỏ qua (Lỗi máy chủ) - Đã thử gửi lệnh xóa nhưng máy chủ Vinasynet không cập nhật (bản ghi bị khóa)","2026-09-19 08:16:50"
188,"H31.05.02.H31.09.2016.2076","30 bản (ERROR_SKIPPED)","Về việc cho ý kiến thẩm định dự án của các doanh nghiệp trên địa bàn xã Tân Lập, huyện Yên Mỹ","Bỏ qua (Lỗi máy chủ) - Đã thử gửi lệnh xóa nhưng máy chủ Vinasynet không cập nhật (bản ghi bị khóa)","2026-09-19 08:17:28"
189,"H31.05.02.H31.09.2016.2064","30 bản (ERROR_SKIPPED)","Về việc cho ý kiến thẩm định dự án của các doanh nghiệp trên địa bàn xã Đình Dù và xã Trưng Trắc, huyện Văn Lâm","Bỏ qua (Lỗi máy chủ) - Đã thử gửi lệnh xóa nhưng máy chủ Vinasynet không cập nhật (bản ghi bị khóa)","2026-09-19 08:18:06"
190,"H31.05.02.H31.09.2016.2063","30 bản (ERROR_SKIPPED)","Về việc cho ý kiến thẩm định dự án của các doanh nghiệp trên địa bàn xã Chỉ Đạo, huyện Văn Lâm (tập 2)","Bỏ qua (Lỗi máy chủ) - Đã thử gửi lệnh xóa nhưng máy chủ Vinasynet không cập nhật (bản ghi bị khóa)","2026-09-19 08:18:43"
191,"H31.05.02.H31.09.2016.2062","30 bản (ERROR_SKIPPED)","Về việc cho ý kiến thẩm định dự án của các doanh nghiệp trên địa bàn xã Chỉ Đạo, huyện Văn Lâm (tập 1)","Bỏ qua (Lỗi máy chủ) - Đã thử gửi lệnh xóa nhưng máy chủ Vinasynet không cập nhật (bản ghi bị khóa)","2026-09-19 08:19:21"
192,"H31.05.02.H31.09.2016.2061","30 bản (ERROR_SKIPPED)","Về việc cho ý kiến thẩm định dự án của các doanh nghiệp trên địa bàn thị trấn Như Quỳnh huyện Văn Lâm","Bỏ qua (Lỗi máy chủ) - Đã thử gửi lệnh xóa nhưng máy chủ Vinasynet không cập nhật (bản ghi bị khóa)","2026-09-19 08:19:59"
193,"H31.05.02.H31.09.2016.2060","31 bản (ERROR_SKIPPED)","Về việc cho ý kiến thẩm định dự án của các doanh nghiệp trên địa bàn huyện Văn Lâm, tỉnh Hưng Yên.","Bỏ qua (Lỗi máy chủ) - Đã thử gửi lệnh xóa nhưng máy chủ Vinasynet không cập nhật (bản ghi bị khóa)","2026-09-19 08:20:37"
194,"H31.05.02.H31.09.2016.2059","31 bản (ERROR_SKIPPED)","Về việc cho ý kiến thẩm định dự án của các doanh nghiệp trên địa bàn xã Tân Tiến, huyện Văn Giang.","Bỏ qua (Lỗi máy chủ) - Đã thử gửi lệnh xóa nhưng máy chủ Vinasynet không cập nhật (bản ghi bị khóa)","2026-09-19 08:21:05"
195,"H31.05.02.H31.09.2016.2058","31 bản (ERROR_SKIPPED)","Về việc cho ý kiến thẩm định dự án của các doanh nghiệp trên địa bàn xã Nghĩa Trụ, huyện Văn Giang.","Bỏ qua (Lỗi máy chủ) - Đã thử gửi lệnh xóa nhưng máy chủ Vinasynet không cập nhật (bản ghi bị khóa)","2026-09-19 08:21:43"
196,"H31.05.02.H31.09.2016.2057","31 bản (ERROR_SKIPPED)","Về việc cho ý kiến thẩm định dự án của các doanh nghiệp trên địa bàn xã Long Hưng, huyện Văn Giang","Bỏ qua (Lỗi máy chủ) - Đã thử gửi lệnh xóa nhưng máy chủ Vinasynet không cập nhật (bản ghi bị khóa)","2026-09-19 08:22:19"
197,"H31.05.02.H31.09.2016.2056","31 bản (ERROR_SKIPPED)","Về việc cho ý kiến thẩm định dự án của các doanh nghiệp trên địa bàn thị trấn Văn Giang, huyện Văn Giang","Bỏ qua (Lỗi máy chủ) - Đã thử gửi lệnh xóa nhưng máy chủ Vinasynet không cập nhật (bản ghi bị khóa)","2026-09-19 08:22:45"
198,"H31.05.02.H31.09.2016.2055","31 bản (ERROR_SKIPPED)","Về việc cho ý kiến thẩm định dự án của các doanh nghiệp trên địa bàn huyện Văn Giang","Bỏ qua (Lỗi máy chủ) - Đã thử gửi lệnh xóa nhưng máy chủ Vinasynet không cập nhật (bản ghi bị khóa)","2026-09-19 08:22:59"
199,"H31.05.02.H31.09.2016.2054","31 bản (ERROR_SKIPPED)","Tham gia ý kiến cho dự án đầu tư của Công ty Cổ phần tập đoàn đầu tư xây dựng DĐK để xây dựng trung tâm thương mại, kinh doanh hàng hóa và các loại hình dịch vụ tại xã Nhật Tân, huyện Tiên Lữ","Bỏ qua (Lỗi máy chủ) - Đã thử gửi lệnh xóa nhưng máy chủ Vinasynet không cập nhật (bản ghi bị khóa)","2026-09-19 08:23:13"
200,"H31.05.02.H31.09.2016.2052","31 bản (ERROR_SKIPPED)","Về việc cho ý kiến thẩm định dự án của các doanh nghiệp trên địa bàn huyện Phù Cừ","Bỏ qua (Lỗi máy chủ) - Đã thử gửi lệnh xóa nhưng máy chủ Vinasynet không cập nhật (bản ghi bị khóa)","2026-09-19 08:23:27"
201,"H31.05.02.H31.09.2016.2051","31 bản (ERROR_SKIPPED)","Về việc cho ý kiến thẩm định dự án của các doanh nghiệp trên địa bàn xã Phùng Chí Kiên, huyện Mỹ Hào","Bỏ qua (Lỗi máy chủ) - Đã thử gửi lệnh xóa nhưng máy chủ Vinasynet không cập nhật (bản ghi bị khóa)","2026-09-19 08:23:41"
202,"H31.05.02.H31.09.2016.2050","31 bản (ERROR_SKIPPED)","Về việc cho ý kiến thẩm định dự án của các doanh nghiệp trên địa bàn xã Nhân Hòa, huyện Mỹ Hào","Bỏ qua (Lỗi máy chủ) - Đã thử gửi lệnh xóa nhưng máy chủ Vinasynet không cập nhật (bản ghi bị khóa)","2026-09-19 08:23:55"
203,"H31.05.02.H31.09.2016.2049","31 bản (ERROR_SKIPPED)","Về việc cho ý kiến thẩm định dự án của các doanh nghiệp địa bàn xã Dị Sử, huyện Mỹ Hào (tập 2)","Bỏ qua (Lỗi máy chủ) - Đã thử gửi lệnh xóa nhưng máy chủ Vinasynet không cập nhật (bản ghi bị khóa)","2026-09-19 08:24:10"
204,"H31.05.02.H31.09.2016.2045","31 bản (ERROR_SKIPPED)","Về việc cho ý kiến thẩm định dự án của các doanh nghiệp trên địa bàn thị trấn Bần Yên Nhân, huyện Mỹ Hào (tập 1)","Bỏ qua (Lỗi máy chủ) - Đã thử gửi lệnh xóa nhưng máy chủ Vinasynet không cập nhật (bản ghi bị khóa)","2026-09-19 08:24:24"
205,"H31.05.02.H31.09.2016.2044","31 bản (ERROR_SKIPPED)","Về việc cho ý kiến thẩm định dự án của các doanh nghiệp trên địa bàn huyện Mỹ Hào","Bỏ qua (Lỗi máy chủ) - Đã thử gửi lệnh xóa nhưng máy chủ Vinasynet không cập nhật (bản ghi bị khóa)","2026-09-19 08:24:38"
206,"H31.05.02.H31.09.2016.2035","31 bản (ERROR_SKIPPED)","Về việc cho ý kiến thẩm định dự án của các doanh nghiệp trên địa bàn thành phố Hưng Yên","Bỏ qua (Lỗi máy chủ) - Đã thử gửi lệnh xóa nhưng máy chủ Vinasynet không cập nhật (bản ghi bị khóa)","2026-09-19 08:24:52"
207,"H31.05.02.H31.09.2016.2034","31 bản (ERROR_SKIPPED)","Về việc cho ý kiến thẩm định dự án của các doanh nghiệp trên địa bàn huyện Ân Thi","Bỏ qua (Lỗi máy chủ) - Đã thử gửi lệnh xóa nhưng máy chủ Vinasynet không cập nhật (bản ghi bị khóa)","2026-09-19 08:25:14"
208,"H31.05.02.H31.09.2016.2027","31 bản (ERROR_SKIPPED)","Phương án kiến trúc công trình: Nhà làm việc Huyện uỷ Văn Lâm tại thị trấn Như Quỳnh, huyện Văn Lâm","Bỏ qua (Lỗi máy chủ) - Đã thử gửi lệnh xóa nhưng máy chủ Vinasynet không cập nhật (bản ghi bị khóa)","2026-09-19 08:25:52"
209,"H31.05.02.H31.09.2016.2026","31 bản (ERROR_SKIPPED)","Phương án thiết kế kiến trúc bổ sung các mẫu nhà của dự án thành phần khu nhà phố Thủy Nguyên thuộc phân khu 9-12 Khu đô thị thương mại và du lịch Văn Giang","Bỏ qua (Lỗi máy chủ) - Đã thử gửi lệnh xóa nhưng máy chủ Vinasynet không cập nhật (bản ghi bị khóa)","2026-09-19 08:26:30"
210,"H31.05.02.H31.09.2016.2025","31 bản (ERROR_SKIPPED)","Phương ánh thiết kế kiến trúc điều chỉnh các mẫu nhà của Dự án thành phần Khu biệt thự Thủy Nguyên, thuộc phân khu 9-12 Khu đô thị thương mại và du lịch Văn Giang, huyện Văn Giang","Bỏ qua (Lỗi máy chủ) - Đã thử gửi lệnh xóa nhưng máy chủ Vinasynet không cập nhật (bản ghi bị khóa)","2026-09-19 08:27:08"
211,"H31.05.02.H31.09.2016.2024","31 bản (ERROR_SKIPPED)","Thiết kế cơ sở phần kiến trúc dự án Khu biệt thự Thủy Nguyên (giai đoạn 2) huyện Văn Giang, tỉnh Hưng Yên","Bỏ qua (Lỗi máy chủ) - Đã thử gửi lệnh xóa nhưng máy chủ Vinasynet không cập nhật (bản ghi bị khóa)","2026-09-19 08:27:46"
212,"H31.05.02.H31.09.2016.2008","31 bản (ERROR_SKIPPED)","Phương án kiến trúc hạng mục nhà ở thấp tầng + nhà 9 tầng Dự án 1 khu hỗn hợp văn phòng thương mại và nhà ở; Dự án 2: Khu nhà ở thương mại và đô thị tại thị trấn Bần Yên Nhân, huyện Mỹ Hào","Bỏ qua (Lỗi máy chủ) - Đã thử gửi lệnh xóa nhưng máy chủ Vinasynet không cập nhật (bản ghi bị khóa)","2026-09-19 08:28:24"
213,"H31.05.02.H31.09.2016.2007","31 bản (ERROR_SKIPPED)","Phương án kiến trúc toàn nhà hỗ hợp cao tầng và khu nhà ở để bán tại thị trấn Bần Yên Nhân, huyện Mỹ Hào","Bỏ qua (Lỗi máy chủ) - Đã thử gửi lệnh xóa nhưng máy chủ Vinasynet không cập nhật (bản ghi bị khóa)","2026-09-19 08:29:02"
214,"H31.05.02.H31.09.2015.1936","31 bản (ERROR_SKIPPED)","Phương án kiến trúc công trình: Cải tạo sửa chữa nghĩa trang liệt sĩ xã Tân Việt tại xã Tân Việt, huyện Yên Mỹ","Bỏ qua (Lỗi máy chủ) - Đã thử gửi lệnh xóa nhưng máy chủ Vinasynet không cập nhật (bản ghi bị khóa)","2026-09-19 08:29:40"
215,"H31.05.02.H31.09.2015.1935","31 bản (ERROR_SKIPPED)","Phương án kiến trúc công trình: Trang trí cảnh quan khu trung tâm huyện Yên Mỹ tại huyện Yên Mỹ, tỉnh Hưng Yên","Bỏ qua (Lỗi máy chủ) - Đã thử gửi lệnh xóa nhưng máy chủ Vinasynet không cập nhật (bản ghi bị khóa)","2026-09-19 08:30:18"
216,"H31.05.02.H31.09.2015.1934","31 bản (ERROR_SKIPPED)","Phương án kiến trúc công trình trụ sở làm Bảo hiểm xã hội huyện Yên Mỹ","Bỏ qua (Lỗi máy chủ) - Đã thử gửi lệnh xóa nhưng máy chủ Vinasynet không cập nhật (bản ghi bị khóa)","2026-09-19 08:30:56"
217,"H31.05.02.H31.09.2015.1933","31 bản (ERROR_SKIPPED)","Dự án chợ và HTKT khu nhà ở thương mại Như Quỳnh. Hạng mục nhà chia lô tại thị trấn Như Quỳnh, huyện Văn Lâm","Bỏ qua (Lỗi máy chủ) - Đã thử gửi lệnh xóa nhưng máy chủ Vinasynet không cập nhật (bản ghi bị khóa)","2026-09-19 08:31:34"
218,"H31.05.02.H31.09.2015.1932","31 bản (ERROR_SKIPPED)","Phương án kiến trúc khu nhà ở Bắc Việt. tại thị trấn Như Quỳnh, huyện Văn Lâm","Bỏ qua (Lỗi máy chủ) - Đã thử gửi lệnh xóa nhưng máy chủ Vinasynet không cập nhật (bản ghi bị khóa)","2026-09-19 08:32:12"
219,"H31.05.02.H31.09.2016.1929","31 bản (ERROR_SKIPPED)","Phương án kiến trúc khu đô thị thương mại du lịch Văn Giang Ecopark. Tổ hợp chung cư cao tầng dake View tại thị trấn Văn Giang, huyện Văn Giang","Bỏ qua (Lỗi máy chủ) - Đã thử gửi lệnh xóa nhưng máy chủ Vinasynet không cập nhật (bản ghi bị khóa)","2026-09-19 08:32:50"
220,"H31.05.02.H31.09.2015.1930","31 bản (ERROR_SKIPPED)","Phương án kiến trúc công trình & khu nhà ở cao tầng Lake View thuộc phân khu 9-12 khu đô thị thương mại và du lịch Văn Giang, huyện Văn Giang","Bỏ qua (Lỗi máy chủ) - Đã thử gửi lệnh xóa nhưng máy chủ Vinasynet không cập nhật (bản ghi bị khóa)","2026-09-19 08:33:28"
221,"H31.05.02.H31.09.2015.1916","31 bản (ERROR_SKIPPED)","Phương án kiến trúc Công trình: Trụ sở làm việc Huyện uỷ Khoái Châu năm 2015","Bỏ qua (Lỗi máy chủ) - Đã thử gửi lệnh xóa nhưng máy chủ Vinasynet không cập nhật (bản ghi bị khóa)","2026-09-19 08:34:06"
222,"H31.05.02.H31.09.2015.1915","31 bản (ERROR_SKIPPED)","Bản vẽ phương án kiến trúc dự án xây dựng chợ Phố Hiến Công trình: Nhà chợ 2 tầng CP1 và CP2 tại phường Lê Lợi, TP. Hưng Yên năm 2015.","Bỏ qua (Lỗi máy chủ) - Đã thử gửi lệnh xóa nhưng máy chủ Vinasynet không cập nhật (bản ghi bị khóa)","2026-09-19 08:34:44"
223,"H31.05.02.H31.09.2015.1914","31 bản (ERROR_SKIPPED)","Phương án kiến trúc điều chỉnh Dự án: Đầu tư xây dựng chợ Phố Hiến, Công trình: Nhà chia lô khu D tại đường Điện Biên, phường Lê Lợi, TP. Hưng Yên năm 2015.","Bỏ qua (Lỗi máy chủ) - Đã thử gửi lệnh xóa nhưng máy chủ Vinasynet không cập nhật (bản ghi bị khóa)","2026-09-19 08:35:16"
224,"H31.05.02.H31.09.2015.1913","31 bản (ERROR_SKIPPED)","Phương án kiến trúc xây dựng chợ Phố Hiến (Chợ chính, TTTM 7 tầng) tại đường Điện Biên, phường Lê Lợi, TP Hưng Yên năm 2015.","Bỏ qua (Lỗi máy chủ) - Đã thử gửi lệnh xóa nhưng máy chủ Vinasynet không cập nhật (bản ghi bị khóa)","2026-09-19 08:35:54"
225,"H31.05.02.H31.09.2010-2015.1912","31 bản (ERROR_SKIPPED)","Về phương án kiến trúc Công trình: Nhà ở Tân Phố Hiến tại phường Lam Sơn, TP. Hưng Yên năm 2015","Bỏ qua (Lỗi máy chủ) - Đã thử gửi lệnh xóa nhưng máy chủ Vinasynet không cập nhật (bản ghi bị khóa)","2026-09-19 08:36:32"
226,"H31.05.02.H31.09.2014.1900","31 bản (ERROR_SKIPPED)","Về việc cho ý kiến tham gia cho dự án đầu tư của công ty TNHH UMG Việt Nam trên địa bàn xã Trưng Trắc, huyện Văn Lâm","Bỏ qua (Lỗi máy chủ) - Đã thử gửi lệnh xóa nhưng máy chủ Vinasynet không cập nhật (bản ghi bị khóa)","2026-09-19 08:37:10"
227,"H31.05.02.H31.09.2014.1899","31 bản (ERROR_SKIPPED)","Về việc cho ý kiến thẩm định dự án đầu tư của công ty TNHH Phương Anh trên địa bàn thị trấn Như Quỳnh, huyện Văn Lâm","Bỏ qua (Lỗi máy chủ) - Đã thử gửi lệnh xóa nhưng máy chủ Vinasynet không cập nhật (bản ghi bị khóa)","2026-09-19 08:37:48"
228,"H31.05.02.H31.09.2014.1898","31 bản (ERROR_SKIPPED)","Về việc cho ý kiến thẩm định dự án của các doanh nghiệp trên địa bàn huyện Văn Lâm, tỉnh Hưng Yên","Bỏ qua (Lỗi máy chủ) - Đã thử gửi lệnh xóa nhưng máy chủ Vinasynet không cập nhật (bản ghi bị khóa)","2026-09-19 08:38:26"
229,"H31.05.02.H31.09.2014.1897","31 bản (ERROR_SKIPPED)","Về việc cho ý kiến thẩm định dự án của các doanh nghiệp trên địa bàn huyện Văn Giang","Bỏ qua (Lỗi máy chủ) - Đã thử gửi lệnh xóa nhưng máy chủ Vinasynet không cập nhật (bản ghi bị khóa)","2026-09-19 08:39:04"
230,"H31.05.02.H31.09.2014.1896","31 bản (ERROR_SKIPPED)","Về việc cho ý kiến thẩm định dự án của các doanh nghiệp trên địa bàn huyện Tiên Lữ","Bỏ qua (Lỗi máy chủ) - Đã thử gửi lệnh xóa nhưng máy chủ Vinasynet không cập nhật (bản ghi bị khóa)","2026-09-19 08:39:42"
231,"H31.05.02.H31.09.2014.1895","31 bản (ERROR_SKIPPED)","Về việc cho ý kiến thẩm định dự án của các doanh nghiệp trên địa bàn huyện Phù Cừ","Bỏ qua (Lỗi máy chủ) - Đã thử gửi lệnh xóa nhưng máy chủ Vinasynet không cập nhật (bản ghi bị khóa)","2026-09-19 08:40:20"
232,"H31.05.02.H31.09.2014.1894","31 bản (ERROR_SKIPPED)","Về việc cho ý kiến thẩm định dự án của các doanh nghiệp trên địa làn huyện Mỹ Hào","Bỏ qua (Lỗi máy chủ) - Đã thử gửi lệnh xóa nhưng máy chủ Vinasynet không cập nhật (bản ghi bị khóa)","2026-09-19 08:40:58"
233,"H31.05.02.H31.09.2014.1893","31 bản (ERROR_SKIPPED)","Về việc cho ý kiến thẩm định dự án của các doanh nghiệp trên địa bàn thành phố Hưng Yên","Bỏ qua (Lỗi máy chủ) - Đã thử gửi lệnh xóa nhưng máy chủ Vinasynet không cập nhật (bản ghi bị khóa)","2026-09-19 08:41:36"
234,"H31.05.02.H31.09.2014.1892","31 bản (ERROR_SKIPPED)","Về việc tham gia ý kiến dự án đầu tư nhà máy may mặc và nhà trẻ mầm non Trường Phúc tại xã Quang Vinh, huyện Ân Thi","Bỏ qua (Lỗi máy chủ) - Đã thử gửi lệnh xóa nhưng máy chủ Vinasynet không cập nhật (bản ghi bị khóa)","2026-09-19 08:42:14"
235,"H31.05.02.H31.09.2013.1850","31 bản (ERROR_SKIPPED)","Dự toán chi phí thiết kế quy hoạch đồ án quy hoạch chung xây dựng dọc tuyến đường bộ nối 2 đường cao tốc HN - HP và Cầu Giê - Ninh Bình","Bỏ qua (Lỗi máy chủ) - Đã thử gửi lệnh xóa nhưng máy chủ Vinasynet không cập nhật (bản ghi bị khóa)","2026-09-19 08:42:52"
236,"H31.05.02.H31.09.2013.1849","31 bản (ERROR_SKIPPED)","Về việc cho ý kiến thẩm định dự án của các doanh nghiệp trên địa bàn xã Minh Châu, huyện Yên Mỹ","Bỏ qua (Lỗi máy chủ) - Đã thử gửi lệnh xóa nhưng máy chủ Vinasynet không cập nhật (bản ghi bị khóa)","2026-09-19 08:43:30"
237,"H31.05.02.H31.09.2013.1848","31 bản (ERROR_SKIPPED)","Về việc cho ý kiến thẩm định dự án của các doanh nghiệp trên địa bàn xã Giai Phạm, huyện Yên Mỹ.","Bỏ qua (Lỗi máy chủ) - Đã thử gửi lệnh xóa nhưng máy chủ Vinasynet không cập nhật (bản ghi bị khóa)","2026-09-19 08:44:08"
238,"H31.05.02.H31.09.2013.1847","31 bản (ERROR_SKIPPED)","Về việc cho ý kiến thẩm định dự án của các doanh nghiệp trên địa bàn huyện Văn Lâm, tỉnh Hưng Yên.","Bỏ qua (Lỗi máy chủ) - Đã thử gửi lệnh xóa nhưng máy chủ Vinasynet không cập nhật (bản ghi bị khóa)","2026-09-19 08:44:46"
239,"H31.05.02.H31.09.2013.1846","31 bản (ERROR_SKIPPED)","Về việc cho ý kiến thẩm định dự án đầu tư của Công ty TNHH giáo dục Y khoa Nhật Bản (Việt Nam).","Bỏ qua (Lỗi máy chủ) - Đã thử gửi lệnh xóa nhưng máy chủ Vinasynet không cập nhật (bản ghi bị khóa)","2026-09-19 08:45:24"
240,"H31.05.02.H31.09.2013.1845","31 bản (ERROR_SKIPPED)","Về việc cho ý kiến thẩm định dự án của các doanh nghiệp trên địa bàn huyện Mỹ Hào","Bỏ qua (Lỗi máy chủ) - Đã thử gửi lệnh xóa nhưng máy chủ Vinasynet không cập nhật (bản ghi bị khóa)","2026-09-19 08:46:02"
241,"H31.05.02.H31.09.2013.1844","31 bản (ERROR_SKIPPED)","Về việc cho ý kiến thẩm định dự án của các doanh nghiệp trên địa bàn huyện Kim Động","Bỏ qua (Lỗi máy chủ) - Đã thử gửi lệnh xóa nhưng máy chủ Vinasynet không cập nhật (bản ghi bị khóa)","2026-09-19 08:46:40"
242,"H31.05.02.H31.09.2013.1843","31 bản (ERROR_SKIPPED)","Về việc cho ý kiến thẩm định dự án của các doanh nghiệp trên địa bàn huyện khoái Châu, tỉnh Hưng Yên","Bỏ qua (Lỗi máy chủ) - Đã thử gửi lệnh xóa nhưng máy chủ Vinasynet không cập nhật (bản ghi bị khóa)","2026-09-19 08:47:18"
243,"H31.05.02.H31.09.2013.1842","31 bản (ERROR_SKIPPED)","Về việc cho ý kiến thẩm định dự án của các doanh nghiệp trên địa làn thành phố Hưng Yên","Bỏ qua (Lỗi máy chủ) - Đã thử gửi lệnh xóa nhưng máy chủ Vinasynet không cập nhật (bản ghi bị khóa)","2026-09-19 08:47:56"
244,"H31.05.02.H31.09.2012.1814","31 bản (ERROR_SKIPPED)","Thuyết minh quy hoạch chung xây dựng huyện Văn Giang, tính Hưng Yên đến năm 2020, tầm nhìn đến năm 2030","Bỏ qua (Lỗi máy chủ) - Đã thử gửi lệnh xóa nhưng máy chủ Vinasynet không cập nhật (bản ghi bị khóa)","2026-09-19 08:48:34"
245,"H31.05.02.H31.09.2012.1813","31 bản (ERROR_SKIPPED)","Về việc đề nghị tham gia ý kiến thẩm định dự án khai quật khảo cổ học đô thị cổ Phố Hiến, thành phố Hưng Yên","Bỏ qua (Lỗi máy chủ) - Đã thử gửi lệnh xóa nhưng máy chủ Vinasynet không cập nhật (bản ghi bị khóa)","2026-09-19 08:49:12"
246,"H31.05.02.H31.09.2012.1812","31 bản (ERROR_SKIPPED)","Về việc bổ sung một số hạng mục tu sửa nhà lưu niệm Bác Hồ tại thành phố Hưng Yên, tỉnh Hưng Yên","Bỏ qua (Lỗi máy chủ) - Đã thử gửi lệnh xóa nhưng máy chủ Vinasynet không cập nhật (bản ghi bị khóa)","2026-09-19 08:49:50"
247,"H31.05.02.H31.09.2012.1811","31 bản (ERROR_SKIPPED)","Tham gia ý kiến quy hoạch chung xây dựng huyện Mỹ Hào, tỉnh Hưng Yên đến năm 2020 định hướng đến năm 2030","Bỏ qua (Lỗi máy chủ) - Đã thử gửi lệnh xóa nhưng máy chủ Vinasynet không cập nhật (bản ghi bị khóa)","2026-09-19 08:50:25"
248,"H31.05.02.H31.09.2012.1810","31 bản (ERROR_SKIPPED)","Về việc cho ý kiến thẩm định dự án của các doanh nghiệp trên địa bàn xã Yên Phú, huyện Yên Mỹ","Bỏ qua (Lỗi máy chủ) - Đã thử gửi lệnh xóa nhưng máy chủ Vinasynet không cập nhật (bản ghi bị khóa)","2026-09-19 08:51:03"
249,"H31.05.02.H31.09.2012.1809","31 bản (ERROR_SKIPPED)","Về việc cho ý kiến thẩm định dự án của các doanh nghiệp trên địa bàn xã Trung Hòa, huyện Yên Mỹ","Bỏ qua (Lỗi máy chủ) - Đã thử gửi lệnh xóa nhưng máy chủ Vinasynet không cập nhật (bản ghi bị khóa)","2026-09-19 08:51:41"
250,"H31.05.02.H31.09.2012.1803","31 bản (ERROR_SKIPPED)","Về việc cho ý kiến thẩm định dự án của các doanh nghiệp trên địa bàn huyện Phù Cừ","Bỏ qua (Lỗi máy chủ) - Đã thử gửi lệnh xóa nhưng máy chủ Vinasynet không cập nhật (bản ghi bị khóa)","2026-09-19 08:52:19"
251,"H31.05.02.H31.09.2012.1802","31 bản (ERROR_SKIPPED)","Về việc cho ý kiến thẩm định dự án đầu tư của Công ty TNHH VSTATUS","Bỏ qua (Lỗi máy chủ) - Đã thử gửi lệnh xóa nhưng máy chủ Vinasynet không cập nhật (bản ghi bị khóa)","2026-09-19 08:52:57"
252,"H31.05.02.H31.09.2013.1772","0 bản (NOT_FOUND)","Bản ghi #1","Không tìm thấy hồ sơ - Không tìm thấy hồ sơ nào với mã này trên hệ thống Vinasynet","2026-09-19 08:54:21"
253,"H31.05.02.H31.09.2012.1777","31 bản (ERROR_SKIPPED)","Phương án kiến trúc công trình: Trường mầm non số 5 Hưng Yên tại phường Quang Trung, thành phố Hưng Yên","Bỏ qua (Lỗi máy chủ) - Đã thử gửi lệnh xóa nhưng máy chủ Vinasynet không cập nhật (bản ghi bị khóa)","2026-09-19 08:55:04"
254,"H31.05.02.H31.09.2012.1776","31 bản (ERROR_SKIPPED)","Phương án kiến trúc công trình: trụ sở làm việc chi nhánh ngân hàng chính sách xã hội tỉnh Hưng Yên","Bỏ qua (Lỗi máy chủ) - Đã thử gửi lệnh xóa nhưng máy chủ Vinasynet không cập nhật (bản ghi bị khóa)","2026-09-19 08:55:42"
255,"H31.05.02.H31.09.2012.1775","31 bản (ERROR_SKIPPED)","Phương án kiến trúc công trình: trung tâm dạy nghề và hỗ trợ nông dân - hội nông dân tỉnh Hưng Yên tại phường Hiến Nam, thành phố Hưng Yên","Bỏ qua (Lỗi máy chủ) - Đã thử gửi lệnh xóa nhưng máy chủ Vinasynet không cập nhật (bản ghi bị khóa)","2026-09-19 08:56:20"
256,"H31.05.02.H31.09.2012.1774","31 bản (ERROR_SKIPPED)","Về phương án kiến trúc công trình Trường trung cấp nghề giao thông vận tải Hưng Yên, hạng mục: Nhà lớp học tại phường An Tảo - thành phố Hưng Yên","Bỏ qua (Lỗi máy chủ) - Đã thử gửi lệnh xóa nhưng máy chủ Vinasynet không cập nhật (bản ghi bị khóa)","2026-09-19 08:56:58"
257,"H31.05.02.H31.09.2012.1773","31 bản (ERROR_SKIPPED)","Về phương án kiến trúc CT: nhà hiệu bộ, hội trường, nhà học, kí túc xá và nhà ăn sinh viên - Trung tâm dạy nghề DETEC NSK tại phường Hồng Châu, thành phố Hưng Yên","Bỏ qua (Lỗi máy chủ) - Đã thử gửi lệnh xóa nhưng máy chủ Vinasynet không cập nhật (bản ghi bị khóa)","2026-09-19 08:57:36"
258,"H31.05.02.H31.09.2012.1771","31 bản (ERROR_SKIPPED)","Về công trình trụ sở làm việc HĐND - UBND thành phố Hưng Yên tại phường Hiến Nam, thành phố Hưng Yên","Bỏ qua (Lỗi máy chủ) - Đã thử gửi lệnh xóa nhưng máy chủ Vinasynet không cập nhật (bản ghi bị khóa)","2026-09-19 08:58:14"
259,"H31.05.02.H31.09.2012.1770","31 bản (ERROR_SKIPPED)","Về phương án kiến trúc công trình: nhà tập đa năng - trường THPT Ân Thi tại thị trấn Ân thi, huyện Ân Thi","Bỏ qua (Lỗi máy chủ) - Đã thử gửi lệnh xóa nhưng máy chủ Vinasynet không cập nhật (bản ghi bị khóa)","2026-09-19 08:58:52"
260,"H31.05.02.H31.09.2012.1769","31 bản (ERROR_SKIPPED)","Quy hoạch tổng thể mặt bằng và phương án kiến trúc công trình bảo tàng tỉnh Hưng Yên","Bỏ qua (Lỗi máy chủ) - Đã thử gửi lệnh xóa nhưng máy chủ Vinasynet không cập nhật (bản ghi bị khóa)","2026-09-19 08:59:30"
261,"H31.05.02.H31.09.2012.1768","31 bản (ERROR_SKIPPED)","Quy hoạch công trình xây dựng tỷ lệ 1.500 không gian kiến trúc Tượng đài Tổng Bí thư Nguyễn Văn Linh","Bỏ qua (Lỗi máy chủ) - Đã thử gửi lệnh xóa nhưng máy chủ Vinasynet không cập nhật (bản ghi bị khóa)","2026-09-19 09:00:08"
262,"H31.05.02.H31.09.2012.1767","31 bản (ERROR_SKIPPED)","Về phương án kiến trúc công trình: Nhà bia tưởng niệm liệt sỹ tỉnh Hải Dương và Hưng Yên tại Nghĩa trang Quốc gia Trường Sơn, tính Quảng Trị","Bỏ qua (Lỗi máy chủ) - Đã thử gửi lệnh xóa nhưng máy chủ Vinasynet không cập nhật (bản ghi bị khóa)","2026-09-19 09:00:46"
263,"H31.05.02.H31.09.2012.1766","31 bản (ERROR_SKIPPED)","Về phương án kiến trúc công trình nhà làm việc liên lơ quan thuộc sở Nông nghiệp và phát triển nông thôn Hưng Yên tại phường Hiến Nam, thành phố Hưng Yên","Bỏ qua (Lỗi máy chủ) - Đã thử gửi lệnh xóa nhưng máy chủ Vinasynet không cập nhật (bản ghi bị khóa)","2026-09-19 09:01:24"
264,"H31.05.02.H31.09.2012.1765R","0 bản (NOT_FOUND)","Bản ghi #1","Không tìm thấy hồ sơ - Không tìm thấy hồ sơ nào với mã này trên hệ thống Vinasynet","2026-09-19 09:02:24"
265,"H31.05.02.H31.09.2012.1765Q","0 bản (NOT_FOUND)","Bản ghi #1","Không tìm thấy hồ sơ - Không tìm thấy hồ sơ nào với mã này trên hệ thống Vinasynet","2026-09-19 09:02:57"
266,"H31.05.02.H31.09.2011.1763","0 bản (NOT_FOUND)","Bản ghi #1","Không tìm thấy hồ sơ - Không tìm thấy hồ sơ nào với mã này trên hệ thống Vinasynet","2026-09-19 09:03:30"
267,"H31.05.02.H31.09.2011.1762","31 bản (ERROR_SKIPPED)","Định giá tài sản của các doanh nghiệp trên địa bàn tính tưng Yên.","Bỏ qua (Lỗi máy chủ) - Đã thử gửi lệnh xóa nhưng máy chủ Vinasynet không cập nhật (bản ghi bị khóa)","2026-09-19 09:04:12"
268,"H31.05.02.H31.09.2011.1761","31 bản (ERROR_SKIPPED)","Về việc cho ý kiến thẩm định dự án của các doanh nghiệp trên địa bàn huyện Văn Lâm, tỉnh Hưng Yên","Bỏ qua (Lỗi máy chủ) - Đã thử gửi lệnh xóa nhưng máy chủ Vinasynet không cập nhật (bản ghi bị khóa)","2026-09-19 09:04:50"
269,"H31.05.02.H31.09.2011.1760H","31 bản (ERROR_SKIPPED)","Lựa chọn nhà đầu tư khu biệt thự sinh thái và nhà ở liền kề trên địa bàn phường Hồng châu, thành phố Hưng Yên năm 2011.","Bỏ qua (Lỗi máy chủ) - Đã thử gửi lệnh xóa nhưng máy chủ Vinasynet không cập nhật (bản ghi bị khóa)","2026-09-19 09:05:28"
270,"H31.05.02.H31.09.2011.1760G","31 bản (ERROR_SKIPPED)","Chấp thuận Nhà đầu tư thực hiện dự án Khu nhà ở và dịch vụ đô thị, công nghiệp Như Quỳnh, huyện Văn Lâm năm 2011","Bỏ qua (Lỗi máy chủ) - Đã thử gửi lệnh xóa nhưng máy chủ Vinasynet không cập nhật (bản ghi bị khóa)","2026-09-19 09:06:06"
271,"H31.05.02.H31.09.2011.1734","31 bản (ERROR_SKIPPED)","Thiết kế cơ sở dự án khu nhà ở thương mại và dịch vụ. Hạng mục khu liền kề -  TT tại phường Hiến Nam","Bỏ qua (Lỗi máy chủ) - Đã thử gửi lệnh xóa nhưng máy chủ Vinasynet không cập nhật (bản ghi bị khóa)","2026-09-19 09:06:44"
272,"H31.05.02.H31.09.2011.1733","31 bản (ERROR_SKIPPED)","Phương án kiến trúc Trụ sở làm việc Đảng uỷ - HĐND - UBND xã Hồ Tùng Mậu, huyện Ân Thi năm 2011","Bỏ qua (Lỗi máy chủ) - Đã thử gửi lệnh xóa nhưng máy chủ Vinasynet không cập nhật (bản ghi bị khóa)","2026-09-19 09:07:22"
273,"H31.05.02.H31.09.2011.1732","31 bản (ERROR_SKIPPED)","Phương án kiến trúc Trụ sở làm việc Đảng ủy - HĐND - UBND xã Tiền Phong, huyện Ân Thi năm 2011","Bỏ qua (Lỗi máy chủ) - Đã thử gửi lệnh xóa nhưng máy chủ Vinasynet không cập nhật (bản ghi bị khóa)","2026-09-19 09:08:00"
274,"H31.05.02.H31.09.2011.1731","31 bản (ERROR_SKIPPED)","Phương án kiến trúc Trụ sở làm việc Đảng ủy - HĐND - UBND xã Quang Vinh, huyện Ân Thi năm 2011","Bỏ qua (Lỗi máy chủ) - Đã thử gửi lệnh xóa nhưng máy chủ Vinasynet không cập nhật (bản ghi bị khóa)","2026-09-19 09:08:38"
275,"H31.05.02.H31.09.2011.1730","31 bản (ERROR_SKIPPED)","Phương án kiến trúc Trụ sở làm việc Đảng ủy - HĐND - UBND xã Hoàng Hoa Thám, huyện Ân Thi năm 2011","Bỏ qua (Lỗi máy chủ) - Đã thử gửi lệnh xóa nhưng máy chủ Vinasynet không cập nhật (bản ghi bị khóa)","2026-09-19 09:09:16"
276,"H31.05.02.H31.09.2011.1729","31 bản (ERROR_SKIPPED)","Phương án kiến trúc trụ sở làm việc Đảng ủy - HĐND - UBND xã Đặng Lễ, huyện Ân Thi năm 2011","Bỏ qua (Lỗi máy chủ) - Đã thử gửi lệnh xóa nhưng máy chủ Vinasynet không cập nhật (bản ghi bị khóa)","2026-09-19 09:18:40"
277,"H31.05.02.H31.09.2011.1728","31 bản (ERROR_SKIPPED)","Phương án kiến trúc trụ sở làm việc Đảng uỷ - HĐND - UBND xã Hồng Vân, huyện Ân Thi năm 2011","Bỏ qua (Lỗi máy chủ) - Đã thử gửi lệnh xóa nhưng máy chủ Vinasynet không cập nhật (bản ghi bị khóa)","2026-09-19 09:18:55"
278,"H31.05.02.H31.09.2011.1727","31 bản (ERROR_SKIPPED)","Phương án kiến trúc Trường THCS Phạm Huy Thông, huyện Ân Thi, năm 2011","Bỏ qua (Lỗi máy chủ) - Đã thử gửi lệnh xóa nhưng máy chủ Vinasynet không cập nhật (bản ghi bị khóa)","2026-09-19 09:19:10"
279,"H31.05.02.H31.09.2011.1726","31 bản (ERROR_SKIPPED)","Hồ sơ phương án kiến trúc nhà xưởng thực hành kiêm phòng học lý thuyết, Trung tâm kỹ thuật tổng hợp hướng nghiệp và dạy nghề huyện Ân Thi năm 2011","Bỏ qua (Lỗi máy chủ) - Đã thử gửi lệnh xóa nhưng máy chủ Vinasynet không cập nhật (bản ghi bị khóa)","2026-09-19 09:19:24"
280,"H31.05.02.H31.09.2011.1725","31 bản (ERROR_SKIPPED)","Phương án kiến trúc nhà làm việc khối đoàn thể huyện Ân Thi năm 2011","Bỏ qua (Lỗi máy chủ) - Đã thử gửi lệnh xóa nhưng máy chủ Vinasynet không cập nhật (bản ghi bị khóa)","2026-09-19 09:19:38"
281,"H31.05.02.H31.09.2011.1724","31 bản (ERROR_SKIPPED)","Hồ sơ phương án kiến trúc cải tạo, nâng cấp Bệnh viện Mắt Hưng Yên năm 2011","Bỏ qua (Lỗi máy chủ) - Đã thử gửi lệnh xóa nhưng máy chủ Vinasynet không cập nhật (bản ghi bị khóa)","2026-09-19 09:19:52"
282,"H31.05.02.H31.09.2011.1723","31 bản (ERROR_SKIPPED)","Hồ sơ phương án kiến trúc mở rộng Bệnh viện lao và bệnh phổi Hưng Yên, TP. Hưng Yên năm 2011","Bỏ qua (Lỗi máy chủ) - Đã thử gửi lệnh xóa nhưng máy chủ Vinasynet không cập nhật (bản ghi bị khóa)","2026-09-19 09:20:06"
283,"H31.05.02.H31.09.2011.1722","31 bản (ERROR_SKIPPED)","Phương án kiến trúc Trụ sở làm việc và phòng khám ban bảo vệ chăm sóc sức khoe cán bộ tỉnh Hưng Yên tại phường Hiến Nam, TP Hưng Yên năm 2011","Bỏ qua (Lỗi máy chủ) - Đã thử gửi lệnh xóa nhưng máy chủ Vinasynet không cập nhật (bản ghi bị khóa)","2026-09-19 09:20:21"
284,"H31.05.02.H31.09.2010-2011.1721","31 bản (ERROR_SKIPPED)","Phương án kiến trúc Nhà làm việc liên cơ quan thuộc Sở Nông nghiệp và phát triển nông thôn Hưng Yên tại phường Hiến Nam, TP. Hưng Yên năm 2011","Bỏ qua (Lỗi máy chủ) - Đã thử gửi lệnh xóa nhưng máy chủ Vinasynet không cập nhật (bản ghi bị khóa)","2026-09-19 09:20:35"
285,"H31.05.02.H31.09.2011.1720","31 bản (ERROR_SKIPPED)","Phương án kiến trúc Cải tạo, nâng cấp, mở rộng Sở tài chính tỉnh Hưng Yên năm 2011","Bỏ qua (Lỗi máy chủ) - Đã thử gửi lệnh xóa nhưng máy chủ Vinasynet không cập nhật (bản ghi bị khóa)","2026-09-19 09:20:49"
286,"H31.05.02.H31.09.2011.1719","31 bản (ERROR_SKIPPED)","Phương án kiến trúc công trình trụ sở Hội văn học nghệ thuật và Hội nhà báo tỉnh Hưng Yên tại phường An Tảo, thành phố Hưng Yên","Bỏ qua (Lỗi máy chủ) - Đã thử gửi lệnh xóa nhưng máy chủ Vinasynet không cập nhật (bản ghi bị khóa)","2026-09-19 09:21:03"
287,"H31.05.02.H31.09.2011.1718","31 bản (ERROR_SKIPPED)","Phương án kiến trúc Nhà làm việc 3 tầng Trụ sở làm việc Tòa soạn báo Hưng Yên, thành phố Hưng Yên","Bỏ qua (Lỗi máy chủ) - Đã thử gửi lệnh xóa nhưng máy chủ Vinasynet không cập nhật (bản ghi bị khóa)","2026-09-19 09:21:18"
288,"H31.05.02.H31.09.2011.1717","31 bản (ERROR_SKIPPED)","Phương án kiến trúc Nhà làm việc liên cơ quan Hội nông dân - Hội phụ nữ - Hội cựu chiến binh tỉnh, thành phố Hưng Yên","Bỏ qua (Lỗi máy chủ) - Đã thử gửi lệnh xóa nhưng máy chủ Vinasynet không cập nhật (bản ghi bị khóa)","2026-09-19 09:21:54"
289,"H31.05.02.H31.09.2011.1716","31 bản (ERROR_SKIPPED)","Phương án kiến trúc Nhà văn hoá lao động Liên đoàn lao động Hưng Yên","Bỏ qua (Lỗi máy chủ) - Đã thử gửi lệnh xóa nhưng máy chủ Vinasynet không cập nhật (bản ghi bị khóa)","2026-09-19 09:22:11"
290,"H31.05.02.H31.09.2011.1715","31 bản (ERROR_SKIPPED)","Phương án kiến trúc cải tạo, mở rộng Ủy ban Mặt trận Tổ quốc tỉnh Hưng Yên, thành phố Hưng Yên","Bỏ qua (Lỗi máy chủ) - Đã thử gửi lệnh xóa nhưng máy chủ Vinasynet không cập nhật (bản ghi bị khóa)","2026-09-19 09:22:25"
291,"H31.05.02.H31.09.2011.1714","31 bản (ERROR_SKIPPED)","Phương án kiến trúc Thư viện tỉnh (sửa lần 1, 2) thành phố Hưng Yên","Bỏ qua (Lỗi máy chủ) - Đã thử gửi lệnh xóa nhưng máy chủ Vinasynet không cập nhật (bản ghi bị khóa)","2026-09-19 09:22:40"
292,"H31.05.02.H31.09.2011.1713","31 bản (ERROR_SKIPPED)","Phương án kiến trúc cải tạo, chỉnh trang nhà thiếu nhi tỉnh Hưng Yên, hạng mục cổng, tường rào tại thành phố Hưng Yên","Bỏ qua (Lỗi máy chủ) - Đã thử gửi lệnh xóa nhưng máy chủ Vinasynet không cập nhật (bản ghi bị khóa)","2026-09-19 09:22:54"
293,"H31.05.02.H31.09.2011.1712","31 bản (ERROR_SKIPPED)","Phương án kiến trúc Trụ sở hội văn học nghệ thuật và Hội nhà báo tỉnh Hưng Yên","Bỏ qua (Lỗi máy chủ) - Đã thử gửi lệnh xóa nhưng máy chủ Vinasynet không cập nhật (bản ghi bị khóa)","2026-09-19 09:23:08"
294,"H31.05.02.H31.09.2011.1711","31 bản (ERROR_SKIPPED)","Phương án kiến trúc cải tạo, mở rộng trụ sở làm việc Ban Quản lý dự án các khu công nghiệp tỉnh Hưng Yên, huyện Mỹ Hào","Bỏ qua (Lỗi máy chủ) - Đã thử gửi lệnh xóa nhưng máy chủ Vinasynet không cập nhật (bản ghi bị khóa)","2026-09-19 09:23:22"
295,"H31.05.02.H31.09.2011.1710","31 bản (ERROR_SKIPPED)","Thẩm định giá trị thu hồi Công trình 5 phòng học nhà cấp 4, nhà lớp học 1 tầng trường THPT Mỹ Hào","Bỏ qua (Lỗi máy chủ) - Đã thử gửi lệnh xóa nhưng máy chủ Vinasynet không cập nhật (bản ghi bị khóa)","2026-09-19 09:23:37"
296,"H31.05.02.H31.09.2009.1709","31 bản (ERROR_SKIPPED)","Cấp phép xây dựng cho công ty CP hợp tác lao động nước ngoài LOD tại xã Trung Hòa, huyện Yên Mỹ để thực hiện Công trình: Trường CĐ nghề kỹ thuật công nghệ LOD. Hạng mục: Nhà ký túc xá.","Bỏ qua (Lỗi máy chủ) - Đã thử gửi lệnh xóa nhưng máy chủ Vinasynet không cập nhật (bản ghi bị khóa)","2026-09-19 09:23:51"
297,"H31.05.02.H31.09.2009.1708","31 bản (ERROR_SKIPPED)","Cấp phép xây dựng cho công ty CP hợp tác lao động nước ngoại LOP tại xã Trưng Trắc, huyện Yên Mỹ để thực hiện Công trình: Trường CĐ nghề kỹ thuật - Công nghệ LOD. Hạng mục: Nhà thực hành thì nghiệm 1, 2.","Bỏ qua (Lỗi máy chủ) - Đã thử gửi lệnh xóa nhưng máy chủ Vinasynet không cập nhật (bản ghi bị khóa)","2026-09-19 09:24:05"
298,"H31.05.02.H31.09.2010.1705","31 bản (ERROR_SKIPPED)","Cấp phép xây dựng cho Trường Hải quan Việt Nam tại xã Yên Phú, Hoàng Long, huyện Yên Mỹ để thực hiện Công trình: Trường Hải quan Việt Nam","Bỏ qua (Lỗi máy chủ) - Đã thử gửi lệnh xóa nhưng máy chủ Vinasynet không cập nhật (bản ghi bị khóa)","2026-09-19 09:24:19"
299,"H31.05.02.H31.09.2010.1703","31 bản (ERROR_SKIPPED)","Cấp phép xây dựng cho Công ty Cổ phần Vương Huy Hưng Yên tại xã Chỉ Đạo, huyện Văn Lâm để thực hiện Công trình: Nhà máy kết cấu thép và sản xuất phụ gia xi măng","Bỏ qua (Lỗi máy chủ) - Đã thử gửi lệnh xóa nhưng máy chủ Vinasynet không cập nhật (bản ghi bị khóa)","2026-09-19 09:24:33"
300,"H31.05.02.H31.09.2007-2010.1704","31 bản (ERROR_SKIPPED)","Cấp phép xây dựng cho Công ty TNHH xây dựng Phương Thảo tại xã Trưng Trắc, huyện Văn Lâm để thực hiện Công trình: Nhà xưởng số 2 K30,44.L91.B7. H7,8. Q (10T)","Bỏ qua (Lỗi máy chủ) - Đã thử gửi lệnh xóa nhưng máy chủ Vinasynet không cập nhật (bản ghi bị khóa)","2026-09-19 09:24:47"
301,"H31.05.02.H31.09.2010.1688","31 bản (ERROR_SKIPPED)","Cấp phép xây dựng cho công ty TNHH Đại Nam tại xã Đông Kết, huyện Khoái Châu, tỉnh HY để thực hiện công trình nhà máy sản xuất gạch Tuynel Đai Nam","Bỏ qua (Lỗi máy chủ) - Đã thử gửi lệnh xóa nhưng máy chủ Vinasynet không cập nhật (bản ghi bị khóa)","2026-09-19 09:25:01"
302,"H31.05.02.H31.09.2010.1687","31 bản (ERROR_SKIPPED)","Cấp phép xây dựng cho công ty TNHH xây dựng và sản xuất vật liệu xây dựng sống Hồng tại xã Đại Tập, huyện Khoái Châu để thực hiện công trình nhà máy sản xuất gạch sông Hồng (vị trí 2)","Bỏ qua (Lỗi máy chủ) - Đã thử gửi lệnh xóa nhưng máy chủ Vinasynet không cập nhật (bản ghi bị khóa)","2026-09-19 09:25:16"
303,"H31.05.02.H31.09.2010.1686","31 bản (ERROR_SKIPPED)","Cấp phép xây dựng cho công ty TNHH xây dựng và sản xuất vật liệu xây dựng sông Hồng tại xã Đại Tập, huyện Khoái Châu thực hiện công trình Nhà máy sản xuất gạch sông Hồng (vị trí 1)","Bỏ qua (Lỗi máy chủ) - Đã thử gửi lệnh xóa nhưng máy chủ Vinasynet không cập nhật (bản ghi bị khóa)","2026-09-19 09:25:30"
304,"H31.05.02.H31.09.2010.1685","31 bản (ERROR_SKIPPED)","Cấp phép xây dựng cho công ty TNHH Mai Trang tại xã Liên Phương, thành phố HY để thực hiện công trình xưởng sản xuất đồ gỗ mỹ nghệ cao cấp; Hạng mục nhà xưởng sản xuất, kho, cổng tường rào","Bỏ qua (Lỗi máy chủ) - Đã thử gửi lệnh xóa nhưng máy chủ Vinasynet không cập nhật (bản ghi bị khóa)","2026-09-19 09:25:44"
305,"H31.05.02.H31.09.2010.1684","31 bản (ERROR_SKIPPED)","Cấp phép xây dựng cho Công ty TNHH xây dựng và PTĐT Hưng Yên tại đường Nguyễn Văn Linh, thành phố Hưng Yên để thực hiện Công trình: Trụ sở giao dịch & cửa hàng giới thiệu sản phẩm Công ty Cổ phần may II Hưng Yên","Bỏ qua (Lỗi máy chủ) - Đã thử gửi lệnh xóa nhưng máy chủ Vinasynet không cập nhật (bản ghi bị khóa)","2026-09-19 09:25:58"
306,"H31.05.02.H31.09.2010.1683","31 bản (ERROR_SKIPPED)","Cấp phép xây dựng cho Công ty TNHH MTV XSKT Hưng Yên tại phường Lê Lợi, thành phố Hưng Yên, tỉnh Hưng Yên, thực hiện Công trình: Trụ sở làm việc Công ty TNHH MTV XSKT Hưng Yên.","Bỏ qua (Lỗi máy chủ) - Đã thử gửi lệnh xóa nhưng máy chủ Vinasynet không cập nhật (bản ghi bị khóa)","2026-09-19 09:26:13"
307,"H31.05.02.H31.09.2010.1682","31 bản (ERROR_SKIPPED)","Cấp phép xây dựng cho Sở Tài Nguyên và Môi trường tỉnh Hưng Yên tại đường Nguyễn Văn Linh, thành phố Hưng Yên để thực hiện Công trình: Cải tạo, nâng cấp mở rộng Trụ sở làm việc Sở Tài nguyên và Môi trường tỉnh Hưng Yên","Bỏ qua (Lỗi máy chủ) - Đã thử gửi lệnh xóa nhưng máy chủ Vinasynet không cập nhật (bản ghi bị khóa)","2026-09-19 09:26:27"
308,"H31.05.02.H31.09.2009.1652","50 bản (ERROR_SKIPPED)","Thẩm định dự toán công trình nhà máy sản xuất đồ gỗ mỹ nghệ của Công ty TNHH sản xuất và XNK dệt may Hương Nga tại xã Phan Đình Phùng và xã Nhân Hòa, huyện Mỹ Hào","Bỏ qua (Lỗi máy chủ) - Đã thử gửi lệnh xóa nhưng máy chủ Vinasynet không cập nhật (bản ghi bị khóa)","2026-09-19 09:26:41"
309,"H31.05.02.H31.09.2009.1651","31 bản (ERROR_SKIPPED)","Bản vẽ thiết kế cơ sở Nhà máy gạch Tuynen Thăng Long - Mộc Bắc tại xã Mộc Bắc, huyện Duy Tiên, tỉnh Hà Nam","Bỏ qua (Lỗi máy chủ) - Đã thử gửi lệnh xóa nhưng máy chủ Vinasynet không cập nhật (bản ghi bị khóa)","2026-09-19 09:26:56"
310,"H31.05.02.H31.09.2009.1650","31 bản (ERROR_SKIPPED)","Thẩm định dự toán công trình san lấp mặt bằng, móng đá hộc, tường xây gạch tại thị trấn Lương Bằng, huyện Kim Động","Bỏ qua (Lỗi máy chủ) - Đã thử gửi lệnh xóa nhưng máy chủ Vinasynet không cập nhật (bản ghi bị khóa)","2026-09-19 09:27:10"
311,"H31.05.02.H31.09.2008.1649","31 bản (ERROR_SKIPPED)","Thẩm tra thiết kế kỹ thuật công trình nhà xưởng K58_46H5.5_B80_L112 tại huyện Ân Thi, hạng mục kết cấu thép nhà xưởng","Bỏ qua (Lỗi máy chủ) - Đã thử gửi lệnh xóa nhưng máy chủ Vinasynet không cập nhật (bản ghi bị khóa)","2026-09-19 09:27:24"
312,"H31.05.02.H31.09.2009.1648Đ","0 bản (NOT_FOUND)","Bản ghi #1","Không tìm thấy hồ sơ - Không tìm thấy hồ sơ nào với mã này trên hệ thống Vinasynet","2026-09-19 09:27:28"
313,"H31.05.02.H31.09.2009.1648F","31 bản (ERROR_SKIPPED)","Cấp phép xây dựng cho Công ty TNHH Công nghiệp Matee tại xã Lạc Đạo, huyện Văn Lâm để thực hiện dự án xưởng sản xuất và kho tổng hợp năm 2009","Bỏ qua (Lỗi máy chủ) - Đã thử gửi lệnh xóa nhưng máy chủ Vinasynet không cập nhật (bản ghi bị khóa)","2026-09-19 09:27:42"
314,"H31.05.02.H31.09.2009.1648E","31 bản (ERROR_SKIPPED)","Cấp phép xây dựng cho doanh nghiệp tư nhân Minh Chiến tại thị trấn Bần Yên Nhân, huyện Mỹ Hào để thực hiện dự án Siêu thị và văn Phòng cho thuê Minh Chiến năm 2009","Bỏ qua (Lỗi máy chủ) - Đã thử gửi lệnh xóa nhưng máy chủ Vinasynet không cập nhật (bản ghi bị khóa)","2026-09-19 09:27:56"
315,"H31.05.02.H31.09.2009.1648D","31 bản (ERROR_SKIPPED)","Cấp phép xây dựng cho Công ty TNHH Yên Hưng tại xã Trung Hưng, huyện Yên Mỹ để thực hiện công tình cửa hàng xăng dầu Yên Hưng răm 2009","Bỏ qua (Lỗi máy chủ) - Đã thử gửi lệnh xóa nhưng máy chủ Vinasynet không cập nhật (bản ghi bị khóa)","2026-09-19 09:28:10"
316,"H31.05.02.H31.09.2009.1647","31 bản (ERROR_SKIPPED)","Cấp phép xây dựng cho công ty cổ phần hợp tác lao động nước ngoài LOD tại xã Trung Hòa, huyện Yên Mỹ thuộc công trình Trường Cao đẳng nghề kỹ thuật công nghệ LOD, hạng mục: nhà ở chuyên gia","Bỏ qua (Lỗi máy chủ) - Đã thử gửi lệnh xóa nhưng máy chủ Vinasynet không cập nhật (bản ghi bị khóa)","2026-09-19 09:28:25"
317,"H31.05.02.H31.09.2009.1646","31 bản (ERROR_SKIPPED)","Cấp phép xây dựng cho công ty cổ phần hợp tác lao động nước ngoài - LOD tại xã Trung Hòa, huyện Yên Mỹ thuộc công trình Trường Cao đẳng nghề kỹ thuật công nghệ LOD, hạng mục: hội trường đa năng","Bỏ qua (Lỗi máy chủ) - Đã thử gửi lệnh xóa nhưng máy chủ Vinasynet không cập nhật (bản ghi bị khóa)","2026-09-19 09:28:39"
318,"H31.05.02.H31.09.2009.1645","31 bản (ERROR_SKIPPED)","Cấp phép xây dựng cho công ty Mây tre xuất khẩu Phú Minh Hưng Yên tại xã Nghĩa Hiệp, huyện Yên Mỹ thuộc dự án khu nhà hàng ăn uống","Bỏ qua (Lỗi máy chủ) - Đã thử gửi lệnh xóa nhưng máy chủ Vinasynet không cập nhật (bản ghi bị khóa)","2026-09-19 09:28:53"
319,"H31.05.02.H31.09.2009.1644","31 bản (ERROR_SKIPPED)","Cấp phép cho công ty TNHH sản xuất đệm mút Vạn Thành chi nhánh Vạn Thành Hưng Yên tại xã Giai Phạm, huyện Yên Mỹ thuộc công trình xưởng sản xuất nệm mút","Bỏ qua (Lỗi máy chủ) - Đã thử gửi lệnh xóa nhưng máy chủ Vinasynet không cập nhật (bản ghi bị khóa)","2026-09-19 09:29:07"
320,"H31.05.02.H31.09.2009.1642","31 bản (ERROR_SKIPPED)","Cấp giấy phép xây dựng dự án chợ trung tâm mua sắm Tiến Đạt tại xã Giai Phạm, huyện Yên Mỹ, tỉnh Hưng Yên","Bỏ qua (Lỗi máy chủ) - Đã thử gửi lệnh xóa nhưng máy chủ Vinasynet không cập nhật (bản ghi bị khóa)","2026-09-19 09:29:21"
321,"H31.05.02.H31.09.2008-2009.1643","31 bản (ERROR_SKIPPED)","Cấp phép xây dựng cho Công ty Cổ phần thép Hòa Bình tại xã Giai Phạm, huyện Yên Mỹ thuộc dự án Nhà máy sản xuất thép inox","Bỏ qua (Lỗi máy chủ) - Đã thử gửi lệnh xóa nhưng máy chủ Vinasynet không cập nhật (bản ghi bị khóa)","2026-09-19 09:29:36"
322,"H31.05.02.H31.09.2009.1641","31 bản (ERROR_SKIPPED)","Cấp phép xây dựng cho công ty TNHH Khai Phát tại thôn Trai Túc, xã Trưng Trắc, huyện Văn Lâm thuộc Công trình: Trường Cao đẳng ASEAN. Hạng mục: Nhà xưởng thực nghiệm và trưng bày sản phẩm","Bỏ qua (Lỗi máy chủ) - Đã thử gửi lệnh xóa nhưng máy chủ Vinasynet không cập nhật (bản ghi bị khóa)","2026-09-19 09:29:50"
323,"H31.05.02.H31.09.2009.1639","31 bản (ERROR_SKIPPED)","Cấp phép xây dựng cho Công ty TNHH công nghiệp Quang Nam tại xã Minh Hải, huyện Văn Lâm để thực hiện Công trình: Nhà máy chế tạo máy và khuôn mẫu. Hạng mục: Hạ tầng công trình phụ trợ","Bỏ qua (Lỗi máy chủ) - Đã thử gửi lệnh xóa nhưng máy chủ Vinasynet không cập nhật (bản ghi bị khóa)","2026-09-19 09:30:04"
324,"H31.05.02.H31.09.2009.1638","31 bản (ERROR_SKIPPED)","Cấp phép xây dựng cho Trường Trung cấp kinh tế công nghệ Lương Tài tại xã Lương Tài, huyện Văn Lâm để thực hiện Công trình: Trường Trung cấp kinh tế và công nghệ Lương Tài","Bỏ qua (Lỗi máy chủ) - Đã thử gửi lệnh xóa nhưng máy chủ Vinasynet không cập nhật (bản ghi bị khóa)","2026-09-19 09:30:18"
325,"H31.05.02.H31.09.2006-2009.1640","31 bản (ERROR_SKIPPED)","Cấp phép xây dựng cho Công ty TNHH Ong Vàng Phố Hiến tại xã Tân Quang, huyện Văn Lâm thuộc nhà máy sản xuất kim loại và sản xuất bê tông","Bỏ qua (Lỗi máy chủ) - Đã thử gửi lệnh xóa nhưng máy chủ Vinasynet không cập nhật (bản ghi bị khóa)","2026-09-19 09:30:33"
326,"H31.05.02.H31.09.2009.1627","31 bản (ERROR_SKIPPED)","Cấp phép xây dựng cho Công ty cổ phần kem Vina - Italy tại xã Nhân Hòa, huyện Mỹ Hào để thực hiện dự án nhà máy Vina ICE CREAM","Bỏ qua (Lỗi máy chủ) - Đã thử gửi lệnh xóa nhưng máy chủ Vinasynet không cập nhật (bản ghi bị khóa)","2026-09-19 09:30:47"
327,"H31.05.02.H31.09.2009.1625","31 bản (ERROR_SKIPPED)","Cấp phép xây dựng cho công ty TNHH chế biến thực phẩm xuất khẩu Việt Nhật tại xã Nhân Hòa, huyện Mỹ Hào để thực hiện công trình N/m Vina ICE - Cream của công ty TNHH chế biến thực phẩm xuất khẩu Việt Nhật","Bỏ qua (Lỗi máy chủ) - Đã thử gửi lệnh xóa nhưng máy chủ Vinasynet không cập nhật (bản ghi bị khóa)","2026-09-19 09:31:01"
328,"H31.05.02.H31.09.2009.1624","31 bản (ERROR_SKIPPED)","Cấp phép xây dựng cho công ty VN AUTO CON LTD COMPANY tại xã Ngọc Lâm, huyện Mỹ Hào để thực hiện dự án Auto Con Vina Factory","Bỏ qua (Lỗi máy chủ) - Đã thử gửi lệnh xóa nhưng máy chủ Vinasynet không cập nhật (bản ghi bị khóa)","2026-09-19 09:31:15"
329,"H31.05.02.H31.09.2008-2009.1626","31 bản (ERROR_SKIPPED)","Cấp phép xây dựng cho công ty TNHH Dong Yang ESP Việt Nam tại xã Nhân Hoà, huyện Mỹ Hào để thực hiện dự án xây dựng nhà máy sản xuất thiết bị điện tử","Bỏ qua (Lỗi máy chủ) - Đã thử gửi lệnh xóa nhưng máy chủ Vinasynet không cập nhật (bản ghi bị khóa)","2026-09-19 09:31:29"
330,"H31.05.02.H31.09.2019.1618","31 bản (ERROR_SKIPPED)","Cấp phép xây dựng cho công ty cổ phần Gạch Cẩm Xá tại xã Cẩm Xá, huyện Mỹ Hào để thực hiện dự án công trình nhà máy gạch Tuynel Cẩm Xá","Bỏ qua (Lỗi máy chủ) - Đã thử gửi lệnh xóa nhưng máy chủ Vinasynet không cập nhật (bản ghi bị khóa)","2026-09-19 09:31:44"
331,"H31.05.02.H31.09.2009.1621","31 bản (ERROR_SKIPPED)","Cấp phép xây dựng cho Công ty cổ phân vật tư tổng hợp Hưng Yên tại xã Minh Đức, huyện Mỹ Hào của cửa hàng xăng dầu.","Bỏ qua (Lỗi máy chủ) - Đã thử gửi lệnh xóa nhưng máy chủ Vinasynet không cập nhật (bản ghi bị khóa)","2026-09-19 09:31:58"
332,"H31.05.02.H31.09.2009.1620","31 bản (ERROR_SKIPPED)","Cấp phép xây dựng cho công ty TNHH Anh Tường tại xã Dị sử, huyện Mỹ Hào để thực hiện dự án Nhà xưởng sản xuất K30-L52.5-B7.5-H8.1. Hạng mục kết cấu khung thép.","Bỏ qua (Lỗi máy chủ) - Đã thử gửi lệnh xóa nhưng máy chủ Vinasynet không cập nhật (bản ghi bị khóa)","2026-09-19 09:32:12"
333,"H31.05.02.H31.09.2009.1619","31 bản (ERROR_SKIPPED)","Hồ sơ cấp phép xây dựng cho công ty cổ phần thiết bị Thành Thái trên địa bàn xã Dị Sử, huyện Mỹ Hào để thực hiện dự án công trình nhà xưởng sản xuất giai đoạn II","Bỏ qua (Lỗi máy chủ) - Đã thử gửi lệnh xóa nhưng máy chủ Vinasynet không cập nhật (bản ghi bị khóa)","2026-09-19 09:32:38"
334,"H31.05.02.H31.09.2009.1583","31 bản (ERROR_SKIPPED)","Phương án kiến trúc Cải tạo mở rộng Trụ sở Kho bạc nhà nước Hưng Yên tại phường Hiến Nam, thị xã Hưng Yên năm 2009","Bỏ qua (Lỗi máy chủ) - Đã thử gửi lệnh xóa nhưng máy chủ Vinasynet không cập nhật (bản ghi bị khóa)","2026-09-19 09:33:16"
335,"H31.05.02.H31.09.2009.1582","31 bản (ERROR_SKIPPED)","Phương án kiến trúc Cải tạo, nâng cấp và mở rộng Trụ sở làm việc Sở xây dựng Hưng Yên, thành phố Hưng Yên - tỉnh Hưng Yên năm 2009","Bỏ qua (Lỗi máy chủ) - Đã thử gửi lệnh xóa nhưng máy chủ Vinasynet không cập nhật (bản ghi bị khóa)","2026-09-19 09:33:54"
336,"H31.05.02.H31.09.2009.1580","31 bản (ERROR_SKIPPED)","Phương án kiến trúc cải tạo sửa chữa Trụ sở làm việc Sở tư pháp tỉnh Hưng Yên tại phường Hiến Nam, thành phố Hưng Yên năm 2009","Bỏ qua (Lỗi máy chủ) - Đã thử gửi lệnh xóa nhưng máy chủ Vinasynet không cập nhật (bản ghi bị khóa)","2026-09-19 09:34:32"
337,"H31.05.02.H31.09.2009.1579A","31 bản (ERROR_SKIPPED)","Phương án kiến trúc nhà chung cư cao tầng khu chung cư đô thị phố Nối, huyện Mỹ Hào năm 2009","Bỏ qua (Lỗi máy chủ) - Đã thử gửi lệnh xóa nhưng máy chủ Vinasynet không cập nhật (bản ghi bị khóa)","2026-09-19 09:35:10"
338,"H31.05.02.H31.09.2008-2009.1581","31 bản (ERROR_SKIPPED)","Phương án kiến trúc cải tạo, nâng cấp mở rộng Trụ sở làm việc Sở Tài nguyên và Môi trường tỉnh Hưng Yên tại đường Nguyễn Văn Linh, thành phố Hưng Yên, năm 2009","Bỏ qua (Lỗi máy chủ) - Đã thử gửi lệnh xóa nhưng máy chủ Vinasynet không cập nhật (bản ghi bị khóa)","2026-09-19 09:35:48"
339,"H31.05.02.H31.09.2006-2009.1584","31 bản (ERROR_SKIPPED)","Phương án kiến trúc Trụ sở công ty CP xây dựng đê kè thuỷ lợi Hưng Yên, thành phố Hưng yên năm 2009","Bỏ qua (Lỗi máy chủ) - Đã thử gửi lệnh xóa nhưng máy chủ Vinasynet không cập nhật (bản ghi bị khóa)","2026-09-19 09:36:26"
340,"H31.05.02.H31.09.2008.1575A","31 bản (ERROR_SKIPPED)","Cấp phép xây dựng cho Công ty TNHH Nikko Hưng Yên tại xã Trưng Trắc, huyện Văn Lâm để thực hiện dự án nhà xưởng sản xuất và lắp ráp điện tử (nhà số 6) năm 2008","Bỏ qua (Lỗi máy chủ) - Đã thử gửi lệnh xóa nhưng máy chủ Vinasynet không cập nhật (bản ghi bị khóa)","2026-09-19 09:37:04"
341,"H31.05.02.H31.09.2008.1574","31 bản (ERROR_SKIPPED)","Cấp phép xây dựng cho công ty TNHH Việt Đức tại xã Trưng Trắc, huyện Văn Lâm thuộc dự án khách sạn Sơn Trường - Công ty TNHH Việt Đức năm 2008","Bỏ qua (Lỗi máy chủ) - Đã thử gửi lệnh xóa nhưng máy chủ Vinasynet không cập nhật (bản ghi bị khóa)","2026-09-19 09:37:42"
342,"H31.05.02.H31.09.2007-2008.1575","31 bản (ERROR_SKIPPED)","Cấp phép xây dựng cho Công ty TNHH cây xanh và CT đô thị Sông Hồng tại xã Minh Châu, huyện Yên Mỹ cho Công trình: Cơ sở giáo dục mầm non Hoa Sữa. Hạng mục: Hạ tầng - Nhà lớp học 2 tầng năm 2008.","Bỏ qua (Lỗi máy chủ) - Đã thử gửi lệnh xóa nhưng máy chủ Vinasynet không cập nhật (bản ghi bị khóa)","2026-09-19 09:38:20"
343,"H31.05.02.H31.09.2008-2009.1579","31 bản (ERROR_SKIPPED)","Phương án kiến trúc cải tạo, mở rộng Trụ sở làm việc Sở Giao thông vận tải tỉnh Hưng Yên, thành phố Hưng Yên năm 2009.","Bỏ qua (Lỗi máy chủ) - Đã thử gửi lệnh xóa nhưng máy chủ Vinasynet không cập nhật (bản ghi bị khóa)","2026-09-19 09:38:58"
344,"H31.05.02.H31.09.2008.1578","31 bản (ERROR_SKIPPED)","Thẩm định dự toán khảo sát công trình trung tâm dịch vụ thương mại và nhà hàng. Hạng mục: San lấp mặt bằng + nhà hàng ăn tại TT Lương Bằng, H. Kim Động năm 2008","Bỏ qua (Lỗi máy chủ) - Đã thử gửi lệnh xóa nhưng máy chủ Vinasynet không cập nhật (bản ghi bị khóa)","2026-09-19 09:39:36"
345,"H31.05.02.H31.09.2008.1577","31 bản (ERROR_SKIPPED)","Hồ sơ Xác định giá trị còn lại điện lưới hạ áp nông thôn năm 2008","Bỏ qua (Lỗi máy chủ) - Đã thử gửi lệnh xóa nhưng máy chủ Vinasynet không cập nhật (bản ghi bị khóa)","2026-09-19 09:40:14"
346,"H31.05.02.H31.09.2008.1576","31 bản (ERROR_SKIPPED)","Hồ sơ Thấm định thiết kế dự án di dân, tái định cư vùng nguy cơ sạt lở xã Văn Nhuê, huyện Ân Thi năm 2008","Bỏ qua (Lỗi máy chủ) - Đã thử gửi lệnh xóa nhưng máy chủ Vinasynet không cập nhật (bản ghi bị khóa)","2026-09-19 09:40:52"
347,"H31.05.02.H31.09.2008.1565","31 bản (ERROR_SKIPPED)","Hồ sơ Cấp phép xây dựng cho công ty TNHH cơ điện Đại Dương tại huyện Phù Cừ năm 2008","Bỏ qua (Lỗi máy chủ) - Đã thử gửi lệnh xóa nhưng máy chủ Vinasynet không cập nhật (bản ghi bị khóa)","2026-09-19 09:41:30"
348,"H31.05.02.H31.09.2008.1564","31 bản (ERROR_SKIPPED)","Cấp phép xây dựng cho dự án xây dựng Công ty TNHH Hưng Phát; Hạng mục Nhà điều hành tại xã Đoàn Đào, huyện Phù Cừ năm 2008","Bỏ qua (Lỗi máy chủ) - Đã thử gửi lệnh xóa nhưng máy chủ Vinasynet không cập nhật (bản ghi bị khóa)","2026-09-19 09:42:08"
349,"H31.05.02.H31.09.2006-2008.1566","31 bản (ERROR_SKIPPED)","Cấp phép xây đựng cho Công ty cổ phần Việt Phúc Hưng Yên tại xã Vĩnh Khúc, huyện Văn Giang thuộc công trình Nhà máy sản xuất các sản phẩm chuyên dụng trong khách sạn năm 2007","Bỏ qua (Lỗi máy chủ) - Đã thử gửi lệnh xóa nhưng máy chủ Vinasynet không cập nhật (bản ghi bị khóa)","2026-09-19 09:42:46"
350,"H31.05.02.H31.09.2008.1561","31 bản (ERROR_SKIPPED)","Cấp phép xây dựng cho chi nhánh ngân hàng công thương khu vực Mỹ Hào tại thị trấn Bần Yên Nhân, huyện Mỹ Hào thuộc công trình khu lưu trữ Ngân hàng Công thương Việt Nam","Bỏ qua (Lỗi máy chủ) - Đã thử gửi lệnh xóa nhưng máy chủ Vinasynet không cập nhật (bản ghi bị khóa)","2026-09-19 09:43:24"
351,"H31.05.02.H31.09.2008.1560","31 bản (ERROR_SKIPPED)","Cấp phép xây dựng cho doanh nghiệp tư nhân Minh Chiến tại thị trấn Bần Yên Nhân huyện Mỹ Hào cho công trình siêu thị - văn phòng Minh Chiến","Bỏ qua (Lỗi máy chủ) - Đã thử gửi lệnh xóa nhưng máy chủ Vinasynet không cập nhật (bản ghi bị khóa)","2026-09-19 09:44:02"
352,"H31.05.02.H31.09.2008.1559","31 bản (ERROR_SKIPPED)","Cấp phép xây dựng cho công ty TNHH thương mại và sản xuất An Lệ tại xã Chính Nghĩa, huyện Kim Động thuộc dự án Nhà máy sản xuất hàng dệt may An Lệ","Bỏ qua (Lỗi máy chủ) - Đã thử gửi lệnh xóa nhưng máy chủ Vinasynet không cập nhật (bản ghi bị khóa)","2026-09-19 09:44:38"
353,"H31.05.02.H31.09.2008.1558","31 bản (ERROR_SKIPPED)","Cấp phép xây dựng cho ngân hàng Nông nghiệp & phát triển nông thôn tỉnh Hưng Yên tại huyện Kim Động, tỉnh Hưng Yên cho công trình ngân hàng No & Phát triển nông thôn Hưng Yên","Bỏ qua (Lỗi máy chủ) - Đã thử gửi lệnh xóa nhưng máy chủ Vinasynet không cập nhật (bản ghi bị khóa)","2026-09-19 09:45:16"
354,"H31.05.02.H31.09.2008.1557","31 bản (ERROR_SKIPPED)","Cấp phép xây dựng cho công ty xăng dầu B12 tại xã Việt Hoà, huyện Khoái Châu, tỉnh Hưng Yên cho công trình Nhà máy sản xuất bê tông dự ứng lực Petrolimex","Bỏ qua (Lỗi máy chủ) - Đã thử gửi lệnh xóa nhưng máy chủ Vinasynet không cập nhật (bản ghi bị khóa)","2026-09-19 09:45:54"
355,"H31.05.02.H31.09.2008.1556","31 bản (ERROR_SKIPPED)","Cấp phép xây dựng cho công ty cổ phần thực phẩm Việt Ý tại xã Tân Dân, huyện Khoái Châu, Hưng Yên cho công trình nhà máy thực Việt Ý","Bỏ qua (Lỗi máy chủ) - Đã thử gửi lệnh xóa nhưng máy chủ Vinasynet không cập nhật (bản ghi bị khóa)","2026-09-19 09:46:32"
356,"H31.05.02.H31.09.2008.1555","31 bản (ERROR_SKIPPED)","Cấp phép xây dựng cho Công ty TNHH thương mại và dịch vụ Quốc Anh tại phường Hiến Nam, thị xã Hưng Yên, tỉnh Hưng Yên cho cửa hàng kinh doanh điện tử điện lạnh và văn phòng Công ty TNHH thương mại và dịch vụ Quốc Anh","Bỏ qua (Lỗi máy chủ) - Đã thử gửi lệnh xóa nhưng máy chủ Vinasynet không cập nhật (bản ghi bị khóa)","2026-09-19 09:47:10"
357,"H31.05.02.H31.09.2008.1554","31 bản (ERROR_SKIPPED)","Cấp phép xây dựng cho Công ty TNHH Hưng Gia tại phường Hiến Nam, thị xã Hưng Yên, tỉnh Hưng Yên cho Công ty Showroom ô tô và nhà kho","Bỏ qua (Lỗi máy chủ) - Đã thử gửi lệnh xóa nhưng máy chủ Vinasynet không cập nhật (bản ghi bị khóa)","2026-09-19 09:47:48"
358,"H31.05.02.H31.09.2008.1553","31 bản (ERROR_SKIPPED)","Cấp phép xây dựng cho công trình nhà lớp học 3 tầng Trường Trung học y tế Hưng Yên tại thị xã Hưng Yên","Bỏ qua (Lỗi máy chủ) - Đã thử gửi lệnh xóa nhưng máy chủ Vinasynet không cập nhật (bản ghi bị khóa)","2026-09-19 09:48:26"
359,"H31.05.02.H31.09.2008.1552","31 bản (ERROR_SKIPPED)","Phương án kiến trúc công trình cải tạo nâng cấp trung tâm y tế huyện Yên Mỹ, tỉnh Hưng Yên","Bỏ qua (Lỗi máy chủ) - Đã thử gửi lệnh xóa nhưng máy chủ Vinasynet không cập nhật (bản ghi bị khóa)","2026-09-19 09:49:04"
360,"H31.05.02.H31.09.2008.1551","31 bản (ERROR_SKIPPED)","Phương án kiến trúc công trình nhà văn hóa huyện Văn Lâm tại thị trấn Như Quỳnh, huyện Văn Lâm","Bỏ qua (Lỗi máy chủ) - Đã thử gửi lệnh xóa nhưng máy chủ Vinasynet không cập nhật (bản ghi bị khóa)","2026-09-19 09:49:42"
361,"H31.05.02.H31.09.2008.1550","31 bản (ERROR_SKIPPED)","Phương án kiến trúc dự án cải tạo, nâng cấp Trung tâm Y tế, huyện Văn Lâm tại thị trấn Như Quỳnh, huyện Văn Lam","Bỏ qua (Lỗi máy chủ) - Đã thử gửi lệnh xóa nhưng máy chủ Vinasynet không cập nhật (bản ghi bị khóa)","2026-09-19 09:50:18"
362,"H31.05.02.H31.09.2008.1549","31 bản (ERROR_SKIPPED)","Phương án kiến trúc công trình: Cải tạo, nâng cấp Trung tâm Y tế huyện Văn Giang, tỉnh Hưng Yên","Bỏ qua (Lỗi máy chủ) - Đã thử gửi lệnh xóa nhưng máy chủ Vinasynet không cập nhật (bản ghi bị khóa)","2026-09-19 09:50:56"
363,"H31.05.02.H31.09.2008.1548","31 bản (ERROR_SKIPPED)","Phương án kiến trúc dự án đầu tư xây dựng cải tạo và nâng cấp Trung tâm Y tế huyện Tiên Lữ tại thị trấn Vương, huyện Tiên Lữ","Bỏ qua (Lỗi máy chủ) - Đã thử gửi lệnh xóa nhưng máy chủ Vinasynet không cập nhật (bản ghi bị khóa)","2026-09-19 09:51:34"
364,"H31.05.02.H31.09.2008.1547","31 bản (ERROR_SKIPPED)","Phương án kiến trúc Nhà hàng Sơn Trường, huyện Mỹ Hào","Bỏ qua (Lỗi máy chủ) - Đã thử gửi lệnh xóa nhưng máy chủ Vinasynet không cập nhật (bản ghi bị khóa)","2026-09-19 09:52:12"
365,"H31.05.02.H31.09.2008.1545","31 bản (ERROR_SKIPPED)","Phương án cải tạo, nâng cấp Trung tâm Y tế huyện Mỹ Hào; Hạng mục: Nhà kỹ thuật nghiệp vụ, nhà điều trị, nhà khoa chống nhiễm khuẩn tại xã Phùng Chí Kiên, huyện Mỹ Hào","Bỏ qua (Lỗi máy chủ) - Đã thử gửi lệnh xóa nhưng máy chủ Vinasynet không cập nhật (bản ghi bị khóa)","2026-09-19 09:52:50"
366,"H31.05.02.H31.09.2008.1544","31 bản (ERROR_SKIPPED)","Phương án kiến trúc Trụ sở làm việc Phòng Giáo dục và Đào tạo huyện Mỹ Hào","Bỏ qua (Lỗi máy chủ) - Đã thử gửi lệnh xóa nhưng máy chủ Vinasynet không cập nhật (bản ghi bị khóa)","2026-09-19 09:53:28"
367,"H31.05.02.H31.09.2008.1543","31 bản (ERROR_SKIPPED)","Phương án kiến trúc Thư viện 4 tầng Trường Đại học sư phạm kỹ thuật Hưng Yên, huyện Mỹ Hào","Bỏ qua (Lỗi máy chủ) - Đã thử gửi lệnh xóa nhưng máy chủ Vinasynet không cập nhật (bản ghi bị khóa)","2026-09-19 09:54:06"
368,"H31.05.02.H31.09.2008.1542","31 bản (ERROR_SKIPPED)","Phương án kiến trúc Công trình: Cải tạo, nâng cấp Trung tâm Y tế huyện Kim Động; Hạng mục: Nhà kỹ thuật nghiệp vụ, nhà khám ngoại trú","Bỏ qua (Lỗi máy chủ) - Đã thử gửi lệnh xóa nhưng máy chủ Vinasynet không cập nhật (bản ghi bị khóa)","2026-09-19 09:54:44"
369,"H31.05.02.H31.09.2008.1541","31 bản (ERROR_SKIPPED)","Phương án kiến trúc Công trình: Dự án cải tạo, nâng cấp Trung tâm Y tế huyện khoái Châu, tỉnh Hưng Yên","Bỏ qua (Lỗi máy chủ) - Đã thử gửi lệnh xóa nhưng máy chủ Vinasynet không cập nhật (bản ghi bị khóa)","2026-09-19 09:55:22"
370,"H31.05.02.H31.09.2008.1540","31 bản (ERROR_SKIPPED)","Phương án kiến trúc Nhà học 5 tầng Trường Đại học sư phạm kỹ thuật Hưng Yên, huyện Khoái Châu.","Bỏ qua (Lỗi máy chủ) - Đã thử gửi lệnh xóa nhưng máy chủ Vinasynet không cập nhật (bản ghi bị khóa)","2026-09-19 09:56:00"
371,"H31.05.02.H31.09.2008.1539","31 bản (ERROR_SKIPPED)","Phương án kiến trúc Siêu thị sách Hưng Yên, thị xã Hưng Yên, tỉnh Hưng Yên năm 2008","Bỏ qua (Lỗi máy chủ) - Đã thử gửi lệnh xóa nhưng máy chủ Vinasynet không cập nhật (bản ghi bị khóa)","2026-09-19 09:56:38"
372,"H31.05.02.H31.09.2008.1538","31 bản (ERROR_SKIPPED)","Phương án kiến trúc Nhà lớp học Trường Trung học Y tế Hưng Yên, thành phố Hưng Yên","Bỏ qua (Lỗi máy chủ) - Đã thử gửi lệnh xóa nhưng máy chủ Vinasynet không cập nhật (bản ghi bị khóa)","2026-09-19 09:57:15"
373,"H31.05.02.H31.09.2007-2008.1546","31 bản (ERROR_SKIPPED)","Phương án kiến trúc Ủy ban nhân dân xã Dương Quang, huyện Mỹ Hào","Bỏ qua (Lỗi máy chủ) - Đã thử gửi lệnh xóa nhưng máy chủ Vinasynet không cập nhật (bản ghi bị khóa)","2026-09-19 09:57:53"
374,"H31.05.02.H31.09.2008.1537","31 bản (ERROR_SKIPPED)","Phương án kiến trúc Cải tạo, nâng cấp Trung tâm Y tế thị xã Hưng Yên, thành phố Hưng Yên.","Bỏ qua (Lỗi máy chủ) - Đã thử gửi lệnh xóa nhưng máy chủ Vinasynet không cập nhật (bản ghi bị khóa)","2026-09-19 09:58:31"
375,"H31.05.02.H31.09.2008.1536","31 bản (ERROR_SKIPPED)","Phương án kiến trúc khung chung cư cho cán bộ công nhân viên Công ty Cổ phần may Hưng Yên, thành phố Hưng Yên","Bỏ qua (Lỗi máy chủ) - Đã thử gửi lệnh xóa nhưng máy chủ Vinasynet không cập nhật (bản ghi bị khóa)","2026-09-19 09:59:09"
376,"H31.05.02.H31.09.2008.1535","31 bản (ERROR_SKIPPED)","Phương án kiến trúc Nhà văn phòng làm việc Công ty Cổ phần may Hưng Yên, thành phố Hưng Yên.","Bỏ qua (Lỗi máy chủ) - Đã thử gửi lệnh xóa nhưng máy chủ Vinasynet không cập nhật (bản ghi bị khóa)","2026-09-19 09:59:46"
377,"H31.05.02.H31.09.2008.1534","31 bản (ERROR_SKIPPED)","Phương án kiến trúc xây dựng Nhà bia lưu niệm nơi thành lập Ban tỉnh ủy lâm thời tỉnh Hưng Yên, huyện Ân Thi","Bỏ qua (Lỗi máy chủ) - Đã thử gửi lệnh xóa nhưng máy chủ Vinasynet không cập nhật (bản ghi bị khóa)","2026-09-19 10:00:22"
378,"H31.05.02.H31.09.2008.1533","31 bản (ERROR_SKIPPED)","Phương án kiến trúc công trình cải tạo nâng cấp trung tâm y tế huyện Ân Thi. Hạng mục: Nhà khám ngoại trú, nhà điều trị nội trú","Bỏ qua (Lỗi máy chủ) - Đã thử gửi lệnh xóa nhưng máy chủ Vinasynet không cập nhật (bản ghi bị khóa)","2026-09-19 10:01:00"
379,"H31.05.02.H31.09.2008.1532","31 bản (ERROR_SKIPPED)","Phương án kiến trúc trung tâm bồi dưỡng chính trị huyện Ân Thi năm 2008.","Bỏ qua (Lỗi máy chủ) - Đã thử gửi lệnh xóa nhưng máy chủ Vinasynet không cập nhật (bản ghi bị khóa)","2026-09-19 10:01:38"
380,"H31.05.02.H31.09.2008.1531","31 bản (ERROR_SKIPPED)","Phương án kiến trúc trụ sở làm việc huyện ủy Ân Thi, huyện Ân Thi","Bỏ qua (Lỗi máy chủ) - Đã thử gửi lệnh xóa nhưng máy chủ Vinasynet không cập nhật (bản ghi bị khóa)","2026-09-19 10:02:16"
381,"H31.05.02.H31.09.2008.1530","31 bản (ERROR_SKIPPED)","Phương án kiến trúc khoa dinh dưỡng - Bệnh viên Đa khoa tỉnh Hưng Yên tại đường Hải Thượng Lãn Ông, thị xã Hưng Yên","Bỏ qua (Lỗi máy chủ) - Đã thử gửi lệnh xóa nhưng máy chủ Vinasynet không cập nhật (bản ghi bị khóa)","2026-09-19 10:02:54"
382,"H31.05.02.H31.09.2008.1529","31 bản (ERROR_SKIPPED)","Phương án kiến trúc nâng cấp, mở rộng Bệnh viện Đa khoa Phố Nối, huyện Mỹ Hảo","Bỏ qua (Lỗi máy chủ) - Đã thử gửi lệnh xóa nhưng máy chủ Vinasynet không cập nhật (bản ghi bị khóa)","2026-09-19 10:03:32"
383,"H31.05.02.H31.09.2008.1528","31 bản (ERROR_SKIPPED)","Phương án kiến trúc hệ thống sân vườn nhà điều trị nội No.5  và hệ thống nhà cầu NC1, NC2, NC3 Bệnh viện Đa khoa Phố Nối","Bỏ qua (Lỗi máy chủ) - Đã thử gửi lệnh xóa nhưng máy chủ Vinasynet không cập nhật (bản ghi bị khóa)","2026-09-19 10:04:10"
384,"H31.05.02.H31.09.2008.1527","31 bản (ERROR_SKIPPED)","Phương án kiến trúc cải tao và nâng cấp Bệnh viện mắt Hưng Yên tại phường Hiến Nam, thị xã Hưng Yên","Bỏ qua (Lỗi máy chủ) - Đã thử gửi lệnh xóa nhưng máy chủ Vinasynet không cập nhật (bản ghi bị khóa)","2026-09-19 10:04:48"
385,"H31.05.02.H31.09.2008.1526","31 bản (ERROR_SKIPPED)","Phương án kiến trúc nhà lớp học và phòng làm việc các khoa xã hội, mầm non, nhạc họa, bồi dưỡng giáo viên và chuẩn hóa giáo viên Trường cao đẳng sư phạm Hưng Yên, thị xã Hưng Yên","Bỏ qua (Lỗi máy chủ) - Đã thử gửi lệnh xóa nhưng máy chủ Vinasynet không cập nhật (bản ghi bị khóa)","2026-09-19 10:05:26"
386,"H31.05.02.H31.09.2008.1525","31 bản (ERROR_SKIPPED)","Phương án kiến trúc Nâng cấp mở rộng Trường Trung cấp nghề Giao thông vận tải Hưng Yên, thành phố Hưng Yên","Bỏ qua (Lỗi máy chủ) - Đã thử gửi lệnh xóa nhưng máy chủ Vinasynet không cập nhật (bản ghi bị khóa)","2026-09-19 10:05:58"
387,"H31.05.02.H31.09.2008.1524","31 bản (ERROR_SKIPPED)","Phương án kiến trúc Công trình: Xây dựng mở rộng Trụ sở làm việc Cục thuế tỉnh Hưng Yên; Hạng mục: Quy hoạch tổng mặt bằng nhà làm việc 7 tầng","Bỏ qua (Lỗi máy chủ) - Đã thử gửi lệnh xóa nhưng máy chủ Vinasynet không cập nhật (bản ghi bị khóa)","2026-09-19 10:06:35"
388,"H31.05.02.H31.09.2008.1523","31 bản (ERROR_SKIPPED)","Phương án kiến trúc Trụ sở làm việc Văn phòng Đăng ký quyền sử dụng đất thuộc Sở tài nguyên & Môi trường thành phố Hưng Yên","Bỏ qua (Lỗi máy chủ) - Đã thử gửi lệnh xóa nhưng máy chủ Vinasynet không cập nhật (bản ghi bị khóa)","2026-09-19 10:07:13"
389,"H31.05.02.H31.09.2008.1522","31 bản (ERROR_SKIPPED)","Phương án kiến trúc khối nhà kỹ thuật nghiệp vụ hành chính Sở Y tế Hưng Yên","Bỏ qua (Lỗi máy chủ) - Đã thử gửi lệnh xóa nhưng máy chủ Vinasynet không cập nhật (bản ghi bị khóa)","2026-09-19 10:07:51"
390,"H31.05.02.H31.09.2008.1521","31 bản (ERROR_SKIPPED)","Phương án kiến trúc Trụ sở làm việc Tỉnh Đoàn thanh niên Hưng Yên.
.","Bỏ qua (Lỗi máy chủ) - Đã thử gửi lệnh xóa nhưng máy chủ Vinasynet không cập nhật (bản ghi bị khóa)","2026-09-19 10:08:29"
391,"H31.05.02.H31.09.2008.1520","31 bản (ERROR_SKIPPED)","Phương an kiến trúc Trạm tiếp sóng đài phát thanh truyền hình Hưng Yên, thành phố Hưng Yên","Bỏ qua (Lỗi máy chủ) - Đã thử gửi lệnh xóa nhưng máy chủ Vinasynet không cập nhật (bản ghi bị khóa)","2026-09-19 10:09:07"
392,"H31.05.02.H31.09.2008.1519","31 bản (ERROR_SKIPPED)","Phương án kiến trúc Trung tâm truyền thông và giáo dục sức khỏe Hưng Yên, thành phố Hưng Yên","Bỏ qua (Lỗi máy chủ) - Đã thử gửi lệnh xóa nhưng máy chủ Vinasynet không cập nhật (bản ghi bị khóa)","2026-09-19 10:09:45"
393,"H31.05.02.H31.09.2008.1518","31 bản (ERROR_SKIPPED)","Phương án kiến trúc nâng cấp, cải tạo, mở rộng trụ sở làm việc Sở Nội vụ Hưng Yên, thành phố Hưng Yên","Bỏ qua (Lỗi máy chủ) - Đã thử gửi lệnh xóa nhưng máy chủ Vinasynet không cập nhật (bản ghi bị khóa)","2026-09-19 10:10:23"
394,"H31.05.02.H31.09.2008.1517","31 bản (ERROR_SKIPPED)","Phương án thiết kế Trung tâm Hội nghị tỉnh Hưng Yên, thành phố Hưng Yên","Bỏ qua (Lỗi máy chủ) - Đã thử gửi lệnh xóa nhưng máy chủ Vinasynet không cập nhật (bản ghi bị khóa)","2026-09-19 10:11:01"
395,"H31.05.02.H31.09.2007.1513A","31 bản (ERROR_SKIPPED)","Về việc cấp phép xây dựng cho Công ty TNHH Hoa Anh Đào tại xã Ngọc Lâm, huyện Mỹ Hào để thực hiện công trình bến cung cấp nguyên vật liệu xây dựng năm 2007","Bỏ qua (Lỗi máy chủ) - Đã thử gửi lệnh xóa nhưng máy chủ Vinasynet không cập nhật (bản ghi bị khóa)","2026-09-19 10:11:39"
396,"H31.05.02.H31.09.2007.1513","50 bản (ERROR_SKIPPED)","Về việc cấp phép xây dựng cho Công ty TNHH Hoa Anh Đào tại xã Ngọc Lâm, huyện Mỹ Hào để thực hiện công trình bến cung cấp nguyên vật liệu xây dựng năm 2007","Bỏ qua (Lỗi máy chủ) - Đã thử gửi lệnh xóa nhưng máy chủ Vinasynet không cập nhật (bản ghi bị khóa)","2026-09-19 10:12:18"
397,"H31.05.02.H31.09.2007.1511","31 bản (ERROR_SKIPPED)","Cấp phép xây dựng cho Công ty TNHH Nhà nước một thành viên môi trường đô thị tại xã Đại Đồng, huyện Văn Lâm thuộc Công trình: Khu xử lý chất thải Đại Đồng năm 2007","Bỏ qua (Lỗi máy chủ) - Đã thử gửi lệnh xóa nhưng máy chủ Vinasynet không cập nhật (bản ghi bị khóa)","2026-09-19 10:12:55"
398,"H31.05.02.H31.09.2007.1510","31 bản (ERROR_SKIPPED)","Cấp phép xây dựng cho Công ty dây và cáp điện Ngọc Khánh tại KCN Phố Nối A - Văn Lâm thuộc Công trình: Nhà máy dây và cáp điện Ngọc Khánh; Hạng mục: Nhà xưởng sản xuất năm 2007","Bỏ qua (Lỗi máy chủ) - Đã thử gửi lệnh xóa nhưng máy chủ Vinasynet không cập nhật (bản ghi bị khóa)","2026-09-19 10:13:33"
399,"H31.05.02.H31.09.2009.1516A","31 bản (ERROR_SKIPPED)","Bản đồ xác định vị trí quy hoạnh các khu công nghiệp huyện Ân Thi năm 2008.","Bỏ qua (Lỗi máy chủ) - Đã thử gửi lệnh xóa nhưng máy chủ Vinasynet không cập nhật (bản ghi bị khóa)","2026-09-19 10:14:11"
400,"H31.05.02.H31.09.2009.1516","50 bản (ERROR_SKIPPED)","Bản đồ xác định vị trí quy hoạnh các khu công nghiệp huyện Ân Thi năm 2008.","Bỏ qua (Lỗi máy chủ) - Đã thử gửi lệnh xóa nhưng máy chủ Vinasynet không cập nhật (bản ghi bị khóa)","2026-09-19 10:14:49"
401,"H31.05.02.H31.09.2009.1514","31 bản (ERROR_SKIPPED)","Thẩm định dự toán công trình nhà máy sản xuất thức ăn chăn nuôi Thành Thắng của Công ty TNHH thương mại và sản xuất Thành Thắng tại xã Dị Sử, huyện Mỹ Hào năm 2007","Bỏ qua (Lỗi máy chủ) - Đã thử gửi lệnh xóa nhưng máy chủ Vinasynet không cập nhật (bản ghi bị khóa)","2026-09-19 10:15:27"
402,"H31.05.02.H31.09.2007.1515","31 bản (ERROR_SKIPPED)","Quyết định UBND tỉnh về việc phê duyệt quy hoạch sử dụng đất đến năm 2010 và kế hoạch sử dụng đất 05 năm (2006-2010) huyện Khoái Châu - tỉnh Hưng Yên năm 2007","Bỏ qua (Lỗi máy chủ) - Đã thử gửi lệnh xóa nhưng máy chủ Vinasynet không cập nhật (bản ghi bị khóa)","2026-09-19 10:16:05"
403,"H31.05.02.H31.09.2007.1506","31 bản (ERROR_SKIPPED)","Cấp phép xây dựng cho Công ty TNHH Kwang Jin VN trên địa bàn xã Ngọc Lâm, huyện Mỹ Hào thuộc công tình Nhà máy sản xuất phụ tùng ô tô - Công ty TNHH Kwang Jin Việt Nam năm 2007","Bỏ qua (Lỗi máy chủ) - Đã thử gửi lệnh xóa nhưng máy chủ Vinasynet không cập nhật (bản ghi bị khóa)","2026-09-19 10:16:40"
404,"H31.05.02.H31.09.2007.1505","31 bản (ERROR_SKIPPED)","Cấp phép xây dựng cho Công ty cổ phần Tùng Thư tại xã Bạch Sam, huyện Mỹ Hào cho dự án Nhà máy nội thất Tùng Thư năm 2007","Bỏ qua (Lỗi máy chủ) - Đã thử gửi lệnh xóa nhưng máy chủ Vinasynet không cập nhật (bản ghi bị khóa)","2026-09-19 10:17:17"
405,"H31.05.02.H31.09.2007.1504","31 bản (ERROR_SKIPPED)","Cấp giấy phép xây dựng cho dự án đầu tư xây dựng mở rộng trường đại học Sư phạm kỹ thuật Hưng Yên ( phần kết cấu), hạng mục nhà điều hành, nhà học-thí nghiệm chung tại xã Dân Tiến, huyện Khoái Châu năm 2007","Bỏ qua (Lỗi máy chủ) - Đã thử gửi lệnh xóa nhưng máy chủ Vinasynet không cập nhật (bản ghi bị khóa)","2026-09-19 10:17:55"
406,"H31.05.02.H31.09.2007.1503","31 bản (ERROR_SKIPPED)","Cấp giấy phép xây dựng cho dự án đầu tư xây dựng mở rộng Trường đại học sư phạm kỹ thuật Hưng Yên (phương án kiến trúc), hạng mục nhà điều hành, nhà học - thí nghiệm chung tại xã Dân Tiến","Bỏ qua (Lỗi máy chủ) - Đã thử gửi lệnh xóa nhưng máy chủ Vinasynet không cập nhật (bản ghi bị khóa)","2026-09-19 10:18:32"
407,"H31.05.02.H31.09.2007.1502","31 bản (ERROR_SKIPPED)","Cấp phép xây dựng công trình nhà máy chế biến nông sản  tại km 13-QL39-HY","Bỏ qua (Lỗi máy chủ) - Đã thử gửi lệnh xóa nhưng máy chủ Vinasynet không cập nhật (bản ghi bị khóa)","2026-09-19 10:19:10"
408,"H31.05.02.H31.09.2007.1501","31 bản (ERROR_SKIPPED)","Cấp phép xây dựng cho CT Xây dựng mở rộng Trụ sở làm việc Cục thuế tỉnh Hưng Yên, Hang mục Quy hoạch tổng thể, điện, nước ngoài nhà, Nhà làm việc 6 tầng tại phường Hiến Nam, thị xã Hưng Yên","Bỏ qua (Lỗi máy chủ) - Đã thử gửi lệnh xóa nhưng máy chủ Vinasynet không cập nhật (bản ghi bị khóa)","2026-09-19 10:19:48"
409,"H31.05.02.H31.09.2007.1500","31 bản (ERROR_SKIPPED)","Phương án kiến trúc Trụ sở làm việc Đảng Ủy - HĐND - UBND thị trấn Văn Giang, huyện văn Giang năm 2007","Bỏ qua (Lỗi máy chủ) - Đã thử gửi lệnh xóa nhưng máy chủ Vinasynet không cập nhật (bản ghi bị khóa)","2026-09-19 10:20:26"
410,"H31.05.02.H31.09.2007.1499","31 bản (ERROR_SKIPPED)","Phương án kiến trúc trụ sở công ty xổ số kiến thiết Hưng Yên, thành phố Hưng Yên năm 2007","Bỏ qua (Lỗi máy chủ) - Đã thử gửi lệnh xóa nhưng máy chủ Vinasynet không cập nhật (bản ghi bị khóa)","2026-09-19 10:21:04"
411,"H31.05.02.H31.09.2007.1498","31 bản (ERROR_SKIPPED)","Phương án kiến trúc hồ sơ thiết kế bản vẽ sơ bộ Trung tâm TDTT huyện Khoái Châu, Hạng mục Nhà thi đấu đa năng, khán đài và sân tennis năm 2007","Bỏ qua (Lỗi máy chủ) - Đã thử gửi lệnh xóa nhưng máy chủ Vinasynet không cập nhật (bản ghi bị khóa)","2026-09-19 10:21:42"
412,"H31.05.02.H31.09.2007.1497","31 bản (ERROR_SKIPPED)","Phương án kiến trúc Trụ sở công ty xổ số kiến thiết Hưng Yên thành phố Hưng Yên năm 2007","Bỏ qua (Lỗi máy chủ) - Đã thử gửi lệnh xóa nhưng máy chủ Vinasynet không cập nhật (bản ghi bị khóa)","2026-09-19 10:22:21"
413,"H31.05.02.H31.09.2007.1496","31 bản (ERROR_SKIPPED)","Phương án kiến trúc Nhà văn hóa huyện Ân Thi năm 2007","Bỏ qua (Lỗi máy chủ) - Đã thử gửi lệnh xóa nhưng máy chủ Vinasynet không cập nhật (bản ghi bị khóa)","2026-09-19 10:22:59"
414,"H31.05.02.H31.09.2007.1495","31 bản (ERROR_SKIPPED)","Phương án kiến trúc Trường Chính trị Nguyễn Văn Linh, hạng mục nhà ăn, thành phố Hưng Yên năm 2007","Bỏ qua (Lỗi máy chủ) - Đã thử gửi lệnh xóa nhưng máy chủ Vinasynet không cập nhật (bản ghi bị khóa)","2026-09-19 10:23:37"
415,"H31.05.02.H31.09.2007.1494","31 bản (ERROR_SKIPPED)","Phương án kiến trúc Nhà làm việc Sở Bưu chính viễn thông tỉnh Hưng Yên, thành phố Hưng Yên năm 2007","Bỏ qua (Lỗi máy chủ) - Đã thử gửi lệnh xóa nhưng máy chủ Vinasynet không cập nhật (bản ghi bị khóa)","2026-09-19 10:24:15"
416,"H31.05.02.H31.09.2007.1493","31 bản (ERROR_SKIPPED)","Phương án điều chỉnh Trung tâm hội nghị tỉnh Hưng Yên, thành phố Hưng Yên năm 2007","Bỏ qua (Lỗi máy chủ) - Đã thử gửi lệnh xóa nhưng máy chủ Vinasynet không cập nhật (bản ghi bị khóa)","2026-09-19 10:24:53"
417,"H31.05.02.H31.09.2007.1492L","31 bản (ERROR_SKIPPED)","Đề nghị phê duyệt địa điểm xây dựng các dự án đầu tư trong tỉnh năm 2008","Bỏ qua (Lỗi máy chủ) - Đã thử gửi lệnh xóa nhưng máy chủ Vinasynet không cập nhật (bản ghi bị khóa)","2026-09-19 10:25:31"
418,"H31.05.02.H31.09.2007.1492K","31 bản (ERROR_SKIPPED)","Về việc đấu giá quyền sử dụng đất một số khu đất xen kẹp trong khu dân cư trên địa bàn phường Quang Trung, thành phố Hưng Yên năm 2018","Bỏ qua (Lỗi máy chủ) - Đã thử gửi lệnh xóa nhưng máy chủ Vinasynet không cập nhật (bản ghi bị khóa)","2026-09-19 10:26:09"
419,"H31.05.02.H31.09.2007.1492I","31 bản (ERROR_SKIPPED)","Thẩm định tổng mặt bằng quy hoạch các dự án đầu tư xây dựng trên địa bàn huyện Yên Mỹ năm 2005","Bỏ qua (Lỗi máy chủ) - Đã thử gửi lệnh xóa nhưng máy chủ Vinasynet không cập nhật (bản ghi bị khóa)","2026-09-19 10:26:47"
420,"H31.05.02.H31.09.2007.1492H","31 bản (ERROR_SKIPPED)","Thẩm định tổng mặt bằng quy hoạch các dự án đầu tư xây dựng trên địa bàn huyện Văn Lâm năm 2008","Bỏ qua (Lỗi máy chủ) - Đã thử gửi lệnh xóa nhưng máy chủ Vinasynet không cập nhật (bản ghi bị khóa)","2026-09-19 10:27:25"
421,"H31.05.02.H31.09.2007.1492G","31 bản (ERROR_SKIPPED)","Thầm định tổng mặt bằng quy hoạnh các dự án đầu tư xây dựng trên địa bàn huyện Vân Giang năm 2008.","Bỏ qua (Lỗi máy chủ) - Đã thử gửi lệnh xóa nhưng máy chủ Vinasynet không cập nhật (bản ghi bị khóa)","2026-09-19 10:28:03"
422,"H31.05.02.H31.09.2007.1492Đ","0 bản (NOT_FOUND)","Bản ghi #1","Không tìm thấy hồ sơ - Không tìm thấy hồ sơ nào với mã này trên hệ thống Vinasynet","2026-09-19 10:28:11"
423,"H31.05.02.H31.09.2007.1492F","31 bản (ERROR_SKIPPED)","Thẩm định tổng mặt bằng quy hoạch các dự án đầu tư xây dựng trên địa bàn huyện Tiên Lữ năm 2008","Bỏ qua (Lỗi máy chủ) - Đã thử gửi lệnh xóa nhưng máy chủ Vinasynet không cập nhật (bản ghi bị khóa)","2026-09-19 10:28:49"
424,"H31.05.02.H31.09.2007.1492E","31 bản (ERROR_SKIPPED)","Thẩm định tổng mặt bằng quy hoạch các dự án đầu tư xây dựng trên địa bàn huyện Phù cừ năm 2008","Bỏ qua (Lỗi máy chủ) - Đã thử gửi lệnh xóa nhưng máy chủ Vinasynet không cập nhật (bản ghi bị khóa)","2026-09-19 10:29:27"
425,"H31.05.02.H31.09.2008.1492D","31 bản (ERROR_SKIPPED)","Thẩm định tổng mặt bằng quy hoạch các dự án đầu tư xây dựng trên địa bàn huyện Kim Động năm 2008","Bỏ qua (Lỗi máy chủ) - Đã thử gửi lệnh xóa nhưng máy chủ Vinasynet không cập nhật (bản ghi bị khóa)","2026-09-19 10:30:03"
426,"H31.05.02.H31.09.2008.1492C","31 bản (ERROR_SKIPPED)","Thẩm định tổng mặt bằng quy hoan các dự án đầu tư xây dựng trên địa bàn huyện Khoái Châu năm 2008.","Bỏ qua (Lỗi máy chủ) - Đã thử gửi lệnh xóa nhưng máy chủ Vinasynet không cập nhật (bản ghi bị khóa)","2026-09-19 10:30:41"
427,"H31.05.02.H31.09.2008.1492B","31 bản (ERROR_SKIPPED)","Thẩm định tổng mặt bằng quy hoạch các dự án đầu tư xây dựng trên địa bàn thị xã Hưng Yên năm 2008.","Bỏ qua (Lỗi máy chủ) - Đã thử gửi lệnh xóa nhưng máy chủ Vinasynet không cập nhật (bản ghi bị khóa)","2026-09-19 10:31:19"
428,"H31.05.02.H31.09.2008.1492A","31 bản (ERROR_SKIPPED)","Tổng Mặt bằng Bệnh viện Đa khoa phố Nối năm 2008","Bỏ qua (Lỗi máy chủ) - Đã thử gửi lệnh xóa nhưng máy chủ Vinasynet không cập nhật (bản ghi bị khóa)","2026-09-19 10:31:57"
429,"H31.05.02.H31.09.2008.1491A","31 bản (ERROR_SKIPPED)","Về việc thẩm định tổng mặt bằng quy hoạch các dự án đầu tư trên địa bàn tỉnh năm 2007","Bỏ qua (Lỗi máy chủ) - Đã thử gửi lệnh xóa nhưng máy chủ Vinasynet không cập nhật (bản ghi bị khóa)","2026-09-19 10:32:35"
430,"H31.05.02.H31.09.2006-2009.1492","31 bản (ERROR_SKIPPED)","Về việc thẩm định tổng mặt bằng quy hoạch xây dựng các dự án đầu tư của Công ty TNHH Foremant VN tại thị trấn Ân Thi, huyện Ân Thi năm 2007.","Bỏ qua (Lỗi máy chủ) - Đã thử gửi lệnh xóa nhưng máy chủ Vinasynet không cập nhật (bản ghi bị khóa)","2026-09-19 10:33:11"
431,"H31.05.02.H31.09.2006-2010.1490","31 bản (ERROR_SKIPPED)","Cấp phép xây dựng cho Trung tâm kỹ thuật tổng hợp hướng nghiệp Mỹ Hào tại Thị trấn Bần Yên Nhân, huyện Mỹ Hào thuộc dự án Trung tâm kỹ thuật tổng hợp hướng nghiệp Mỹ Hào năm 2006","Bỏ qua (Lỗi máy chủ) - Đã thử gửi lệnh xóa nhưng máy chủ Vinasynet không cập nhật (bản ghi bị khóa)","2026-09-19 10:33:46"
432,"H31.05.02.H31.09.2006.1491","31 bản (ERROR_SKIPPED)","Về việc thẩm định dự toán, thiết kế dự toán của các doanh nghiệp trên địa bàn tỉnh Hưng Yên năm 2006","Bỏ qua (Lỗi máy chủ) - Đã thử gửi lệnh xóa nhưng máy chủ Vinasynet không cập nhật (bản ghi bị khóa)","2026-09-19 10:34:22"
433,"H31.05.02.H31.09.2006.1489","31 bản (ERROR_SKIPPED)","Hồ sơ cấp phép xây dựng cho công trình nhà làm việc kiêm kho chi nhánh NHCT khu vực Mỹ Hào tại huyện Mỹ Hào, tỉnh Hưng Yên năm 2006","Bỏ qua (Lỗi máy chủ) - Đã thử gửi lệnh xóa nhưng máy chủ Vinasynet không cập nhật (bản ghi bị khóa)","2026-09-19 10:34:58"
434,"H31.05.02.H31.09.2007.1488","31 bản (ERROR_SKIPPED)","Hồ sơ thiết kế kỹ thuật dự án Trung tâm nhân đạo xã hội tỉnh Hưng Yên, huyện Ân Thi, hạng mục: Tổng mặt bằng, nhà ở cán bộ, nhà ở học viên đang cai nam năm 2005","Bỏ qua (Lỗi máy chủ) - Đã thử gửi lệnh xóa nhưng máy chủ Vinasynet không cập nhật (bản ghi bị khóa)","2026-09-19 10:35:36"
435,"H31.05.02.H31.09.2002.1487","31 bản (ERROR_SKIPPED)","Cấp giấy phép xây dựng hồ sơ thiết kế kỹ thuật nhà học chung + khoa tự nhiên Trường Cao đẳng sư phạm Hưng Yên, thành phố Hưng Yên năm 2002","Bỏ qua (Lỗi máy chủ) - Đã thử gửi lệnh xóa nhưng máy chủ Vinasynet không cập nhật (bản ghi bị khóa)","2026-09-19 10:36:14"
436,"H31.05.02.H31.09.1997.1485","31 bản (ERROR_SKIPPED)","Cấp giấy phép xây dựng cho nhà máy gạch Tuynel Kim Động Kho đất, kho than - nhà máy chế biến tạo hình, nhà ở phơi gạch, nhà lò nung sấy năm 1997","Bỏ qua (Lỗi máy chủ) - Đã thử gửi lệnh xóa nhưng máy chủ Vinasynet không cập nhật (bản ghi bị khóa)","2026-09-19 10:36:52"
437,"H31.05.02.H31.09.2010.1486","31 bản (ERROR_SKIPPED)","Phương án kiến trúc hồ sơ bổ sung và sửa đổi Trụ sở giao dịch và cửa hàng giới thiệu sản phẩm Công ty may II Hưng Yên, thành phố Hưng Yên năm 2010","Bỏ qua (Lỗi máy chủ) - Đã thử gửi lệnh xóa nhưng máy chủ Vinasynet không cập nhật (bản ghi bị khóa)","2026-09-19 10:37:30"
438,"H31.05.02.H31.09.2006.1487A","31 bản (ERROR_SKIPPED)","Về việc thẩm định tổng mặt bằng quy hoạch xây dựng các dự án đầu tư xây dựng của công ty TNHH Thế Kỷ tại xã Bạch Sam, huyện Mỹ Hào năm 2016","Bỏ qua (Lỗi máy chủ) - Đã thử gửi lệnh xóa nhưng máy chủ Vinasynet không cập nhật (bản ghi bị khóa)","2026-09-19 10:38:08"
439,"H31.05.02.H31.09.2018.2321","31 bản (ERROR_SKIPPED)","Về việc chấp thuận mặt bằng quy hoạch tổng thể cộng phương án kiến trúc công trình: Trường mầm non tập trung thị trấn Trần Cao, huyện Phù Cừ năm 2018","Bỏ qua (Lỗi máy chủ) - Đã thử gửi lệnh xóa nhưng máy chủ Vinasynet không cập nhật (bản ghi bị khóa)","2026-09-19 10:38:46"
440,"H31.05.02.H31.09.2018.2320","31 bản (ERROR_SKIPPED)","Về việc xin chấp thuận mặt bằng quy hoạch tổng thể điều chỉnh dự án của công ty Đại Việt tại xã Xuân Dục, huyện Mỹ Hào năm 2018","Bỏ qua (Lỗi máy chủ) - Đã thử gửi lệnh xóa nhưng máy chủ Vinasynet không cập nhật (bản ghi bị khóa)","2026-09-19 10:39:24"
441,"H31.05.02.H31.09.2018.2319","31 bản (ERROR_SKIPPED)","Về việc chấp thuận mặt bằng quy hoạch tổng thể Trung tâm thương mại dịch vụ 2, thuộc dự án Khu nhà ở công nhân, nhà ở thương mại Lạc Hồng - Phố Nối tại xã Nhân Hòa, huyện Mỹ Hào năm 2018","Bỏ qua (Lỗi máy chủ) - Đã thử gửi lệnh xóa nhưng máy chủ Vinasynet không cập nhật (bản ghi bị khóa)","2026-09-19 10:40:02"
442,"H31.05.02.H31.09.2018.2318","31 bản (ERROR_SKIPPED)","Về việc chấp thuận Mặt bằng quy hoạch tổng thể Trung tâm thương mại dịch vụ 1, thuộc dự án khu nhà ở công nhân, nhà ở thương mại Lạc Hồng - Phố Nối tại xã Nhân Hòa, huyện Mỹ Hào năm 2018","Bỏ qua (Lỗi máy chủ) - Đã thử gửi lệnh xóa nhưng máy chủ Vinasynet không cập nhật (bản ghi bị khóa)","2026-09-19 10:40:40"
443,"H31.05.02.H31.09.2018.2317","31 bản (ERROR_SKIPPED)","Về việc chấp thuận mặt bằng quy hoạch tổng thể điều chỉnh dự án Trường cao đẳng đào tạo nguồn nhân lực toàn cầu J.A.K tại xã Nhân Hòa, huyện Mỹ Hào năm 2017","Bỏ qua (Lỗi máy chủ) - Đã thử gửi lệnh xóa nhưng máy chủ Vinasynet không cập nhật (bản ghi bị khóa)","2026-09-19 10:41:18"
444,"H31.05.02.H31.09.2018.2316","31 bản (ERROR_SKIPPED)","Về việc chấp thuận điều chỉnh mặt bằng quy hoạch tổng thể Khu nhà ở công nhân thuộc dự án Khu nhà ở công nhân, nhà ở thương mại Lạc Hồng - Phố Nối tại xã Nhân Hòa, huyện Mỹ Hào, năm 2018","Bỏ qua (Lỗi máy chủ) - Đã thử gửi lệnh xóa nhưng máy chủ Vinasynet không cập nhật (bản ghi bị khóa)","2026-09-19 10:41:56"
445,"H31.05.02.H31.09.2018.2315","31 bản (ERROR_SKIPPED)","Về việc chấp thuận Mặt bằng quy hoạch tổng thể điều chỉnh mở rộng dự án cộng phương án kiến trúc Công trình Trường Tiều học, Trung học cơ sở và Trung học phổ thông Hồng Đức tại xã Nhân Hòa, huyện Mỹ Hào năm 2017-2018.","Bỏ qua (Lỗi máy chủ) - Đã thử gửi lệnh xóa nhưng máy chủ Vinasynet không cập nhật (bản ghi bị khóa)","2026-09-19 10:42:34"
446,"H31.05.02.H31.09.2018.2314","31 bản (ERROR_SKIPPED)","Về việc chấp thuận Mặt bằng quy hoạch tổng thể công trình Trụ sở làm việc Đảng uỷ - HĐND - UBND xã Minh Đức, huyện Mỹ Hào năm 2018.","Bỏ qua (Lỗi máy chủ) - Đã thử gửi lệnh xóa nhưng máy chủ Vinasynet không cập nhật (bản ghi bị khóa)","2026-09-19 10:43:12"
447,"H31.05.02.H31.09.2018.2313","31 bản (ERROR_SKIPPED)","Về việc chấp thuận điều chỉnh mặt bằng quy hoạch tổng thể dự án Trường THCS Bần Yên Nhân, huyện Mỹ Hào năm 2018.","Bỏ qua (Lỗi máy chủ) - Đã thử gửi lệnh xóa nhưng máy chủ Vinasynet không cập nhật (bản ghi bị khóa)","2026-09-19 10:43:50"
448,"H31.05.02.H31.09.2018.2312","31 bản (ERROR_SKIPPED)","Về việc chấp thuận Mặt bằng quy hoạch tổng thể điều chỉnh và phương án kiến trúc điều chỉnh công trình. Trường mầm non thuộc dự án chợ bao bì và khu nhà ở thương mại Phố Nối tại xã Nhân Hòa và TT Bần Yên Nhân, huyện Mỹ Hào năm 2018","Bỏ qua (Lỗi máy chủ) - Đã thử gửi lệnh xóa nhưng máy chủ Vinasynet không cập nhật (bản ghi bị khóa)","2026-09-19 10:44:28"
449,"H31.05.02.H31.09.2018.2311","31 bản (ERROR_SKIPPED)","Về việc thẩm định mặt bằng quy hoạch tổng thể Dự án đầu tư xây dựng khu biệt thự, nhà ở thương mại Phúc Thành tại thị trấn Bần Yên Nhân, huyện Mỹ Hào năm 2018","Bỏ qua (Lỗi máy chủ) - Đã thử gửi lệnh xóa nhưng máy chủ Vinasynet không cập nhật (bản ghi bị khóa)","2026-09-19 10:45:06"
450,"H31.05.02.H31.09.2018.2310","31 bản (ERROR_SKIPPED)","Về việc chấp thuận Mặt bằng quy hoạch tổng thể cộng phương án kiến trúc công trình: Nhà chung cư cao tầng - Khu chung cư đô thị Phố Nối tại TT. Bần Yên Nhân, huyện Mỹ Hào năm 2018","Bỏ qua (Lỗi máy chủ) - Đã thử gửi lệnh xóa nhưng máy chủ Vinasynet không cập nhật (bản ghi bị khóa)","2026-09-19 10:45:44"
451,"H31.05.02.H31.09.2018.2309","31 bản (ERROR_SKIPPED)","Về việc chấp thuận mặt bằng quy hoạch tổng thể điều chỉnh cộng phương án kiến trúc công trình: Nhà chợ kinh doanh thường xuyên thuộc dự án đầu tư xây dựng Chợ bao bì và khu nhà ở thương mại Phố Nối tại TT. Bần Yên Nhân, huyện Mỹ Hào năm 2018","Bỏ qua (Lỗi máy chủ) - Đã thử gửi lệnh xóa nhưng máy chủ Vinasynet không cập nhật (bản ghi bị khóa)","2026-09-19 10:46:22"
452,"H31.05.02.H31.09.2018.2308","31 bản (ERROR_SKIPPED)","Về việc chấp thuận Mặt bằng quy hoạch tổng thể điều chỉnh và phương án kiến trúc công trình Khu hành chính Bệnh viện Tâm thần kinh Hưng Yên tại xã Song Mai, huyện Kim Động","Bỏ qua (Lỗi máy chủ) - Đã thử gửi lệnh xóa nhưng máy chủ Vinasynet không cập nhật (bản ghi bị khóa)","2026-09-19 10:47:00"
453,"H31.05.02.H31.09.2018.2307","31 bản (ERROR_SKIPPED)","Về việc chấp thuận mặt bằng quy hoạch tổng thể trụ sở Viện Kiểm sát nhân dân huyện Kim Động tại xã Chính Nghĩa, huyện Kim Động năm 2018","Bỏ qua (Lỗi máy chủ) - Đã thử gửi lệnh xóa nhưng máy chủ Vinasynet không cập nhật (bản ghi bị khóa)","2026-09-19 10:47:38"
454,"H31.05.02.H31.09.2018.2306","31 bản (ERROR_SKIPPED)","Về việc chấp thuận Mặt bằng quy hoạch tổng thể công trình: Xây dựng khu cây xanh công cộng huyện Kim Động tại thị trấn Lương Bằng, huyện Kim Động, năm 2018","Bỏ qua (Lỗi máy chủ) - Đã thử gửi lệnh xóa nhưng máy chủ Vinasynet không cập nhật (bản ghi bị khóa)","2026-09-19 10:48:16"
455,"H31.05.02.H31.09.2017.2274","31 bản (ERROR_SKIPPED)","Về việc cho ý kiến thẩm định dự án  của các doanh nghiệp trên địa bàn xã Yên Phú, huyện Yên Mỹ năm 2017 (tập 3)","Bỏ qua (Lỗi máy chủ) - Đã thử gửi lệnh xóa nhưng máy chủ Vinasynet không cập nhật (bản ghi bị khóa)","2026-09-19 10:48:54"
456,"H31.05.02.H31.09.2017.2262","31 bản (ERROR_SKIPPED)","Về việc cho ý kiến thẩm định dự án của các doanh nghiệp trên địa bàn xã Nghĩa Hiệp, huyện Yên Mỹ năm 2017","Bỏ qua (Lỗi máy chủ) - Đã thử gửi lệnh xóa nhưng máy chủ Vinasynet không cập nhật (bản ghi bị khóa)","2026-09-19 10:49:32"
457,"H31.05.02.H31.09.2017.2256","31 bản (ERROR_SKIPPED)","Về việc cho ý kiến thẩm định dự án của các doanh nghiệp trên địa bàn xã Đồng Than, huyện Yên Mỹ năm 2017","Bỏ qua (Lỗi máy chủ) - Đã thử gửi lệnh xóa nhưng máy chủ Vinasynet không cập nhật (bản ghi bị khóa)","2026-09-19 11:20:00"
458,"H31.05.02.H31.09.2017.2255","31 bản (ERROR_SKIPPED)","Về việc cho ý kiến thẩm định dự án của các doanh nghiệp trên địa bàn thị trấn Yên Mỹ, huyện Yên Mỹ năm 2017","Bỏ qua (Lỗi máy chủ) - Đã thử gửi lệnh xóa nhưng máy chủ Vinasynet không cập nhật (bản ghi bị khóa)","2026-09-19 11:20:37"
459,"H31.05.02.H31.09.2017.2251","31 bản (ERROR_SKIPPED)","Về việc cho ý kiến thẩm định dự án của các doanh nghiệp trên địa bàn xã Tân Quang, huyện Văn Lâm năm 2017 (tập 2).","Bỏ qua (Lỗi máy chủ) - Đã thử gửi lệnh xóa nhưng máy chủ Vinasynet không cập nhật (bản ghi bị khóa)","2026-09-19 11:21:17"
460,"H31.05.02.H31.09.2017.2229","31 bản (ERROR_SKIPPED)","Về việc cho ý kiến thẩm định dự án của các doanh nghiệp trên địa bàn xã Tân Tiến, huyện Văn Giang năm 2017 (tập 1)","Bỏ qua (Lỗi máy chủ) - Đã thử gửi lệnh xóa nhưng máy chủ Vinasynet không cập nhật (bản ghi bị khóa)","2026-09-19 11:21:55"
461,"H31.05.02.H31.09.2017.2223","31 bản (ERROR_SKIPPED)","Về việc cho ý kiến thẩm định dự án của các doanh nghiệp trên địa bàn huyện Phù Cừ năm 2017","Bỏ qua (Lỗi máy chủ) - Đã thử gửi lệnh xóa nhưng máy chủ Vinasynet không cập nhật (bản ghi bị khóa)","2026-09-19 11:22:33"
462,"H31.05.02.H31.09.2017.2222","31 bản (ERROR_SKIPPED)","Về việc cho ý kiến thẩm định dự án của các doanh nghiệp trên địa bàn xã Phùng Chí Kiên, huyện Mỹ Hào năm 2017","Bỏ qua (Lỗi máy chủ) - Đã thử gửi lệnh xóa nhưng máy chủ Vinasynet không cập nhật (bản ghi bị khóa)","2026-09-19 11:23:11"
463,"H31.05.02.H31.09.2017.2221","31 bản (ERROR_SKIPPED)","Về việc cho ý kiến thẩm định dự án của các doanh nghiệp trên địa bàn xã Phan Đình Phùng, huyện Mỹ Hào năm 2017.","Bỏ qua (Lỗi máy chủ) - Đã thử gửi lệnh xóa nhưng máy chủ Vinasynet không cập nhật (bản ghi bị khóa)","2026-09-19 11:23:49"
464,"H31.05.02.H31.09.2017.2220","31 bản (ERROR_SKIPPED)","Về việc cho ý kiến thẩm định dự án của các doanh nghiệp trên địa bàn xã Nhân Hòa, huyện Mỹ Hào năm 2017.","Bỏ qua (Lỗi máy chủ) - Đã thử gửi lệnh xóa nhưng máy chủ Vinasynet không cập nhật (bản ghi bị khóa)","2026-09-19 11:24:27"
465,"H31.05.02.H31.09.2017.2219","31 bản (ERROR_SKIPPED)","Về việc cho ý kiến thẩm định dự án của các doanh nghiệp trên địa bàn xã Dị Sử, huyện Mỹ Hào năm 2017.","Bỏ qua (Lỗi máy chủ) - Đã thử gửi lệnh xóa nhưng máy chủ Vinasynet không cập nhật (bản ghi bị khóa)","2026-09-19 11:25:05"
466,"H31.05.02.H31.09.2017.2218","31 bản (ERROR_SKIPPED)","Về việc cho ý kiến thẩm định dự án của các doanh nghiệp trên địa bàn thị trấn Bần Yên Nhân, huyện Mỹ Hào năm 2017.","Bỏ qua (Lỗi máy chủ) - Đã thử gửi lệnh xóa nhưng máy chủ Vinasynet không cập nhật (bản ghi bị khóa)","2026-09-19 11:25:43"
467,"H31.05.02.H31.09.2017.2217","31 bản (ERROR_SKIPPED)","Về việc cho ý kiến thẩm định dự án của các doanh nghiệp trên địa bàn huyện Mỹ Hào năm 2017","Bỏ qua (Lỗi máy chủ) - Đã thử gửi lệnh xóa nhưng máy chủ Vinasynet không cập nhật (bản ghi bị khóa)","2026-09-19 11:26:21"
468,"H31.05.02.H31.09.2017.2216","31 bản (ERROR_SKIPPED)","Về việc cho ý kiến thẩm định dự án của các doanh nghiệp trên địa bàn xã Vũ Xá, huyện Kim Động năm 2017","Bỏ qua (Lỗi máy chủ) - Đã thử gửi lệnh xóa nhưng máy chủ Vinasynet không cập nhật (bản ghi bị khóa)","2026-09-19 11:26:59"
469,"H31.05.02.H31.09.2017.2208","31 bản (ERROR_SKIPPED)","Về việc cho ý kiến thẩm định dự án của các doanh nghiệp trên địa bàn thị trấn Lương Bằng, huyện Kim Động năm 2017","Bỏ qua (Lỗi máy chủ) - Đã thử gửi lệnh xóa nhưng máy chủ Vinasynet không cập nhật (bản ghi bị khóa)","2026-09-19 11:27:37"
470,"H31.05.02.H31.09.2017.2207","31 bản (ERROR_SKIPPED)","Về việc cho ý kiến thẩm định dự án của các doanh nghiệp trên địa bàn xã Tân Dân huyện Khoái Châu năm 2017 (tập 3)","Bỏ qua (Lỗi máy chủ) - Đã thử gửi lệnh xóa nhưng máy chủ Vinasynet không cập nhật (bản ghi bị khóa)","2026-09-19 11:28:15"
471,"H31.05.02.H31.09.2017.2204","31 bản (ERROR_SKIPPED)","Về việc cho ý kiến thẩm định dự án của các doanh nghiệp trên địa bàn xã Hồng Tiến, huyện Khoái Châu năm 2017.","Bỏ qua (Lỗi máy chủ) - Đã thử gửi lệnh xóa nhưng máy chủ Vinasynet không cập nhật (bản ghi bị khóa)","2026-09-19 11:28:53"
472,"H31.05.02.H31.09.2017.2203","31 bản (ERROR_SKIPPED)","Về việc cho ý kiến thẩm định dự án của các doanh nghiệp trên địa bàn xã Dân Tiến, huyện Khoái Châu năm 2017.","Bỏ qua (Lỗi máy chủ) - Đã thử gửi lệnh xóa nhưng máy chủ Vinasynet không cập nhật (bản ghi bị khóa)","2026-09-19 11:29:31"
473,"H31.05.02.H31.09.2017.2202","31 bản (ERROR_SKIPPED)","Về việc cho ý kiến thẩm định dự án của các doanh nghiệp trên địa bàn thị trấn Khoái Châu, huyện. Khoái Châu năm 2017","Bỏ qua (Lỗi máy chủ) - Đã thử gửi lệnh xóa nhưng máy chủ Vinasynet không cập nhật (bản ghi bị khóa)","2026-09-19 11:30:09"
474,"H31.05.02.H31.09.2017.2201","31 bản (ERROR_SKIPPED)","Về việc cho ý kiến thẩm định dự án của các doanh nghiệp trên địa bàn huyện Khoái Châu, tỉnh Hưng Yên năm 2017","Bỏ qua (Lỗi máy chủ) - Đã thử gửi lệnh xóa nhưng máy chủ Vinasynet không cập nhật (bản ghi bị khóa)","2026-09-19 11:30:47"
475,"H31.05.02.H31.09.2017.2200","31 bản (ERROR_SKIPPED)","Về việc cho ý kiến thẩm định dự án của các doanh nghiệp trên địa bàn xã Liên Phương, TP Hưng Yên năm 2017","Bỏ qua (Lỗi máy chủ) - Đã thử gửi lệnh xóa nhưng máy chủ Vinasynet không cập nhật (bản ghi bị khóa)","2026-09-19 11:31:25"
476,"H31.05.02.H31.09.2017.2199","31 bản (ERROR_SKIPPED)","Về việc cho ý kiến thẩm định dự án của các doanh nghiệp trên địa bàn xã Hùng Cường, thành phố Hưng Yên năm 2017","Bỏ qua (Lỗi máy chủ) - Đã thử gửi lệnh xóa nhưng máy chủ Vinasynet không cập nhật (bản ghi bị khóa)","2026-09-19 11:31:39"
477,"H31.05.02.H31.09.2017.2198","31 bản (ERROR_SKIPPED)","Tham gia ý kiến về quy hoạch chi tiết tỷ lệ 1/500 Khu dân cư mới ngã tư Phạm Bạch Hổ - Trần Hưng Đạo, phường Lam Sơn, thành phố Hưng Yên năm 2017","Bỏ qua (Lỗi máy chủ) - Đã thử gửi lệnh xóa nhưng máy chủ Vinasynet không cập nhật (bản ghi bị khóa)","2026-09-19 11:31:53"
478,"H31.05.02.H31.09.2017.2197","31 bản (ERROR_SKIPPED)","Tham gia ý kiến cho dự án điều chỉnh của Công ty TNHH Phương Thùy Hưng Yên để thực hiện dự án nhà máy sản xuất hàng may mặc xuất khẩu và cho thuê nhà xưởng, kho bãi tại phường An Tảo và Lam Sơn, TP Hưng Yên năm 2017","Bỏ qua (Lỗi máy chủ) - Đã thử gửi lệnh xóa nhưng máy chủ Vinasynet không cập nhật (bản ghi bị khóa)","2026-09-19 11:32:07"
479,"H31.05.02.H31.09.2017.2196","31 bản (ERROR_SKIPPED)","Tham gia ý kiến cho dự án của Công ty Cổ phần Nguyên Đình Hưng Yên để thực hiện dự án Khu vui chơi giải trí và nuôi trồng thủy sản năm 2017, thành phố Hưng Yên","Bỏ qua (Lỗi máy chủ) - Đã thử gửi lệnh xóa nhưng máy chủ Vinasynet không cập nhật (bản ghi bị khóa)","2026-09-19 11:32:22"
480,"H31.05.02.H31.09.2017.2195","31 bản (ERROR_SKIPPED)","Về việc cho ý kiến thẩm định dự án của các doanh nghiệp trên địa bàn phường Lam Sơn TP. Hưng Yên năm 2018.","Bỏ qua (Lỗi máy chủ) - Đã thử gửi lệnh xóa nhưng máy chủ Vinasynet không cập nhật (bản ghi bị khóa)","2026-09-19 11:32:36"
481,"H31.05.02.H31.09.2017.2194","31 bản (ERROR_SKIPPED)","Về việc cho ý kiến thẩm định dự án của các doanh nghiệp trên địa bàn phường Hồng Châu, TP. Hưng Yên năm 2017.","Bỏ qua (Lỗi máy chủ) - Đã thử gửi lệnh xóa nhưng máy chủ Vinasynet không cập nhật (bản ghi bị khóa)","2026-09-19 11:32:50"
482,"H31.05.02.H31.09.2017.2193","31 bản (ERROR_SKIPPED)","Về việc cho ý kiến thẩm định dự án của các doanh nghiệp trên địa bàn phường Hiến Nam, TP. Hưng Yên năm 2017.","Bỏ qua (Lỗi máy chủ) - Đã thử gửi lệnh xóa nhưng máy chủ Vinasynet không cập nhật (bản ghi bị khóa)","2026-09-19 11:33:04"
483,"H31.05.02.H31.09.2017.2192","31 bản (ERROR_SKIPPED)","Về việc cho ý kiến thẩm định dự án của các doan nghiệp trên địa bàn phường An Tảo, thành phố Hưng Yên","Bỏ qua (Lỗi máy chủ) - Đã thử gửi lệnh xóa nhưng máy chủ Vinasynet không cập nhật (bản ghi bị khóa)","2026-09-19 11:33:18"
484,"H31.05.02.H31.09.2017.2191","31 bản (ERROR_SKIPPED)","Về việc cho ý kiến thẩm định dự án của các doanh nghiệp trên địa bàn thành phố Hưng Yên năm 2017","Bỏ qua (Lỗi máy chủ) - Đã thử gửi lệnh xóa nhưng máy chủ Vinasynet không cập nhật (bản ghi bị khóa)","2026-09-19 11:33:32"
485,"H31.05.02.H31.09.2017.2190","31 bản (ERROR_SKIPPED)","Về việc cho ý kiến thẩm định dự án của các doanh nghiệp trên địa bàn huyện Ân Thi năm 2017","Bỏ qua (Lỗi máy chủ) - Đã thử gửi lệnh xóa nhưng máy chủ Vinasynet không cập nhật (bản ghi bị khóa)","2026-09-19 11:33:46"
486,"H31.05.02.H31.09.2010.1707","31 bản (ERROR_SKIPPED)","Cấp phép xây dựng cho Công ty CP hợp tác lao động nước ngoài - LOD tại xã Trung Hòa, huyện Yên Mỹ để thực hiện công trình trường CĐ nghề kỹ thuật - công nghệ LOD, Hạng mục: Nhà thực hành thí nghiệm 3,4","Bỏ qua (Lỗi máy chủ) - Đã thử gửi lệnh xóa nhưng máy chủ Vinasynet không cập nhật (bản ghi bị khóa)","2026-09-19 11:34:01"
487,"H31.05.02.H31.09.2010.1706","31 bản (ERROR_SKIPPED)","Cấp phép xây dựng cho Công ty CP hợp tác lao động nước ngoài - LOD tại xã Trung Hòa, huyện Yên Mỹ để thực hiện công trình Trường CĐ nghề kỹ thuật - công nghệ LOD, Hạng mục: Nhà hiệu bộ - giảng đường 1,2","Bỏ qua (Lỗi máy chủ) - Đã thử gửi lệnh xóa nhưng máy chủ Vinasynet không cập nhật (bản ghi bị khóa)","2026-09-19 11:34:15"
488,"H31.05.02.H31.09.2019.2606","31 bản (ERROR_SKIPPED)","Góp ý kiến vào đồ án điều chỉnh quy hoạch chung xây dựng huyện Văn Giang đến năm 2035","Bỏ qua (Lỗi máy chủ) - Đã thử gửi lệnh xóa nhưng máy chủ Vinasynet không cập nhật (bản ghi bị khóa)","2026-09-19 11:34:29"
489,"H31.05.02.H31.09.2019.2506","31 bản (ERROR_SKIPPED)","Về việc cho ý kiến thẩm định dự án các doanh nghiệp trên địa bàn thành phố Hưng Yên (tập 2)","Bỏ qua (Lỗi máy chủ) - Đã thử gửi lệnh xóa nhưng máy chủ Vinasynet không cập nhật (bản ghi bị khóa)","2026-09-19 11:34:43"
490,"H31.05.02.H31.09.2019.2505","31 bản (ERROR_SKIPPED)","Về việc cho ý kiến thẩm định dự án của các doanh nghiệp trên địa bàn thành phố Hưng Yên (tập 1)","Bỏ qua (Lỗi máy chủ) - Đã thử gửi lệnh xóa nhưng máy chủ Vinasynet không cập nhật (bản ghi bị khóa)","2026-09-19 11:34:57"
491,"H31.05.02.H31.09.2019.2504","31 bản (ERROR_SKIPPED)","Tham gia ý kiến thẩm định đối với hồ sơ đề nghị thành lập cụm công nghiệp Quảng Lãng, huyện Ân Thi","Bỏ qua (Lỗi máy chủ) - Đã thử gửi lệnh xóa nhưng máy chủ Vinasynet không cập nhật (bản ghi bị khóa)","2026-09-19 11:35:11"
492,"H31.05.02.H31.09.2019.2503","31 bản (ERROR_SKIPPED)","Về việc cho ý kiến thẩm định dự án của các doanh nghiệp trên địa bàn huyện Ân Thi (tập 2)","Bỏ qua (Lỗi máy chủ) - Đã thử gửi lệnh xóa nhưng máy chủ Vinasynet không cập nhật (bản ghi bị khóa)","2026-09-19 11:35:25"
493,"H31.05.02.H31.09.2018.2450","31 bản (ERROR_SKIPPED)","Về việc cho ý kiến thẩm định dự án của các doanh nghiệp trên địa bàn xã Yên Phú và xã Yên Hòa, huyện Yên Mỹ năm 2018","Bỏ qua (Lỗi máy chủ) - Đã thử gửi lệnh xóa nhưng máy chủ Vinasynet không cập nhật (bản ghi bị khóa)","2026-09-19 11:35:39"
494,"H31.05.02.H31.09.2018.2449","31 bản (ERROR_SKIPPED)","Về việc cho ý kiến thẩm định dự án của các doanh nghiệp trên địa bàn xã Trung Hòa và thị trấn Yên Mỹ, huyện Yên Mỹ năm 2018","Bỏ qua (Lỗi máy chủ) - Đã thử gửi lệnh xóa nhưng máy chủ Vinasynet không cập nhật (bản ghi bị khóa)","2026-09-19 11:35:54"
495,"H31.05.02.H31.09.2018.2448","31 bản (ERROR_SKIPPED)","Về việc cho ý kiến thẩm định dự án của các doanh nghiệp trên địa bàn xã Tân Lập và thị trấn Yên Mỹ, huyện Yên Mỹ năm 2018","Bỏ qua (Lỗi máy chủ) - Đã thử gửi lệnh xóa nhưng máy chủ Vinasynet không cập nhật (bản ghi bị khóa)","2026-09-19 11:36:08"
496,"H31.05.02.H31.09.2018.2447","31 bản (ERROR_SKIPPED)","Về việc cho ý kiến thẩm định dự án của các doanh nghiệp trên địa bàn xã Yên Phú, huyện Yên Mỹ năm 2018","Bỏ qua (Lỗi máy chủ) - Đã thử gửi lệnh xóa nhưng máy chủ Vinasynet không cập nhật (bản ghi bị khóa)","2026-09-19 11:36:22"
497,"H31.05.02.H31.09.2018.2446","31 bản (ERROR_SKIPPED)","Về việc cho ý kiến thẩm định dự án của các doanh nghiệp trên địa bàn xã Yên Hòa, huyện Yên Mỹ năm 2018","Bỏ qua (Lỗi máy chủ) - Đã thử gửi lệnh xóa nhưng máy chủ Vinasynet không cập nhật (bản ghi bị khóa)","2026-09-19 11:36:36"
498,"H31.05.02.H31.09.2018.2430","31 bản (ERROR_SKIPPED)","Về việc cho ý kiến thẩm định dự án của các doanh nghiệp trên địa bàn xã Tân Quang, huyện Văn Lâm năm 2018","Bỏ qua (Lỗi máy chủ) - Đã thử gửi lệnh xóa nhưng máy chủ Vinasynet không cập nhật (bản ghi bị khóa)","2026-09-19 11:36:51"
499,"H31.05.02.H31.09.2018.2424","31 bản (ERROR_SKIPPED)","Về việc cho ý kiến thẩm định dự án của các doanh nghiệp trên địa bàn huyện Văn Lâm, tỉnh Hưng Yên năm 2018","Bỏ qua (Lỗi máy chủ) - Đã thử gửi lệnh xóa nhưng máy chủ Vinasynet không cập nhật (bản ghi bị khóa)","2026-09-19 11:37:05"
500,"H31.05.02.H31.09.2018.2423","31 bản (ERROR_SKIPPED)","Về việc cho ý kiến thẩm định dự án đầu tư khu đô thị sinh thái dream city Văn Giang năm 2018","Bỏ qua (Lỗi máy chủ) - Đã thử gửi lệnh xóa nhưng máy chủ Vinasynet không cập nhật (bản ghi bị khóa)","2026-09-19 11:37:19"
501,"H31.05.02.H31.09.2018.2422","30 bản (ERROR_SKIPPED)","Về việc cho ý kiến thẩm định dự án của các doanh nghiệp trên địa bàn xã Xuân Quan, huyện Văn Giang năm 2018","Bỏ qua (Lỗi máy chủ) - Đã thử gửi lệnh xóa nhưng máy chủ Vinasynet không cập nhật (bản ghi bị khóa)","2026-09-19 11:37:33"
502,"H31.05.02.H31.09.2018.2421","30 bản (ERROR_SKIPPED)","Về việc cho ý kiến thẩm định dự án của các doanh nghiệp trên địa bàn xã Vĩnh Khúc, huyện Văn Giang năm 2018","Bỏ qua (Lỗi máy chủ) - Đã thử gửi lệnh xóa nhưng máy chủ Vinasynet không cập nhật (bản ghi bị khóa)","2026-09-19 11:37:47"
503,"H31.05.02.H31.09.2018.2400","30 bản (ERROR_SKIPPED)","Về việc cho ý kiến thẩm định dự án của các doanh nghiệp trên địa bàn xã Toàn Thắng, huyện Kim Động năm 2018","Bỏ qua (Lỗi máy chủ) - Đã thử gửi lệnh xóa nhưng máy chủ Vinasynet không cập nhật (bản ghi bị khóa)","2026-09-19 11:38:01"
504,"H31.05.02.H31.09.2018.2399","30 bản (ERROR_SKIPPED)","Về việc cho ý kiến thẩm định dự án của các doanh nghiệp trên địa bàn xã Chính Nghĩa, huyện Kim Động năm 2018","Bỏ qua (Lỗi máy chủ) - Đã thử gửi lệnh xóa nhưng máy chủ Vinasynet không cập nhật (bản ghi bị khóa)","2026-09-19 11:38:15"
505,"H31.05.02.H31.09.2018.2398","30 bản (ERROR_SKIPPED)","Tham gia ý kiến thẩm định cho dự án nhà máy nến quốc tế Thắng Lợi của Nhà đầu tư nước ngoài tại thị trấn Lương Bằng, Kim Động năm 2018.","Bỏ qua (Lỗi máy chủ) - Đã thử gửi lệnh xóa nhưng máy chủ Vinasynet không cập nhật (bản ghi bị khóa)","2026-09-19 11:38:29"
506,"H31.05.02.H31.09.2018.2397","30 bản (ERROR_SKIPPED)","Về việc cho ý kiến thẩm định dự án của các doanh nghiệp trên địa bàn huyện Kim Động, tỉnh Hưng Yên năm 2018","Bỏ qua (Lỗi máy chủ) - Đã thử gửi lệnh xóa nhưng máy chủ Vinasynet không cập nhật (bản ghi bị khóa)","2026-09-19 11:38:43"
507,"H31.05.02.H31.09.2018.2391","30 bản (ERROR_SKIPPED)","Về việc cho ý kiến thẩm định dự án của các doanh nghiệp trên địa bàn xã An Vĩ, huyện Khoái Châu, tỉnh Hưng Yên năm 2018","Bỏ qua (Lỗi máy chủ) - Đã thử gửi lệnh xóa nhưng máy chủ Vinasynet không cập nhật (bản ghi bị khóa)","2026-09-19 11:38:57"
508,"H31.05.02.H31.09.2018.2390","30 bản (ERROR_SKIPPED)","Về việc cho ý kiến thẩm định dự án của các doanh nghiệp trên địa bàn huyện Khoái Châu tỉnh Hưng Yên","Bỏ qua (Lỗi máy chủ) - Đã thử gửi lệnh xóa nhưng máy chủ Vinasynet không cập nhật (bản ghi bị khóa)","2026-09-19 11:39:11"
509,"H31.05.02.H31.09.2018.2385","30 bản (ERROR_SKIPPED)","Về việc cho ý kiến thẩm định dự án của các doanh nghiệp trên địa bàn thành phố Hưng Yên năm 2018","Bỏ qua (Lỗi máy chủ) - Đã thử gửi lệnh xóa nhưng máy chủ Vinasynet không cập nhật (bản ghi bị khóa)","2026-09-19 11:39:26"
510,"H31.05.02.H31.09.2018.2384","30 bản (ERROR_SKIPPED)","Hồ sơ về việc cho ý kiến thẩm định dự án của các doanh nghiệp trên địa bàn thành phố Hưng Yên năm 2018 (tập 1)","Bỏ qua (Lỗi máy chủ) - Đã thử gửi lệnh xóa nhưng máy chủ Vinasynet không cập nhật (bản ghi bị khóa)","2026-09-19 11:39:40"
511,"H31.05.02.H31.09.2018.2374","30 bản (ERROR_SKIPPED)","Hồ sơ phương án kiến trúc dự án Ecopark Grand - The Island, mẫu biệt thự 4A - 04, huyện Văn Giang, tỉnh Hưng Yên năm 2018","Bỏ qua (Lỗi máy chủ) - Đã thử gửi lệnh xóa nhưng máy chủ Vinasynet không cập nhật (bản ghi bị khóa)","2026-09-19 11:39:54"
512,"H31.05.02.H31.09.2018.2373","30 bản (ERROR_SKIPPED)","Hồ sơ về phương án thiết kế kiến trúc các mẫu nhà thuộc Lô đất TT-26, Khu biệt thự đảo (gđ 2) - Khu đô thị thương mại và du lịch Văn Giang (Ecopark) tại xã Xuân Quan, huyện Văn Giang năm 2018","Bỏ qua (Lỗi máy chủ) - Đã thử gửi lệnh xóa nhưng máy chủ Vinasynet không cập nhật (bản ghi bị khóa)","2026-09-19 11:40:08"
513,"H31.05.02.H31.09.2018.2372","30 bản (ERROR_SKIPPED)","Về phương án thiết kế kiến trúc công trình Nhà câu lạc bộ Khu biệt thự và nhà phố vườn Vạn Tuế (Sago Palm Garden) tại xã Phụng Công, huyện Văn Giang năm 2018","Bỏ qua (Lỗi máy chủ) - Đã thử gửi lệnh xóa nhưng máy chủ Vinasynet không cập nhật (bản ghi bị khóa)","2026-09-19 11:40:23"
514,"H31.05.02.H31.09.2018.2371","30 bản (ERROR_SKIPPED)","Về phương án thiết kế kiến trúc các mẫu nhà tại các lô TT23, TT24, TT27, TT28A, TT28B, TT29A,TT29B, TT30A, TT30B, thuộc dự án Khu biệt thự đảo, Khu đô thị thương mại và du lịch Văn Giang","Bỏ qua (Lỗi máy chủ) - Đã thử gửi lệnh xóa nhưng máy chủ Vinasynet không cập nhật (bản ghi bị khóa)","2026-09-19 11:40:37"
515,"H31.05.02.H31.09.2018.2370","30 bản (ERROR_SKIPPED)","Về phương án thiết kế kiến trúc mẫu nhà lô phố 100+ 101, khu nhà phố 1A-03, thuộc phân kì 1 - khu đô thị thương mại và du lịch Văn Giang (Ecopark) năm 2018.","Bỏ qua (Lỗi máy chủ) - Đã thử gửi lệnh xóa nhưng máy chủ Vinasynet không cập nhật (bản ghi bị khóa)","2026-09-19 11:40:51"
516,"H31.05.02.H31.09.2017.2273","30 bản (ERROR_SKIPPED)","Về việc cho ý kiến thẩm định dự án của các doanh nghiệp trên địa bàn xã Yên Phú, huyện Yên Mỹ năm 2017 (tập 2)","Bỏ qua (Lỗi máy chủ) - Đã thử gửi lệnh xóa nhưng máy chủ Vinasynet không cập nhật (bản ghi bị khóa)","2026-09-19 11:41:05"
517,"H31.05.02.H31.09.2017.2272","30 bản (ERROR_SKIPPED)","Về việc cho ý kiến thẩm định dự án của các doanh nghiệp trên địa bàn xã Yên Phú, huyện Yên Mỹ (tập 1)","Bỏ qua (Lỗi máy chủ) - Đã thử gửi lệnh xóa nhưng máy chủ Vinasynet không cập nhật (bản ghi bị khóa)","2026-09-19 11:41:19"
518,"H31.05.02.H31.09.2017.2270","30 bản (ERROR_SKIPPED)","Về việc cho ý kiến thẩm định dự án của các doanh nghiệp trên địa bàn xã Yên Hoà, huyện Yên Mỹ năm 2017","Bỏ qua (Lỗi máy chủ) - Đã thử gửi lệnh xóa nhưng máy chủ Vinasynet không cập nhật (bản ghi bị khóa)","2026-09-19 11:41:33"
519,"H31.05.02.H31.09.2017.2269","30 bản (ERROR_SKIPPED)","Về việc cho ý kiến thẩm định dự án của các doanh nghiệp trên địa bàn xã Việt Cường, huyện Yên Mỹ năm 2017","Bỏ qua (Lỗi máy chủ) - Đã thử gửi lệnh xóa nhưng máy chủ Vinasynet không cập nhật (bản ghi bị khóa)","2026-09-19 11:41:48"
520,"H31.05.02.H31.09.2016.2271","30 bản (ERROR_SKIPPED)","Về việc cho ý kiến thẩm định dự án của các doanh nghiệp trên địa bàn xã Yên Phú, huyện Yên Mỹ năm 2016","Bỏ qua (Lỗi máy chủ) - Đã thử gửi lệnh xóa nhưng máy chủ Vinasynet không cập nhật (bản ghi bị khóa)","2026-09-19 11:42:02"
521,"H31.05.02.H31.09.2017.2268","30 bản (ERROR_SKIPPED)","Về việc cho ý kiến thẩm định dự án của các doanh nghiệp trên địa bàn xã Trung Hưng, huyện Yên Mỹ năm 2017","Bỏ qua (Lỗi máy chủ) - Đã thử gửi lệnh xóa nhưng máy chủ Vinasynet không cập nhật (bản ghi bị khóa)","2026-09-19 11:42:16"
522,"H31.05.02.H31.09.2017.2267","30 bản (ERROR_SKIPPED)","Về việc cho ý kiến thẩm định dự án của các doanh nghiệp trên địa bàn xã Trung Hòa, huyện Yên Mỹ năm 2017","Bỏ qua (Lỗi máy chủ) - Đã thử gửi lệnh xóa nhưng máy chủ Vinasynet không cập nhật (bản ghi bị khóa)","2026-09-19 11:42:30"
523,"H31.05.02.H31.09.2017.2266","30 bản (ERROR_SKIPPED)","Về việc cho ý kiến thẩm định dự án của các doanh nghiệp trên địa bàn xã Thanh Long, huyện Yên Mỹ năm 2017","Bỏ qua (Lỗi máy chủ) - Đã thử gửi lệnh xóa nhưng máy chủ Vinasynet không cập nhật (bản ghi bị khóa)","2026-09-19 11:42:45"
524,"H31.05.02.H31.09.2017.2265","30 bản (ERROR_SKIPPED)","Về việc cho ý kiến thẩm định của các doanh nghiệp trên địa bàn xã Tân Việt, huyện Yên Mỹ năm 2017","Bỏ qua (Lỗi máy chủ) - Đã thử gửi lệnh xóa nhưng máy chủ Vinasynet không cập nhật (bản ghi bị khóa)","2026-09-19 11:42:59"
525,"H31.05.02.H31.09.2017.2264","30 bản (ERROR_SKIPPED)","Về việc cho ý kiến thẩm định dự án của các doanh nghiệp trên địa bàn xã Tân Lập, huyện Yên Mỹ năm 2017","Bỏ qua (Lỗi máy chủ) - Đã thử gửi lệnh xóa nhưng máy chủ Vinasynet không cập nhật (bản ghi bị khóa)","2026-09-19 11:43:13"
526,"H31.05.02.H31.09.2017.2263","30 bản (ERROR_SKIPPED)","Về việc cho ý kiến thẩm định dự án của các doanh nghiệp trên địa bàn xã Ngọc Long, huyện Yên Mỹ năm 2017","Bỏ qua (Lỗi máy chủ) - Đã thử gửi lệnh xóa nhưng máy chủ Vinasynet không cập nhật (bản ghi bị khóa)","2026-09-19 11:43:27"
527,"H31.05.02.H31.09.2017.2261","30 bản (ERROR_SKIPPED)","Về việc cho ý kiến thẩm định dự án của các doanh nghiệp trên địa bàn xã Minh Châu huyện Yên Mỹ năm 2017","Bỏ qua (Lỗi máy chủ) - Đã thử gửi lệnh xóa nhưng máy chủ Vinasynet không cập nhật (bản ghi bị khóa)","2026-09-19 11:43:41"
528,"H31.05.02.H31.09.2017.2260","30 bản (ERROR_SKIPPED)","Về việc cho ý kiến thẩm định dự án của các doanh nghiệp trên địa bàn xã Lý Thường, huyện Yên Mỹ năm 2017","Bỏ qua (Lỗi máy chủ) - Đã thử gửi lệnh xóa nhưng máy chủ Vinasynet không cập nhật (bản ghi bị khóa)","2026-09-19 11:43:55"
529,"H31.05.02.H31.09.2017.2259","30 bản (ERROR_SKIPPED)","Về việc cho ý kiến thẩm định dự án của các doanh nghiệp trên địa bàn xã Liêu Xá, huyện Yên Mỹ năm 2017","Bỏ qua (Lỗi máy chủ) - Đã thử gửi lệnh xóa nhưng máy chủ Vinasynet không cập nhật (bản ghi bị khóa)","2026-09-19 11:44:09"
530,"H31.05.02.H31.09.2017.2248","30 bản (ERROR_SKIPPED)","Về việc cho ý kiến thẩm định dự án của các doanh nghiệp trên địa bàn xã Minh Hải, huyện Văn Lâm năm 2017 (tập 2)","Bỏ qua (Lỗi máy chủ) - Đã thử gửi lệnh xóa nhưng máy chủ Vinasynet không cập nhật (bản ghi bị khóa)","2026-09-19 11:44:23"
531,"H31.05.02.H31.09.2017.2247","30 bản (ERROR_SKIPPED)","Về việc cho ý kiến thẩm định dự án của các doanh nghiệp trên địa bàn xã Minh Hải, huyện Văn Lâm năm 2017 (tập 1)","Bỏ qua (Lỗi máy chủ) - Đã thử gửi lệnh xóa nhưng máy chủ Vinasynet không cập nhật (bản ghi bị khóa)","2026-09-19 11:44:37"
532,"H31.05.02.H31.09.2017.2243","30 bản (ERROR_SKIPPED)","Về việc cho ý kiến thẩm định dự án của các doanh nghiệp trên địa bàn xã Đình Dù, huyện Văn Lâm năm 2017","Bỏ qua (Lỗi máy chủ) - Đã thử gửi lệnh xóa nhưng máy chủ Vinasynet không cập nhật (bản ghi bị khóa)","2026-09-19 11:44:52"
533,"H31.05.02.H31.09.2017.2242","30 bản (ERROR_SKIPPED)","Về việc cho ý kiến thẩm định dự án của các doanh nghiệp trên địa bàn xã Đại Đồng, huyện Văn Lâm năm 2017 (Tập 4)","Bỏ qua (Lỗi máy chủ) - Đã thử gửi lệnh xóa nhưng máy chủ Vinasynet không cập nhật (bản ghi bị khóa)","2026-09-19 11:45:06"
534,"H31.05.02.H31.09.2017.2241","30 bản (ERROR_SKIPPED)","Về việc cho ý kiến thẩm định dự án của các doanh nghiệp trên địa bàn xã Đại Đồng, huyện Văn Lâm năm 2017 (tập 3)","Bỏ qua (Lỗi máy chủ) - Đã thử gửi lệnh xóa nhưng máy chủ Vinasynet không cập nhật (bản ghi bị khóa)","2026-09-19 11:45:20"
535,"H31.05.02.H31.09.2017.2240","30 bản (ERROR_SKIPPED)","Về việc cho ý kiến thầm định dự án của các doanh nghiệp trên địa bàn xã Đại Đồng, huyện Văn Lâm năm 2017 (tập 2)","Bỏ qua (Lỗi máy chủ) - Đã thử gửi lệnh xóa nhưng máy chủ Vinasynet không cập nhật (bản ghi bị khóa)","2026-09-19 11:45:34"
536,"H31.05.02.H31.09.2017.2237","30 bản (ERROR_SKIPPED)","Về việc cho ý kiến thẩm định dự án của các doanh nghiệp trên địa bàn xã Chỉ Đạo, huyện Văn Lâm năm 2017 (tập 2)","Bỏ qua (Lỗi máy chủ) - Đã thử gửi lệnh xóa nhưng máy chủ Vinasynet không cập nhật (bản ghi bị khóa)","2026-09-19 11:45:48"
537,"H31.05.02.H31.09.2017.2236","30 bản (ERROR_SKIPPED)","Về việc cho ý kiến thẩm định dự án của các doanh nghiệp trên địa bàn xã Chỉ Đạo, huyện Văn Lâm năm 2017 (Tập 1)","Bỏ qua (Lỗi máy chủ) - Đã thử gửi lệnh xóa nhưng máy chủ Vinasynet không cập nhật (bản ghi bị khóa)","2026-09-19 11:46:02"
538,"H31.05.02.H31.09.2017.2235","30 bản (ERROR_SKIPPED)","Về việc cho ý kiến thẩm định dự án của các doanh nghiệp trên địa bàn thị trấn Như Quỳnh, huyện Văn Lâm năm 2017 (Tập 2)","Bỏ qua (Lỗi máy chủ) - Đã thử gửi lệnh xóa nhưng máy chủ Vinasynet không cập nhật (bản ghi bị khóa)","2026-09-19 11:46:16"
539,"H31.05.02.H31.09.2017.2234","30 bản (ERROR_SKIPPED)","Về việc cho ý kiến thẩm định dự án của các doanh nghiệp trên địa bàn thị trấn Như Quỳnh, huyện Văn Lâm (tập 1)","Bỏ qua (Lỗi máy chủ) - Đã thử gửi lệnh xóa nhưng máy chủ Vinasynet không cập nhật (bản ghi bị khóa)","2026-09-19 11:46:30"
540,"H31.05.02.H31.09.2017.2231","30 bản (ERROR_SKIPPED)","Về việc cho ý kiến thẩm định dự án của các doanh nghiệp trên địa bàn xã Thắng Lợi. huyện Văn Giang năm 2017","Bỏ qua (Lỗi máy chủ) - Đã thử gửi lệnh xóa nhưng máy chủ Vinasynet không cập nhật (bản ghi bị khóa)","2026-09-19 11:46:44"
541,"H31.05.02.H31.09.2017.2230","30 bản (ERROR_SKIPPED)","Về việc cho ý kiến thẩm định dự án của các doanh nghiệp trên địa bàn xã Tân Tiến năm 2017 (Tập 2)","Bỏ qua (Lỗi máy chủ) - Đã thử gửi lệnh xóa nhưng máy chủ Vinasynet không cập nhật (bản ghi bị khóa)","2026-09-19 11:46:59"
542,"H31.05.02.H31.09.2017.2227","30 bản (ERROR_SKIPPED)","Về việc cho ý kiến thẩm định dự án của các doanh nghiệp trên địa bàn thị trấn Văn Giang, huyện Văn Giang năm 2017","Bỏ qua (Lỗi máy chủ) - Đã thử gửi lệnh xóa nhưng máy chủ Vinasynet không cập nhật (bản ghi bị khóa)","2026-09-19 11:47:13"
543,"H31.05.02.H31.09.2017.2226","30 bản (ERROR_SKIPPED)","Về việc cho ý kiến thẩm định dự án các doanh nghiệp trên địa bàn huyện Văn Giang năm 2017","Bỏ qua (Lỗi máy chủ) - Đã thử gửi lệnh xóa nhưng máy chủ Vinasynet không cập nhật (bản ghi bị khóa)","2026-09-19 11:47:27"
544,"H31.05.02.H31.09.2017.2224","30 bản (ERROR_SKIPPED)","Về việc cho ý kiến thẩm định dự án của các doanh nghiệp trên địa bàn huyện Tiên Lữ năm 2017 (tập 1)","Bỏ qua (Lỗi máy chủ) - Đã thử gửi lệnh xóa nhưng máy chủ Vinasynet không cập nhật (bản ghi bị khóa)","2026-09-19 11:47:41"
545,"H31.05.02.H31.09.2017.2215","30 bản (ERROR_SKIPPED)","Về việc cho ý kiến thẩm định dự án của các doanh nghiệp trên địa bàn xã Toàn Thắng huyện Kim Động năm 2017","Bỏ qua (Lỗi máy chủ) - Đã thử gửi lệnh xóa nhưng máy chủ Vinasynet không cập nhật (bản ghi bị khóa)","2026-09-19 11:47:56"
546,"H31.05.02.H31.09.2017.2214","30 bản (ERROR_SKIPPED)","Về việc cho ý kiến thẩm định dự án của các doanh nghiệp trên địa bàn xã Thọ Vinh, huyện Kim Động năm 2017","Bỏ qua (Lỗi máy chủ) - Đã thử gửi lệnh xóa nhưng máy chủ Vinasynet không cập nhật (bản ghi bị khóa)","2026-09-19 11:48:10"
547,"H31.05.02.H31.09.2017.2213","30 bản (ERROR_SKIPPED)","Về việc cho ý kiến thẩm định dự án của các doanh nghiệp trên địa bàn xã Song Mai, huyện Kim Động năm 2017","Bỏ qua (Lỗi máy chủ) - Đã thử gửi lệnh xóa nhưng máy chủ Vinasynet không cập nhật (bản ghi bị khóa)","2026-09-19 11:48:24"
548,"H31.05.02.H31.09.2017.2212","30 bản (ERROR_SKIPPED)","Về việc cho ý kiến thẩm định dự án của các doanh nghiệp trên địa bàn xã Nhân La, huyện Kim Động năm 2017","Bỏ qua (Lỗi máy chủ) - Đã thử gửi lệnh xóa nhưng máy chủ Vinasynet không cập nhật (bản ghi bị khóa)","2026-09-19 11:48:38"
549,"H31.05.02.H31.09.2017.2211","30 bản (ERROR_SKIPPED)","Về việc cho ý kiến thẩm định dự án của các doanh nghiệp trên địa bàn xã Nghĩa Dân, huyện Kim Động năm 2017","Bỏ qua (Lỗi máy chủ) - Đã thử gửi lệnh xóa nhưng máy chủ Vinasynet không cập nhật (bản ghi bị khóa)","2026-09-19 11:48:52"
550,"H31.05.02.H31.09.2017.2210","30 bản (ERROR_SKIPPED)","Về việc cho ý kiến thẩm định dự án của các doanh nghiệp trên địa bàn xã Đức Hợp, huyện Kim Động năm 2017","Bỏ qua (Lỗi máy chủ) - Đã thử gửi lệnh xóa nhưng máy chủ Vinasynet không cập nhật (bản ghi bị khóa)","2026-09-19 11:49:07"
551,"H31.05.02.H31.09.2017.2209","30 bản (ERROR_SKIPPED)","Về việc cho ý kiến thẩm định dự án của các doanh nghiệp trên địa bàn xã Chính Nghĩa, huyện Kim Động năm 2017","Bỏ qua (Lỗi máy chủ) - Đã thử gửi lệnh xóa nhưng máy chủ Vinasynet không cập nhật (bản ghi bị khóa)","2026-09-19 11:49:21"
552,"H31.05.02.H31.09.2017.2189","30 bản (ERROR_SKIPPED)","Phương án kiến trúc các hạng mục dự án Trường THCS xã Tân Việt, huyện Yên Mỹ","Bỏ qua (Lỗi máy chủ) - Đã thử gửi lệnh xóa nhưng máy chủ Vinasynet không cập nhật (bản ghi bị khóa)","2026-09-19 11:49:57"
553,"H31.05.02.H31.09.2017.2188","30 bản (ERROR_SKIPPED)","Phương án kiến trúc công trình: Nhà hội trường xã lân Lập, huyện Yên Mỹ","Bỏ qua (Lỗi máy chủ) - Đã thử gửi lệnh xóa nhưng máy chủ Vinasynet không cập nhật (bản ghi bị khóa)","2026-09-19 11:50:35"
554,"H31.05.02.H31.09.2017.2187","30 bản (ERROR_SKIPPED)","Thiết kế sơ bộ công trình: Tổ hợp chung cư thu nhập thấp khu nhà ở, dịch vụ khu công nghiệp Phố Nối tại xã Nghĩa Hiệp, huyện Yên Mỹ","Bỏ qua (Lỗi máy chủ) - Đã thử gửi lệnh xóa nhưng máy chủ Vinasynet không cập nhật (bản ghi bị khóa)","2026-09-19 11:51:13"
555,"H31.05.02.H31.09.2017.2186","30 bản (ERROR_SKIPPED)","Phương án kiến trúc công trình Nhà hàng ẩm thực và tổ chức sự kiện Minh Hoàng tại thị trấn Yên Mỹ, huyện Yên Mỹ, tỉnh Hưng Yên","Bỏ qua (Lỗi máy chủ) - Đã thử gửi lệnh xóa nhưng máy chủ Vinasynet không cập nhật (bản ghi bị khóa)","2026-09-19 11:51:51"
556,"H31.05.02.H31.09.2017.2185","30 bản (ERROR_SKIPPED)","Phương án thiết kế kiến trúc các mẫu nhà ở liền kề thuộc dự án chợ và hạ tầng kỹ thuật khu nhà ở thương mại Như Quỳnh tại thị trấn Như Quỳnh, huyện Văn Lâm","Bỏ qua (Lỗi máy chủ) - Đã thử gửi lệnh xóa nhưng máy chủ Vinasynet không cập nhật (bản ghi bị khóa)","2026-09-19 11:52:29"
557,"H31.05.02.H31.09.2017.2139","50 bản (ERROR_SKIPPED)","Về việc chấp thuận mặt bằng quy hoạch tổng thể dự án đầu tư xây dựng trường THCS xã Tân Việt, huyện Yên Mỹ","Bỏ qua (Lỗi máy chủ) - Đã thử gửi lệnh xóa nhưng máy chủ Vinasynet không cập nhật (bản ghi bị khóa)","2026-09-19 11:53:07"
558,"H31.05.02.H31.09.2017.2138","30 bản (ERROR_SKIPPED)","Về việc chấp thuận Mặt bằng quy hoạch tổng thể dự án Trụ sở làm việc Đảng uỷ - HĐND - UBND xã Tân Lập, huyện Yên Mỹ","Bỏ qua (Lỗi máy chủ) - Đã thử gửi lệnh xóa nhưng máy chủ Vinasynet không cập nhật (bản ghi bị khóa)","2026-09-19 11:53:45"
559,"H31.05.02.H31.09.2017.2136","30 bản (ERROR_SKIPPED)","Về việc chấp thuận mặt bằng quy hoạch tổng thể điều chỉnh dự án Khu nhà ở và trung tâm thương mại Phố Nối tại xã Nghĩa Hiệp, huyện Yên Mỹ","Bỏ qua (Lỗi máy chủ) - Đã thử gửi lệnh xóa nhưng máy chủ Vinasynet không cập nhật (bản ghi bị khóa)","2026-09-19 11:54:23"
560,"H31.05.02.H31.09.2017.2135","30 bản (ERROR_SKIPPED)","Về việc chấp thuận Mặt bằng quy hoạch tổng thể công trình Nhà tưởng niệm Trung tướng Nguyễn Bình tại xã Giai Phạm, huyện Yên Mỹ","Bỏ qua (Lỗi máy chủ) - Đã thử gửi lệnh xóa nhưng máy chủ Vinasynet không cập nhật (bản ghi bị khóa)","2026-09-19 11:55:01"
561,"H31.05.02.H31.09.2017.2134","30 bản (ERROR_SKIPPED)","Về việc chấp thuận mặt bằng quy hoạch tổng thể điều chỉnh dự án: Nhà máy cấp nước Yên Mỹ tại thị trấn Yên Mỹ, huyện Yên Mỹ","Bỏ qua (Lỗi máy chủ) - Đã thử gửi lệnh xóa nhưng máy chủ Vinasynet không cập nhật (bản ghi bị khóa)","2026-09-19 11:55:39"
562,"H31.05.02.H31.09.2017.2133","30 bản (ERROR_SKIPPED)","Về việc chấp thuận mặt bằng quy hoạch tổng thể dự án đầu tư xây dựng: Xưởng chế biến lương thực thực phẩm tại xã Chỉ Đạo, huyện Văn Lâm","Bỏ qua (Lỗi máy chủ) - Đã thử gửi lệnh xóa nhưng máy chủ Vinasynet không cập nhật (bản ghi bị khóa)","2026-09-19 11:56:17"
563,"H31.05.02.H31.09.2017.2132","30 bản (ERROR_SKIPPED)","Về việc chấp thuận mặt bằng quy hoạch tổng thể dự án đầu tư xây dựng kho chứa hàng và kinh doanh máy móc, thiết bị sản xuất nhựa của Công ty TNHH Kim Tuyển Hưng Yên tại thị trấn Như Quỳnh, huyện Văn Lâm","Bỏ qua (Lỗi máy chủ) - Đã thử gửi lệnh xóa nhưng máy chủ Vinasynet không cập nhật (bản ghi bị khóa)","2026-09-19 11:56:55"
564,"H31.05.02.H31.09.2017.2131","30 bản (ERROR_SKIPPED)","Về việc chấp thuận mặt bằng quy hoạch tổng thể dự án Trường Trung học cơ sở thị trấn Như Quỳnh, huyện Văn Lâm","Bỏ qua (Lỗi máy chủ) - Đã thử gửi lệnh xóa nhưng máy chủ Vinasynet không cập nhật (bản ghi bị khóa)","2026-09-19 11:57:33"
565,"H31.05.02.H31.09.2017.2130","30 bản (ERROR_SKIPPED)","Về việc chấp thuận mặt bằng quy hoạch tổng thể dự án đầu tư xây dựng kho chứa hàng và kinh doanh máy móc, thiết bị sản xuất nhựa tại thị trấn Như Quỳnh, huyện Văn Lâm","Bỏ qua (Lỗi máy chủ) - Đã thử gửi lệnh xóa nhưng máy chủ Vinasynet không cập nhật (bản ghi bị khóa)","2026-09-19 11:58:11"
566,"H31.05.02.H31.09.2017.2129","30 bản (ERROR_SKIPPED)","Về việc chấp thuận điều chỉnh Mặt bằng quy hoạch tổng thể chia lô tỷ lệ 1/500 dự án thành phần khu nhà phố 1A-03, thuộc phân kỳ 1 Khu đô thị thương mại và du lịch Văn Giang (Ecopark), huyện Văn Giang","Bỏ qua (Lỗi máy chủ) - Đã thử gửi lệnh xóa nhưng máy chủ Vinasynet không cập nhật (bản ghi bị khóa)","2026-09-19 11:58:49"
567,"H31.05.02.H31.09.2017.2127","30 bản (ERROR_SKIPPED)","Về việc chấp thuận mặt bằng quy hoạch tổng thể Nhà câu lạc bộ (lô AB-C1) thuộc dự án thành phần khu nhà ở thấp tầng 2A, khu đô thị thương mại và du lịch Văn Giang.","Bỏ qua (Lỗi máy chủ) - Đã thử gửi lệnh xóa nhưng máy chủ Vinasynet không cập nhật (bản ghi bị khóa)","2026-09-19 11:59:27"
568,"H31.05.02.H31.09.2017.2126","30 bản (ERROR_SKIPPED)","Về việc chấp thuận mặt bằng quy hoạch chia lô tỷ lệ 1/500 dự án Khu biệt thự và nhà phố Vườn Vạn Tuế (Sago Balm Garden) tại xã Phụng Công, huyện Văn Giang","Bỏ qua (Lỗi máy chủ) - Đã thử gửi lệnh xóa nhưng máy chủ Vinasynet không cập nhật (bản ghi bị khóa)","2026-09-19 12:00:05"
569,"H31.05.02.H31.09.2016-2017.2128","30 bản (ERROR_SKIPPED)","Về việc chấp thuận điều chỉnh mặt bằng quy hoạch tổng thể chia lô tỷ lệ 1/500 dự án thành phần Khu nhà ở 1C (gđ 1) thuộc khu đô thị thương mại và du lịch Văn Giang","Bỏ qua (Lỗi máy chủ) - Đã thử gửi lệnh xóa nhưng máy chủ Vinasynet không cập nhật (bản ghi bị khóa)","2026-09-19 12:00:43"
570,"H31.05.02.H31.09.2014-2017.2137","30 bản (ERROR_SKIPPED)","Chấp thuận mặt bằng quy hoạch tổng thể điều chỉnh dự án khu nhà ở và Trung tâm thương mại Phố Nối tại xã Nghĩa Hiệp, huyện Yên Mỹ","Bỏ qua (Lỗi máy chủ) - Đã thử gửi lệnh xóa nhưng máy chủ Vinasynet không cập nhật (bản ghi bị khóa)","2026-09-19 12:01:21"
571,"H31.05.02.H31.09.2016.2075","30 bản (ERROR_SKIPPED)","Về việc cho ý kiến thẩm định dự án của các doanh nghiệp trên địa bàn xã Nghĩa Hiệp, huyện Yên Mỹ","Bỏ qua (Lỗi máy chủ) - Đã thử gửi lệnh xóa nhưng máy chủ Vinasynet không cập nhật (bản ghi bị khóa)","2026-09-19 12:01:59"
572,"H31.05.02.H31.09.2016.2074","30 bản (ERROR_SKIPPED)","Về việc cho ý kiến thẩm định dự án của các doanh nghiệp trên địa bàn xã Ngọc Long, huyện Yên Mỹ","Bỏ qua (Lỗi máy chủ) - Đã thử gửi lệnh xóa nhưng máy chủ Vinasynet không cập nhật (bản ghi bị khóa)","2026-09-19 12:02:37"
573,"H31.05.02.H31.09.2016.2073","30 bản (ERROR_SKIPPED)","Về việc cho ý kiến thẩm định dự án của các doanh nghiệp trên địa bàn xã Lý Thường Kiệt, huyện Yên Mỹ","Bỏ qua (Lỗi máy chủ) - Đã thử gửi lệnh xóa nhưng máy chủ Vinasynet không cập nhật (bản ghi bị khóa)","2026-09-19 12:03:15"
574,"H31.05.02.H31.09.2016.2072","30 bản (ERROR_SKIPPED)","Tham gia ý kiến thẩm định cho dự án đầu tư của Công ty cổ phần tập đoàn Austdoor để thực hiện dự án nhà máy sản xuất nhôm thanh định hình Austdoor tại xã Liêu Xá, huyện Yên Mỹ","Bỏ qua (Lỗi máy chủ) - Đã thử gửi lệnh xóa nhưng máy chủ Vinasynet không cập nhật (bản ghi bị khóa)","2026-09-19 12:03:53"
575,"H31.05.02.H31.09.2016.2071","30 bản (ERROR_SKIPPED)","Về việc cho ý kiến thẩm định dự án của các doanh nghiệp trên địa bàn xã Liêu Xá, huyện Yên Mỹ","Bỏ qua (Lỗi máy chủ) - Đã thử gửi lệnh xóa nhưng máy chủ Vinasynet không cập nhật (bản ghi bị khóa)","2026-09-19 12:07:47"
576,"H31.05.02.H31.09.2016.2070","30 bản (ERROR_SKIPPED)","Về việc cho ý kiến thẩm định dự án của các doanh nghiệp trên địa bàn xã Hoàn Long, huyện Yên Mỹ","Bỏ qua (Lỗi máy chủ) - Đã thử gửi lệnh xóa nhưng máy chủ Vinasynet không cập nhật (bản ghi bị khóa)","2026-09-19 12:08:25"
577,"H31.05.02.H31.09.2016.2069","30 bản (ERROR_SKIPPED)","Tham gia ý kiến thẩm định cho dự án đầu tư của Công ty cổ phần cơ khí 120 để thực hiện dự án xây dựng Nhà máy sản xuất kết cấu thép, phụ tùng ô tô tại xã Giai Phạm, huyện Yên Mỹ","Bỏ qua (Lỗi máy chủ) - Đã thử gửi lệnh xóa nhưng máy chủ Vinasynet không cập nhật (bản ghi bị khóa)","2026-09-19 12:09:03"
578,"H31.05.02.H31.09.2016.2068","30 bản (ERROR_SKIPPED)","Về việc cho ý kiến thẩm định dự án của các doanh nghiệp trên địa bàn xã Giai Phạm, huyện Yên Mỹ","Bỏ qua (Lỗi máy chủ) - Đã thử gửi lệnh xóa nhưng máy chủ Vinasynet không cập nhật (bản ghi bị khóa)","2026-09-19 12:09:41"
579,"H31.05.02.H31.09.2016.2067","30 bản (ERROR_SKIPPED)","Về việc cho ý kiến thẩm định dự án của các doanh nghiệp trên địa bàn thị trấn Yên Mỹ, huyện Yên Mỹ","Bỏ qua (Lỗi máy chủ) - Đã thử gửi lệnh xóa nhưng máy chủ Vinasynet không cập nhật (bản ghi bị khóa)","2026-09-19 12:10:19"
580,"H31.05.02.H31.09.2016.2066","30 bản (ERROR_SKIPPED)","Về việc cho ý kiến thẩm định dự án của các doanh nghiệp trên địa bàn xã Trưng Trắc, huyện Văn Lâm","Bỏ qua (Lỗi máy chủ) - Đã thử gửi lệnh xóa nhưng máy chủ Vinasynet không cập nhật (bản ghi bị khóa)","2026-09-19 12:10:57"
581,"H31.05.02.H31.09.2016.2065","30 bản (ERROR_SKIPPED)","Về việc cho ý kiến thẩm định dự án của các doanh nghiệp trên địa bàn xã Tân Quang, huyện Văn Lâm","Bỏ qua (Lỗi máy chủ) - Đã thử gửi lệnh xóa nhưng máy chủ Vinasynet không cập nhật (bản ghi bị khóa)","2026-09-19 12:11:35"
582,"H31.05.02.H31.09.2016.2023","30 bản (ERROR_SKIPPED)","Phương án kiến trúc công trình: Khu chung cư cao tầng CT-32 và CT-33, thuộc phân khu 9-12 Khu đô thị thương mại và du lịch Văn Giang (Ecopark)","Bỏ qua (Lỗi máy chủ) - Đã thử gửi lệnh xóa nhưng máy chủ Vinasynet không cập nhật (bản ghi bị khóa)","2026-09-19 12:12:13"
583,"H31.05.02.H31.09.2016.2022","30 bản (ERROR_SKIPPED)","Phương án kiến trúc công trình Khu chung cư cao tầng CT-29 và CT-30, thuộc phân khu 9-12 Khu đô thị thương mại và du lịch Văn Giang (Ecopark)","Bỏ qua (Lỗi máy chủ) - Đã thử gửi lệnh xóa nhưng máy chủ Vinasynet không cập nhật (bản ghi bị khóa)","2026-09-19 12:12:51"
584,"H31.05.02.H31.09.2016.2021","30 bản (ERROR_SKIPPED)","Phương án kiến trúc công trình: Khu chung cư cao tầng CT-29, CT-30 và CT-32, CT-33 (Khu căn hộ Vịnh Thuỷ) thuộc phân khu 9-12 Khu đô thị thương mại và du lịch Văn Giang (Ecopark) tại huyện Văn Giang","Bỏ qua (Lỗi máy chủ) - Đã thử gửi lệnh xóa nhưng máy chủ Vinasynet không cập nhật (bản ghi bị khóa)","2026-09-19 12:13:29"
585,"H31.05.02.H31.09.2016.2020","30 bản (ERROR_SKIPPED)","Phương án thiết kế kiến trúc các hạng mục của dự án Trường Đại học Y khoa Tokyo Việt Nam tại huyện Văn Giang","Bỏ qua (Lỗi máy chủ) - Đã thử gửi lệnh xóa nhưng máy chủ Vinasynet không cập nhật (bản ghi bị khóa)","2026-09-19 12:14:07"
586,"H31.05.02.H31.09.2016.2019","30 bản (ERROR_SKIPPED)","Về việc điều chỉnh cục bộ vị trí, diện tích và phương án kiến trúc 02 lô đất tại Khu nhà phố Thảo Nguyên - thuộc Khu đô thị thương mại và du lịch Văn Giang, huyện Văn Giang","Bỏ qua (Lỗi máy chủ) - Đã thử gửi lệnh xóa nhưng máy chủ Vinasynet không cập nhật (bản ghi bị khóa)","2026-09-19 12:14:45"
587,"H31.05.02.H31.09.2016.2018","30 bản (ERROR_SKIPPED)","Phương án thiết kế kiến trúc công trình Trường mầm non Creative Kindercare (Trường mầm non sáng tạo) tại lô đất GD-05, thuộc phân khu 1, khu đô thị thương mại và du lịch Văn Giang (Ecopark) tại Vườn Mai, khu đô thị Ecopark","Bỏ qua (Lỗi máy chủ) - Đã thử gửi lệnh xóa nhưng máy chủ Vinasynet không cập nhật (bản ghi bị khóa)","2026-09-19 12:15:23"
588,"H31.05.02.H31.09.2011.1757","30 bản (ERROR_SKIPPED)","Phương án kiến trúc Trụ sở làm việc Đảng uỷ - HĐND - UBND xã Tân Việt, huyện Yên Mỹ năm 2011","Bỏ qua (Lỗi máy chủ) - Đã thử gửi lệnh xóa nhưng máy chủ Vinasynet không cập nhật (bản ghi bị khóa)","2026-09-19 12:16:01"
589,"H31.05.02.H31.09.2011.1756","30 bản (ERROR_SKIPPED)","Phương án kiến trúc Trụ sở làm việc Đảng uỷ - HĐND - UBND xã Thanh Long, huyện Yên Mỹ năm 2011","Bỏ qua (Lỗi máy chủ) - Đã thử gửi lệnh xóa nhưng máy chủ Vinasynet không cập nhật (bản ghi bị khóa)","2026-09-19 12:16:39"
590,"H31.05.02.H31.09.2011.1755","30 bản (ERROR_SKIPPED)","Phương án kiến trúc Trụ sở làm việc Đảng uỷ - HĐND - UBND xã Lạc Đạo, huyện Văn Lâm năm 2011","Bỏ qua (Lỗi máy chủ) - Đã thử gửi lệnh xóa nhưng máy chủ Vinasynet không cập nhật (bản ghi bị khóa)","2026-09-19 12:17:17"
591,"H31.05.02.H31.09.2011.1754","30 bản (ERROR_SKIPPED)","Phương án kiến trúc Trụ sở làm việc Đảng uỷ - HĐND - UBND xã Xuân Quan, huyện Văn Giang năm 2011","Bỏ qua (Lỗi máy chủ) - Đã thử gửi lệnh xóa nhưng máy chủ Vinasynet không cập nhật (bản ghi bị khóa)","2026-09-19 12:17:55"
592,"H31.05.02.H31.09.2010.1753","30 bản (ERROR_SKIPPED)","Phương án kiến trúc Khu khách sạn, biệt thự cao cấp Hải Long Trang, huyện Văn Giang năm 2010","Bỏ qua (Lỗi máy chủ) - Đã thử gửi lệnh xóa nhưng máy chủ Vinasynet không cập nhật (bản ghi bị khóa)","2026-09-19 12:18:33"
593,"H31.05.02.H31.09.2007-2011.1758","30 bản (ERROR_SKIPPED)","Phương án kiến trúc Khu nhà ở A-LK 14, 15, 16 thấp tầng của Công ty cổ phần đầu tư bất động sản và thương mại Thăng Long, huyện Yên Mỹ năm 2011","Bỏ qua (Lỗi máy chủ) - Đã thử gửi lệnh xóa nhưng máy chủ Vinasynet không cập nhật (bản ghi bị khóa)","2026-09-19 12:19:11"
594,"H31.05.02.H31.09.2011.1759","30 bản (ERROR_SKIPPED)","Về việc cho ý kiến thẩm định dự án của các doanh nghiệp trên địa bàn thành phố Hưng Yên năm 2011","Bỏ qua (Lỗi máy chủ) - Đã thử gửi lệnh xóa nhưng máy chủ Vinasynet không cập nhật (bản ghi bị khóa)","2026-09-19 12:19:49"
595,"H31.05.02.H31.09.2011.1752","30 bản (ERROR_SKIPPED)","Phương án kiến trúc Nhà biệt thự, nhà biệt thự ghép và nhà chia lô khu khách sạn và biệt thự cao cấp Hải Long Trang - Công ty Lạc Viên Cửu Cao năm 2011","Bỏ qua (Lỗi máy chủ) - Đã thử gửi lệnh xóa nhưng máy chủ Vinasynet không cập nhật (bản ghi bị khóa)","2026-09-19 12:20:27"
596,"H31.05.02.H31.09.2011.1751","30 bản (ERROR_SKIPPED)","Phương án kiến trúc Nhà lớp học bộ môn và phục vụ học tập một số công trình phụ trợ trường THPT Văn Giang, huyện Văn Giang năm 2011","Bỏ qua (Lỗi máy chủ) - Đã thử gửi lệnh xóa nhưng máy chủ Vinasynet không cập nhật (bản ghi bị khóa)","2026-09-19 12:21:05"
597,"H31.05.02.H31.09.2011.1750","30 bản (ERROR_SKIPPED)","Lựa chọn nhà đầu tư thực hiện dự án khu Nhà ở thương mại và dịch vụ trên địa bàn phường Hiến Nam, thành phố Hưng Yên năm 2011","Bỏ qua (Lỗi máy chủ) - Đã thử gửi lệnh xóa nhưng máy chủ Vinasynet không cập nhật (bản ghi bị khóa)","2026-09-19 12:21:43"
598,"H31.05.02.H31.09.2011.1749","30 bản (ERROR_SKIPPED)","Phương án kiến trúc cải tạo, nâng cấp trường THPT chuyện Hưng Yên, trường năng khiếu tỉnh, thành phố Hưng Yên năm 2011","Bỏ qua (Lỗi máy chủ) - Đã thử gửi lệnh xóa nhưng máy chủ Vinasynet không cập nhật (bản ghi bị khóa)","2026-09-19 12:22:21"
599,"H31.05.02.H31.09.2011.1745","30 bản (ERROR_SKIPPED)","Phương án kiến trúc sau chỉnh sửa Dự án đầu tư xây dựng Chợ Phố Hiến thành phố Hưng Yên năm 2011","Bỏ qua (Lỗi máy chủ) - Đã thử gửi lệnh xóa nhưng máy chủ Vinasynet không cập nhật (bản ghi bị khóa)","2026-09-19 12:52:08"
600,"H31.05.02.H31.09.2011.1744","30 bản (ERROR_SKIPPED)","Phương án kiến trúc dự án Hoàng Phát Tower thành phố Hưng Yên năm 2011","Bỏ qua (Lỗi máy chủ) - Đã thử gửi lệnh xóa nhưng máy chủ Vinasynet không cập nhật (bản ghi bị khóa)","2026-09-19 12:52:22"
601,"H31.05.02.H31.09.2011.1743","30 bản (ERROR_SKIPPED)","Phương án kiến trúc Tòa tháp Hoàng Phát, thành phố hưng Yên năm 2011","Bỏ qua (Lỗi máy chủ) - Đã thử gửi lệnh xóa nhưng máy chủ Vinasynet không cập nhật (bản ghi bị khóa)","2026-09-19 12:52:36"
602,"H31.05.02.H31.09.2011.1742","30 bản (ERROR_SKIPPED)","Phương án kiến trúc Trụ sở làm việc Đảng ủy - HĐND-UBND xã Liên Phương, thành phố Hưng Yên năm 2011","Bỏ qua (Lỗi máy chủ) - Đã thử gửi lệnh xóa nhưng máy chủ Vinasynet không cập nhật (bản ghi bị khóa)","2026-09-19 12:52:51"
603,"H31.05.02.H31.09.2011.1741","30 bản (ERROR_SKIPPED)","Phương án kiến trúc Khu đô thị Sơn Nam Place, thành phố Hưng Yên năm 2011","Bỏ qua (Lỗi máy chủ) - Đã thử gửi lệnh xóa nhưng máy chủ Vinasynet không cập nhật (bản ghi bị khóa)","2026-09-19 12:53:05"
604,"H31.05.02.H31.09.2011.1740","30 bản (ERROR_SKIPPED)","Phương án kiến trúc Trung tâm phân phối xe ô tô Huyendai Hưng Yên, thành phố Hưng Yên năm 2011","Bỏ qua (Lỗi máy chủ) - Đã thử gửi lệnh xóa nhưng máy chủ Vinasynet không cập nhật (bản ghi bị khóa)","2026-09-19 12:53:19"
605,"H31.05.02.H31.09.2011.1739","30 bản (ERROR_SKIPPED)","Phương án kiến trúc Khách sạn và nhà ở liền kề Công ty Cổ phần thực phẩm XK Hưng Yên; Hạng mục: Khu nhà ở liền kề thành phố Hưng Yên năm 2011","Bỏ qua (Lỗi máy chủ) - Đã thử gửi lệnh xóa nhưng máy chủ Vinasynet không cập nhật (bản ghi bị khóa)","2026-09-19 12:53:33"
606,"H31.05.02.H31.09.2011.1738","30 bản (ERROR_SKIPPED)","Phương án kiến trúc Trụ sở Ngân hàng TMCP Ngoại thương Việt Nam Chi nhánh Hưng Yên  năm 2011","Bỏ qua (Lỗi máy chủ) - Đã thử gửi lệnh xóa nhưng máy chủ Vinasynet không cập nhật (bản ghi bị khóa)","2026-09-19 12:53:47"
607,"H31.05.02.H31.09.2011.1737","30 bản (ERROR_SKIPPED)","Phương án kiến trúc sơ bộ Khu nhà ở hỗn hợp, Trung tâm thương mại và nhà ở biệt thự Phố Hiến Công ty CP du lịch thương mại Tân Sáng TP. Hưng Yên tháng 3 năm 2011.","Bỏ qua (Lỗi máy chủ) - Đã thử gửi lệnh xóa nhưng máy chủ Vinasynet không cập nhật (bản ghi bị khóa)","2026-09-19 12:54:01"
608,"H31.05.02.H31.09.2010-2011.1735","30 bản (ERROR_SKIPPED)","Phương án kiến trúc Trường PTTH Hưng Yên giai đoạn II, hạng mục Nhà hiệu bộ TP. Hưng Yên năm 2011","Bỏ qua (Lỗi máy chủ) - Đã thử gửi lệnh xóa nhưng máy chủ Vinasynet không cập nhật (bản ghi bị khóa)","2026-09-19 12:54:15"
609,"H31.05.02.H31.09.2010.1702","30 bản (ERROR_SKIPPED)","Cấp phép xây dựng cho Công ty cổ phần Đức Minh tại xã Chỉ Đạo, huyện Văn Lâm để thực hiện dự án Nhà máy sản xuất phụ tùng ô tô, xe máy","Bỏ qua (Lỗi máy chủ) - Đã thử gửi lệnh xóa nhưng máy chủ Vinasynet không cập nhật (bản ghi bị khóa)","2026-09-19 12:54:30"
610,"H31.05.02.H31.09.2010.1701","30 bản (ERROR_SKIPPED)","Cấp phép xây dựng cho Công ty Cổ phần Sông Đà Thăng Long - F tại xã Như Quỳnh, huyện Văn Lâm để thực hiện công trình Nhà máy sản xuất đồ gỗ, hạng mục các công trình phụ trợ","Bỏ qua (Lỗi máy chủ) - Đã thử gửi lệnh xóa nhưng máy chủ Vinasynet không cập nhật (bản ghi bị khóa)","2026-09-19 12:54:44"
611,"H31.05.02.H31.09.2010.1700","30 bản (ERROR_SKIPPED)","Cấp phép xây dựng cho Công ty Cổ phần Đầu tư và phát triển công nghệ VN tại thị trấn Như Quỳnh, huyện Văn Lâm để thực hiện dự án: trung tâm đào tạo và sát hạch lái xe Như Quỳnh","Bỏ qua (Lỗi máy chủ) - Đã thử gửi lệnh xóa nhưng máy chủ Vinasynet không cập nhật (bản ghi bị khóa)","2026-09-19 12:54:58"
612,"H31.05.02.H31.09.2010.1699","30 bản (ERROR_SKIPPED)","Xin cấp phép xây dựng cho Công ty Khai Phát tại huyện Văn Lâm để thực hiện công trình nhà ký túc xá Trường Cao đẳng ASEAN","Bỏ qua (Lỗi máy chủ) - Đã thử gửi lệnh xóa nhưng máy chủ Vinasynet không cập nhật (bản ghi bị khóa)","2026-09-19 12:55:12"
613,"H31.05.02.H31.09.2010.1698","30 bản (ERROR_SKIPPED)","Cấp phép xây dựng công trình nhà máy sản xuất Thanh Trần, hạng mục: kiến trúc - kết cấu - điện - nước tại xã Vĩnh Khúc, huyện Văn Giang, tỉnh Hưng Yên","Bỏ qua (Lỗi máy chủ) - Đã thử gửi lệnh xóa nhưng máy chủ Vinasynet không cập nhật (bản ghi bị khóa)","2026-09-19 12:55:26"
614,"H31.05.02.H31.09.2010.1697","30 bản (ERROR_SKIPPED)","Cấp phép xây dựng cho Công ty CP bánh kẹo Hải Châu tại xã Vĩnh Khúc, huyện Văn Giang để thực hiện dự án đầu tư xây dựng nhà máy bánh kẹo Hải Châu, hạng mục: xưởng bánh kẹo mềm cao cấp","Bỏ qua (Lỗi máy chủ) - Đã thử gửi lệnh xóa nhưng máy chủ Vinasynet không cập nhật (bản ghi bị khóa)","2026-09-19 12:55:40"
615,"H31.05.02.H31.09.2010.1696","30 bản (ERROR_SKIPPED)","Cấp phép xây dựng cho Công ty cổ phân bánh kẹo Hải Châu tại xã Vĩnh Khúc, huyện Văn Giang để thực hiện dự án đầu tư xây dựng Nhà máy bánh kẹo tại Hải Châu, hạng mục: nhà sản xuất kẹo","Bỏ qua (Lỗi máy chủ) - Đã thử gửi lệnh xóa nhưng máy chủ Vinasynet không cập nhật (bản ghi bị khóa)","2026-09-19 12:55:54"
616,"H31.05.02.H31.09.2010.1695","30 bản (ERROR_SKIPPED)","Cấp phép xây dựng cho Công ty TNHH Nam Thanh tại xã Tân Tiến, huyện Văn Giang, tỉnh Hưng Yên để thực hiện dự án Nhà máy sản xuất hàng dệt may xuất khẩu","Bỏ qua (Lỗi máy chủ) - Đã thử gửi lệnh xóa nhưng máy chủ Vinasynet không cập nhật (bản ghi bị khóa)","2026-09-19 12:56:08"
617,"H31.05.02.H31.09.2010.1694","30 bản (ERROR_SKIPPED)","Cấp phép xây dựng cho Công ty TNHH Nam Thanh tại xã Tân Tiến, huyện Văn Giang, tỉnh Hưng Yên để thực hiện dự án Nhà máy sản xuất hàng may xuất khẩu","Bỏ qua (Lỗi máy chủ) - Đã thử gửi lệnh xóa nhưng máy chủ Vinasynet không cập nhật (bản ghi bị khóa)","2026-09-19 12:56:23"
618,"H31.05.02.H31.09.2010.1693","30 bản (ERROR_SKIPPED)","Cấp phép xây dựng cho Công ty  H.T.K. T Khu khách sạn và biệt thự cao cấp Hải Long Trang tại xã Cửu Cao, huyện Văn Giang","Bỏ qua (Lỗi máy chủ) - Đã thử gửi lệnh xóa nhưng máy chủ Vinasynet không cập nhật (bản ghi bị khóa)","2026-09-19 12:56:37"
619,"H31.05.02.H31.09.2010.1692","30 bản (ERROR_SKIPPED)","Cấp phép xây dựng cho chi nhánh công ty CP nước uống tinh khiết sai gòn, thị trấn Văn Giang, huyện Văn Giang để thực hiện công trình xây dựng nhà máy sản xuất nước uống đóng chai nhãn hiệu SAPUWA","Bỏ qua (Lỗi máy chủ) - Đã thử gửi lệnh xóa nhưng máy chủ Vinasynet không cập nhật (bản ghi bị khóa)","2026-09-19 12:56:51"
620,"H31.05.02.H31.09.2010.1691","30 bản (ERROR_SKIPPED)","Cấp phép xây dựng cho công ty in tạp chí công sản, huyện Văn Giang, tỉnh Hưng Yên để thực hiện dự án xí nghiệp in tạp chí cộng sản nhánh Hưng Yên","Bỏ qua (Lỗi máy chủ) - Đã thử gửi lệnh xóa nhưng máy chủ Vinasynet không cập nhật (bản ghi bị khóa)","2026-09-19 12:57:05"
621,"H31.05.02.H31.09.2010.1690","30 bản (ERROR_SKIPPED)","Cấp phép xây dựng cho công ty TNHH TAEYANG Hà Nội tại cụm CN thị trấn Lương Bằng, huyện Kim Động thực hiện công trình nhà xưởng 120M x50M","Bỏ qua (Lỗi máy chủ) - Đã thử gửi lệnh xóa nhưng máy chủ Vinasynet không cập nhật (bản ghi bị khóa)","2026-09-19 12:57:20"
622,"H31.05.02.H31.09.2010.1689","30 bản (ERROR_SKIPPED)","Hồ sơ cấp phép xây dựng cho công ty TNHH thương mại và dịch vụ Phương Bắc tại xã Việt Hòa, huyện Khoái Châu để thực hiện dự án trung tâm dịch vụ tổng hợp","Bỏ qua (Lỗi máy chủ) - Đã thử gửi lệnh xóa nhưng máy chủ Vinasynet không cập nhật (bản ghi bị khóa)","2026-09-19 12:57:34"
623,"H31.05.02.H31.09.2010-2011.1677","30 bản (ERROR_SKIPPED)","Hồ sơ phương án kiến trúc nhà tưởng niệm danh nhân Phó Đức Chính, huyện Văn Giang","Bỏ qua (Lỗi máy chủ) - Đã thử gửi lệnh xóa nhưng máy chủ Vinasynet không cập nhật (bản ghi bị khóa)","2026-09-19 12:57:48"
624,"H31.05.02.H31.09.2010.1681","30 bản (ERROR_SKIPPED)","Hồ sơ phương án kiến trúc điều chỉnh mặt bằng quy hoạch tổng thể đền tưởng niệm các anh hùng liệt sỹ huyện Yên Mỹ tại xã Tân Lập, huyện Yên Mỹ","Bỏ qua (Lỗi máy chủ) - Đã thử gửi lệnh xóa nhưng máy chủ Vinasynet không cập nhật (bản ghi bị khóa)","2026-09-19 12:58:02"
625,"H31.05.02.H31.09.2010.1680","30 bản (ERROR_SKIPPED)","Phương án kiến trúc trụ sở trung tâm khảo, kiêm nghiệm phân bón quốc gia huyện Văn Lâm","Bỏ qua (Lỗi máy chủ) - Đã thử gửi lệnh xóa nhưng máy chủ Vinasynet không cập nhật (bản ghi bị khóa)","2026-09-19 12:58:16"
626,"H31.05.02.H31.09.2010.1678","30 bản (ERROR_SKIPPED)","Phương án kiến trúc cải tạo, sửa chữa nâng cấp nhà tưởng niệm đồng chí Lê Văn Lương, huyện Văn Giang","Bỏ qua (Lỗi máy chủ) - Đã thử gửi lệnh xóa nhưng máy chủ Vinasynet không cập nhật (bản ghi bị khóa)","2026-09-19 12:58:31"
627,"H31.05.02.H31.09.2010.1676","30 bản (ERROR_SKIPPED)","Phương án kiến trúc Trường phục hồi chức năng Tiên Lũ, Hạng mục: Cải tạo, nâng cấp nhà nội trú và xây dựng ới xưởng may tại thị trấn Vương, huyện Tiên Lữ","Bỏ qua (Lỗi máy chủ) - Đã thử gửi lệnh xóa nhưng máy chủ Vinasynet không cập nhật (bản ghi bị khóa)","2026-09-19 12:58:45"
628,"H31.05.02.H31.09.2010.1675","30 bản (ERROR_SKIPPED)","Phương án kiến trúc nhà làm việc khối cơ quan huyện ủy huyện Tiên Lữ","Bỏ qua (Lỗi máy chủ) - Đã thử gửi lệnh xóa nhưng máy chủ Vinasynet không cập nhật (bản ghi bị khóa)","2026-09-19 12:58:59"
629,"H31.05.02.H31.09.2010.1674","30 bản (ERROR_SKIPPED)","Phương án kiến trúc Chung cư cao tầng - Khu chung cư đô thị Phố Nối - Công ty Cổ phần đầu tư xây dựng Hưng Yên, huyện Mỹ Hào","Bỏ qua (Lỗi máy chủ) - Đã thử gửi lệnh xóa nhưng máy chủ Vinasynet không cập nhật (bản ghi bị khóa)","2026-09-19 12:59:13"
630,"H31.05.02.H31.09.2010.1673","30 bản (ERROR_SKIPPED)","Phương án kiến trúc công trình Trụ sở Cục Thuế huyện Khoái Châu","Bỏ qua (Lỗi máy chủ) - Đã thử gửi lệnh xóa nhưng máy chủ Vinasynet không cập nhật (bản ghi bị khóa)","2026-09-19 12:59:27"
631,"H31.05.02.H31.09.2010.1672","30 bản (ERROR_SKIPPED)","Phương án kiến trúc điều chỉnh Trường Trung học cơ sở Nguyễn Tất Thành tại thành phố Hưng Yên","Bỏ qua (Lỗi máy chủ) - Đã thử gửi lệnh xóa nhưng máy chủ Vinasynet không cập nhật (bản ghi bị khóa)","2026-09-19 12:59:41"
632,"H31.05.02.H31.09.2010.1670B","30 bản (ERROR_SKIPPED)","Cấp chứng chỉ quy hoạch cho các cơ quan, doanh nghiệp năm 2010.","Bỏ qua (Lỗi máy chủ) - Đã thử gửi lệnh xóa nhưng máy chủ Vinasynet không cập nhật (bản ghi bị khóa)","2026-09-19 12:59:55"
633,"H31.05.02.H31.09.2010.1670A","30 bản (ERROR_SKIPPED)","Cấp phép xây dựng cho Công ty cổ phần Tấn Phúc Phát tại xã Tân Phúc, huyện Ân Thi để thực hiện dự án cửa hàng xăng dầu Tấn Phúc Phát năm 2019","Bỏ qua (Lỗi máy chủ) - Đã thử gửi lệnh xóa nhưng máy chủ Vinasynet không cập nhật (bản ghi bị khóa)","2026-09-19 13:00:09"
634,"H31.05.02.H31.09.2010.1670D","30 bản (ERROR_SKIPPED)","Thẩm định tổng mặt bằng, quy hoạch xây dựng dự án đầu tư xây dựng của Công ty TNHH Thương mại Xuất nhập khẩu Việt Trung tại xã Liên Phương, thành phố Hưng Yên năm 2010","Bỏ qua (Lỗi máy chủ) - Đã thử gửi lệnh xóa nhưng máy chủ Vinasynet không cập nhật (bản ghi bị khóa)","2026-09-19 13:00:24"
635,"H31.05.02.H31.09.2010.1670C","30 bản (ERROR_SKIPPED)","Đề nghị phê duyệt địa điểm xây dựng các dự án đầu tư xây dựng trên địa bản tỉnh năm 2010.","Bỏ qua (Lỗi máy chủ) - Đã thử gửi lệnh xóa nhưng máy chủ Vinasynet không cập nhật (bản ghi bị khóa)","2026-09-19 13:00:38"
636,"H31.05.02.H31.09.2010.1670","50 bản (ERROR_SKIPPED)","Cấp chứng chỉ quy hoạch cho các cơ quan, doanh nghiệp năm 2010.","Bỏ qua (Lỗi máy chủ) - Đã thử gửi lệnh xóa nhưng máy chủ Vinasynet không cập nhật (bản ghi bị khóa)","2026-09-19 13:00:52"
637,"H31.05.02.H31.09.2010.1669","30 bản (ERROR_SKIPPED)","Phương án kiến trúc khách sạn và nhà ở liền kề Công ty CP thực phẩm xuất khẩu Hưng Yên thành phố Hưng Yên","Bỏ qua (Lỗi máy chủ) - Đã thử gửi lệnh xóa nhưng máy chủ Vinasynet không cập nhật (bản ghi bị khóa)","2026-09-19 13:01:06"
638,"H31.05.02.H31.09.2010.1668","30 bản (ERROR_SKIPPED)","Phương án kiến trúc Trung tâm tin học phòng và phát triển tin học Ngân hàng phát triển Việt Nam tại Hưng Yên, thành phố Hưng Yên","Bỏ qua (Lỗi máy chủ) - Đã thử gửi lệnh xóa nhưng máy chủ Vinasynet không cập nhật (bản ghi bị khóa)","2026-09-19 13:01:21"
639,"H31.05.02.H31.09.2010.1667","30 bản (ERROR_SKIPPED)","Phương án kiến trúc công trình Trung tâm an Yên. giáo dục thường xuyên tỉnh Hưng Yên giai đoạn 1 tại phường Lam Sơn, thành phố Hưng Yên","Bỏ qua (Lỗi máy chủ) - Đã thử gửi lệnh xóa nhưng máy chủ Vinasynet không cập nhật (bản ghi bị khóa)","2026-09-19 13:01:35"
640,"H31.05.02.H31.09.2010.1666","30 bản (ERROR_SKIPPED)","Phương án kiến trúc điều chỉnh Quỹ tín dụng nhân dân TW chi nhánh Hưng Yên, hạng mục Trụ sở làm việc Nhà công vụ thành phố Hưng Yên","Bỏ qua (Lỗi máy chủ) - Đã thử gửi lệnh xóa nhưng máy chủ Vinasynet không cập nhật (bản ghi bị khóa)","2026-09-19 13:01:49"
641,"H31.05.02.H31.09.2010.1665","30 bản (ERROR_SKIPPED)","Phương án kiến trúc Khối Y tế dự phòng thành phố Hưng Yên; Trung tâm Y tế thành phố Hưng Yên","Bỏ qua (Lỗi máy chủ) - Đã thử gửi lệnh xóa nhưng máy chủ Vinasynet không cập nhật (bản ghi bị khóa)","2026-09-19 13:02:03"
642,"H31.05.02.H31.09.2010.1664","30 bản (ERROR_SKIPPED)","Phương án kiến trúc Nhà kỹ thuật nghiệp vụ Trung tâm y tế dự phòng tỉnh Hưng Yên tại phường An Tảo, thành phố Hưng Yên","Bỏ qua (Lỗi máy chủ) - Đã thử gửi lệnh xóa nhưng máy chủ Vinasynet không cập nhật (bản ghi bị khóa)","2026-09-19 13:02:18"
643,"H31.05.02.H31.09.2010.1663","30 bản (ERROR_SKIPPED)","Phương án kiến trúc Cơ quan thường trú Báo nhân dân tại Hưng Yên, thành phố Hưng Yên","Bỏ qua (Lỗi máy chủ) - Đã thử gửi lệnh xóa nhưng máy chủ Vinasynet không cập nhật (bản ghi bị khóa)","2026-09-19 13:02:32"
644,"H31.05.02.H31.09.2010.1662","30 bản (ERROR_SKIPPED)","Phương án kiến trúc Công trình: Nhà văn hóa huyện Ân Thi tại thị trấn Ân Thi","Bỏ qua (Lỗi máy chủ) - Đã thử gửi lệnh xóa nhưng máy chủ Vinasynet không cập nhật (bản ghi bị khóa)","2026-09-19 13:02:47"
645,"H31.05.02.H31.09.2010.1661","30 bản (ERROR_SKIPPED)","Phương án kiến trúc Nâng cấp mở rộng Bệnh viện Y học cổ truyền tỉnh Hưng Yên, thành phố Hưng Yên.","Bỏ qua (Lỗi máy chủ) - Đã thử gửi lệnh xóa nhưng máy chủ Vinasynet không cập nhật (bản ghi bị khóa)","2026-09-19 13:03:01"
646,"H31.05.02.H31.09.2010.1660","30 bản (ERROR_SKIPPED)","Phương án kiến trúc Trung tâm khám chữa bệnh chất lượng cao theo yêu cầu Bệnh viên Đa khoa tỉnh Hưng Yên.","Bỏ qua (Lỗi máy chủ) - Đã thử gửi lệnh xóa nhưng máy chủ Vinasynet không cập nhật (bản ghi bị khóa)","2026-09-19 13:03:15"
647,"H31.05.02.H31.09.2011.1655","30 bản (ERROR_SKIPPED)","Phương án kiến trúc kho lưu trữ chuyên dụng Sở Nội vụ thành phố Hưng Yên","Bỏ qua (Lỗi máy chủ) - Đã thử gửi lệnh xóa nhưng máy chủ Vinasynet không cập nhật (bản ghi bị khóa)","2026-09-19 13:03:30"
648,"H31.05.02.H31.09.2010.1659","30 bản (ERROR_SKIPPED)","Phương án kiến trúc Nhà điều trị Trung tâm phòng chống HIV/AIDS Hưng Yên, thành phố Hưng Yên.","Bỏ qua (Lỗi máy chủ) - Đã thử gửi lệnh xóa nhưng máy chủ Vinasynet không cập nhật (bản ghi bị khóa)","2026-09-19 13:03:44"
649,"H31.05.02.H31.09.2010.1658","30 bản (ERROR_SKIPPED)","Phương án kiến trúc Nhà đón tiếp khách tham quan quần thể di tích Phố Hiến, ban quản lý dự án xây dựng KCHT đô thị thành phố Hưng Yên","Bỏ qua (Lỗi máy chủ) - Đã thử gửi lệnh xóa nhưng máy chủ Vinasynet không cập nhật (bản ghi bị khóa)","2026-09-19 13:03:58"
650,"H31.05.02.H31.09.2010.1657","30 bản (ERROR_SKIPPED)","Phương án kiến trúc cái tạo mở rộng nhà làm việc Sở Y tế thành phố Hưng Yên","Bỏ qua (Lỗi máy chủ) - Đã thử gửi lệnh xóa nhưng máy chủ Vinasynet không cập nhật (bản ghi bị khóa)","2026-09-19 13:04:13"
651,"H31.05.02.H31.09.2010.1656","30 bản (ERROR_SKIPPED)","Thiết kế bảo tàng tỉnh Hưng Yên","Bỏ qua (Lỗi máy chủ) - Đã thử gửi lệnh xóa nhưng máy chủ Vinasynet không cập nhật (bản ghi bị khóa)","2026-09-19 13:04:27"
652,"H31.05.02.H31.09.2010.1654","30 bản (ERROR_SKIPPED)","Phương án kiến trúc nhà làm việc cơ quan thuộc sở Nông nghiệp & Phát triển nông thôn Hưng Yên, thành phố Hưng Yên","Bỏ qua (Lỗi máy chủ) - Đã thử gửi lệnh xóa nhưng máy chủ Vinasynet không cập nhật (bản ghi bị khóa)","2026-09-19 13:04:41"
653,"H31.05.02.H31.09.2010.1653","30 bản (ERROR_SKIPPED)","Phương án kiến trúc trụ sở làm việc Đảng ủy khối các cơ quan dân chính Đảng và Đảng ủy khối doanh nghiệp tỉnh, văn phòng tỉnh ủy Hưng Yên","Bỏ qua (Lỗi máy chủ) - Đã thử gửi lệnh xóa nhưng máy chủ Vinasynet không cập nhật (bản ghi bị khóa)","2026-09-19 13:04:56"
654,"H31.05.02.H31.09.2010.1652N","30 bản (ERROR_SKIPPED)","Thẩm định tổng mặt bằng quy hoạch xây dựng các dự án đầu tư trên địa bàn huyện Yên Mỹ năm 2009","Bỏ qua (Lỗi máy chủ) - Đã thử gửi lệnh xóa nhưng máy chủ Vinasynet không cập nhật (bản ghi bị khóa)","2026-09-19 13:05:10"
655,"H31.05.02.H31.09.2009.1652M","29 bản (ERROR_SKIPPED)","Thẩm định tổng mặt bằng quy hoạch xây dựng các dự án đầu tư trên địa bàn huyện Văn Lâm năm 2009","Bỏ qua (Lỗi máy chủ) - Đã thử gửi lệnh xóa nhưng máy chủ Vinasynet không cập nhật (bản ghi bị khóa)","2026-09-19 13:05:24"
656,"H31.05.02.H31.09.2009.1652L","29 bản (ERROR_SKIPPED)","Thẩm định tổng mặt bằng quy hoạch xây dựng các dự án đầu tư trên địa bàn huyện Văn Giang năm 2009","Bỏ qua (Lỗi máy chủ) - Đã thử gửi lệnh xóa nhưng máy chủ Vinasynet không cập nhật (bản ghi bị khóa)","2026-09-19 13:05:38"
657,"H31.05.02.H31.09.2009.1652K","30 bản (ERROR_SKIPPED)","Thẩm định tổng mặt bằng quy hoạnh xây dựng các dự án đầu tư trên địa bàn huyện Tiên Lữ năm 2009","Bỏ qua (Lỗi máy chủ) - Đã thử gửi lệnh xóa nhưng máy chủ Vinasynet không cập nhật (bản ghi bị khóa)","2026-09-19 13:05:53"
658,"H31.05.02.H31.09.2009.1652I","30 bản (ERROR_SKIPPED)","Thẩm định tổng mặt bằng quy hoạch xây dựng các dự án đầu tư trên địa bàn huyện Mỹ Hào năm 2009","Bỏ qua (Lỗi máy chủ) - Đã thử gửi lệnh xóa nhưng máy chủ Vinasynet không cập nhật (bản ghi bị khóa)","2026-09-19 13:06:07"
659,"H31.05.02.H31.09.2009.1652H","30 bản (ERROR_SKIPPED)","Thẩm định tổng mặt bằng quy hoạch xây dựng các dự án đầu tư trên địa bàn huyện Kim Động năm 2009","Bỏ qua (Lỗi máy chủ) - Đã thử gửi lệnh xóa nhưng máy chủ Vinasynet không cập nhật (bản ghi bị khóa)","2026-09-19 13:06:21"
660,"H31.05.02.H31.09.2009.1652Đ","0 bản (NOT_FOUND)","Bản ghi #1","Không tìm thấy hồ sơ - Không tìm thấy hồ sơ nào với mã này trên hệ thống Vinasynet","2026-09-19 13:06:25"
661,"H31.05.02.H31.09.2009.1652G","30 bản (ERROR_SKIPPED)","Thẩm định tổng mặt bằng quy hoạch xây dựng các dự án đầu tư trên địa bàn huyện Khoái Châu năm 2009","Bỏ qua (Lỗi máy chủ) - Đã thử gửi lệnh xóa nhưng máy chủ Vinasynet không cập nhật (bản ghi bị khóa)","2026-09-19 13:06:39"
662,"H31.05.02.H31.09.2009.1652F","30 bản (ERROR_SKIPPED)","Thẩm định tổng mặt bằng quy hoạch xây dựng các dự án đầu tư trên địa bàn thành phố Hưng Yên năm 2009","Bỏ qua (Lỗi máy chủ) - Đã thử gửi lệnh xóa nhưng máy chủ Vinasynet không cập nhật (bản ghi bị khóa)","2026-09-19 13:06:54"
663,"H31.05.02.H31.09.2009.1648C","30 bản (ERROR_SKIPPED)","Cấp phép xây dựng cho Công ty TNHH thiết kế sản xuất Thiện Mỹ Hưng Yên tại xã Tân Quang, huyện Văn Lâm để thực hiện dự án Nhà máy sản xuất khuôn mẫu ngành in năm 2009","Bỏ qua (Lỗi máy chủ) - Đã thử gửi lệnh xóa nhưng máy chủ Vinasynet không cập nhật (bản ghi bị khóa)","2026-09-19 13:07:08"
664,"H31.05.02.H31.09.2009.1648B","30 bản (ERROR_SKIPPED)","Về việc cấp chứng chỉ quy hoạch cho các cơ quan doanh nghiệp năm 2009","Bỏ qua (Lỗi máy chủ) - Đã thử gửi lệnh xóa nhưng máy chủ Vinasynet không cập nhật (bản ghi bị khóa)","2026-09-19 13:07:23"
665,"H31.05.02.H31.09.2009.1648A","30 bản (ERROR_SKIPPED)","Về việc cấp giấy Phép xây dựng cho các cơ quan, doanh nghiệp năm 2008-2009","Bỏ qua (Lỗi máy chủ) - Đã thử gửi lệnh xóa nhưng máy chủ Vinasynet không cập nhật (bản ghi bị khóa)","2026-09-19 13:07:37"
666,"H31.05.02.H31.09.2009.1648","50 bản (ERROR_SKIPPED)","Cấp GPXD cho trường Trung cấp kinh tế và công nghệ Lương Tài tại xã Lương Tài huyện Văn Lâm để thực hiện dự án Trường Trung cấp kinh tế và công nghệ Lương Tài năm 2009.","Bỏ qua (Lỗi máy chủ) - Đã thử gửi lệnh xóa nhưng máy chủ Vinasynet không cập nhật (bản ghi bị khóa)","2026-09-19 13:07:52"
667,"H31.05.02.H31.09.2009.1637","30 bản (ERROR_SKIPPED)","Cấp giấy phép xây dựng cho Công ty TNHH Thép Nhật Quang tại xã Lạc Đạo, huyện Văn Lâm các hạng mục công trình nhà xưởng D1, D2, D3, D4 để thực hhện dự án Nhà máy thép công nghiệp Nhật Quang","Bỏ qua (Lỗi máy chủ) - Đã thử gửi lệnh xóa nhưng máy chủ Vinasynet không cập nhật (bản ghi bị khóa)","2026-09-19 13:08:06"
668,"H31.05.02.H31.09.2009.1636","30 bản (ERROR_SKIPPED)","Cấp phép xây dựng cho công ty TNHH Khai Pha I tại huyện Văn Lâm cho công trình nhà hiệu bộ trường Cao đẳng Công Thương","Bỏ qua (Lỗi máy chủ) - Đã thử gửi lệnh xóa nhưng máy chủ Vinasynet không cập nhật (bản ghi bị khóa)","2026-09-19 13:08:20"
669,"H31.05.02.H31.09.2009.1635","30 bản (ERROR_SKIPPED)","Cấp giấy phép xây dựng cho Công ty cổ phần Hoàng Hà tại thị trấn Như Quỳnh, huyện Văn Lâm để thực hiện dự án nhà máy sản xuất bao bì PBP - PK cửa hàng xăng dầu - gas Bình Minh","Bỏ qua (Lỗi máy chủ) - Đã thử gửi lệnh xóa nhưng máy chủ Vinasynet không cập nhật (bản ghi bị khóa)","2026-09-19 13:08:35"
670,"H31.05.02.H31.09.2009.1634","30 bản (ERROR_SKIPPED)","Cấp phép xây dựng cho công ty TNHH thương mại và chuyển giao công nghệ Tiến Đạt tại xã Vĩnh Khúc, huyện Văn Giang để thực hiện công trình nhà máy chế biến và sản xuất đồ gỗ","Bỏ qua (Lỗi máy chủ) - Đã thử gửi lệnh xóa nhưng máy chủ Vinasynet không cập nhật (bản ghi bị khóa)","2026-09-19 13:08:49"
671,"H31.05.02.H31.09.2009.1633","30 bản (ERROR_SKIPPED)","Cấp phép xây dựng cho công ty TNHH cơ diện Tiến Dũng tại thị xã Vĩnh Khức, huyện Văn Giang để thực hiện công trình nhà xưởng sản xuất công ty TNHH cơ điện Tiến Dũng","Bỏ qua (Lỗi máy chủ) - Đã thử gửi lệnh xóa nhưng máy chủ Vinasynet không cập nhật (bản ghi bị khóa)","2026-09-19 13:09:04"
672,"H31.05.02.H31.09.2009.1632","30 bản (ERROR_SKIPPED)","Cấp phép xây dựng cho Công ty Cổ phần bánh kẹo Hải Châu tại xã Vĩnh Khúc, huyện Văn Giang, tỉnh Hưng Yên để thực hiện dự án đầu tư xây dựng nhà máy bánh kẹo Hải Châu. Hạng muc kho nguyễn liệu 2","Bỏ qua (Lỗi máy chủ) - Đã thử gửi lệnh xóa nhưng máy chủ Vinasynet không cập nhật (bản ghi bị khóa)","2026-09-19 13:09:18"
673,"H31.05.02.H31.09.2009.1631","30 bản (ERROR_SKIPPED)","Cấp phép xây dựng cho công ty cổ phần bao bì Đông Phú tại xã Vĩnh Khúc, huyện Văn Giang để thực hiện công trình nhà máy sản xuất bao bì","Bỏ qua (Lỗi máy chủ) - Đã thử gửi lệnh xóa nhưng máy chủ Vinasynet không cập nhật (bản ghi bị khóa)","2026-09-19 13:09:33"
674,"H31.05.02.H31.09.2009.1630","30 bản (ERROR_SKIPPED)","Cấp phép xây dựng cho công ty số phân tập đoàn Merap tại thôn Bá Khê, xã Tân Tiến, huyện Văn Giang để thực hiện công trinh nhà máy sản xuất tân dược đạt tiêu chuẩn GMP-WHO","Bỏ qua (Lỗi máy chủ) - Đã thử gửi lệnh xóa nhưng máy chủ Vinasynet không cập nhật (bản ghi bị khóa)","2026-09-19 13:09:47"
675,"H31.05.02.H31.09.2009.1623","30 bản (ERROR_SKIPPED)","Cấp phép xây dựng cho Công ty TNHH Đầu tư và PTCN An Đình tại xã Ngọc Lâm, huyện Mỹ Hào để thực hiện dự án nhà máy nông sản thực phẩm sạch An Đình","Bỏ qua (Lỗi máy chủ) - Đã thử gửi lệnh xóa nhưng máy chủ Vinasynet không cập nhật (bản ghi bị khóa)","2026-09-19 13:10:01"
676,"H31.05.02.H31.09.2009.1622","30 bản (ERROR_SKIPPED)","Cấp phép xây dựng cho Công ty Cổ phần. kerry. Integrated Logistics (HY) tại xã Minh Đức, huyện Mỹ Hào thuộc dự án khu dịch vụ kho bãi giao nhận vận chuyển Logistics","Bỏ qua (Lỗi máy chủ) - Đã thử gửi lệnh xóa nhưng máy chủ Vinasynet không cập nhật (bản ghi bị khóa)","2026-09-19 13:10:16"
677,"H31.05.02.H31.09.2009.1617","30 bản (ERROR_SKIPPED)","Cấp phép xây dựng nhà kho Sacombank tại thị trấn Bần Yên Nhân, tỉnh Hưng Yên","Bỏ qua (Lỗi máy chủ) - Đã thử gửi lệnh xóa nhưng máy chủ Vinasynet không cập nhật (bản ghi bị khóa)","2026-09-19 13:10:30"
678,"H31.05.02.H31.09.2009.1615","30 bản (ERROR_SKIPPED)","Cấp phép xây dựng cho Công ty Cổ phần Đồng Xanh tại thị trấn Lương Bằng, huyện Kim Động để thực hiện công trình nhà xưởng công ty cổ phần Đồng Xanh. Hạng mục xưởng sản xuất 36x60x6M","Bỏ qua (Lỗi máy chủ) - Đã thử gửi lệnh xóa nhưng máy chủ Vinasynet không cập nhật (bản ghi bị khóa)","2026-09-19 13:10:44"
679,"H31.05.02.H31.09.2009.1614","30 bản (ERROR_SKIPPED)","Cấp phép xây dựng cho công ty cố phần Phú Thái tại huyện Kim Động, thành phố Hưng Yên để thực hiện dự án nhà máy chế biến thức ăn chăn nuôi","Bỏ qua (Lỗi máy chủ) - Đã thử gửi lệnh xóa nhưng máy chủ Vinasynet không cập nhật (bản ghi bị khóa)","2026-09-19 13:10:59"
680,"H31.05.02.H31.09.2009.1613","30 bản (ERROR_SKIPPED)","Cấp phép xây dựng cho Công ty TNHH thương mại và dịch vụ Hà Minh Đức tại xã Phùng Hưng, huyện Khoái Châu để thực hiện dự án công trình Nhà máy sản xuất gạch Tuynel Minh Đức","Bỏ qua (Lỗi máy chủ) - Đã thử gửi lệnh xóa nhưng máy chủ Vinasynet không cập nhật (bản ghi bị khóa)","2026-09-19 13:11:13"
681,"H31.05.02.H31.09.2009.1612","30 bản (ERROR_SKIPPED)","Cấp phép xây dựng cho Công ty TNHH MTV dệt kim Đông Xuân huyện Khoái Châu, tỉnh Hưng Yên để thực hiện dự án Nhà máy sản phẩm dệt kim chất lượng cao, hạng mục: nhà ăn ca","Bỏ qua (Lỗi máy chủ) - Đã thử gửi lệnh xóa nhưng máy chủ Vinasynet không cập nhật (bản ghi bị khóa)","2026-09-19 13:11:27"
682,"H31.05.02.H31.09.2009.1611","30 bản (ERROR_SKIPPED)","Cấp phép xây dựng cho Công ty cổ phần dinh dưỡng quốc tế Đài Loan tại huyện Khoái Châu, tỉnh Hưng Yên để thực hiện dự án Nhà máy chế biến nông sản và thức ăn chăn nuôi","Bỏ qua (Lỗi máy chủ) - Đã thử gửi lệnh xóa nhưng máy chủ Vinasynet không cập nhật (bản ghi bị khóa)","2026-09-19 13:11:42"
683,"H31.05.02.H31.09.2009.1610","30 bản (ERROR_SKIPPED)","Cấp phép xây dựng cho công ty cổ phần Thương mại Du lịch - Khoái Châu tại thị trấn Khoái Châu, huyện Khoái Châu để thực hiện công trình trung tâm thương mại tại thị trấn Khoái Châu","Bỏ qua (Lỗi máy chủ) - Đã thử gửi lệnh xóa nhưng máy chủ Vinasynet không cập nhật (bản ghi bị khóa)","2026-09-19 13:11:56"
684,"H31.05.02.H31.09.2009.1609","30 bản (ERROR_SKIPPED)","Cấp phép xây dựng cho doanh nghiệp tư nhân Hưng Hải tại thành phố Hưng Yên, tỉnh Hưng Yên để thực hiện công trình bến đỗ xe Hưng Hải","Bỏ qua (Lỗi máy chủ) - Đã thử gửi lệnh xóa nhưng máy chủ Vinasynet không cập nhật (bản ghi bị khóa)","2026-09-19 13:12:10"
685,"H31.05.02.H31.09.2009.1608","30 bản (ERROR_SKIPPED)","Cấp phép xây dựng cho công ty TNHH Tường Minh tại xã Bảo Khê, thành phố Hưng Yên, tỉnh Hưng Yên cho công trình nhà điều hành và nhà hàng thực hiện dự án khách sạn Tường Minh","Bỏ qua (Lỗi máy chủ) - Đã thử gửi lệnh xóa nhưng máy chủ Vinasynet không cập nhật (bản ghi bị khóa)","2026-09-19 13:12:25"
686,"H31.05.02.H31.09.2009.1607","30 bản (ERROR_SKIPPED)","Cấp phép xây dựng cho công ty TNHH may xuất khẩu HYUNG Ji, huyện Ân Thi để thực hiện dự án xây dựng Nhà máy may xuất khẩu MYUNG Ji","Bỏ qua (Lỗi máy chủ) - Đã thử gửi lệnh xóa nhưng máy chủ Vinasynet không cập nhật (bản ghi bị khóa)","2026-09-19 13:12:39"
687,"H31.05.02.H31.09.2009.1606","30 bản (ERROR_SKIPPED)","Phương án kiến trúc công trình chợ và khu nhà ở thương mại Yên Mỹ, huyện Yên Mỹ","Bỏ qua (Lỗi máy chủ) - Đã thử gửi lệnh xóa nhưng máy chủ Vinasynet không cập nhật (bản ghi bị khóa)","2026-09-19 13:12:54"
688,"H31.05.02.H31.09.2019.1605","30 bản (ERROR_SKIPPED)","Phương án kiến trúc Trung tâm Giáo dục thường xuyên Phố Nối nhà lớp học 3 tầng 15 phòng học tại xã Liêu Xá, huyện Yên Mỹ","Bỏ qua (Lỗi máy chủ) - Đã thử gửi lệnh xóa nhưng máy chủ Vinasynet không cập nhật (bản ghi bị khóa)","2026-09-19 13:13:08"
689,"H31.05.02.H31.09.2009.1604","30 bản (ERROR_SKIPPED)","Phương án kiến trúc Khu công viên cây xanh và cải tạo phần mộ song thân Tổng Bí thư Nguyễn Văn Linh, huyện Yên Mỹ.","Bỏ qua (Lỗi máy chủ) - Đã thử gửi lệnh xóa nhưng máy chủ Vinasynet không cập nhật (bản ghi bị khóa)","2026-09-19 13:13:23"
690,"H31.05.02.H31.09.2009.1603","30 bản (ERROR_SKIPPED)","Phương án kiến trúc phương án 1 trường Trung học phổ thông Dương Quảng Hàm. Hang mục nhà đa năng tại xã diễn Nghĩa huyện Văn Giang","Bỏ qua (Lỗi máy chủ) - Đã thử gửi lệnh xóa nhưng máy chủ Vinasynet không cập nhật (bản ghi bị khóa)","2026-09-19 13:13:37"
691,"H31.05.02.H31.09.2009.1601","30 bản (ERROR_SKIPPED)","Phương án kiến trúc cho bao bì huyện Mỹ Hào tỉnh Hưng Yên, công trình chỉ bao bì và khu Phố Nối tại UBND Phố Nối nhà thương mại phố Nối tại UBND Phố Nối năm 2009","Bỏ qua (Lỗi máy chủ) - Đã thử gửi lệnh xóa nhưng máy chủ Vinasynet không cập nhật (bản ghi bị khóa)","2026-09-19 13:13:51"
692,"H31.05.02.H31.09.2007-2009.1602","30 bản (ERROR_SKIPPED)","Phương án kiên trúc công trình trụ sở làm việc Chi cục thuế huyện Tiên Lữ","Bỏ qua (Lỗi máy chủ) - Đã thử gửi lệnh xóa nhưng máy chủ Vinasynet không cập nhật (bản ghi bị khóa)","2026-09-19 13:14:05"
693,"H31.05.02.H31.09.2009.1594","30 bản (ERROR_SKIPPED)","Cấp phép xây dựng cho công ty TNHH Tường Minh tại xã Bảo Khê, thị xã Hưng Yên, tỉnh Hưng Yên thuộc dự án khách sạn Tường Minh năm 2009","Bỏ qua (Lỗi máy chủ) - Đã thử gửi lệnh xóa nhưng máy chủ Vinasynet không cập nhật (bản ghi bị khóa)","2026-09-19 13:14:20"
694,"H31.05.02.H31.09.2009.1600","30 bản (ERROR_SKIPPED)","Phương án kiến trúc công trình bệnh viện tâm thần kinh Hưng Yên (giai đoạn 3); Hạng mục: Nhà phục hồi chức năng và nhà nghỉ CBCNV tại xã Song Mai, huyện Kim Động năm 2009","Bỏ qua (Lỗi máy chủ) - Đã thử gửi lệnh xóa nhưng máy chủ Vinasynet không cập nhật (bản ghi bị khóa)","2026-09-19 13:14:34"
695,"H31.05.02.H31.09.2009.1599","30 bản (ERROR_SKIPPED)","Phương án kiến trúc công trình đền thờ các anh hùng liệt sĩ huyện Kim Động tại thị trấn Lương Bằng, huyện Kim Động năm 2009","Bỏ qua (Lỗi máy chủ) - Đã thử gửi lệnh xóa nhưng máy chủ Vinasynet không cập nhật (bản ghi bị khóa)","2026-09-19 13:14:48"
696,"H31.05.02.H31.09.2009.1598","30 bản (ERROR_SKIPPED)","Phương án kiến trúc (PA1) công trình Trung tâm thương mại năm 2009 tại thị trấn Khoái Châu","Bỏ qua (Lỗi máy chủ) - Đã thử gửi lệnh xóa nhưng máy chủ Vinasynet không cập nhật (bản ghi bị khóa)","2026-09-19 13:15:03"
697,"H31.05.02.H31.09.2009.1597","30 bản (ERROR_SKIPPED)","Phương án kiến trúc công trình cải tạo, nâng cấp Trụ sở làm việc HĐND, UBND huyện Khoái Châu, tỉnh Hưng Yên năm 2009","Bỏ qua (Lỗi máy chủ) - Đã thử gửi lệnh xóa nhưng máy chủ Vinasynet không cập nhật (bản ghi bị khóa)","2026-09-19 13:15:17"
698,"H31.05.02.H31.09.2009.1596","30 bản (ERROR_SKIPPED)","Phương án kiến trúc Trụ sở giao dịch và Cửa hàng giới thiệu sản phẩm, thành phố Hưng Yên năm 2009","Bỏ qua (Lỗi máy chủ) - Đã thử gửi lệnh xóa nhưng máy chủ Vinasynet không cập nhật (bản ghi bị khóa)","2026-09-19 13:15:31"
699,"H31.05.02.H31.09.2009.1595","30 bản (ERROR_SKIPPED)","Phương án kiến trúc công trình khách sạn Tường Minh tại xã Bảo Khê, thị xã Hưng Yên, tỉnh Hưng Yên năm 2009","Bỏ qua (Lỗi máy chủ) - Đã thử gửi lệnh xóa nhưng máy chủ Vinasynet không cập nhật (bản ghi bị khóa)","2026-09-19 13:15:46"
700,"H31.05.02.H31.09.2009.1593","30 bản (ERROR_SKIPPED)","Phương án kiến trúc Quỹ tín dụng nhân dân Trung ương - Chi nhánh Hưng Yên phường Lam Sơn, thành phố Hưng Yên năm 2009","Bỏ qua (Lỗi máy chủ) - Đã thử gửi lệnh xóa nhưng máy chủ Vinasynet không cập nhật (bản ghi bị khóa)","2026-09-19 13:16:00"
701,"H31.05.02.H31.09.2009.1591","30 bản (ERROR_SKIPPED)","Phương án quy hoạch kiến trúc Tòa nhà Viettel Hưng Yên tại phường Hiến Nam, thị xã Hưng Yên, tỉnh Hưng Yên năm 2009","Bỏ qua (Lỗi máy chủ) - Đã thử gửi lệnh xóa nhưng máy chủ Vinasynet không cập nhật (bản ghi bị khóa)","2026-09-19 13:16:14"
702,"H31.05.02.H31.09.2009.1590","30 bản (ERROR_SKIPPED)","Phương án kiến trúc Trụ sở Công ty xổ số kiến thiết Hưng Yên, thị xã Hưng Yên, tỉnh Hưng Yên năm 2009","Bỏ qua (Lỗi máy chủ) - Đã thử gửi lệnh xóa nhưng máy chủ Vinasynet không cập nhật (bản ghi bị khóa)","2026-09-19 13:16:29"
703,"H31.05.02.H31.09.2009.1589","30 bản (ERROR_SKIPPED)","Phương án kiến trúc công trình Trung tâm giáo dục lao động xã hội tỉnh Hưng Yên, Hạng mục: Nhà làm việc + xưởng học nghề tại xã Xuân Trúc, huyện Ân Thi năm 2009","Bỏ qua (Lỗi máy chủ) - Đã thử gửi lệnh xóa nhưng máy chủ Vinasynet không cập nhật (bản ghi bị khóa)","2026-09-19 13:16:43"
704,"H31.05.02.H31.09.2009.1587","30 bản (ERROR_SKIPPED)","Phương án kiến trúc Trường cao đẳng sư phạm Hưng Yên - Ký túc xá C4, C2 tại phường An Tảo, TP. Hưng Yên năm 2009","Bỏ qua (Lỗi máy chủ) - Đã thử gửi lệnh xóa nhưng máy chủ Vinasynet không cập nhật (bản ghi bị khóa)","2026-09-19 13:16:57"
705,"H31.05.02.H31.09.2009.1586","30 bản (ERROR_SKIPPED)","Phương án kiến trúc công trình Cổng + Nhà bảo vệ của Trường Cao đẳng Sư phạm Hưng Yên tại phường An Tảo, TP. Hưng Yên năm 2009","Bỏ qua (Lỗi máy chủ) - Đã thử gửi lệnh xóa nhưng máy chủ Vinasynet không cập nhật (bản ghi bị khóa)","2026-09-19 13:17:12"
706,"H31.05.02.H31.09.2009.1585","30 bản (ERROR_SKIPPED)","Phương án kiến trúc công trình Nhà giảng đường - Trường nghiệp vụ thể dục thể thao Hưng Yên tại phường Hiến Nam, thành phố Hưng Yên năm 2009","Bỏ qua (Lỗi máy chủ) - Đã thử gửi lệnh xóa nhưng máy chủ Vinasynet không cập nhật (bản ghi bị khóa)","2026-09-19 13:17:26"
707,"H31.05.02.H31.09.2008-2009.1592","30 bản (ERROR_SKIPPED)","Về phương án kiến trúc công trình Trụ sở làm việc công ty CP xây dựng đê kè thuỷ lợi Hưng Yên năm 2009","Bỏ qua (Lỗi máy chủ) - Đã thử gửi lệnh xóa nhưng máy chủ Vinasynet không cập nhật (bản ghi bị khóa)","2026-09-19 13:17:40"
708,"H31.05.02.H31.09.2008-2009.1588","30 bản (ERROR_SKIPPED)","Phương án kiến trúc Khoa Ung bướu - Bệnh viện đa khoa Hưng yên, TP Hưng Yên năm 2009","Bỏ qua (Lỗi máy chủ) - Đã thử gửi lệnh xóa nhưng máy chủ Vinasynet không cập nhật (bản ghi bị khóa)","2026-09-19 13:17:55"
709,"H31.05.02.H31.09.2008.1573","30 bản (ERROR_SKIPPED)","Cấp phép xây dựng cho công ty cổ phần kỹ nghệ GK tại xã Trưng Trắc, huyện Văn Lâm thuộc dự án N/m sản xuất thuốc thú y - GMP năm 2008","Bỏ qua (Lỗi máy chủ) - Đã thử gửi lệnh xóa nhưng máy chủ Vinasynet không cập nhật (bản ghi bị khóa)","2026-09-19 13:18:09"
710,"H31.05.02.H31.09.2008.1572","30 bản (ERROR_SKIPPED)","Cấp phép xây dựng cho Công ty TNHH đầu tư và thương mại VIWA tại Tân Quang, huyện Văn Lâm thuộc dự án nhà máy sản xuất ống nhựa chịu nhiệt PP-R năm 2008","Bỏ qua (Lỗi máy chủ) - Đã thử gửi lệnh xóa nhưng máy chủ Vinasynet không cập nhật (bản ghi bị khóa)","2026-09-19 13:18:23"
711,"H31.05.02.H31.09.2008.1571","30 bản (ERROR_SKIPPED)","Cấp phép xây dựng cho Công ty cổ phần Nguyễn Hồng II tại xã Tân Quang, huyện Văn Lâm thuộc dự án Nhà máy đồ chơi và quà lưu niệm, hạng mục: Nhà xưởng số 2 năm 2008","Bỏ qua (Lỗi máy chủ) - Đã thử gửi lệnh xóa nhưng máy chủ Vinasynet không cập nhật (bản ghi bị khóa)","2026-09-19 13:18:38"
712,"H31.05.02.H31.09.2008.1570","30 bản (ERROR_SKIPPED)","Cấp phép xây dựng cho Công ty TNHH công nghiệp Matec tại xã Lạc Đạo, huyện Văn Lâm thuộc dự án Nhà máy dây và cáp điện Matec năm 2008","Bỏ qua (Lỗi máy chủ) - Đã thử gửi lệnh xóa nhưng máy chủ Vinasynet không cập nhật (bản ghi bị khóa)","2026-09-19 13:18:52"
713,"H31.05.02.H31.09.2008.1569","30 bản (ERROR_SKIPPED)","Cấp phép xây dựng cho Công ty TNHH Dịch vụ vận tải và Thương mại Tùng Dương tại xã Đình Dù, huyện Văn Lâm cho Công trình Nhà máy sản xuất tấm lợp tôn sóng năm 2008.","Bỏ qua (Lỗi máy chủ) - Đã thử gửi lệnh xóa nhưng máy chủ Vinasynet không cập nhật (bản ghi bị khóa)","2026-09-19 13:19:06"
714,"H31.05.02.H31.09.2008.1568","30 bản (ERROR_SKIPPED)","Cấp phép xây dựng cho Công ty TNHH sản xuất phụ tùng ô tô xe máy Việt Nam tại thị trấn Như Quỳnh, huyện Văn Lâm thuộc dự án Nhà máy sản xuất phụ tùng ô tô xe máy năm 2008.","Bỏ qua (Lỗi máy chủ) - Đã thử gửi lệnh xóa nhưng máy chủ Vinasynet không cập nhật (bản ghi bị khóa)","2026-09-19 13:19:21"
715,"H31.05.02.H31.09.2008.1567","30 bản (ERROR_SKIPPED)","Cấp phép xây dựng cho Công ty CP Thực phẩm xuất khẩu Trung Sơn Hưng Yên tại thị trấn Như Quỳnh, huyện Văn Lâm cho các công trình thuộc dự án: Nhà máy chế biến nông sản thực phẩm xuất khẩu năm 2008","Bỏ qua (Lỗi máy chủ) - Đã thử gửi lệnh xóa nhưng máy chủ Vinasynet không cập nhật (bản ghi bị khóa)","2026-09-19 13:19:35"
716,"H31.05.02.H31.09.2007-2008.1652","30 bản (ERROR_SKIPPED)","Cấp phép xây dựng cho Công ty Cổ phần Tư vấn công nghệ, thiết bị và kiểm định xây dựng Coninco tại huyện Mỹ Hào thuộc công trình cụm nhà điều hành, nhà học - thí nghiệm chung","Bỏ qua (Lỗi máy chủ) - Đã thử gửi lệnh xóa nhưng máy chủ Vinasynet không cập nhật (bản ghi bị khóa)","2026-09-19 13:19:49"
717,"H31.05.02.H31.09.2006-2008.1563","30 bản (ERROR_SKIPPED)","Cấp phép xây dựng cho công ty TNHH AUTOCON VINA tại xã Ngọc Lâm, huyện Mỹ Hào thuộc dự án Nhà máy sản xuất nội thất ô tô","Bỏ qua (Lỗi máy chủ) - Đã thử gửi lệnh xóa nhưng máy chủ Vinasynet không cập nhật (bản ghi bị khóa)","2026-09-19 13:20:03"
718,"H31.05.02.H31.09.2007.1509","30 bản (ERROR_SKIPPED)","Cấp phép xây dựng cho công ty CP kho vận VIETFRACHT Hưng Yên trên địa bàn xã Vĩnh Khúc, huyện Văn Giang, tỉnh Hưng Yên cho công trình Kho trung chuyển hàng hóa năm 2007","Bỏ qua (Lỗi máy chủ) - Đã thử gửi lệnh xóa nhưng máy chủ Vinasynet không cập nhật (bản ghi bị khóa)","2026-09-19 13:20:18"
719,"H31.05.02.H31.09.2007.1508","30 bản (ERROR_SKIPPED)","Cấp phép xây dựng cho Công ty TNHH Auto-Con Việt Nam tại xã Ngọc Lâm, huyện Mỹ Hào, thuộc công trình Nhà máy sản xuất nội thất ô tô","Bỏ qua (Lỗi máy chủ) - Đã thử gửi lệnh xóa nhưng máy chủ Vinasynet không cập nhật (bản ghi bị khóa)","2026-09-19 13:20:32"
720,"H31.05.02.H31.09.2007.1507","30 bản (ERROR_SKIPPED)","Cấp phép xây dựng cho Công ty TNHH quốc tế Deob - Bu tại xã Ngọc Lâm, huyện Mỹ Hào, thuộc công trình Nhà máy sản xuất nội thất ô tô năm 2007","Bỏ qua (Lỗi máy chủ) - Đã thử gửi lệnh xóa nhưng máy chủ Vinasynet không cập nhật (bản ghi bị khóa)","2026-09-19 13:20:46"
721,"H31.05.02.H31.09.2011.2662","30 bản (ERROR_SKIPPED)","Phương án kiến trúc Trụ sở làm việc Đảng ủy - HĐND - UBND thị trấn Bần Yên Nhân, huyện Mỹ Hào năm 2011","Bỏ qua (Lỗi máy chủ) - Đã thử gửi lệnh xóa nhưng máy chủ Vinasynet không cập nhật (bản ghi bị khóa)","2026-09-19 13:21:00"
722,"H31.05.02.H31.09.2014.2665","30 bản (ERROR_SKIPPED)","Chương trình phát triển đô thị tỉnh Hưng Yên giai đoạn 2014-2020, định hướng đến năm 2030, năm 2014","Bỏ qua (Lỗi máy chủ) - Đã thử gửi lệnh xóa nhưng máy chủ Vinasynet không cập nhật (bản ghi bị khóa)","2026-09-19 13:21:14"
723,"H31.05.02.H31.09.2013.2664","30 bản (ERROR_SKIPPED)","Trả lời ý kiến tham gia cho các dự án đầu tư của các Doanh nghiệp trên địa bàn huyện Mỹ Hào, năm 2013","Bỏ qua (Lỗi máy chủ) - Đã thử gửi lệnh xóa nhưng máy chủ Vinasynet không cập nhật (bản ghi bị khóa)","2026-09-19 13:21:28"
724,"H31.05.02.H31.09.2013.2663","30 bản (ERROR_SKIPPED)","Về điều chỉnh quy hoạch chung xây dựng thị trấn Ân Thi, huyện Ân Thi, tỉnh Hưng Yên đến năm 2025","Bỏ qua (Lỗi máy chủ) - Đã thử gửi lệnh xóa nhưng máy chủ Vinasynet không cập nhật (bản ghi bị khóa)","2026-09-19 13:21:42"
725,"H31.05.02.H31.09.2019.2629","30 bản (ERROR_SKIPPED)","Đề nghị thẩm định quy hoạch chi tiết xây dựng cụm công nghiệp Lương Bằng - Hiệp Cường huyện Kim Động, tỷ lệ 1/500 năm 2019","Bỏ qua (Lỗi máy chủ) - Đã thử gửi lệnh xóa nhưng máy chủ Vinasynet không cập nhật (bản ghi bị khóa)","2026-09-19 13:21:56"
726,"H31.05.02.H31.09.2019.2627","30 bản (ERROR_SKIPPED)","Góp ý kiến để hoàn thiện hồ sơ quy hoạch xây dựng vùng huyện Kim Động đến năm 2035 tỷ lệ 1/25.000","Bỏ qua (Lỗi máy chủ) - Đã thử gửi lệnh xóa nhưng máy chủ Vinasynet không cập nhật (bản ghi bị khóa)","2026-09-19 13:22:11"
727,"H31.05.02.H31.09.2019.2626","30 bản (ERROR_SKIPPED)","Đề nghị thẩm định đồ án quy hoạch chi tiết xây dựng tỷ lệ 1/500 Khu nhà ở Bình Minh Phố Hiến tại xã Dân Tiến, huyện Khoái Châu năm 2018-2019","Bỏ qua (Lỗi máy chủ) - Đã thử gửi lệnh xóa nhưng máy chủ Vinasynet không cập nhật (bản ghi bị khóa)","2026-09-19 13:22:25"
728,"H31.05.02.H31.09.2019.2625","30 bản (ERROR_SKIPPED)","Đề nghị phê duyệt nhiệm vụ quy hoạch chi tiết xây dựng tỷ lệ 1/500 khu nhà ở xã hội dành cho công nhân khu công nghiệp tại xã Phùng Chí Kiên, huyện Mỹ Hào, năm 2019","Bỏ qua (Lỗi máy chủ) - Đã thử gửi lệnh xóa nhưng máy chủ Vinasynet không cập nhật (bản ghi bị khóa)","2026-09-19 13:22:39"
729,"H31.05.02.H31.09.2019.2624","30 bản (ERROR_SKIPPED)","Phê duyệt kế hoạch đấu thầu công trình tư vấn lập dự án đo vẽ bản đồ và thiết kế điều chỉnh quy hoạch chung xây dựng đô thị mới Phố Nối năm 2019","Bỏ qua (Lỗi máy chủ) - Đã thử gửi lệnh xóa nhưng máy chủ Vinasynet không cập nhật (bản ghi bị khóa)","2026-09-19 13:22:53"
730,"H31.05.02.H31.09.2019.2623","30 bản (ERROR_SKIPPED)","Thẩm định, phê duyệt nhiệm vụ quy hoạch chi tiết xây dựng tỷ lệ 1/500 Khu nhà ở Phố Mới Văn Giang tại xã Cửu Cao và thị trấn Văn Giang năm 2019.","Bỏ qua (Lỗi máy chủ) - Đã thử gửi lệnh xóa nhưng máy chủ Vinasynet không cập nhật (bản ghi bị khóa)","2026-09-19 13:23:07"
731,"H31.05.02.H31.09.2019.2622","30 bản (ERROR_SKIPPED)","Phê duyệt nhiệm vụ lập quy hoạnh chi tiết Xây dùng tỷ lệ 1/500 Khu nhà ở Hưng Thịnh Phát tại huyện Văn Giang, tỉnh Hưng Yên năm 2019","Bỏ qua (Lỗi máy chủ) - Đã thử gửi lệnh xóa nhưng máy chủ Vinasynet không cập nhật (bản ghi bị khóa)","2026-09-19 13:23:22"
732,"H31.05.02.H31.09.2019.2621","30 bản (ERROR_SKIPPED)","Tham gia ý kiến về Đồ án quy hoạch chi tiết xây dựng tỷ lệ 1/500 khu vực phát triển đô thị xã Nghĩa Trụ, huyện Văn Giang đến năm 2030, định hướng đến năm 2035","Bỏ qua (Lỗi máy chủ) - Đã thử gửi lệnh xóa nhưng máy chủ Vinasynet không cập nhật (bản ghi bị khóa)","2026-09-19 13:23:36"
733,"H31.05.02.H31.09.2019.2620","30 bản (ERROR_SKIPPED)","Thẩm định đề án điều chỉnh quy hoạch chi tiết xây dựng tỷ lệ 1/500 cụm công nghiệp xã Tân Tiến, huyện Văn Giang năm 2019","Bỏ qua (Lỗi máy chủ) - Đã thử gửi lệnh xóa nhưng máy chủ Vinasynet không cập nhật (bản ghi bị khóa)","2026-09-19 13:23:50"
734,"H31.05.02.H31.09.2019.2613","30 bản (ERROR_SKIPPED)","Chấp thuận mặt bằng quy hoạch tổng thể điều chình cục bộ dự án Khu nhà ở dành cho người thu nhập thấp tại phường Hiến Nam, TP Hưng Yên Tập II","Bỏ qua (Lỗi máy chủ) - Đã thử gửi lệnh xóa nhưng máy chủ Vinasynet không cập nhật (bản ghi bị khóa)","2026-09-19 13:24:04"
735,"H31.05.02.H31.09.2019.2612","30 bản (ERROR_SKIPPED)","Chấp thuận mặt bằng quy hoạch tổng thể điều chinh cục bộ dự án khu nhà ở dành cho người thu nhập thấp tại phường Hiến Nam, TP Hưng Yên năm 2018 - Tập I","Bỏ qua (Lỗi máy chủ) - Đã thử gửi lệnh xóa nhưng máy chủ Vinasynet không cập nhật (bản ghi bị khóa)","2026-09-19 13:24:18"
736,"H31.05.02.H31.09.2017.2598","30 bản (ERROR_SKIPPED)","Phê duyệt nhiệm vụ lập quy hoạch chi tiết xây dựng tỷ lệ 1/500 Khu nhà ở phục vụ Khu công nghiệp Minh Quang, huyện Mỹ Hào, tỉnh Hưng Yên năm 2016-2017","Bỏ qua (Lỗi máy chủ) - Đã thử gửi lệnh xóa nhưng máy chủ Vinasynet không cập nhật (bản ghi bị khóa)","2026-09-19 13:24:32"
737,"H31.05.02.H31.09.2016.2596","30 bản (ERROR_SKIPPED)","Tham gia ý kiến cho nhiệm vụ lập quy hoạch phân khu tỷ lệ 1/2000 Khu Trung tâm huyện Văn Lâm năm 2016.","Bỏ qua (Lỗi máy chủ) - Đã thử gửi lệnh xóa nhưng máy chủ Vinasynet không cập nhật (bản ghi bị khóa)","2026-09-19 13:24:47"
738,"H31.05.02.H31.09.2016.2595","30 bản (ERROR_SKIPPED)","Tham gia ý kiến về đồ án quy hoạch chi tiết 1/500 sáu phường thị xã Mỹ Hào, tỉnh Hưng Yên (thị trấn Bần Yên Nhân, xã Nhân Hòa, xã Bạch sam, xã Dị Sử, xã Phùng Chí Kiên, Minh Đức)","Bỏ qua (Lỗi máy chủ) - Đã thử gửi lệnh xóa nhưng máy chủ Vinasynet không cập nhật (bản ghi bị khóa)","2026-09-19 13:25:01"
739,"H31.05.02.H31.09.2016.2594","30 bản (ERROR_SKIPPED)","Hồ sơ tham gia ý kiến vào dự thảo quy chế quản lý quy hoạch kiến trúc đô thị khu dân cư mới thị trấn Văn Giang, huyện Văn Giang năm 2016","Bỏ qua (Lỗi máy chủ) - Đã thử gửi lệnh xóa nhưng máy chủ Vinasynet không cập nhật (bản ghi bị khóa)","2026-09-19 13:25:15"
740,"H31.05.02.H31.09.2019.2592","30 bản (ERROR_SKIPPED)","Hồ sơ tham gia ý kiến về đồ án quy hoạch và đồ án quy hoạch xây dựng chi tiết tỷ lệ 1/500 Khu trung tâm hành chính huyện Mỹ Hào năm 2015","Bỏ qua (Lỗi máy chủ) - Đã thử gửi lệnh xóa nhưng máy chủ Vinasynet không cập nhật (bản ghi bị khóa)","2026-09-19 13:25:29"
741,"H31.05.02.H31.09.2019.2591","30 bản (ERROR_SKIPPED)","Về việc xin điều chinh cục bộ quy hoạch chi tiết xây dựng khu công nghiệp Phố Nối A mở rộng tỉnh Hưng Yên tỷ lệ 1/2000 tại xã Lạc Đạo, xã Minh Hải, huyện Văn Lâm năm 2014","Bỏ qua (Lỗi máy chủ) - Đã thử gửi lệnh xóa nhưng máy chủ Vinasynet không cập nhật (bản ghi bị khóa)","2026-09-19 13:25:43"
742,"H31.05.02.H31.09.2019.2590","30 bản (ERROR_SKIPPED)","Tham gia ý kiến về nhiệm vụ lập quy hoạnh phân khu nội thị tỷ lệ 1/2000 và quy hoạch Chi tiết khu trung tâm tỷ lệ 1/500 đô thị Mỹ Hào, tỉnh Hưng Yên năm 2014","Bỏ qua (Lỗi máy chủ) - Đã thử gửi lệnh xóa nhưng máy chủ Vinasynet không cập nhật (bản ghi bị khóa)","2026-09-19 13:25:57"
743,"H31.05.02.H31.09.2014.2589","30 bản (ERROR_SKIPPED)","Phương án kiến trúc các công trình thuộc dự án thành phần khu nhà ở thấp tầng 2A, 2B thuộc khu Đô thị Thương mại và Du lịch Văn Giang năm 2014","Bỏ qua (Lỗi máy chủ) - Đã thử gửi lệnh xóa nhưng máy chủ Vinasynet không cập nhật (bản ghi bị khóa)","2026-09-19 13:26:11"
744,"H31.05.02.H31.09.2019.2586","30 bản (ERROR_SKIPPED)","Về việc tham gia ý kiến cho vị trí xây dựng Nhà ăn Huyện ủy Văn Lâm năm 2013","Bỏ qua (Lỗi máy chủ) - Đã thử gửi lệnh xóa nhưng máy chủ Vinasynet không cập nhật (bản ghi bị khóa)","2026-09-19 13:26:25"
745,"H31.05.02.H31.09.2019.2585","30 bản (ERROR_SKIPPED)","Hồ sơ đề nghị thẩm định quy hoạch chi tiết 1/500 khu đô thị sinh thái Laico tại xã Bình Minh huyện Khoái Châu năm 2013","Bỏ qua (Lỗi máy chủ) - Đã thử gửi lệnh xóa nhưng máy chủ Vinasynet không cập nhật (bản ghi bị khóa)","2026-09-19 13:26:40"
746,"H31.05.02.H31.09.2019.2584","30 bản (ERROR_SKIPPED)","Hồ sơ hoàn thiện hồ sơ nhiệm vụ lập quy hoạch bảo tồn và phát huy giá trị khu di tích Nguyễn Thiện Thuật, tỷ lệ 1/500 tại xã Xuân Đục, huyện Mỹ Hào","Bỏ qua (Lỗi máy chủ) - Đã thử gửi lệnh xóa nhưng máy chủ Vinasynet không cập nhật (bản ghi bị khóa)","2026-09-19 13:26:54"
747,"H31.05.02.H31.09.2019.2583","30 bản (ERROR_SKIPPED)","Hồ sơ thỏa thuận quy hoạch chi tiết tỷ lệ 1/500 khu nhà ở xã hội, nhà ở công nhân, nhà ở thương mại và dịch vụ khu phố công nghiệp Phố Nối tại xã Nghĩa Hiệp, Yên Mỹ năm 2012","Bỏ qua (Lỗi máy chủ) - Đã thử gửi lệnh xóa nhưng máy chủ Vinasynet không cập nhật (bản ghi bị khóa)","2026-09-19 13:27:08"
748,"H31.05.02.H31.09.2019.2582","30 bản (ERROR_SKIPPED)","Hồ sơ phê duyệt hiện trạng xây dựng khu công nghiệp dệt may Phố Nối, tỷ lệ 1/1000 giai đoạn I","Bỏ qua (Lỗi máy chủ) - Đã thử gửi lệnh xóa nhưng máy chủ Vinasynet không cập nhật (bản ghi bị khóa)","2026-09-19 13:27:22"
749,"H31.05.02.H31.09.2019.2579","30 bản (ERROR_SKIPPED)","Thỏa thuận nội dụng dự án quy hoạch chi tiết tỷ lệ 1/500 Trung tâm thương mại quốc tế Kinh Hoa Mỹ Việt tại huyên Mỹ Hào năm 2010","Bỏ qua (Lỗi máy chủ) - Đã thử gửi lệnh xóa nhưng máy chủ Vinasynet không cập nhật (bản ghi bị khóa)","2026-09-19 13:27:36"
750,"H31.05.02.H31.09.2019.2578","30 bản (ERROR_SKIPPED)","Phương án kiến trúc dự án ĐTXD và hạ tầng kỹ thuật Khu nhà ở thương mại huyện Khoái Châu năm 2011","Bỏ qua (Lỗi máy chủ) - Đã thử gửi lệnh xóa nhưng máy chủ Vinasynet không cập nhật (bản ghi bị khóa)","2026-09-19 13:27:50"
751,"H31.05.02.H31.09.2019.2577","30 bản (ERROR_SKIPPED)","Đề nghị quy hoạch chi tiết xây dựng tỷ lệ 1/2000 Khu công nghiệp Dân Tiến, huyện Khoái Châu","Bỏ qua (Lỗi máy chủ) - Đã thử gửi lệnh xóa nhưng máy chủ Vinasynet không cập nhật (bản ghi bị khóa)","2026-09-19 13:28:05"
752,"H31.05.02.H31.09.2019.2575","30 bản (ERROR_SKIPPED)","Chấp thuận hồ sơ quy hoạch dự án đầu tư xây dựng Trường Đại học Chu Văn An tại thành phố Hưng Yên năm 2010","Bỏ qua (Lỗi máy chủ) - Đã thử gửi lệnh xóa nhưng máy chủ Vinasynet không cập nhật (bản ghi bị khóa)","2026-09-19 13:28:19"
753,"H31.05.02.H31.09.2019.2574","30 bản (ERROR_SKIPPED)","Khảo sát, xây dựng thành lập bản đồ địa hình tỷ lệ 1/10.000 dự án điều chỉnh quy hoạch chung xây dựng vùng tỉnh Hưng Yên đến năm 2025, năm 2009 - Tập 2","Bỏ qua (Lỗi máy chủ) - Đã thử gửi lệnh xóa nhưng máy chủ Vinasynet không cập nhật (bản ghi bị khóa)","2026-09-19 13:28:33"
754,"H31.05.02.H31.09.2019.2573","30 bản (ERROR_SKIPPED)","Về việc khảo sát xây dựng thành lập bản đồ địa hình tỷ lệ 1/10000 dự án điều chỉnh quy hoạch chung xây dựng vùng tỉnh Hưng Yên đến năm 2025 - năm 2009 - Tập 1","Bỏ qua (Lỗi máy chủ) - Đã thử gửi lệnh xóa nhưng máy chủ Vinasynet không cập nhật (bản ghi bị khóa)","2026-09-19 13:28:47"
755,"H31.05.02.H31.09.2019.2566","30 bản (ERROR_SKIPPED)","Tham gia ý kiến cho đồ án quy hoạch chi tiết xây dựng tỷ lệ 1/500 Khu dân cư mới xã Liên Phương, thành phố Hưng Yên năm 2019","Bỏ qua (Lỗi máy chủ) - Đã thử gửi lệnh xóa nhưng máy chủ Vinasynet không cập nhật (bản ghi bị khóa)","2026-09-19 13:29:01"
756,"H31.05.02.H31.09.2019.2565","30 bản (ERROR_SKIPPED)","Ý kiến về đồ án quy hoạch chi tiết xây dựng tỷ lệ 1/500 Khu dân cư mới đường Lạc Long Quân, phường Minh Khai năm 2019","Bỏ qua (Lỗi máy chủ) - Đã thử gửi lệnh xóa nhưng máy chủ Vinasynet không cập nhật (bản ghi bị khóa)","2026-09-19 13:29:15"
757,"H31.05.02.H31.09.2019.2564","30 bản (ERROR_SKIPPED)","Ý kiến về quy hoạch chi tiết tỷ lệ 1/500 Khu dân cư Hồng Châu, phường Hồng Châu, thành phố Hưng Yên năm 2019","Bỏ qua (Lỗi máy chủ) - Đã thử gửi lệnh xóa nhưng máy chủ Vinasynet không cập nhật (bản ghi bị khóa)","2026-09-19 13:29:29"
758,"H31.05.02.H31.09.2019.2563","30 bản (ERROR_SKIPPED)","Tham gia ý kiến cho đồ án quy hoạch chi tiết xây dựng tỷ lệ 1/500 Khu dân cư mới xã Thủ Sỹ, huyện Tiên Lữ năm 2019","Bỏ qua (Lỗi máy chủ) - Đã thử gửi lệnh xóa nhưng máy chủ Vinasynet không cập nhật (bản ghi bị khóa)","2026-09-19 13:29:44"
759,"H31.05.02.H31.09.2019.2562","30 bản (ERROR_SKIPPED)","Tham gia ý kiến về nhiệm vụ lập quy hoạch chi tiết xây dựng tỷ lệ 1/500 khu dân cư mới đường Lạc Long Quân, phường Mình Khai, thành phố Hưng Yên năm 2019","Bỏ qua (Lỗi máy chủ) - Đã thử gửi lệnh xóa nhưng máy chủ Vinasynet không cập nhật (bản ghi bị khóa)","2026-09-19 13:29:58"
760,"H31.05.02.H31.09.2019.2561","30 bản (ERROR_SKIPPED)","Chập thuận vị trí xây dựng sân vận động xã Nhật Tân, huyện Tiên Lữ, Trường tiểu học Đông Tảo, huyện Khoái Châu, thẩm định mặt bằng quy hoạch tổng thể điều chỉnh Ngân hàng Nhà nước Chi nhánh Hưng Yên","Bỏ qua (Lỗi máy chủ) - Đã thử gửi lệnh xóa nhưng máy chủ Vinasynet không cập nhật (bản ghi bị khóa)","2026-09-19 13:30:12"
761,"H31.05.02.H31.09.2019.2560","30 bản (ERROR_SKIPPED)","Thuyết minh tổng hợp quy hoạch chi tiết xây dựng tỷ lệ 1/500 khu nhà ở Newcity tại xã An Vĩ, huyện Khoái Châu, tỉnh Hưng Yên","Bỏ qua (Lỗi máy chủ) - Đã thử gửi lệnh xóa nhưng máy chủ Vinasynet không cập nhật (bản ghi bị khóa)","2026-09-19 13:30:26"
762,"H31.05.02.H31.09.2019.2559","30 bản (ERROR_SKIPPED)","Về việc cho ý kiến thẩm định dự án cho các doanh nghiệp trên địa bàn xã Tân Lập và thị trấn Yên Mỹ, huyện Yên Mỹ","Bỏ qua (Lỗi máy chủ) - Đã thử gửi lệnh xóa nhưng máy chủ Vinasynet không cập nhật (bản ghi bị khóa)","2026-09-19 13:30:41"
763,"H31.05.02.H31.09.2019.2558","30 bản (ERROR_SKIPPED)","Về việc cho ý kiến thẩm định dự án của các doanh nghiệp trên địa bàn xã Yên Phú, huyện Yên Mỹ","Bỏ qua (Lỗi máy chủ) - Đã thử gửi lệnh xóa nhưng máy chủ Vinasynet không cập nhật (bản ghi bị khóa)","2026-09-19 13:30:55"
764,"H31.05.02.H31.09.2019.2557","30 bản (ERROR_SKIPPED)","Về việc cho ý kiến thẩm định dự án của các doanh nghiệp trên địa bàn xã Yên Hoà, huyện Yên Mỹ","Bỏ qua (Lỗi máy chủ) - Đã thử gửi lệnh xóa nhưng máy chủ Vinasynet không cập nhật (bản ghi bị khóa)","2026-09-19 13:31:09"
765,"H31.05.02.H31.09.2019.2556","30 bản (ERROR_SKIPPED)","Về việc cho ý kiến thẩm định dự án của các doanh nghiệp trên địa bàn xã Việt Cường, huyện Yên Mỹ","Bỏ qua (Lỗi máy chủ) - Đã thử gửi lệnh xóa nhưng máy chủ Vinasynet không cập nhật (bản ghi bị khóa)","2026-09-19 13:31:23"
766,"H31.05.02.H31.09.2019.2555","30 bản (ERROR_SKIPPED)","Về việc cho ý kiến thẩm định dự án của các doanh nghiệp trên địa bàn xã Trung Hưng, huyện Yên Mỹ","Bỏ qua (Lỗi máy chủ) - Đã thử gửi lệnh xóa nhưng máy chủ Vinasynet không cập nhật (bản ghi bị khóa)","2026-09-19 13:31:38"
767,"H31.05.02.H31.09.2019.2554","30 bản (ERROR_SKIPPED)","Về việc cho ý kiến thẩm định dự án của các doanh nghiệp trên địa bàn xã Trung Hoà, huyện Yên Mỹ","Bỏ qua (Lỗi máy chủ) - Đã thử gửi lệnh xóa nhưng máy chủ Vinasynet không cập nhật (bản ghi bị khóa)","2026-09-19 13:31:52"
768,"H31.05.02.H31.09.2019.2553","30 bản (ERROR_SKIPPED)","Về việc cho ý kiến thẩm định dự án của các doanh nghiệp trên địa bàn xã Thanh Long, huyện Yên Mỹ","Bỏ qua (Lỗi máy chủ) - Đã thử gửi lệnh xóa nhưng máy chủ Vinasynet không cập nhật (bản ghi bị khóa)","2026-09-19 13:32:06"
769,"H31.05.02.H31.09.2019.2545","30 bản (ERROR_SKIPPED)","Về việc cho ý kiến thẩm định dự án của các doanh nghiệp trên địa bàn xã Giai Phạm, huyện Yên Mỹ","Bỏ qua (Lỗi máy chủ) - Đã thử gửi lệnh xóa nhưng máy chủ Vinasynet không cập nhật (bản ghi bị khóa)","2026-09-19 13:32:21"
770,"H31.05.02.H31.09.2019.2544","30 bản (ERROR_SKIPPED)","Hồ sơ về việc cho ý kiến thẩm định dự án của các doanh nghiệp trên địa bàn xã Đồng Than, huyện Yên Mỹ","Bỏ qua (Lỗi máy chủ) - Đã thử gửi lệnh xóa nhưng máy chủ Vinasynet không cập nhật (bản ghi bị khóa)","2026-09-19 13:32:35"
771,"H31.05.02.H31.09.2019.2543","30 bản (ERROR_SKIPPED)","Hồ sơ về việc cho ý kiến thẩm định dự án của các doanh nghiệp trên địa bàn thị trấn Yên Mỹ, huyện Yên Mỹ","Bỏ qua (Lỗi máy chủ) - Đã thử gửi lệnh xóa nhưng máy chủ Vinasynet không cập nhật (bản ghi bị khóa)","2026-09-19 13:32:49"
772,"H31.05.02.H31.09.2019.2542","30 bản (ERROR_SKIPPED)","Hồ sơ về việc cho ý kiến thẩm định dự án của các doanh nghiệp trên địa bàn xã Tân Quang, huyện Văn Lâm","Bỏ qua (Lỗi máy chủ) - Đã thử gửi lệnh xóa nhưng máy chủ Vinasynet không cập nhật (bản ghi bị khóa)","2026-09-19 13:33:03"
773,"H31.05.02.H31.09.2019.2541","30 bản (ERROR_SKIPPED)","Hồ sơ tham gia ý kiến cho dự án đầu tư của Công ty cổ phần Vạn Tâm Thịnh để thực hiện dự án Nhà máy sản xuất gia công in, thêu trên vải sản xuất, lắp ráp đồ dùng và kinh doanh dịch vụ thương mại tổng hợp tại xã Minh Hải, huyện Văn Lâm","Bỏ qua (Lỗi máy chủ) - Đã thử gửi lệnh xóa nhưng máy chủ Vinasynet không cập nhật (bản ghi bị khóa)","2026-09-19 13:33:17"
774,"H31.05.02.H31.09.2019.2540","30 bản (ERROR_SKIPPED)","Hồ sơ về việc cho ý kiến thẩm định dự án của các doanh nghiệp trên địa bàn xã Minh Hải, huyện Văn Lâm","Bỏ qua (Lỗi máy chủ) - Đã thử gửi lệnh xóa nhưng máy chủ Vinasynet không cập nhật (bản ghi bị khóa)","2026-09-19 13:33:31"
775,"H31.05.02.H31.09.2019.2539","30 bản (ERROR_SKIPPED)","Về việc cho ý kiến thẩm định dự án của các doanh nghiệp trên địa bàn xã Lạc Đạo, huyện Văn Lâm","Bỏ qua (Lỗi máy chủ) - Đã thử gửi lệnh xóa nhưng máy chủ Vinasynet không cập nhật (bản ghi bị khóa)","2026-09-19 13:33:46"
776,"H31.05.02.H31.09.2019.2538","30 bản (ERROR_SKIPPED)","Về việc cho ý kiến thẩm định dự án của các doanh nghiệp trên địa bàn xã Chỉ Đạo, huyện Văn Lâm (Tập 2)","Bỏ qua (Lỗi máy chủ) - Đã thử gửi lệnh xóa nhưng máy chủ Vinasynet không cập nhật (bản ghi bị khóa)","2026-09-19 13:34:00"
777,"H31.05.02.H31.09.2019.2537","30 bản (ERROR_SKIPPED)","Hồ sơ về việc cho ý kiến thẩm định dự án của các doanh nghiệp trên địa bàn xã Chỉ Đạo huyện Văn Lâm (tập 1)","Bỏ qua (Lỗi máy chủ) - Đã thử gửi lệnh xóa nhưng máy chủ Vinasynet không cập nhật (bản ghi bị khóa)","2026-09-19 13:34:14"
778,"H31.05.02.H31.09.2019.2536","31 bản (ERROR_SKIPPED)","Hồ sơ về việc cho ý kiến thẩm định dự án của các doanh nghiệp trên địa bàn huyện Văn Lâm","Bỏ qua (Lỗi máy chủ) - Đã thử gửi lệnh xóa nhưng máy chủ Vinasynet không cập nhật (bản ghi bị khóa)","2026-09-19 13:34:28"
779,"H31.05.02.H31.09.2019.2535","31 bản (ERROR_SKIPPED)","Hồ sơ khảo sát đo vẽ bản đồ địa hình tỷ lệ 1/10000 đồ án điều chỉnh quy hoạch chung thành phố Hưng Yên đến năm 2035","Bỏ qua (Lỗi máy chủ) - Đã thử gửi lệnh xóa nhưng máy chủ Vinasynet không cập nhật (bản ghi bị khóa)","2026-09-19 13:34:42"
780,"H31.05.02.H31.09.2019.2534","31 bản (ERROR_SKIPPED)","Về việc cho ý kiến thẩm định dự án của các doanh nghiệp trên địa bàn xã Vĩnh Khúc, huyện Yên Mỹ","Bỏ qua (Lỗi máy chủ) - Đã thử gửi lệnh xóa nhưng máy chủ Vinasynet không cập nhật (bản ghi bị khóa)","2026-09-19 13:34:56"
781,"H31.05.02.H31.09.2019.2533","31 bản (ERROR_SKIPPED)","Về việc cho ý kiến thẩm định dự án của các doanh nghiệp trên địa bàn xã Xuân Quan, huyện Yên Mỹ","Bỏ qua (Lỗi máy chủ) - Đã thử gửi lệnh xóa nhưng máy chủ Vinasynet không cập nhật (bản ghi bị khóa)","2026-09-19 13:35:10"
782,"H31.05.02.H31.09.2019.2532","31 bản (ERROR_SKIPPED)","Về việc cho ý kiến thẩm định dự án của các doanh nghiệp trên địa bàn xã Long Hưng, huyện Yên Mỹ","Bỏ qua (Lỗi máy chủ) - Đã thử gửi lệnh xóa nhưng máy chủ Vinasynet không cập nhật (bản ghi bị khóa)","2026-09-19 13:35:24"
783,"H31.05.02.H31.09.2019.2531","31 bản (ERROR_SKIPPED)","Về việc cho ý kiến thẩm định dự án của các doanh nghiệp trên địa bàn huyện Văn Giang","Bỏ qua (Lỗi máy chủ) - Đã thử gửi lệnh xóa nhưng máy chủ Vinasynet không cập nhật (bản ghi bị khóa)","2026-09-19 13:35:38"
784,"H31.05.02.H31.09.2019.2530","31 bản (ERROR_SKIPPED)","Về việc cho ý kiến thẩm định dự án của các doanh nghiệp trên địa bàn huyện Tiên Lữ","Bỏ qua (Lỗi máy chủ) - Đã thử gửi lệnh xóa nhưng máy chủ Vinasynet không cập nhật (bản ghi bị khóa)","2026-09-19 13:35:53"
785,"H31.05.02.H31.09.2019.2529","31 bản (ERROR_SKIPPED)","Về việc cho ý kiến thẩm định dự án của các doanh nghiệp trên địa bàn huyện Phù Cừ","Bỏ qua (Lỗi máy chủ) - Đã thử gửi lệnh xóa nhưng máy chủ Vinasynet không cập nhật (bản ghi bị khóa)","2026-09-19 13:36:07"
786,"H31.05.02.H31.09.2019.2528","31 bản (ERROR_SKIPPED)","Về việc cho ý kiến thẩm định dự án của các doanh nghiệp trên địa bàn xã Xuân Dục, huyện Mỹ Hào","Bỏ qua (Lỗi máy chủ) - Đã thử gửi lệnh xóa nhưng máy chủ Vinasynet không cập nhật (bản ghi bị khóa)","2026-09-19 13:36:21"
787,"H31.05.02.H31.09.2019.2527","31 bản (ERROR_SKIPPED)","Về việc cho ý kiến thẩm định dự án của các doanh nghiệp trên địa bàn xã Phan Đình Phùng, huyện Mỹ Hào","Bỏ qua (Lỗi máy chủ) - Đã thử gửi lệnh xóa nhưng máy chủ Vinasynet không cập nhật (bản ghi bị khóa)","2026-09-19 13:36:35"
788,"H31.05.02.H31.09.2019.2526","31 bản (ERROR_SKIPPED)","Về việc cho ý kiến thẩm định dự án của các doanh nghiệp trên địa bàn xã Nhân Hoà, huyện Mỹ Hào","Bỏ qua (Lỗi máy chủ) - Đã thử gửi lệnh xóa nhưng máy chủ Vinasynet không cập nhật (bản ghi bị khóa)","2026-09-19 13:36:49"
789,"H31.05.02.H31.09.2019.2525","31 bản (ERROR_SKIPPED)","Thẩm định điều chỉnh quy hoạt chi tiết xây dựng tỷ lệ 1/500 dự án Khu nhà ở Xã hội, nhà ở thương mại Ánh Khoa tại thị trấn Yên Mỹ, huyện Yên Mỹ","Bỏ qua (Lỗi máy chủ) - Đã thử gửi lệnh xóa nhưng máy chủ Vinasynet không cập nhật (bản ghi bị khóa)","2026-09-19 13:37:03"
790,"H31.05.02.H31.09.2019.2524","31 bản (ERROR_SKIPPED)","Thẩm định nhiệm vụ, nhiệm vụ điều chỉnh quy hoạch chi tiết xây dựng tỷ lệ 1/500 Dự án ĐTXD khu nhà ở thương mại nhà ở đô thị tại huyện Yên Mỹ và huyện Mỹ Hào","Bỏ qua (Lỗi máy chủ) - Đã thử gửi lệnh xóa nhưng máy chủ Vinasynet không cập nhật (bản ghi bị khóa)","2026-09-19 13:37:17"
791,"H31.05.02.H31.09.2019.2523","31 bản (ERROR_SKIPPED)","Thẩm định, phê duyệt nhiệm vụ lập quy hoạch chi tiết tỷ lệ 1/500 Khu nhà ở An Thịnh tại thị trấn Yên Mỹ, huyện Yên Mỹ","Bỏ qua (Lỗi máy chủ) - Đã thử gửi lệnh xóa nhưng máy chủ Vinasynet không cập nhật (bản ghi bị khóa)","2026-09-19 13:37:32"
792,"H31.05.02.H31.09.2019.2522","31 bản (ERROR_SKIPPED)","Về việc cho ý kiến thẩm định dự án của các doanh nghiệp trên địa bàn xã Ngọc Lâm, huyện Mỹ Hào.","Bỏ qua (Lỗi máy chủ) - Đã thử gửi lệnh xóa nhưng máy chủ Vinasynet không cập nhật (bản ghi bị khóa)","2026-09-19 13:37:46"
793,"H31.05.02.H31.09.2019.2517","31 bản (ERROR_SKIPPED)","Về việc cho ý kiến thẩm định dự án của các doanh nghiệp trên địa bàn xã Phùng Chí Kiên và xã Cẩm Xá, huyện Mỹ Hào","Bỏ qua (Lỗi máy chủ) - Đã thử gửi lệnh xóa nhưng máy chủ Vinasynet không cập nhật (bản ghi bị khóa)","2026-09-19 13:38:00"
794,"H31.05.02.H31.09.2019.2516","31 bản (ERROR_SKIPPED)","Về việc cho ý kiến thẩm định dự án của của các doanh nghiệp trên địa bàn xã Bạch Sam, huyện Mỹ Hào","Bỏ qua (Lỗi máy chủ) - Đã thử gửi lệnh xóa nhưng máy chủ Vinasynet không cập nhật (bản ghi bị khóa)","2026-09-19 13:38:14"
795,"H31.05.02.H31.09.2019.2515","31 bản (ERROR_SKIPPED)","Về việc cho ý kiến thẩm định dự án của các doanh nghiệp trên địa bàn thị trấn Bần Yên Nhân, huyện Mỹ Hào","Bỏ qua (Lỗi máy chủ) - Đã thử gửi lệnh xóa nhưng máy chủ Vinasynet không cập nhật (bản ghi bị khóa)","2026-09-19 13:38:28"
796,"H31.05.02.H31.09.2019.2514","31 bản (ERROR_SKIPPED)","Về việc cho ý kiến thẩm định dự án của các doanh nghiệp trên địa bàn xã Toàn Thắng, huyện Kim Động (tập 2)","Bỏ qua (Lỗi máy chủ) - Đã thử gửi lệnh xóa nhưng máy chủ Vinasynet không cập nhật (bản ghi bị khóa)","2026-09-19 13:38:42"
797,"H31.05.02.H31.09.2019.2513","31 bản (ERROR_SKIPPED)","Về việc cho ý kiến thẩm định dự án của các doanh nghiệp trên địa bàn xã Toàn Thắng, huyện Kim Động (tập 1)","Bỏ qua (Lỗi máy chủ) - Đã thử gửi lệnh xóa nhưng máy chủ Vinasynet không cập nhật (bản ghi bị khóa)","2026-09-19 13:38:56"
798,"H31.05.02.H31.09.2019.2512","31 bản (ERROR_SKIPPED)","Về việc cho ý kiến thẩm định dự án của các doanh nghiệp trên địa bàn xã Nhân La, huyện Kim Động","Bỏ qua (Lỗi máy chủ) - Đã thử gửi lệnh xóa nhưng máy chủ Vinasynet không cập nhật (bản ghi bị khóa)","2026-09-19 13:39:10"
799,"H31.05.02.H31.09.2019.2511","31 bản (ERROR_SKIPPED)","Về việc cho ý kiến thẩm định dự án của các doanh nghiệp trên địa bàn xã Nghĩa Dân, huyện Kim Động","Bỏ qua (Lỗi máy chủ) - Đã thử gửi lệnh xóa nhưng máy chủ Vinasynet không cập nhật (bản ghi bị khóa)","2026-09-19 13:39:25"
800,"H31.05.02.H31.09.2019.2510","31 bản (ERROR_SKIPPED)","Về việc cho ý kiến thẩm định dự án của các doanh nghiệp trên địa bàn huyện Kim Động, tỉnh Hưng Yên","Bỏ qua (Lỗi máy chủ) - Đã thử gửi lệnh xóa nhưng máy chủ Vinasynet không cập nhật (bản ghi bị khóa)","2026-09-19 13:39:39"
801,"H31.05.02.H31.09.2019.2509","31 bản (ERROR_SKIPPED)","Về việc cho ý kiến thẩm định dự án của các doanh nghiệp trên địa bàn xã Ông Đình, huyện Khoái Châu","Bỏ qua (Lỗi máy chủ) - Đã thử gửi lệnh xóa nhưng máy chủ Vinasynet không cập nhật (bản ghi bị khóa)","2026-09-19 13:39:53"
802,"H31.05.02.H31.09.2019.2508","31 bản (ERROR_SKIPPED)","Về việc cho ý kiến thẩm định dự án của các doanh nghiệp trên địa bàn xã An Vĩ, huyện Khoái Châu","Bỏ qua (Lỗi máy chủ) - Đã thử gửi lệnh xóa nhưng máy chủ Vinasynet không cập nhật (bản ghi bị khóa)","2026-09-19 13:40:07"
803,"H31.05.02.H31.09.2019.2507","31 bản (ERROR_SKIPPED)","Về việc cho ý kiến thẩm định dự án của các doanh nghiệp trên địa bàn xã, huyện Khoái Châu, tỉnh Hưng Yên","Bỏ qua (Lỗi máy chủ) - Đã thử gửi lệnh xóa nhưng máy chủ Vinasynet không cập nhật (bản ghi bị khóa)","2026-09-19 13:40:21"
804,"H31.05.02.H31.09.2019.2502","31 bản (ERROR_SKIPPED)","Về việc cho ý kiến thẩm định dự án của các doanh nghiệp trên địa bàn xã, huyện Ân Thi (tập 1)","Bỏ qua (Lỗi máy chủ) - Đã thử gửi lệnh xóa nhưng máy chủ Vinasynet không cập nhật (bản ghi bị khóa)","2026-09-19 13:40:35"
805,"H31.05.02.H31.09.2019.2501D","31 bản (ERROR_SKIPPED)","Vị trí xây dựng các Khu dân cư trên địa bàn thành phố Hưng Yên để đấu giá quyền sử dụng đất năm 2019","Bỏ qua (Lỗi máy chủ) - Đã thử gửi lệnh xóa nhưng máy chủ Vinasynet không cập nhật (bản ghi bị khóa)","2026-09-19 13:40:49"
806,"H31.05.02.H31.09.2019.2501C","31 bản (ERROR_SKIPPED)","Đề nghị phê duyệt vị trí thực hiện dự án đầu từ xây dựng các công trình trên địa bàn tỉnh Hưng Yên năm 2019","Bỏ qua (Lỗi máy chủ) - Đã thử gửi lệnh xóa nhưng máy chủ Vinasynet không cập nhật (bản ghi bị khóa)","2026-09-19 13:41:03"
807,"H31.05.02.H31.09.2019.2501A","31 bản (ERROR_SKIPPED)","Phương án kiến trúc mẫu nhà liền kề số 01, 01B, 02 điển hình, 02A, 03, 04, 05, 06, 07, 08, 09 thuộc dự án ĐTXD nhà liền kề để bán của Công ty TNHH đầu tư xây dựng thương mại Thành Hưng tại thị trấn Bần Yên Nhân, huyện Mỹ Hào năm 2019","Bỏ qua (Lỗi máy chủ) - Đã thử gửi lệnh xóa nhưng máy chủ Vinasynet không cập nhật (bản ghi bị khóa)","2026-09-19 13:41:18"
808,"H31.05.02.H31.09.2019.2501","50 bản (ERROR_SKIPPED)","Vị trí xây dựng các Khu dân cư trên địa bàn thành phố Hưng Yên để đấu giá quyền sử dụng đất năm 2019","Bỏ qua (Lỗi máy chủ) - Đã thử gửi lệnh xóa nhưng máy chủ Vinasynet không cập nhật (bản ghi bị khóa)","2026-09-19 13:41:32"
809,"H31.05.02.H31.09.2019.2500","31 bản (ERROR_SKIPPED)","Phương án kiến trúc công trình tổ hợp chung cư thu nhập thấp khu nhà ở dịch vụ Khu công nghiệp Phố Nối tại xã Nghĩa Hiệp, huyện Yên Mỹ","Bỏ qua (Lỗi máy chủ) - Đã thử gửi lệnh xóa nhưng máy chủ Vinasynet không cập nhật (bản ghi bị khóa)","2026-09-19 13:41:46"
810,"H31.05.02.H31.09.2019.2499","31 bản (ERROR_SKIPPED)","Phương án thiết kế kiến trúc công trình khách sạn Quỳnh Trang thuộc dự án khu thương mại và dịch vụ Quỳnh Trang tại xã Trưng Trắc, huyện Văn Lâm","Bỏ qua (Lỗi máy chủ) - Đã thử gửi lệnh xóa nhưng máy chủ Vinasynet không cập nhật (bản ghi bị khóa)","2026-09-19 13:42:00"
811,"H31.05.02.H31.09.2019.2498","31 bản (ERROR_SKIPPED)","Phương án thiết kế kiến trúc công trình. 02 cầu đi bộ qua kênh Bắc Hưng Hải tại khu đô thị Ecopark, huyện Văn Giang","Bỏ qua (Lỗi máy chủ) - Đã thử gửi lệnh xóa nhưng máy chủ Vinasynet không cập nhật (bản ghi bị khóa)","2026-09-19 13:42:14"
812,"H31.05.02.H31.09.2019.2501B","31 bản (ERROR_SKIPPED)","Chấp thuận cao độ mặt bằng, hướng và tiết điện thoát nước ĐT385 ( đoạn chợ Như Quỳnh) năm 2019","Bỏ qua (Lỗi máy chủ) - Đã thử gửi lệnh xóa nhưng máy chủ Vinasynet không cập nhật (bản ghi bị khóa)","2026-09-19 13:42:28"
813,"H31.05.02.H31.09.2019.2497","31 bản (ERROR_SKIPPED)","Hồ sơ phương án thiết kế kiến trúc các mẫu nhà thuộc Khu biệt thư Mimosa Valley và khu nhà phố Thảo Nguyên, nằm trong phân khu 9-12 Khu đô thị thương mại và du lịch Văn Giang (Ecorpark) tại xã Xuân Quan, huyện Văn Giang","Bỏ qua (Lỗi máy chủ) - Đã thử gửi lệnh xóa nhưng máy chủ Vinasynet không cập nhật (bản ghi bị khóa)","2026-09-19 13:42:42"
814,"H31.05.02.H31.09.2019.2496","31 bản (ERROR_SKIPPED)","Hồ sơ về việc điều chỉnh thiết kế 1 số chức năng của 04 tòa tháp A1, A2, B2, B3 thuộc khu căn hộ Vĩnh Thụy thuộc phân khu 9-12 khu đô thị thương mại và du lịch Văn Giang (Ecorpark) huyện Văn Giang","Bỏ qua (Lỗi máy chủ) - Đã thử gửi lệnh xóa nhưng máy chủ Vinasynet không cập nhật (bản ghi bị khóa)","2026-09-19 13:42:56"
815,"H31.05.02.H31.09.2019.2495","31 bản (ERROR_SKIPPED)","Phương án thiết kế kiến trúc các hạng mục công trình Khu căn hộ Vịnh Thủy thuộc Khu đô thị thương mại và du lịch Văn Giang","Bỏ qua (Lỗi máy chủ) - Đã thử gửi lệnh xóa nhưng máy chủ Vinasynet không cập nhật (bản ghi bị khóa)","2026-09-19 13:43:10"
816,"H31.05.02.H31.09.2019.2493","31 bản (ERROR_SKIPPED)","Phương án thiết kế kiến trúc công trình xây dựng biểu tượng tại bùng binh","Bỏ qua (Lỗi máy chủ) - Đã thử gửi lệnh xóa nhưng máy chủ Vinasynet không cập nhật (bản ghi bị khóa)","2026-09-19 13:43:25"
817,"H31.05.02.H31.09.2019.2492","31 bản (ERROR_SKIPPED)","Phương án kiến trúc công trình Quỹ tín dụng nhân dân Dị Chế tại xã Dị Chế, huyện Tiên Lữ","Bỏ qua (Lỗi máy chủ) - Đã thử gửi lệnh xóa nhưng máy chủ Vinasynet không cập nhật (bản ghi bị khóa)","2026-09-19 13:43:39"
818,"H31.05.02.H31.09.2019.2491","31 bản (ERROR_SKIPPED)","Về điều chỉnh phương án thiết kế kiến trúc công trình Trung tâm thương mại dịch vụ 1, thuộc dự án Khu nhà ở công nhân, nhà ở thương mại Lạc Hồng - Phố Nối, phường Nhân Hòa, thị xã Mỹ Hào","Bỏ qua (Lỗi máy chủ) - Đã thử gửi lệnh xóa nhưng máy chủ Vinasynet không cập nhật (bản ghi bị khóa)","2026-09-19 13:43:53"
819,"H31.05.02.H31.09.2018.2455","31 bản (ERROR_SKIPPED)","Về việc đề nghị phê duyệt nhiệm vụ lập quy hoạch phân khu xây dựng tỷ lệ 1/2000 Khu đô thị Văn Giang, huyện Văn Giang, tỉnh Hưng Yên năm 2018","Bỏ qua (Lỗi máy chủ) - Đã thử gửi lệnh xóa nhưng máy chủ Vinasynet không cập nhật (bản ghi bị khóa)","2026-09-19 13:44:07"
820,"H31.05.02.H31.09.2018.2454K","31 bản (ERROR_SKIPPED)","Về việc tham gia ý kiến cho đồ án Quy hoạch chi tiết xây dựng tỷ lệ 1/500 Khu dân cư mới phường Lam Sơn (sau khu đô thị Tân Phố Hiến), TP. Hưng Yên năm 2018","Bỏ qua (Lỗi máy chủ) - Đã thử gửi lệnh xóa nhưng máy chủ Vinasynet không cập nhật (bản ghi bị khóa)","2026-09-19 13:44:21"
821,"H31.05.02.H31.09.2018.2454I","31 bản (ERROR_SKIPPED)","Tham gia ý kiến về đồ án điều chỉnh quy hoạch chi tiết xây dựng tỷ lệ 1/500 dự án đất dịch vụ xã Cửu Cao, huyện Văn Giang năm 2018","Bỏ qua (Lỗi máy chủ) - Đã thử gửi lệnh xóa nhưng máy chủ Vinasynet không cập nhật (bản ghi bị khóa)","2026-09-19 13:44:35"
822,"H31.05.02.H31.09.2018.2454H","31 bản (ERROR_SKIPPED)","Thẩm định đồ án quy hoạch vùng huyện Yên Mỹ đến năm 2028, tầm nhìn đến năm 2035 năm 2018.","Bỏ qua (Lỗi máy chủ) - Đã thử gửi lệnh xóa nhưng máy chủ Vinasynet không cập nhật (bản ghi bị khóa)","2026-09-19 13:44:49"
823,"H31.05.02.H31.09.2018.2454G","31 bản (ERROR_SKIPPED)","Chủ trương lập quy hoạch điều chỉnh quy hoạch chung thị trấn Trần Cao, huyện Phù Cừ năm 2018","Bỏ qua (Lỗi máy chủ) - Đã thử gửi lệnh xóa nhưng máy chủ Vinasynet không cập nhật (bản ghi bị khóa)","2026-09-19 13:45:03"
824,"H31.05.02.H31.09.2018.2454F","31 bản (ERROR_SKIPPED)","Tham gia ý kiến về quy hoạch chi tiết tỷ lệ 1/500 Khu dân cư mới xã Bảo khê, thành phố Hưng Yên năm 2018","Bỏ qua (Lỗi máy chủ) - Đã thử gửi lệnh xóa nhưng máy chủ Vinasynet không cập nhật (bản ghi bị khóa)","2026-09-19 13:45:18"
825,"H31.05.02.H31.09.2018.2454Đ","0 bản (NOT_FOUND)","Bản ghi #1","Không tìm thấy hồ sơ - Không tìm thấy hồ sơ nào với mã này trên hệ thống Vinasynet","2026-09-19 13:45:22"
826,"H31.05.02.H31.09.2018.2454E","31 bản (ERROR_SKIPPED)","Góp ý kiến vào Đồ án quy hoạch vùng huyện Yên Mỹ năm 2018","Bỏ qua (Lỗi máy chủ) - Đã thử gửi lệnh xóa nhưng máy chủ Vinasynet không cập nhật (bản ghi bị khóa)","2026-09-19 13:45:36"
827,"H31.05.02.H31.09.2018.2454D","31 bản (ERROR_SKIPPED)","Tham gia ý kiến về các nội chung điều chỉnh quy hoạch xây dựng nông thôn mới xã Cửu Cao, Xuân Quan, huyện Văn Giang, năm 2018","Bỏ qua (Lỗi máy chủ) - Đã thử gửi lệnh xóa nhưng máy chủ Vinasynet không cập nhật (bản ghi bị khóa)","2026-09-19 13:45:50"
828,"H31.05.02.H31.09.2018.2454C","31 bản (ERROR_SKIPPED)","Tham gia ý kiến về quy hoạch chi tiết tỷ lệ 1/500 Khu dân cư mới xã Quảng Châu, thành phố Hưng Yên năm 2018","Bỏ qua (Lỗi máy chủ) - Đã thử gửi lệnh xóa nhưng máy chủ Vinasynet không cập nhật (bản ghi bị khóa)","2026-09-19 13:46:04"
829,"H31.05.02.H31.09.2018.2454B","31 bản (ERROR_SKIPPED)","Tham gia ý kiến về xây dựng hệ thống cây xanh, vỉa hè, mương thoát nước trong phạm vị bảo vệ KCHTGT đường bộ ĐT.379 và ĐT.382 của trường Hải quan Việt Nam năm 2018","Bỏ qua (Lỗi máy chủ) - Đã thử gửi lệnh xóa nhưng máy chủ Vinasynet không cập nhật (bản ghi bị khóa)","2026-09-19 13:46:18"
830,"H31.05.02.H31.09.2018.2454A","31 bản (ERROR_SKIPPED)","Tham gia ý kiến về dự ám của Công ty Cổ phần Sợi Trà Lý Hưng Yên tại xã Lý Thường Kiệt, huyện Yên Mỹ năm 2018","Bỏ qua (Lỗi máy chủ) - Đã thử gửi lệnh xóa nhưng máy chủ Vinasynet không cập nhật (bản ghi bị khóa)","2026-09-19 13:46:32"
831,"H31.05.02.H31.09.2018.2454","50 bản (ERROR_SKIPPED)","Về việc tham gia ý kiến cho đồ án Quy hoạch chi tiết xây dựng tỷ lệ 1/500 Khu dân cư mới phường Lam Sơn (sau khu đô thị Tân Phố Hiến), TP. Hưng Yên năm 2018","Bỏ qua (Lỗi máy chủ) - Đã thử gửi lệnh xóa nhưng máy chủ Vinasynet không cập nhật (bản ghi bị khóa)","2026-09-19 13:46:46"
832,"H31.05.02.H31.09.2018.2453","31 bản (ERROR_SKIPPED)","Về việc cho ý kiến thẩm định dự án của doanh nghiệp trên địa bàn xã Ngọc Long và xã Thanh Long huyện Yên Mỹ năm 2018","Bỏ qua (Lỗi máy chủ) - Đã thử gửi lệnh xóa nhưng máy chủ Vinasynet không cập nhật (bản ghi bị khóa)","2026-09-19 13:47:00"
833,"H31.05.02.H31.09.2018.2452","31 bản (ERROR_SKIPPED)","Về việc cho ý kiến thầm định dự án của các doanh nghiệp trên địa bàn xã Đồng Than và xã Ngọc Long, huyện Yên Mỹ năm 2018","Bỏ qua (Lỗi máy chủ) - Đã thử gửi lệnh xóa nhưng máy chủ Vinasynet không cập nhật (bản ghi bị khóa)","2026-09-19 13:47:14"
834,"H31.05.02.H31.09.2018.2451","31 bản (ERROR_SKIPPED)","Về việc cho ý kiến thẩm định dự án của các doanh nghiệp trên địa bàn xã Đồng Than và xã Giai phạm, huyện Yên Mỹ năm 2018","Bỏ qua (Lỗi máy chủ) - Đã thử gửi lệnh xóa nhưng máy chủ Vinasynet không cập nhật (bản ghi bị khóa)","2026-09-19 13:47:29"
835,"H31.05.02.H31.09.2018.2445","31 bản (ERROR_SKIPPED)","Về việc cho ý kiến thẩm định dự án của các doanh nghiệp trên địa bàn xã Trung Hưng, huyện Yên Mỹ năm 2018","Bỏ qua (Lỗi máy chủ) - Đã thử gửi lệnh xóa nhưng máy chủ Vinasynet không cập nhật (bản ghi bị khóa)","2026-09-19 13:47:43"
836,"H31.05.02.H31.09.2018.2444","31 bản (ERROR_SKIPPED)","Về việc cho ý kiến thẩm định dự án của các doanh nghiệp trên địa bàn xã Trung Hòa, huyện Yên Mỹ năm 2018","Bỏ qua (Lỗi máy chủ) - Đã thử gửi lệnh xóa nhưng máy chủ Vinasynet không cập nhật (bản ghi bị khóa)","2026-09-19 13:47:57"
837,"H31.05.02.H31.09.2018.2443","31 bản (ERROR_SKIPPED)","Về việc cho ý kiến thẩm định dự án của các doanh nghiệp trên địa bàn xã Tân Việt, huyện Yên Mỹ năm 2018","Bỏ qua (Lỗi máy chủ) - Đã thử gửi lệnh xóa nhưng máy chủ Vinasynet không cập nhật (bản ghi bị khóa)","2026-09-19 13:48:11"
838,"H31.05.02.H31.09.2018.2442","31 bản (ERROR_SKIPPED)","Về việc cho ý kiến thẩm định dự án của các doanh nghiệp trên địa bàn xã Tân Lập, huyện Yên Mỹ năm 2018","Bỏ qua (Lỗi máy chủ) - Đã thử gửi lệnh xóa nhưng máy chủ Vinasynet không cập nhật (bản ghi bị khóa)","2026-09-19 13:48:25"
839,"H31.05.02.H31.09.2018.2441","31 bản (ERROR_SKIPPED)","Về việc cho ý kiến thẩm định dự án của các doanh nghiệp trên địa bàn xã Ngọc Long, huyện Yên Mỹ năm 2018","Bỏ qua (Lỗi máy chủ) - Đã thử gửi lệnh xóa nhưng máy chủ Vinasynet không cập nhật (bản ghi bị khóa)","2026-09-19 13:48:39"
840,"H31.05.02.H31.09.2018.2440","31 bản (ERROR_SKIPPED)","Về việc cho ý kiến thẩm định dự án của các doanh nghiệp trên địa bàn xã Nghĩa Hiệp, huyện Yên Mỹ năm 2018","Bỏ qua (Lỗi máy chủ) - Đã thử gửi lệnh xóa nhưng máy chủ Vinasynet không cập nhật (bản ghi bị khóa)","2026-09-19 13:48:53"
841,"H31.05.02.H31.09.2018.2439","31 bản (ERROR_SKIPPED)","Về việc cho ý kiến thẩm định dự án của các doanh nghiệp trên địa bàn xã Minh Châu, huyện Yên Mỹ năm 2018","Bỏ qua (Lỗi máy chủ) - Đã thử gửi lệnh xóa nhưng máy chủ Vinasynet không cập nhật (bản ghi bị khóa)","2026-09-19 13:49:07"
842,"H31.05.02.H31.09.2018.2438","31 bản (ERROR_SKIPPED)","Về việc cho ý kiến thẩm định dự án của các doanh nghiệp trên địa bàn xã Lý Thường Kiệt, huyện Yên Mỹ năm 2018","Bỏ qua (Lỗi máy chủ) - Đã thử gửi lệnh xóa nhưng máy chủ Vinasynet không cập nhật (bản ghi bị khóa)","2026-09-19 13:49:21"
843,"H31.05.02.H31.09.2018.2437","31 bản (ERROR_SKIPPED)","Về việc cho ý kiến thẩm định dự án của các doanh nghiệp trên địa bàn xã Liêu Xá, huyện Yên Mỹ năm 2018","Bỏ qua (Lỗi máy chủ) - Đã thử gửi lệnh xóa nhưng máy chủ Vinasynet không cập nhật (bản ghi bị khóa)","2026-09-19 13:49:35"
844,"H31.05.02.H31.09.2018.2436","31 bản (ERROR_SKIPPED)","Về việc cho ý kiến thẩm định dự án của các doanh nghiệp trên địa bàn xã Hoàn Long, huyện Yên Mỹ năm 2018","Bỏ qua (Lỗi máy chủ) - Đã thử gửi lệnh xóa nhưng máy chủ Vinasynet không cập nhật (bản ghi bị khóa)","2026-09-19 13:49:50"
845,"H31.05.02.H31.09.2018.2435","31 bản (ERROR_SKIPPED)","Về việc cho ý kiến thẩm định dự án của các doanh nghiệp trên địa bàn xã Giai Phạm, huyện Yên Mỹ năm 2018","Bỏ qua (Lỗi máy chủ) - Đã thử gửi lệnh xóa nhưng máy chủ Vinasynet không cập nhật (bản ghi bị khóa)","2026-09-19 13:50:04"
846,"H31.05.02.H31.09.2018.2434","31 bản (ERROR_SKIPPED)","Về việc cho ý kiến thẩm định dự án của các doanh nghiệp trên địa bàn xã Đồng Than, huyện Yên Mỹ năm 2018","Bỏ qua (Lỗi máy chủ) - Đã thử gửi lệnh xóa nhưng máy chủ Vinasynet không cập nhật (bản ghi bị khóa)","2026-09-19 13:50:18"
847,"H31.05.02.H31.09.2018.2433","31 bản (ERROR_SKIPPED)","Về việc cho ý kiến thẩm định dự án của các doanh nghiệp trên địa bàn thị trấn Yên Mỹ, huyện Yên Mỹ năm 2018","Bỏ qua (Lỗi máy chủ) - Đã thử gửi lệnh xóa nhưng máy chủ Vinasynet không cập nhật (bản ghi bị khóa)","2026-09-19 13:50:32"
848,"H31.05.02.H31.09.2018.2432","31 bản (ERROR_SKIPPED)","Về việc cho ý kiến thẩm định dự án của các doanh nghiệp trên địa bàn xã Trưng Trắc, huyện Văn Lâm năm 2018 (tập 2)","Bỏ qua (Lỗi máy chủ) - Đã thử gửi lệnh xóa nhưng máy chủ Vinasynet không cập nhật (bản ghi bị khóa)","2026-09-19 13:50:46"
849,"H31.05.02.H31.09.2018.2431","31 bản (ERROR_SKIPPED)","Về việc cho ý kiến thẩm định dự án của các doanh nghiệp trên địa bàn xã Trưng Trắc, huyện Văn Lâm năm 2018 (tập 1)","Bỏ qua (Lỗi máy chủ) - Đã thử gửi lệnh xóa nhưng máy chủ Vinasynet không cập nhật (bản ghi bị khóa)","2026-09-19 13:51:00"
850,"H31.05.02.H31.09.2018.2429","31 bản (ERROR_SKIPPED)","Về việc cho ý kiến thẩm định dự án của các doanh nghiệp trên địa bàn xã Minh Hải, huyện Văn Lâm năm 2018","Bỏ qua (Lỗi máy chủ) - Đã thử gửi lệnh xóa nhưng máy chủ Vinasynet không cập nhật (bản ghi bị khóa)","2026-09-19 13:51:14"
851,"H31.05.02.H31.09.2018.2428","31 bản (ERROR_SKIPPED)","Về việc cho ý kiến thẩm định dự án của các doanh nghiệp trên địa bàn xã Lạc Đạo, huyện Văn Lâm năm 2018","Bỏ qua (Lỗi máy chủ) - Đã thử gửi lệnh xóa nhưng máy chủ Vinasynet không cập nhật (bản ghi bị khóa)","2026-09-19 13:51:28"
852,"H31.05.02.H31.09.2018.2427","31 bản (ERROR_SKIPPED)","Về việc cho ý kiến thẩm định dự án của các doanh nghiệp trên địa bàn xã Đại Đồng, huyện Văn Lâm năm 2018","Bỏ qua (Lỗi máy chủ) - Đã thử gửi lệnh xóa nhưng máy chủ Vinasynet không cập nhật (bản ghi bị khóa)","2026-09-19 13:51:42"
853,"H31.05.02.H31.09.2018.2426","31 bản (ERROR_SKIPPED)","Về việc cho ý kiến thẩm định dự án của các doanh nghiệp trên địa bàn xã Chỉ Đạo, huyện Văn Lâm năm 2018","Bỏ qua (Lỗi máy chủ) - Đã thử gửi lệnh xóa nhưng máy chủ Vinasynet không cập nhật (bản ghi bị khóa)","2026-09-19 13:51:56"
854,"H31.05.02.H31.09.2018.2425","31 bản (ERROR_SKIPPED)","Về việc cho ý kiến thẩm định dự án của các doanh nghiệp trên địa bàn thị trấn Như Quỳnh, huyện Văn Lâm năm 2018 (Tập 2)","Bỏ qua (Lỗi máy chủ) - Đã thử gửi lệnh xóa nhưng máy chủ Vinasynet không cập nhật (bản ghi bị khóa)","2026-09-19 13:52:11"
855,"H31.05.02.H31.09.2018.2420","31 bản (ERROR_SKIPPED)","Về việc cho ý kiến thẩm định dự án của các doanh nghiệp trên địa bàn xã Tân Tiến, huyện Văn Giang năm 2018 (Tập 2)","Bỏ qua (Lỗi máy chủ) - Đã thử gửi lệnh xóa nhưng máy chủ Vinasynet không cập nhật (bản ghi bị khóa)","2026-09-19 13:52:25"
856,"H31.05.02.H31.09.2018.2419","31 bản (ERROR_SKIPPED)","Về việc cho ý kiến thẩm định dự án của các doanh nghiệp trên địa bàn xã Tân Tiến, huyện Văn Giang năm 2018 (Tập 1)","Bỏ qua (Lỗi máy chủ) - Đã thử gửi lệnh xóa nhưng máy chủ Vinasynet không cập nhật (bản ghi bị khóa)","2026-09-19 13:52:39"
857,"H31.05.02.H31.09.2018.2418","31 bản (ERROR_SKIPPED)","Về việc cho ý kiến thẩm định dự án của các doanh nghiệp trên địa bàn xã Nghĩa Trụ, huyện Văn Giang năm 2018","Bỏ qua (Lỗi máy chủ) - Đã thử gửi lệnh xóa nhưng máy chủ Vinasynet không cập nhật (bản ghi bị khóa)","2026-09-19 13:52:53"
858,"H31.05.02.H31.09.2018.2417","31 bản (ERROR_SKIPPED)","Về việc cho ý kiến thẩm định dự án của các doanh nghiệp trên địa bàn xã Long Hưng, huyện Văn Giang năm 2018","Bỏ qua (Lỗi máy chủ) - Đã thử gửi lệnh xóa nhưng máy chủ Vinasynet không cập nhật (bản ghi bị khóa)","2026-09-19 13:53:07"
859,"H31.05.02.H31.09.2018.2416","31 bản (ERROR_SKIPPED)","Về việc cho ý kiến thẩm định dự án của các doanh nghiệp trên địa bàn thị trấn Văn Giang, huyện Văn Giang năm 2018","Bỏ qua (Lỗi máy chủ) - Đã thử gửi lệnh xóa nhưng máy chủ Vinasynet không cập nhật (bản ghi bị khóa)","2026-09-19 13:53:21"
860,"H31.05.02.H31.09.2018.2415","31 bản (ERROR_SKIPPED)","Về việc cho ý kiến thẩm định dự án của các doanh nghiệp trên địa bàn huyện Tiên Lữ năm 2018","Bỏ qua (Lỗi máy chủ) - Đã thử gửi lệnh xóa nhưng máy chủ Vinasynet không cập nhật (bản ghi bị khóa)","2026-09-19 13:53:35"
861,"H31.05.02.H31.09.2018.2414","31 bản (ERROR_SKIPPED)","Về việc cho ý kiến thẩm định Dự án của các doanh nghiệp trên địa bàn huyện Phù Cừ năm 2018","Bỏ qua (Lỗi máy chủ) - Đã thử gửi lệnh xóa nhưng máy chủ Vinasynet không cập nhật (bản ghi bị khóa)","2026-09-19 13:53:49"
862,"H31.05.02.H31.09.2018.2413","31 bản (ERROR_SKIPPED)","Về việc cho ý kiến thẩm định dự án của các doanh nghiệp trên địa bàn xã Xuân Dục, huyện Mỹ Hào năm 2018","Bỏ qua (Lỗi máy chủ) - Đã thử gửi lệnh xóa nhưng máy chủ Vinasynet không cập nhật (bản ghi bị khóa)","2026-09-19 13:54:04"
863,"H31.05.02.H31.09.2018.2412","31 bản (ERROR_SKIPPED)","Về việc cho ý kiến thẩm định dự án của các doanh nghiệp trên địa bàn xã Phùng Chí Kiên năm 2018.","Bỏ qua (Lỗi máy chủ) - Đã thử gửi lệnh xóa nhưng máy chủ Vinasynet không cập nhật (bản ghi bị khóa)","2026-09-19 13:54:18"
864,"H31.05.02.H31.09.2018.2411","31 bản (ERROR_SKIPPED)","Trả lởi ý kiến cho dự án của công ty cô phân công nghê Viễn thông Sài Gòn để thực hiện dự án đầu tư xây dựng hạ tầng kỹ thuật cụm công nghiệp Phan Đình Phùng 1 và 2 năm 2018, huyện Mỹ Hào","Bỏ qua (Lỗi máy chủ) - Đã thử gửi lệnh xóa nhưng máy chủ Vinasynet không cập nhật (bản ghi bị khóa)","2026-09-19 13:54:32"
865,"H31.05.02.H31.09.2018.2410","31 bản (ERROR_SKIPPED)","Về việc cho ý kiến thẩm định dự án của các doanh nghiệp trên địa bàn xã Phan Đình Phùng, huyện Mỹ Hào năm 2018","Bỏ qua (Lỗi máy chủ) - Đã thử gửi lệnh xóa nhưng máy chủ Vinasynet không cập nhật (bản ghi bị khóa)","2026-09-19 13:54:46"
866,"H31.05.02.H31.09.2018.2409","31 bản (ERROR_SKIPPED)","Về việc cho ý kiến thẩm định dự án của các doanh nghiệp trên địa bàn xã Minh Đức, huyện Mỹ Hào năm 2018","Bỏ qua (Lỗi máy chủ) - Đã thử gửi lệnh xóa nhưng máy chủ Vinasynet không cập nhật (bản ghi bị khóa)","2026-09-19 13:55:00"
867,"H31.05.02.H31.09.2018.2408","31 bản (ERROR_SKIPPED)","Về việc cho ý kiến thẩm định dự án của các doanh nghiệp trên địa bàn xã Nhân Hòa, huyện Mỹ Hào năm 2018","Bỏ qua (Lỗi máy chủ) - Đã thử gửi lệnh xóa nhưng máy chủ Vinasynet không cập nhật (bản ghi bị khóa)","2026-09-19 13:55:15"
868,"H31.05.02.H31.09.2018.2407","31 bản (ERROR_SKIPPED)","Về việc cho ý kiến thẩm định dự án của các doanh nghiệp trên địa bàn xã Long Hưng, huyện Mỹ Hào năm 2018","Bỏ qua (Lỗi máy chủ) - Đã thử gửi lệnh xóa nhưng máy chủ Vinasynet không cập nhật (bản ghi bị khóa)","2026-09-19 13:55:29"
869,"H31.05.02.H31.09.2018.2406","31 bản (ERROR_SKIPPED)","Về việc cho ý kiến thẩm định dự án của các doanh nghiệp trên địa bàn xã Dương Quang, huyện Mỹ Hào năm 2018","Bỏ qua (Lỗi máy chủ) - Đã thử gửi lệnh xóa nhưng máy chủ Vinasynet không cập nhật (bản ghi bị khóa)","2026-09-19 13:55:43"
870,"H31.05.02.H31.09.2018.2405","31 bản (ERROR_SKIPPED)","Về việc cho ý kiến thẩm định dự án của các doanh nghiệp trên địa bàn xã Dị Sử, huyện Mỹ Hào năm 2018","Bỏ qua (Lỗi máy chủ) - Đã thử gửi lệnh xóa nhưng máy chủ Vinasynet không cập nhật (bản ghi bị khóa)","2026-09-19 13:55:57"
871,"H31.05.02.H31.09.2018.2404","31 bản (ERROR_SKIPPED)","Về việc cho ý kiến thầm định dự án của các doanh nghiệp trên địa bàn xã Bạch Sam, huyện Mỹ Hào năm 2018","Bỏ qua (Lỗi máy chủ) - Đã thử gửi lệnh xóa nhưng máy chủ Vinasynet không cập nhật (bản ghi bị khóa)","2026-09-19 13:56:11"
872,"H31.05.02.H31.09.2018.2403","31 bản (ERROR_SKIPPED)","Về việc cho ý kiến thẩm định dự án của các doanh nghiệp trên địa bàn thị trấn Bần Yên Nhân, huyện Mỹ Hào năm 2018","Bỏ qua (Lỗi máy chủ) - Đã thử gửi lệnh xóa nhưng máy chủ Vinasynet không cập nhật (bản ghi bị khóa)","2026-09-19 13:56:25"
873,"H31.05.02.H31.09.2018.2402","31 bản (ERROR_SKIPPED)","Về việc cho ý kiến thẩm định dự án của các doanh nghiệp trên địa bàn huyện Mỹ Hào năm 2018","Bỏ qua (Lỗi máy chủ) - Đã thử gửi lệnh xóa nhưng máy chủ Vinasynet không cập nhật (bản ghi bị khóa)","2026-09-19 13:56:39"
874,"H31.05.02.H31.09.2018.2401","31 bản (ERROR_SKIPPED)","Về việc cho ý kiến thẩm định dự án của các doanh nghiệp trên địa bàn xã Vĩnh Xá, huyện Kim Động năm 2017","Bỏ qua (Lỗi máy chủ) - Đã thử gửi lệnh xóa nhưng máy chủ Vinasynet không cập nhật (bản ghi bị khóa)","2026-09-19 13:56:53"
875,"H31.05.02.H31.09.2018.2396","31 bản (ERROR_SKIPPED)","Về việc cho ý kiến thẩm định dự án của các doanh nghiệp trên địa bàn thị trấn Lương Bằng, huyện Kim Động năm 2018","Bỏ qua (Lỗi máy chủ) - Đã thử gửi lệnh xóa nhưng máy chủ Vinasynet không cập nhật (bản ghi bị khóa)","2026-09-19 13:57:08"
876,"H31.05.02.H31.09.2018.2395","31 bản (ERROR_SKIPPED)","Về việc cho ý kiến thẩm định dự án của các doanh nghiệp trên địa bàn xã Tân Dân, huyện Khoái Châu năm 2018","Bỏ qua (Lỗi máy chủ) - Đã thử gửi lệnh xóa nhưng máy chủ Vinasynet không cập nhật (bản ghi bị khóa)","2026-09-19 13:57:22"
877,"H31.05.02.H31.09.2018.2394","31 bản (ERROR_SKIPPED)","Về việc cho ý kiến thẩm định dự án của các doanh nghiệp trên địa bàn xã Ông Đình, huyện Khoái Châu năm 2018","Bỏ qua (Lỗi máy chủ) - Đã thử gửi lệnh xóa nhưng máy chủ Vinasynet không cập nhật (bản ghi bị khóa)","2026-09-19 13:57:36"
878,"H31.05.02.H31.09.2018.2393","30 bản (ERROR_SKIPPED)","Về việc cho ý kiến thẩm định dự án của các doanh nghiệp trên địa bàn xã Đại Tập, huyện Khoái Châu năm 2018","Bỏ qua (Lỗi máy chủ) - Đã thử gửi lệnh xóa nhưng máy chủ Vinasynet không cập nhật (bản ghi bị khóa)","2026-09-19 13:57:50"
879,"H31.05.02.H31.09.2018.2392","30 bản (ERROR_SKIPPED)","Về việc cho ý kiến thẩm định dự án của các doanh nghiệp trên địa bàn xã Dân Tiến, huyện Khoái Châu năm 2018","Bỏ qua (Lỗi máy chủ) - Đã thử gửi lệnh xóa nhưng máy chủ Vinasynet không cập nhật (bản ghi bị khóa)","2026-09-19 13:58:04"
880,"H31.05.02.H31.09.2018.2389","30 bản (ERROR_SKIPPED)","Về việc cho ý kiến thẩm định dự án của các doanh nghiệp trên địa bàn xã Bảo Khê, TP. Hưng Yên năm 2018","Bỏ qua (Lỗi máy chủ) - Đã thử gửi lệnh xóa nhưng máy chủ Vinasynet không cập nhật (bản ghi bị khóa)","2026-09-19 13:58:18"
881,"H31.05.02.H31.09.2018.2388","30 bản (ERROR_SKIPPED)","Về việc cho ý kiến thẩm định dự án của các doanh nghiệp trên địa bàn phường Lê Lợi, TP. Hưng Yên năm 2018","Bỏ qua (Lỗi máy chủ) - Đã thử gửi lệnh xóa nhưng máy chủ Vinasynet không cập nhật (bản ghi bị khóa)","2026-09-19 13:58:32"
882,"H31.05.02.H31.09.2018.2387","30 bản (ERROR_SKIPPED)","Tham gia ý kiến cho dự án đầu tư của công TNHH đầu tư phát triển thương mại và dịch vụ Đức Minh tại phường Lam Sơn, TP Hưng Yên năm 2012","Bỏ qua (Lỗi máy chủ) - Đã thử gửi lệnh xóa nhưng máy chủ Vinasynet không cập nhật (bản ghi bị khóa)","2026-09-19 13:58:46"
883,"H31.05.02.H31.09.2018.2386","30 bản (ERROR_SKIPPED)","Về việc cho ý kiến thẩm định dự án của các doanh nghiệp trên địa bàn phường Hiến Nam, thành phố Hưng Yên năm 2018","Bỏ qua (Lỗi máy chủ) - Đã thử gửi lệnh xóa nhưng máy chủ Vinasynet không cập nhật (bản ghi bị khóa)","2026-09-19 13:59:01"
884,"H31.05.02.H31.09.2018.2383","30 bản (ERROR_SKIPPED)","Về việc cho ý kiến thẩm định dự án của các doanh nghiệp trên địa bàn huyện Ân Thi năm 2018","Bỏ qua (Lỗi máy chủ) - Đã thử gửi lệnh xóa nhưng máy chủ Vinasynet không cập nhật (bản ghi bị khóa)","2026-09-19 13:59:15"
885,"H31.05.02.H31.09.2018.2382","30 bản (ERROR_SKIPPED)","Về phương án kiến trúc công trình Cải tạo mở rộng Bưu điện huyện Yên Mỹ tại xã Tân Lập, huyện Yên Mỹ năm 2018","Bỏ qua (Lỗi máy chủ) - Đã thử gửi lệnh xóa nhưng máy chủ Vinasynet không cập nhật (bản ghi bị khóa)","2026-09-19 13:59:29"
886,"H31.05.02.H31.09.2018.2381","30 bản (ERROR_SKIPPED)","Về phương án thiết kế kiến trúc công trình trung tâm thương mại, dịch vụ 02 (Nhà Club House) thuộc khu nhà ở, dịch vụ khu công nghiệp Phố Nối tại xã Nghĩa Hiệp, huyện Yên Mỹ năm 2018","Bỏ qua (Lỗi máy chủ) - Đã thử gửi lệnh xóa nhưng máy chủ Vinasynet không cập nhật (bản ghi bị khóa)","2026-09-19 13:59:43"
887,"H31.05.02.H31.09.2018.2380","30 bản (ERROR_SKIPPED)","Về phương án kiến trúc công trình Cải tạo Nhà văn hóa huyện Yên Mỹ, tỉnh Hưng Yên năm 2018","Bỏ qua (Lỗi máy chủ) - Đã thử gửi lệnh xóa nhưng máy chủ Vinasynet không cập nhật (bản ghi bị khóa)","2026-09-19 13:59:57"
888,"H31.05.02.H31.09.2018.2379","30 bản (ERROR_SKIPPED)","Về phương án kiến trúc công trình sửa chữa Hội trường Huyện uỷ - UBND huyện, phòng làm việc và một số hạng mục phụ trợ - Huyện uỷ Yên Mỹ tại xã Tân Lập + huyện Yên Mỹ năm 2018","Bỏ qua (Lỗi máy chủ) - Đã thử gửi lệnh xóa nhưng máy chủ Vinasynet không cập nhật (bản ghi bị khóa)","2026-09-19 14:00:11"
889,"H31.05.02.H31.09.2018.2378","30 bản (ERROR_SKIPPED)","Về phương án kiến trúc Phục hồi, tôn tạo đình Bến tại xã Phụng Công, huyện Văn Giang năm 2018","Bỏ qua (Lỗi máy chủ) - Đã thử gửi lệnh xóa nhưng máy chủ Vinasynet không cập nhật (bản ghi bị khóa)","2026-09-19 14:00:25"
890,"H31.05.02.H31.09.2018.2377","30 bản (ERROR_SKIPPED)","Phương án kiến trúc dự án Biệt thự đảo - Khu đô thị Ecopark, cụm đảo 3 (TT-27) và đảo 6 (TT-30), huyện Văn Giang năm 2018.","Bỏ qua (Lỗi máy chủ) - Đã thử gửi lệnh xóa nhưng máy chủ Vinasynet không cập nhật (bản ghi bị khóa)","2026-09-19 14:00:39"
891,"H31.05.02.H31.09.2018.2376","30 bản (ERROR_SKIPPED)","Phương án kiến trúc cụm đảo 1 (TT-22) và cụm đảo 4 (TT-28) Khu đô thị Thương mại và du lịch Văn Giang năm 2018.","Bỏ qua (Lỗi máy chủ) - Đã thử gửi lệnh xóa nhưng máy chủ Vinasynet không cập nhật (bản ghi bị khóa)","2026-09-19 14:00:53"
892,"H31.05.02.H31.09.2018.2375","30 bản (ERROR_SKIPPED)","Phương án kiến trúc dự án Biệt thự song lập; Hạng mục: Mẫu biệt thự cao cấp và nhà ở liền kề tại xã Cửu Cao, huyện Văn Giang năm 2018.","Bỏ qua (Lỗi máy chủ) - Đã thử gửi lệnh xóa nhưng máy chủ Vinasynet không cập nhật (bản ghi bị khóa)","2026-09-19 14:01:08"
893,"H31.05.02.H31.09.2018.2369","30 bản (ERROR_SKIPPED)","Về phương án thiết kế kiến trúc các hạng mục công trình Khu căn hộ Cảnh Hồ thuộc Khu đô thị thương mại và du lịch Văn Giang (Ecopark) năm 2018","Bỏ qua (Lỗi máy chủ) - Đã thử gửi lệnh xóa nhưng máy chủ Vinasynet không cập nhật (bản ghi bị khóa)","2026-09-19 14:01:22"
894,"H31.05.02.H31.09.2018.2368","30 bản (ERROR_SKIPPED)","Về phương án thiết kế kiến trúc công trình Cổng chào mốc địa giới hành chính huyện Phù Cừ tại xã Quang Hưng, huyện Phù Cừ năm 2018","Bỏ qua (Lỗi máy chủ) - Đã thử gửi lệnh xóa nhưng máy chủ Vinasynet không cập nhật (bản ghi bị khóa)","2026-09-19 14:01:36"
895,"H31.05.02.H31.09.2018.2367","30 bản (ERROR_SKIPPED)","Về phương án thiết kế kiến trúc công trình Nhà điều hành thuộc dự án Nhà máy nước Mỹ Hào tại xã Nhân Hòa, huyện Mỹ Hào năm 2018","Bỏ qua (Lỗi máy chủ) - Đã thử gửi lệnh xóa nhưng máy chủ Vinasynet không cập nhật (bản ghi bị khóa)","2026-09-19 14:01:50"
896,"H31.05.02.H31.09.2018.2366","30 bản (ERROR_SKIPPED)","Về phương án thiết kế kiến trúc công trình: Trung tâm thương mại dịch vụ 2, thuộc dự án Khu nhà ở công nhân, nhà ở thương mại Lạc Hồng - Phố Nối tại xã Nhân Hòa, huyện Mỹ Hào năm 2018","Bỏ qua (Lỗi máy chủ) - Đã thử gửi lệnh xóa nhưng máy chủ Vinasynet không cập nhật (bản ghi bị khóa)","2026-09-19 14:02:04"
897,"H31.05.02.H31.09.2018.2365","30 bản (ERROR_SKIPPED)","Về phương án thiết kế kiến trúc công trình: Trường mầm non thuộc dự án Khu nhà ở công nhân, nhà ở thương mại Lạc Hồng tại xã Nhân Hòa, huyện Mỹ Hào năm 2018","Bỏ qua (Lỗi máy chủ) - Đã thử gửi lệnh xóa nhưng máy chủ Vinasynet không cập nhật (bản ghi bị khóa)","2026-09-19 14:02:18"
898,"H31.05.02.H31.09.2018.2362","30 bản (ERROR_SKIPPED)","Về phương án kiến trúc công trình nhà lớp học 4 tầng (hạng mục số 8) trường THCS Bần Yên Nhân tại thị trấn Bần Yên Nhân, huyện Mỹ Hào năm 2018","Bỏ qua (Lỗi máy chủ) - Đã thử gửi lệnh xóa nhưng máy chủ Vinasynet không cập nhật (bản ghi bị khóa)","2026-09-19 14:02:32"
899,"H31.05.02.H31.09.2018.2361","30 bản (ERROR_SKIPPED)","Về phương án thiết kế kiến trúc mẫu nhà lô góc 233, thuộc dự án Tòa nhà hỗn hợp cao tầng và khu nhà ở để bán tại thị trấn Bần Yên Nhân, huyện Mỹ Hào năm 2018","Bỏ qua (Lỗi máy chủ) - Đã thử gửi lệnh xóa nhưng máy chủ Vinasynet không cập nhật (bản ghi bị khóa)","2026-09-19 14:02:47"
900,"H31.05.02.H31.09.2018.2360","30 bản (ERROR_SKIPPED)","Về phương án thiết kế kiến trúc các mẫu nhà thuộc dự án đầu tư xây dựng khu biệt thự, nhà ở thương mại Phúc Thành tại TT Bần Yên Nhân, huyện Mỹ Hào năm 2018","Bỏ qua (Lỗi máy chủ) - Đã thử gửi lệnh xóa nhưng máy chủ Vinasynet không cập nhật (bản ghi bị khóa)","2026-09-19 14:03:01"
901,"H31.05.02.H31.09.2018.2359","30 bản (ERROR_SKIPPED)","Về phương án thiết kế kiến trúc các hạng mục công trình thuộc dự án đầu tư xây dựng Khu nhà ở thương mại , nhà ở đô thị tại thị trấn Bần Yên Nhân, huyện Mỹ Hào năm 2018","Bỏ qua (Lỗi máy chủ) - Đã thử gửi lệnh xóa nhưng máy chủ Vinasynet không cập nhật (bản ghi bị khóa)","2026-09-19 14:03:15"
902,"H31.05.02.H31.09.2018.2358","30 bản (ERROR_SKIPPED)","Về phương án kiến trúc công trình Nhà chung cư cao tầng (nằm trong lô đất CCCT, diện tích 6.866 m²) - Khu chung cư đô thị Phố Nối tại TT Bần Yên Nhân, huyện Mỹ Hào năm 2018","Bỏ qua (Lỗi máy chủ) - Đã thử gửi lệnh xóa nhưng máy chủ Vinasynet không cập nhật (bản ghi bị khóa)","2026-09-19 14:03:29"
903,"H31.05.02.H31.09.2018.2356","30 bản (ERROR_SKIPPED)","Về phương án thiết kế kiến trúc công trình Cổng chào huyện Kim Động, tỉnh Hưng Yên năm 2018","Bỏ qua (Lỗi máy chủ) - Đã thử gửi lệnh xóa nhưng máy chủ Vinasynet không cập nhật (bản ghi bị khóa)","2026-09-19 14:03:43"
904,"H31.05.02.H31.09.2018.2355","30 bản (ERROR_SKIPPED)","Về phương án kiến trúc Công trình: Nhà lưu trữ phòng trực, văn phòng (hạng mục số 6) Chi nhánh Xăng dầu Hưng Yên tại phường Hiến Nam, TP. Hưng Yên năm 2018.","Bỏ qua (Lỗi máy chủ) - Đã thử gửi lệnh xóa nhưng máy chủ Vinasynet không cập nhật (bản ghi bị khóa)","2026-09-19 14:03:57"
905,"H31.05.02.H31.09.2004-2018.2357","30 bản (ERROR_SKIPPED)","Về phương án kiến trúc công trình Trung tâm thương mại - Khu chung cư đô thị Phố Nối - Hưng Yên tại thị trấn Bần Yên Nhân, huyện Mỹ Hào năm 2013","Bỏ qua (Lỗi máy chủ) - Đã thử gửi lệnh xóa nhưng máy chủ Vinasynet không cập nhật (bản ghi bị khóa)","2026-09-19 14:04:11"
906,"H31.05.02.H31.09.2018.2347A","30 bản (ERROR_SKIPPED)","Thẩm định mặt bằng quy hoạch tổng thể dự án đầu tư xây dựng Khu nhà ở liền kề để bán và Trung tâm dịch vụ thương mại Mỹ Văn năm 2018","Bỏ qua (Lỗi máy chủ) - Đã thử gửi lệnh xóa nhưng máy chủ Vinasynet không cập nhật (bản ghi bị khóa)","2026-09-19 14:04:25"
907,"H31.05.02.H31.09.2018.2347","50 bản (ERROR_SKIPPED)","Thẩm định mặt bằng quy hoạch tổng thể dự án đầu tư xây dựng Khu nhà ở liền kề để bán và Trung tâm dịch vụ thương mại Mỹ Văn năm 2018","Bỏ qua (Lỗi máy chủ) - Đã thử gửi lệnh xóa nhưng máy chủ Vinasynet không cập nhật (bản ghi bị khóa)","2026-09-19 14:04:39"
908,"H31.05.02.H31.09.2018.2346","30 bản (ERROR_SKIPPED)","Về việc chấp thuận mặt bằng quy hoạch tổng thể dự án Bãi đỗ xe, xưởng sửa chữa ô tô và trạm dừng nghỉ, kinh doanh xăng dầu tại xã Tân Việt, huyện Yên Mỹ năm 2018.","Bỏ qua (Lỗi máy chủ) - Đã thử gửi lệnh xóa nhưng máy chủ Vinasynet không cập nhật (bản ghi bị khóa)","2026-09-19 14:04:54"
909,"H31.05.02.H31.09.2018.2344","30 bản (ERROR_SKIPPED)","Về việc chấp thuận Mặt bằng quy hoạch tổng thể công trình Nhà hành chính một cửa liên thông Trụ sở Đảng ủy - HĐND - UBND xã Tân Lập tại xã Tân Lập, huyện Yên Mỹ","Bỏ qua (Lỗi máy chủ) - Đã thử gửi lệnh xóa nhưng máy chủ Vinasynet không cập nhật (bản ghi bị khóa)","2026-09-19 14:05:08"
910,"H31.05.02.H31.09.2018.2343","30 bản (ERROR_SKIPPED)","Về việc chấp thuận Mặt bằng quy hoạch tổng thể công trình Nhà lớp học 9 phòng 3 tầng Trường Tiểu học Tân Lập tại xã Tân Lập, huyện Yên Mỹ năm 2018","Bỏ qua (Lỗi máy chủ) - Đã thử gửi lệnh xóa nhưng máy chủ Vinasynet không cập nhật (bản ghi bị khóa)","2026-09-19 14:05:22"
911,"H31.05.02.H31.09.2018.2341","30 bản (ERROR_SKIPPED)","Về việc chấp thuận Mặt bằng quy hoạch tổng thể điều chỉnh dự án Nim sản xuất các loại giày, dép sản phẩm bằng da, giả da để giầy và các phụ liệu giầy tại xã Minh Châu, huyện Yên Mỹ năm 2018","Bỏ qua (Lỗi máy chủ) - Đã thử gửi lệnh xóa nhưng máy chủ Vinasynet không cập nhật (bản ghi bị khóa)","2026-09-19 14:05:36"
912,"H31.05.02.H31.09.2018.2338","30 bản (ERROR_SKIPPED)","Về việc chấp thuận Mặt bằng quy hoạch tổng thể điều chỉnh dự án Nhà máy sản xuất nhựa bao bì và nhựa đồ gỗ nội thất, ngoại thất - petrolimex tại xã Trưng Trắc, huyện Văn Lâm năm 2018","Bỏ qua (Lỗi máy chủ) - Đã thử gửi lệnh xóa nhưng máy chủ Vinasynet không cập nhật (bản ghi bị khóa)","2026-09-19 14:05:50"
913,"H31.05.02.H31.09.2018.2336","30 bản (ERROR_SKIPPED)","Chấp thuận mặt bằng qui hoạch tổng thể dự án Nhà máy sản xuất bao bì nhựa Phúc Hậu tại xã Lạc Đạo, Văn Lâm năm 2018","Bỏ qua (Lỗi máy chủ) - Đã thử gửi lệnh xóa nhưng máy chủ Vinasynet không cập nhật (bản ghi bị khóa)","2026-09-19 14:06:04"
914,"H31.05.02.H31.09.2018.2334","30 bản (ERROR_SKIPPED)","Về việc chấp thuận Mặt bằng quy hoạch tổng thể công trình Trường mầm non xã Chỉ Đạo, huyện Văn Lâm năm 2018","Bỏ qua (Lỗi máy chủ) - Đã thử gửi lệnh xóa nhưng máy chủ Vinasynet không cập nhật (bản ghi bị khóa)","2026-09-19 14:06:19"
915,"H31.05.02.H31.09.2017-2018.2345","30 bản (ERROR_SKIPPED)","Về việc chấp thuận mặt bằng qui hoạch tổng thể điều chỉnh của dự án Nhà văn hóa huyện Yên Mỹ tại xã Tân Lập, huyện Yên Mỹ năm 2018","Bỏ qua (Lỗi máy chủ) - Đã thử gửi lệnh xóa nhưng máy chủ Vinasynet không cập nhật (bản ghi bị khóa)","2026-09-19 14:06:33"
916,"H31.05.02.H31.09.2017-2018.2340","30 bản (ERROR_SKIPPED)","Về việc xin chấp thuận mặt bằng qui hoạch tổng thể điều chỉnh của dự án Nhà máy sản xuất khâu trang, túi sửa, túi chườm, mũ trùm đầu, bọc giầy tại xã Trưng Trắc, huyện Văn Lâm năm 2018","Bỏ qua (Lỗi máy chủ) - Đã thử gửi lệnh xóa nhưng máy chủ Vinasynet không cập nhật (bản ghi bị khóa)","2026-09-19 14:06:47"
917,"H31.05.02.H31.09.2017-2018.2335","30 bản (ERROR_SKIPPED)","Về việc thẩm định mặt bằng quy hoạch tổng thể Trung tâm thương mại Minh Hai tại xã Minh Hải, huyện Văn Lâm năm 2018","Bỏ qua (Lỗi máy chủ) - Đã thử gửi lệnh xóa nhưng máy chủ Vinasynet không cập nhật (bản ghi bị khóa)","2026-09-19 14:07:01"
918,"H31.05.02.H31.09.2017-2018.2333","30 bản (ERROR_SKIPPED)","Về việc chấp thuận Mặt bằng quy hoạch tổng thể công trình Doanh trại Đội chữa cháy khu vực Văn Giang và khu vực Phố Nối A tại huyện Văn Giang và huyện Văn Lâm năm 2018","Bỏ qua (Lỗi máy chủ) - Đã thử gửi lệnh xóa nhưng máy chủ Vinasynet không cập nhật (bản ghi bị khóa)","2026-09-19 14:07:15"
919,"H31.05.02.H31.09.2016-2018.2342","30 bản (ERROR_SKIPPED)","Về việc chấp thuận Mặt bằng qui hoạch tổng thể Trung tâm thương mại, dịch vụ 02 thuộc khu nhà ở dịch vụ khu công nghiệp phố Nối tại xã Nghĩa Hiệp, huyện Yên Mỹ năm 2018","Bỏ qua (Lỗi máy chủ) - Đã thử gửi lệnh xóa nhưng máy chủ Vinasynet không cập nhật (bản ghi bị khóa)","2026-09-19 14:07:29"
920,"H31.05.02.H31.09.2016-2018.2339","30 bản (ERROR_SKIPPED)","Về việc chấp nhận mặt bằng quy hoạch tổng thể điều chỉnh dự án đầu tư xây dựng: Đấu giá quyền sử dụng đất cho nhân dân làm nhà ở để tạo vốn xây dựng trạm y tế xã Minh Châu, huyện Yên Mỹ năm 2018","Bỏ qua (Lỗi máy chủ) - Đã thử gửi lệnh xóa nhưng máy chủ Vinasynet không cập nhật (bản ghi bị khóa)","2026-09-19 14:07:44"
921,"H31.05.02.H31.09.2016-2018.2337","30 bản (ERROR_SKIPPED)","Về việc chấp thuận Mặt bằng quy hoạch tổng thể dự án Nhà máy sản xuất bao bì Xuân Đạt tại xã Tân Quang, huyện Văn Lâm năm 2018","Bỏ qua (Lỗi máy chủ) - Đã thử gửi lệnh xóa nhưng máy chủ Vinasynet không cập nhật (bản ghi bị khóa)","2026-09-19 14:07:58"
922,"H31.05.02.H31.09.2018.2332","30 bản (ERROR_SKIPPED)","Về việc chấp thuận Mặt bằng quy hoạch tổng thể dự án Xây dựng công viên cây xanh trung tâm huyện lỵ Văn Lâm tại thị trấn Như Quỳnh,  huyện Văn Lâm năm 2018","Bỏ qua (Lỗi máy chủ) - Đã thử gửi lệnh xóa nhưng máy chủ Vinasynet không cập nhật (bản ghi bị khóa)","2026-09-19 14:08:12"
923,"H31.05.02.H31.09.2018.2331","30 bản (ERROR_SKIPPED)","Về việc thẩm định mặt bằng quy hoạch tổng thể điều chỉnh Trung tâm thương mại Tech wood tại thị trấn Như Quỳnh, huyện Văn Lâm năm 2018","Bỏ qua (Lỗi máy chủ) - Đã thử gửi lệnh xóa nhưng máy chủ Vinasynet không cập nhật (bản ghi bị khóa)","2026-09-19 14:08:26"
924,"H31.05.02.H31.09.2018.2330","30 bản (ERROR_SKIPPED)","Về việc chấp thuận Mặt bằng quy hoạch tổng thể công trình Trường Tiểu học Như Quỳnh B (khu B) tại thị trấn Như Quỳnh, huyện Văn Lâm năm 2018","Bỏ qua (Lỗi máy chủ) - Đã thử gửi lệnh xóa nhưng máy chủ Vinasynet không cập nhật (bản ghi bị khóa)","2026-09-19 14:08:40"
925,"H31.05.02.H31.09.2018.2329","30 bản (ERROR_SKIPPED)","Về việc chấp thuận mặt bằng qui hoạch tổng thể và phương án thiết kế kiến trúc công trình Nhà câu lạc bộ thuộc dự án khu biệt thự đảo phân khu 4, Khu đô thị thương mại và du lịch Văn Giang (Ecopark), huyện Văn Giang","Bỏ qua (Lỗi máy chủ) - Đã thử gửi lệnh xóa nhưng máy chủ Vinasynet không cập nhật (bản ghi bị khóa)","2026-09-19 14:08:55"
926,"H31.05.02.H31.09.2018.2328","30 bản (ERROR_SKIPPED)","Về việc chấp thuận Mặt bằng quy hoạch tổng thể dự án Nhà câu lạc bộ thuộc khu biệt thự và nhà phố vườn Vạn Tuế (Sago Palm Garden tại xã Phụng Công và xã Xuân Quan, huyện Văn Giang năm 2018","Bỏ qua (Lỗi máy chủ) - Đã thử gửi lệnh xóa nhưng máy chủ Vinasynet không cập nhật (bản ghi bị khóa)","2026-09-19 14:09:09"
927,"H31.05.02.H31.09.2018.2327","30 bản (ERROR_SKIPPED)","Về việc chấp thuận điều chỉnh, bổ sung Mặt bằng quy hoạch chia lô tỷ lệ 1/500 Khu biệt thự đảo (giai đoạn 1,2) - Khu đô thị thường mại và du lịch Văn Giang (Ecopark), huyện Văn Giang","Bỏ qua (Lỗi máy chủ) - Đã thử gửi lệnh xóa nhưng máy chủ Vinasynet không cập nhật (bản ghi bị khóa)","2026-09-19 14:09:23"
928,"H31.05.02.H31.09.2018.2326","30 bản (ERROR_SKIPPED)","Về việc chấp thuận mặt bàng quy hoạch tổng thể của dự án phục hồi, tôn tạo di tích. đình Bến, xã Phụng Công, huyện Văn Giang năm 2018","Bỏ qua (Lỗi máy chủ) - Đã thử gửi lệnh xóa nhưng máy chủ Vinasynet không cập nhật (bản ghi bị khóa)","2026-09-19 14:09:37"
929,"H31.05.02.H31.09.2018.2325","30 bản (ERROR_SKIPPED)","Về việc chấp thuận Mặt bằng quy hoạch tổng thể công trình: Nhà khám và điều trị tự nguyện (giai đoạn 1) - Trung tâm Y tế huyện Văn Giang tại xã Cửu Cao, huyện Văn Giang năm 2018","Bỏ qua (Lỗi máy chủ) - Đã thử gửi lệnh xóa nhưng máy chủ Vinasynet không cập nhật (bản ghi bị khóa)","2026-09-19 14:09:52"
930,"H31.05.02.H31.09.2018.2324","30 bản (ERROR_SKIPPED)","Về mặt bằng quy hoạch tổng thể Cơ sở làm việc Công an huyện Văn Giang tại thị trấn Văn Giang, huyện Văn Giang năm 2018","Bỏ qua (Lỗi máy chủ) - Đã thử gửi lệnh xóa nhưng máy chủ Vinasynet không cập nhật (bản ghi bị khóa)","2026-09-19 14:10:06"
931,"H31.05.02.H31.09.2018.2323","30 bản (ERROR_SKIPPED)","Về việc chấp thuận Mặt bằng qui hoạch tổng thể công trình Bãi đỗ xe kết hợp công viên cây xanh thuộc dự án Trung tâm văn hóa thể thao huyện Tiên Lữ tại thị trấn Vương, huyện Tiên Lữ năm 2018","Bỏ qua (Lỗi máy chủ) - Đã thử gửi lệnh xóa nhưng máy chủ Vinasynet không cập nhật (bản ghi bị khóa)","2026-09-19 14:10:20"
932,"H31.05.02.H31.09.2018.2322","30 bản (ERROR_SKIPPED)","Chấp thuận mặt bằng qui hoạch tổng thể khu dân cư mới trên địa bàn huyện Tiên Lữ năm 2017-2018","Bỏ qua (Lỗi máy chủ) - Đã thử gửi lệnh xóa nhưng máy chủ Vinasynet không cập nhật (bản ghi bị khóa)","2026-09-19 14:10:34"
933,"H31.05.02.H31.09.2017.2288Đ","0 bản (NOT_FOUND)","Bản ghi #1","Không tìm thấy hồ sơ - Không tìm thấy hồ sơ nào với mã này trên hệ thống Vinasynet","2026-09-19 14:10:38"
934,"H31.05.02.H31.09.2017.2288F","30 bản (ERROR_SKIPPED)","Báo cáo đề xuất chủ trương đầu tư dự án Trụ sở công đoàn KCN Phố Nối gắn liền Trung tâm tư vấn Pháp luật và hạ tầng thiết chế văn hóa, thể thao cho công nhân viên chức lao động năm 2017","Bỏ qua (Lỗi máy chủ) - Đã thử gửi lệnh xóa nhưng máy chủ Vinasynet không cập nhật (bản ghi bị khóa)","2026-09-19 14:10:52"
935,"H31.05.02.H31.09.2017.2288E","30 bản (ERROR_SKIPPED)","Điều chỉnh cao độ san nền Trụ sở làm việc 2 tầng và các hạng mục phụ trợ Ngân hàng Chính sách Xã hội Phòng giao dịch Tiên Lữ năm 2017.","Bỏ qua (Lỗi máy chủ) - Đã thử gửi lệnh xóa nhưng máy chủ Vinasynet không cập nhật (bản ghi bị khóa)","2026-09-19 14:11:06"
936,"H31.05.02.H31.09.2017.2288D","30 bản (ERROR_SKIPPED)","Thỏa thuận hướng tuyến, cao độ thiết kế xây dựng đường quy hoạch số 1, quy hoạch số 4 thị trấn Yên Mỹ, huyện Yên Mỹ năm 2017","Bỏ qua (Lỗi máy chủ) - Đã thử gửi lệnh xóa nhưng máy chủ Vinasynet không cập nhật (bản ghi bị khóa)","2026-09-19 14:11:20"
937,"H31.05.02.H31.09.2017.2288C","30 bản (ERROR_SKIPPED)","Cấp chứng chỉ quy hoạch cho Agribank Chi nhánh tỉnh Hưng Yên năm 2017.","Bỏ qua (Lỗi máy chủ) - Đã thử gửi lệnh xóa nhưng máy chủ Vinasynet không cập nhật (bản ghi bị khóa)","2026-09-19 14:11:34"
938,"H31.05.02.H31.09.2017.2288B","30 bản (ERROR_SKIPPED)","Cấp chứng chỉ quy hoạch cho các cơ quan, doanh nghiệp năm 2017","Bỏ qua (Lỗi máy chủ) - Đã thử gửi lệnh xóa nhưng máy chủ Vinasynet không cập nhật (bản ghi bị khóa)","2026-09-19 14:11:48"
939,"H31.05.02.H31.09.2017.2288A","30 bản (ERROR_SKIPPED)","Điều chỉnh tuyến đường nối Khu A - B Cụm Công nghiệp Tân Quang với Quốc Lộ 5, năm 2017","Bỏ qua (Lỗi máy chủ) - Đã thử gửi lệnh xóa nhưng máy chủ Vinasynet không cập nhật (bản ghi bị khóa)","2026-09-19 14:12:02"
940,"H31.05.02.H31.09.2017.2288","50 bản (ERROR_SKIPPED)","Tổ chức xác định hướng tuyến và cắm mốc đường Vành đai 315 đoạn qua địa bàn tỉnh Hưng Yên do Công ty TNHH Minh Long làm chủ đầu tư thực hiệu dự án Xưởng gia công và kinh doanh ván sàn tại xã Long Hưng, Văn Giang nam 2017","Bỏ qua (Lỗi máy chủ) - Đã thử gửi lệnh xóa nhưng máy chủ Vinasynet không cập nhật (bản ghi bị khóa)","2026-09-19 14:12:17"
941,"H31.05.02.H31.09.2017.2287","30 bản (ERROR_SKIPPED)","Về việc bổ sung diện tích các hạng mục xây dựng của lô đất CX3 và điều chỉnh mật độ xây dựng của các lô đất ở liền kề thuộc dự án Chợ và HTKT khu nhà ở thương mại Như Quỳnh tại TT. Như Quỳnh, H. Văn Lâm","Bỏ qua (Lỗi máy chủ) - Đã thử gửi lệnh xóa nhưng máy chủ Vinasynet không cập nhật (bản ghi bị khóa)","2026-09-19 14:12:31"
942,"H31.05.02.H31.09.2017.2286","30 bản (ERROR_SKIPPED)","Tham gia ý kiến bổ sung quy hoạch xây dựng cửa hàng xăng dầu, trạm dừng nghỉ và chi nhánh của công ty cổ phần xăng dầu dầu khí Thái Bình tại xã Nhật Tân, huyện Tiên Lữ năm 2017","Bỏ qua (Lỗi máy chủ) - Đã thử gửi lệnh xóa nhưng máy chủ Vinasynet không cập nhật (bản ghi bị khóa)","2026-09-19 14:12:45"
943,"H31.05.02.H31.09.2017.2285","30 bản (ERROR_SKIPPED)","Góp ý dự thảo báo cáo tổng hợp quy hoạch tổng thể phát triển du lịch tỉnh Hưng Yên đến năm 2025, tầm nhìn đến năm 2030 năm 2017","Bỏ qua (Lỗi máy chủ) - Đã thử gửi lệnh xóa nhưng máy chủ Vinasynet không cập nhật (bản ghi bị khóa)","2026-09-19 14:12:59"
944,"H31.05.02.H31.09.2017.2284","30 bản (ERROR_SKIPPED)","Tham gia ý kiến cho đồ án Quy hoạch phân khu tỷ lệ 1/2000 khu dịch vụ gắn với phát huy giá trị khu tưởng niệm tướng quân Nguyễn Thiện Thuật, huyện Mỹ Hào năm 2017.","Bỏ qua (Lỗi máy chủ) - Đã thử gửi lệnh xóa nhưng máy chủ Vinasynet không cập nhật (bản ghi bị khóa)","2026-09-19 14:13:13"
945,"H31.05.02.H31.09.2017.2283","30 bản (ERROR_SKIPPED)","Về việc đề nghị phê duyệt nhiệm vụ lập Điều Chỉnh Quy hoạch chi tiết xây dựng tỉ lệ 1/500 Khu dịch vụ thương mại tổng hợp và nhà ở Khu công nghiệp Phố Nối tại xã Nghĩa Hiệp, huyện Yên Mỹ, năm 2017","Bỏ qua (Lỗi máy chủ) - Đã thử gửi lệnh xóa nhưng máy chủ Vinasynet không cập nhật (bản ghi bị khóa)","2026-09-19 14:13:27"
946,"H31.05.02.H31.09.2017.2282Đ","0 bản (NOT_FOUND)","Bản ghi #1","Không tìm thấy hồ sơ - Không tìm thấy hồ sơ nào với mã này trên hệ thống Vinasynet","2026-09-19 14:13:31"
947,"H31.05.02.H31.09.2017.2282E","30 bản (ERROR_SKIPPED)","Chủ trương lập quy hoạch chi tiết xây dựng tỷ lệ 1/500 khu nhà ở liền kề để bán Hồng Hải và khu nhà ở Như Quỳnh; tham gia ý kiến thực hiện đề án phát triển sự nghiệp thể dục thể thao tỉnh Hưng Yên giai đoạn 2017-2020","Bỏ qua (Lỗi máy chủ) - Đã thử gửi lệnh xóa nhưng máy chủ Vinasynet không cập nhật (bản ghi bị khóa)","2026-09-19 14:13:45"
948,"H31.05.02.H31.09.2017.2282D","30 bản (ERROR_SKIPPED)","Tham gia ý kiến cho đồ án quy hoạch chi tiết xây dựng tỷ lệ 1/500 khu dân cư mới khu phố An Bình, phường An Tảo, thành phố Hưng Yên năm 2017","Bỏ qua (Lỗi máy chủ) - Đã thử gửi lệnh xóa nhưng máy chủ Vinasynet không cập nhật (bản ghi bị khóa)","2026-09-19 14:13:59"
949,"H31.05.02.H31.09.2017.2258","30 bản (ERROR_SKIPPED)","Về việc cho ý kiến thẩm định dự án của các doanh nghiệp trên địa bàn xã Hoàn Long, huyện Yên Mỹ năm 2017","Bỏ qua (Lỗi máy chủ) - Đã thử gửi lệnh xóa nhưng máy chủ Vinasynet không cập nhật (bản ghi bị khóa)","2026-09-19 14:14:13"
950,"H31.05.02.H31.09.2017.2257","30 bản (ERROR_SKIPPED)","Về việc cho ý kiến thẩm định dự án của các doanh nghiệp trên địa bàn xã Giai Phạm, huyện Yên Mỹ năm 2017.","Bỏ qua (Lỗi máy chủ) - Đã thử gửi lệnh xóa nhưng máy chủ Vinasynet không cập nhật (bản ghi bị khóa)","2026-09-19 14:14:28"
951,"H31.05.02.H31.09.2017.2254","30 bản (ERROR_SKIPPED)","Về việc cho ý kiến thẩm định dự án của các doanh nghiệp trên địa bàn xã Trưng Trắc, huyện Văn Lâm năm 2017 (tập 2).","Bỏ qua (Lỗi máy chủ) - Đã thử gửi lệnh xóa nhưng máy chủ Vinasynet không cập nhật (bản ghi bị khóa)","2026-09-19 14:14:42"
952,"H31.05.02.H31.09.2017.2253","30 bản (ERROR_SKIPPED)","Về việc cho ý kiến thẩm định dự án của các doanh nghiệp trên địa bàn xã Trưng Trắc, huyện Văn Lâm năm 2017 (tập 1)","Bỏ qua (Lỗi máy chủ) - Đã thử gửi lệnh xóa nhưng máy chủ Vinasynet không cập nhật (bản ghi bị khóa)","2026-09-19 14:14:56"
953,"H31.05.02.H31.09.2017.2252","30 bản (ERROR_SKIPPED)","Hồ sơ về việc cho ý kiến thẩm định dự án của các doanh nghiệp trên địa bàn xã Tân Quang, huyện Văn Lâm năm 2017 (Tập 3)","Bỏ qua (Lỗi máy chủ) - Đã thử gửi lệnh xóa nhưng máy chủ Vinasynet không cập nhật (bản ghi bị khóa)","2026-09-19 14:15:10"
954,"H31.05.02.H31.09.2017.2250","30 bản (ERROR_SKIPPED)","Hồ sơ về việc cho ý kiến thẩm định dự án của các doanh nghiệp trên địa bàn xã Tân Quang, huyện Văn Lâm năm 2017 (Tập 1)","Bỏ qua (Lỗi máy chủ) - Đã thử gửi lệnh xóa nhưng máy chủ Vinasynet không cập nhật (bản ghi bị khóa)","2026-09-19 14:15:24"
955,"H31.05.02.H31.09.2017.2249","30 bản (ERROR_SKIPPED)","Hồ sơ về việc cho ý kiến thẩm định dự án của các doanh nghiệp trên địa bàn xã Minh Hải, huyện Văn Lâm năm 2017 (tập 3)","Bỏ qua (Lỗi máy chủ) - Đã thử gửi lệnh xóa nhưng máy chủ Vinasynet không cập nhật (bản ghi bị khóa)","2026-09-19 14:15:38"
956,"H31.05.02.H31.09.2017.2246","30 bản (ERROR_SKIPPED)","Về việc cho ý kiến thẩm định dự án của các doanh nghiệp trên địa bàn xã Lạc Hồng, huyện Văn Lâm năm 2017","Bỏ qua (Lỗi máy chủ) - Đã thử gửi lệnh xóa nhưng máy chủ Vinasynet không cập nhật (bản ghi bị khóa)","2026-09-19 14:15:52"
957,"H31.05.02.H31.09.2017.2245","30 bản (ERROR_SKIPPED)","Về việc cho ý kiến thẩm định dự án của các doanh nghiệp trên địa bàn xã Lạc Đạo, huyện Văn Lâm năm 2017 (tập 2)","Bỏ qua (Lỗi máy chủ) - Đã thử gửi lệnh xóa nhưng máy chủ Vinasynet không cập nhật (bản ghi bị khóa)","2026-09-19 14:16:06"
958,"H31.05.02.H31.09.2017.2244","30 bản (ERROR_SKIPPED)","Về việc cho ý kiến thẩm định dự án của các doanh nghiệp trên địa bàn xã Lạc Đạo, huyện Văn Lâm năm 2017 (tập 1)","Bỏ qua (Lỗi máy chủ) - Đã thử gửi lệnh xóa nhưng máy chủ Vinasynet không cập nhật (bản ghi bị khóa)","2026-09-19 14:16:21"
959,"H31.05.02.H31.09.2017.2239","30 bản (ERROR_SKIPPED)","Hồ sơ về việc cho ý kiến thẩm định dự án của các doanh nghiệp trên địa bàn xã Đại Đồng huyện Văn Lâm năm 2017 (tập 1)","Bỏ qua (Lỗi máy chủ) - Đã thử gửi lệnh xóa nhưng máy chủ Vinasynet không cập nhật (bản ghi bị khóa)","2026-09-19 14:16:35"
960,"H31.05.02.H31.09.2017.2238","30 bản (ERROR_SKIPPED)","Hồ sơ về việc cho ý kiến thẩm định dự án của các doanh nghiệp trên địa bàn xã Chỉ Đạo, huyện Văn Lâm năm 2017 (tập 3)","Bỏ qua (Lỗi máy chủ) - Đã thử gửi lệnh xóa nhưng máy chủ Vinasynet không cập nhật (bản ghi bị khóa)","2026-09-19 14:16:49"
961,"H31.05.02.H31.09.2017.2233","30 bản (ERROR_SKIPPED)","Về việc cho ý kiến thẩm định dự án của các doanh nghiệp trên địa bàn huyện Văn Lâm, tỉnh Hưng Yên năm 2017","Bỏ qua (Lỗi máy chủ) - Đã thử gửi lệnh xóa nhưng máy chủ Vinasynet không cập nhật (bản ghi bị khóa)","2026-09-19 14:17:03"
962,"H31.05.02.H31.09.2017.2232","30 bản (ERROR_SKIPPED)","Về việc cho ý kiến thẩm định dự án của các doanh nghiệp trên địa bàn xã Vĩnh Khúc, huyện Văn Giang năm 2017","Bỏ qua (Lỗi máy chủ) - Đã thử gửi lệnh xóa nhưng máy chủ Vinasynet không cập nhật (bản ghi bị khóa)","2026-09-19 14:17:17"
963,"H31.05.02.H31.09.2017.2225","30 bản (ERROR_SKIPPED)","Về việc cho ý kiến thẩm định dự án của các doanh nghiệp trên địa bàn huyện Tiên Lữ năm 2017 (tập 2)","Bỏ qua (Lỗi máy chủ) - Đã thử gửi lệnh xóa nhưng máy chủ Vinasynet không cập nhật (bản ghi bị khóa)","2026-09-19 14:17:32"
964,"H31.05.02.H31.09.2017.2152","30 bản (ERROR_SKIPPED)","Bản vẽ phương án kiến trúc công trình nâng cấp Chợ Dốc Lã tại xã Bảo Khê, thành phố Hưng Yên","Bỏ qua (Lỗi máy chủ) - Đã thử gửi lệnh xóa nhưng máy chủ Vinasynet không cập nhật (bản ghi bị khóa)","2026-09-19 14:17:46"
965,"H31.05.02.H31.09.2017.2151","30 bản (ERROR_SKIPPED)","Phương án kiến trúc công trình Phòng giao dịch Phố Hiến, Ngân hàng TMCP Công thương Việt Nam, Chi nhánh Hưng Yên tại phường Quang Trung, thành phố Hưng Yên","Bỏ qua (Lỗi máy chủ) - Đã thử gửi lệnh xóa nhưng máy chủ Vinasynet không cập nhật (bản ghi bị khóa)","2026-09-19 14:18:01"
966,"H31.05.02.H31.09.2017.2150","30 bản (ERROR_SKIPPED)","Về điều chỉnh phương án kiến trúc công trình Nhà điều hành - Trường chất lượng cao Phước Huệ (Trường mầm non tư thục Sao Sáng) tại phường Lam Sơn, thành phố Hưng Yên","Bỏ qua (Lỗi máy chủ) - Đã thử gửi lệnh xóa nhưng máy chủ Vinasynet không cập nhật (bản ghi bị khóa)","2026-09-19 14:18:16"
967,"H31.05.02.H31.09.2017.2149","30 bản (ERROR_SKIPPED)","Phương án thiết kế kiến trúc công trình Nhà quản lý và nhà vệ sinh công cộng tại Quảng trường trung tâm tỉnh, phường Hiến Nam, thành phố Hưng Yên","Bỏ qua (Lỗi máy chủ) - Đã thử gửi lệnh xóa nhưng máy chủ Vinasynet không cập nhật (bản ghi bị khóa)","2026-09-19 14:18:30"
968,"H31.05.02.H31.09.2017.2148","30 bản (ERROR_SKIPPED)","Hồ sơ phương án thiết kế kiến trúc công trình Nhà điều hoành, siêu thị thuộc dự án Siêu thị Anh Duy tại phường Hiến, thành phố Hưng Yên","Bỏ qua (Lỗi máy chủ) - Đã thử gửi lệnh xóa nhưng máy chủ Vinasynet không cập nhật (bản ghi bị khóa)","2026-09-19 14:18:44"
969,"H31.05.02.H31.09.2017.2147","30 bản (ERROR_SKIPPED)","Hồ sơ phương án kiến trúc dự án khu nhà ở thương mại và dịch vụ Mẫu nhà M4, M6-2, M7 tại phường Hiến Nam, thành phố Hưng Yên","Bỏ qua (Lỗi máy chủ) - Đã thử gửi lệnh xóa nhưng máy chủ Vinasynet không cập nhật (bản ghi bị khóa)","2026-09-19 14:18:58"
970,"H31.05.02.H31.09.2017.2146","30 bản (ERROR_SKIPPED)","Hồ sơ phương án kiến trúc công trình văn phòng đa năng công ty DĐK tại Phường Hiến Nam, thành phố Hưng Yên","Bỏ qua (Lỗi máy chủ) - Đã thử gửi lệnh xóa nhưng máy chủ Vinasynet không cập nhật (bản ghi bị khóa)","2026-09-19 14:19:12"
971,"H31.05.02.H31.09.2017.2145","30 bản (ERROR_SKIPPED)","Hồ sơ phương án kiến trúc công trình Trụ sở Agribank chi nhánh huyện Ân Thi tại Thị trấn Ân Thi, huyện Ân Thi","Bỏ qua (Lỗi máy chủ) - Đã thử gửi lệnh xóa nhưng máy chủ Vinasynet không cập nhật (bản ghi bị khóa)","2026-09-19 14:19:27"
972,"H31.05.02.H31.09.2017.2144","30 bản (ERROR_SKIPPED)","Hồ sơ phương án kiến trúc công trình Trụ sở làm việc Trung tâm pháp y tỉnh Hưng Yên tại phường An Tảo, thành phố Hưng Yên","Bỏ qua (Lỗi máy chủ) - Đã thử gửi lệnh xóa nhưng máy chủ Vinasynet không cập nhật (bản ghi bị khóa)","2026-09-19 14:19:41"
973,"H31.05.02.H31.09.2017.2143","30 bản (ERROR_SKIPPED)","Hồ sơ phương án kiến trúc công trình Trung tâm hoạt động thanh thiếu niên tỉnh Hưng Yên tại phường Hiến Nam, thành phố Hưng Yên","Bỏ qua (Lỗi máy chủ) - Đã thử gửi lệnh xóa nhưng máy chủ Vinasynet không cập nhật (bản ghi bị khóa)","2026-09-19 14:19:55"
974,"H31.05.02.H31.09.2016.2048","30 bản (ERROR_SKIPPED)","Về việc cho ý kiến thấm định dự án của các doanh nghiệp trên địa bàn xã Dị Sử, huyện Mỹ Hào (tập 1)","Bỏ qua (Lỗi máy chủ) - Đã thử gửi lệnh xóa nhưng máy chủ Vinasynet không cập nhật (bản ghi bị khóa)","2026-09-19 14:20:09"
975,"H31.05.02.H31.09.2016.2047","30 bản (ERROR_SKIPPED)","Về việc cho ý kiến thẩm định dự án đầu tự của Công ty TNHH đầu tư xây dựng và thương mại thành Hưng trên địa bàn thị trấn Bần Yên Nhân, huyện Mỹ Hào","Bỏ qua (Lỗi máy chủ) - Đã thử gửi lệnh xóa nhưng máy chủ Vinasynet không cập nhật (bản ghi bị khóa)","2026-09-19 14:20:23"
976,"H31.05.02.H31.09.2016.2046","30 bản (ERROR_SKIPPED)","Về việc cho ý  kiến thẩm định dự án của các doanh nghiệp trên địa bàn thị trận Bần Yên Nhân, huyện Mỹ Hào (tập 2)","Bỏ qua (Lỗi máy chủ) - Đã thử gửi lệnh xóa nhưng máy chủ Vinasynet không cập nhật (bản ghi bị khóa)","2026-09-19 14:20:37"
977,"H31.05.02.H31.09.2016.2038","30 bản (ERROR_SKIPPED)","Về việc cho ý kiến thẩm định dự án của các doanh nghiệp trên địa bàn thị trấn Lương Bằng, huyện Kim Động","Bỏ qua (Lỗi máy chủ) - Đã thử gửi lệnh xóa nhưng máy chủ Vinasynet không cập nhật (bản ghi bị khóa)","2026-09-19 14:20:51"
978,"H31.05.02.H31.09.2016.2037","30 bản (ERROR_SKIPPED)","Tham gia ý kiến thẩm định cho dự án đầu tư của Công ty Cổ phần Biga feed Hưng Yên để thực hiện Nhà máy chế biến thức ăn chăn nuôi BIGRFEED Hưng Yên tại Tân Dân, huyện Khoái Châu.","Bỏ qua (Lỗi máy chủ) - Đã thử gửi lệnh xóa nhưng máy chủ Vinasynet không cập nhật (bản ghi bị khóa)","2026-09-19 14:21:05"
979,"H31.05.02.H31.09.2016.2036","30 bản (ERROR_SKIPPED)","Về việc cho ý kiến thẩm định dự án của các doanh nghiệp trên địa bàn huyện Khoái Châu, tỉnh Hưng Yên","Bỏ qua (Lỗi máy chủ) - Đã thử gửi lệnh xóa nhưng máy chủ Vinasynet không cập nhật (bản ghi bị khóa)","2026-09-19 14:21:19"
980,"H31.05.02.H31.09.2016.2017","30 bản (ERROR_SKIPPED)","Phương án kiến trúc các hạng mục của Dự án: Trung tâm đào tạo, thuộc phân kỳ đầu tư 3, Khu đô thị thương mại và du lịch Văn Giang (Ecopark) tại huyện Văn Giang.","Bỏ qua (Lỗi máy chủ) - Đã thử gửi lệnh xóa nhưng máy chủ Vinasynet không cập nhật (bản ghi bị khóa)","2026-09-19 14:21:33"
981,"H31.05.02.H31.09.2016.2016","30 bản (ERROR_SKIPPED)","Hồ sơ phương án kiến trúc các mẫu nhà thấp tầng tại dự án Khu nhà ở thấp tầng 1C, thuộc giai đoạn 1 khu đô thị thương mại và du lịch Văn Giang (Ecopark) tại huyện Văn Giang, tỉnh Hưng Yên","Bỏ qua (Lỗi máy chủ) - Đã thử gửi lệnh xóa nhưng máy chủ Vinasynet không cập nhật (bản ghi bị khóa)","2026-09-19 14:21:47"
982,"H31.05.02.H31.09.2016.2015","30 bản (ERROR_SKIPPED)","Hồ sơ phương án kiến trúc công trình Nhà văn hóa huyện Tiên Lữ tại thị trấn Vượng, huyện Tiên Lữ","Bỏ qua (Lỗi máy chủ) - Đã thử gửi lệnh xóa nhưng máy chủ Vinasynet không cập nhật (bản ghi bị khóa)","2026-09-19 14:22:02"
983,"H31.05.02.H31.09.2016.2014","30 bản (ERROR_SKIPPED)","Hồ sơ phương án kiến trúc công trình Trụ sở làm việc bảo hiểm xã hội huyện Phù Cừ tại thị trấn Trần Cao, huyện Phù Cừ","Bỏ qua (Lỗi máy chủ) - Đã thử gửi lệnh xóa nhưng máy chủ Vinasynet không cập nhật (bản ghi bị khóa)","2026-09-19 14:22:16"
984,"H31.05.02.H31.09.2016.2005","30 bản (ERROR_SKIPPED)","Hồ sơ phương án kiến trúc thiết kế đô thị dự án Công ty cổ phần đầu tư phát triển Hùng Vương Hưng Yên tại thị trấn Bần Yên Nhân, huyện Mỹ Hào","Bỏ qua (Lỗi máy chủ) - Đã thử gửi lệnh xóa nhưng máy chủ Vinasynet không cập nhật (bản ghi bị khóa)","2026-09-19 14:22:30"
985,"H31.05.02.H31.09.2016.2004","30 bản (ERROR_SKIPPED)","Phương án thiết kế đô thị của dự án khu nhà ở liền kề để bán Mỹ Văn tại thị trấn Bần Yên Nhân, huyện Mỹ Hào","Bỏ qua (Lỗi máy chủ) - Đã thử gửi lệnh xóa nhưng máy chủ Vinasynet không cập nhật (bản ghi bị khóa)","2026-09-19 14:22:44"
986,"H31.05.02.H31.09.2016.2003","30 bản (ERROR_SKIPPED)","Phương án thiết kế trụ sở làm việc Chi cục Thuế huyện Mỹ Hào tại thị trấn Bần Yên Nhân, huyện Mỹ Hào","Bỏ qua (Lỗi máy chủ) - Đã thử gửi lệnh xóa nhưng máy chủ Vinasynet không cập nhật (bản ghi bị khóa)","2026-09-19 14:22:58"
987,"H31.05.02.H31.09.2016.2002","30 bản (ERROR_SKIPPED)","Thiết kế sơ bộ công trình nâng cấp xây dựng chợ Dốc Lã tại xã Bảo Khê, huyện Kim Động","Bỏ qua (Lỗi máy chủ) - Đã thử gửi lệnh xóa nhưng máy chủ Vinasynet không cập nhật (bản ghi bị khóa)","2026-09-19 14:23:12"
988,"H31.05.02.H31.09.2015-2016.2006","30 bản (ERROR_SKIPPED)","Phương án thiết kế kiến trúc điều chỉnh, bổ sung các mẫu nhà thuộc dự án tòa nhà hỗn hợp cao tầng và khu nhà ở để bán tại thị trấn Bần Yên Nhân, huyện Mỹ Hào","Bỏ qua (Lỗi máy chủ) - Đã thử gửi lệnh xóa nhưng máy chủ Vinasynet không cập nhật (bản ghi bị khóa)","2026-09-19 14:23:27"
989,"H31.05.02.H31.09.2016.1971","30 bản (ERROR_SKIPPED)","Về việc thẩm định mặt bằng quy hoạch điều chỉnh dự án đầu tư xây dựng Salon ô tô, trạm dừng nghỉ phục vụ ăn uống và kinh doanh dầu BAC tại xã Bạch Sam, huyện Mỹ Hào","Bỏ qua (Lỗi máy chủ) - Đã thử gửi lệnh xóa nhưng máy chủ Vinasynet không cập nhật (bản ghi bị khóa)","2026-09-19 14:23:41"
990,"H31.05.02.H31.09.2016.1970","30 bản (ERROR_SKIPPED)","Mặt bằng quy hoạch tổng thể dự án Tòa nhà hỗn hợp cao tầng và Khu nhà ở để bán, hạng mục nhà lô phố tại thị trấn Bần Yên Nhân, huyện Mỹ Hào","Bỏ qua (Lỗi máy chủ) - Đã thử gửi lệnh xóa nhưng máy chủ Vinasynet không cập nhật (bản ghi bị khóa)","2026-09-19 14:23:55"
991,"H31.05.02.H31.09.2015.1951","30 bản (ERROR_SKIPPED)","Thuyết minh tổng hợp quy hoạch chi tiết bến xe Mỹ Hào và khu nhà ở tỷ lệ 1/500 tại huyện Mỹ Hào, tỉnh Hưng Yên","Bỏ qua (Lỗi máy chủ) - Đã thử gửi lệnh xóa nhưng máy chủ Vinasynet không cập nhật (bản ghi bị khóa)","2026-09-19 14:24:09"
992,"H31.05.02.H31.09.2015.1950","30 bản (ERROR_SKIPPED)","Về việc cho ý kiến thẩm định dự án của các doanh nghiệp trên địa bàn xã Trung Hưng, huyện Yên Mỹ, tỉnh Hưng Yên","Bỏ qua (Lỗi máy chủ) - Đã thử gửi lệnh xóa nhưng máy chủ Vinasynet không cập nhật (bản ghi bị khóa)","2026-09-19 14:24:23"
993,"H31.05.02.H31.09.2015.1949","30 bản (ERROR_SKIPPED)","Về việc cho ý kiến thẩm định dự án của các doanh nghiệp trên địa bàn xã Tân Lập huyện Yên Mỹ, tỉnh đưng Yên","Bỏ qua (Lỗi máy chủ) - Đã thử gửi lệnh xóa nhưng máy chủ Vinasynet không cập nhật (bản ghi bị khóa)","2026-09-19 14:24:37"
994,"H31.05.02.H31.09.2015.1948","30 bản (ERROR_SKIPPED)","Về việc cho ý kiến thẩm định dự án của các doanh nghiệp trên địa bàn xã Nghĩa Hiệp, huyện Yên Mỹ, tính Hưng Yên","Bỏ qua (Lỗi máy chủ) - Đã thử gửi lệnh xóa nhưng máy chủ Vinasynet không cập nhật (bản ghi bị khóa)","2026-09-19 14:24:51"
995,"H31.05.02.H31.09.2015.1947","30 bản (ERROR_SKIPPED)","Về việc cho ý kiến thẩm định dự án của các doanh nghiệp trên địa bàn xã Tân Quang, huyện Văn Lâm","Bỏ qua (Lỗi máy chủ) - Đã thử gửi lệnh xóa nhưng máy chủ Vinasynet không cập nhật (bản ghi bị khóa)","2026-09-19 14:25:06"
996,"H31.05.02.H31.09.2015.1946","30 bản (ERROR_SKIPPED)","Về việc cho ý kiến thẩm định dự án của các doanh nghiệp trên địa bàn thị trấn Như Quỳnh, huyện Văn Lâm","Bỏ qua (Lỗi máy chủ) - Đã thử gửi lệnh xóa nhưng máy chủ Vinasynet không cập nhật (bản ghi bị khóa)","2026-09-19 14:25:20"
997,"H31.05.02.H31.09.2015.1945","30 bản (ERROR_SKIPPED)","Hồ sơ về việc cho ý kiến thẩm định dự án của các doanh nghiệp trên địa bàn huyện Văn Lâm, tỉnh Hưng Yên","Bỏ qua (Lỗi máy chủ) - Đã thử gửi lệnh xóa nhưng máy chủ Vinasynet không cập nhật (bản ghi bị khóa)","2026-09-19 14:25:34"
998,"H31.05.02.H31.09.2015.1944","30 bản (ERROR_SKIPPED)","Hồ sơ về việc cho ý kiến thẩm định dự án của các doanh nghiệp trên địa bàn huyện Văn Giang","Bỏ qua (Lỗi máy chủ) - Đã thử gửi lệnh xóa nhưng máy chủ Vinasynet không cập nhật (bản ghi bị khóa)","2026-09-19 14:25:48"
999,"H31.05.02.H31.09.2015.1943","30 bản (ERROR_SKIPPED)","Hồ sơ cho ý kiến thẩm định dự án của doanh nghiệp trên địa bàn huyện Mỹ Hào","Bỏ qua (Lỗi máy chủ) - Đã thử gửi lệnh xóa nhưng máy chủ Vinasynet không cập nhật (bản ghi bị khóa)","2026-09-19 14:26:02"
1000,"H31.05.02.H31.09.2015.1942","30 bản (ERROR_SKIPPED)","Hồ sơ về việc cho ý kiến thẩm định dự án của các doanh nghiệp trên địa bàn huyện Kim Động","Bỏ qua (Lỗi máy chủ) - Đã thử gửi lệnh xóa nhưng máy chủ Vinasynet không cập nhật (bản ghi bị khóa)","2026-09-19 14:26:16"
1001,"H31.05.02.H31.09.2015.1938","30 bản (ERROR_SKIPPED)","Cấp phép xây dựng cho UBND xã Lạc Đạo, huyện Văn Lâm để  xây dựng cổng chào xã Lạc Đạo, huyện Văn Lâm","Bỏ qua (Lỗi máy chủ) - Đã thử gửi lệnh xóa nhưng máy chủ Vinasynet không cập nhật (bản ghi bị khóa)","2026-09-19 14:26:30"
1002,"H31.05.02.H31.09.2015.1937","30 bản (ERROR_SKIPPED)","Phương án kiến trúc, thiết kế đô thị dự án Công ty CP Đầu tư phát triển Hùng Vương Hưng Yên tại xã Lạc Đạo, huyện Văn Lâm","Bỏ qua (Lỗi máy chủ) - Đã thử gửi lệnh xóa nhưng máy chủ Vinasynet không cập nhật (bản ghi bị khóa)","2026-09-19 14:26:44"
1003,"H31.05.02.H31.09.2015.1941","30 bản (ERROR_SKIPPED)","Tham gia ý kiến cho dự án đầu tư điều chỉnh của Công ty cổ phần đay và may Hưng Yên tại phường An Tảo, thành phố Hưng Yên và xã Đông Kết, huyện Khoái Châu","Bỏ qua (Lỗi máy chủ) - Đã thử gửi lệnh xóa nhưng máy chủ Vinasynet không cập nhật (bản ghi bị khóa)","2026-09-19 14:26:58"
1004,"H31.05.02.H31.09.2015.1940","30 bản (ERROR_SKIPPED)","Về việc cho ý kiến thẩm định dự án của các doanh nghiệp trên địa bàn huyện Khoái Châu, tỉnh Hưng Yên","Bỏ qua (Lỗi máy chủ) - Đã thử gửi lệnh xóa nhưng máy chủ Vinasynet không cập nhật (bản ghi bị khóa)","2026-09-19 14:27:12"
1005,"H31.05.02.H31.09.2015.1939","30 bản (ERROR_SKIPPED)","Về việc cho ý kiến thẩm định dự án của các doanh nghiệp trên địa bàn huyện Ân Thi","Bỏ qua (Lỗi máy chủ) - Đã thử gửi lệnh xóa nhưng máy chủ Vinasynet không cập nhật (bản ghi bị khóa)","2026-09-19 14:27:26"
1006,"H31.05.02.H31.09.2015.1925","30 bản (ERROR_SKIPPED)","Về phương án kiến trúc công trình: Khu biệt thự Thủy Nguyên (gđ1) - thuộc dự án Khu biệt thự và khu nhà phố Thủy Nguyên tại huyện Văn Giang năm 2015","Bỏ qua (Lỗi máy chủ) - Đã thử gửi lệnh xóa nhưng máy chủ Vinasynet không cập nhật (bản ghi bị khóa)","2026-09-19 14:27:40"
1007,"H31.05.02.H31.09.2015.1924","30 bản (ERROR_SKIPPED)","Về việc thẩm định và chấp thuận phương án kiến trúc công trình Nhà lớp học bộ môn Trường THPT Dương Quảng Hàm tại xã Liên Nghĩa, huyện Văn Giang năm 2015.","Bỏ qua (Lỗi máy chủ) - Đã thử gửi lệnh xóa nhưng máy chủ Vinasynet không cập nhật (bản ghi bị khóa)","2026-09-19 14:27:55"
1008,"H31.05.02.H31.09.2015.1923","30 bản (ERROR_SKIPPED)","Về phương án kiến trúc công trình Nhà lớp học bộ môn Trường THPT Trần Hưng Đạo tại xã Thiện Phiến, huyện Tiên Lữ năm 2017.","Bỏ qua (Lỗi máy chủ) - Đã thử gửi lệnh xóa nhưng máy chủ Vinasynet không cập nhật (bản ghi bị khóa)","2026-09-19 14:28:09"
1009,"H31.05.02.H31.09.2015.1922","30 bản (ERROR_SKIPPED)","Về phương án kiến trúc công trình Nhà lớp học bộ môn - Trường THPT Nam Phù Cừ tại xã Tam Đa, huyện Phù Cừ năm 2017.","Bỏ qua (Lỗi máy chủ) - Đã thử gửi lệnh xóa nhưng máy chủ Vinasynet không cập nhật (bản ghi bị khóa)","2026-09-19 14:28:23"
1010,"H31.05.02.H31.09.2015.1921","30 bản (ERROR_SKIPPED)","Phương án kiến trúc công trình Nhà lớp học lý thuyết - Trường THPT Phù Cừ năm 2015.","Bỏ qua (Lỗi máy chủ) - Đã thử gửi lệnh xóa nhưng máy chủ Vinasynet không cập nhật (bản ghi bị khóa)","2026-09-19 14:28:37"
1011,"H31.05.02.H31.09.2015.1920","30 bản (ERROR_SKIPPED)","Về phương án kiến trúc Công trình: Khu nhà ở xã hội Phúc Hưng II tại TT Bần Yên Nhân, huyện Mỹ Hào năm 2015.","Bỏ qua (Lỗi máy chủ) - Đã thử gửi lệnh xóa nhưng máy chủ Vinasynet không cập nhật (bản ghi bị khóa)","2026-09-19 14:28:51"
1012,"H31.05.02.H31.09.2015.1919","30 bản (ERROR_SKIPPED)","Về phương án kiến trúc các hạng mục công trình của chợ Bao Bì, thuộc dự án đầu tư xây dựng chợ Bao Bì và hạ tầng kỹ thuật khu nhà ở thương mại Phố Nối tại huyện Mỹ Hào năm 2015","Bỏ qua (Lỗi máy chủ) - Đã thử gửi lệnh xóa nhưng máy chủ Vinasynet không cập nhật (bản ghi bị khóa)","2026-09-19 14:29:05"
1013,"H31.05.02.H31.09.2015.1918","30 bản (ERROR_SKIPPED)","Về phương án kiến trúc công trình: Xưởng sản xuất 5 tầng nhà máy may Youngone tại xã Chính Nghĩa, huyện Kim Động năm 2015","Bỏ qua (Lỗi máy chủ) - Đã thử gửi lệnh xóa nhưng máy chủ Vinasynet không cập nhật (bản ghi bị khóa)","2026-09-19 14:29:19"
1014,"H31.05.02.H31.09.2015.1917","30 bản (ERROR_SKIPPED)","Về phương án kiến trúc công trình Trụ sở làm việc Bảo hiểm xã hội huyện Kim Động năm 2015","Bỏ qua (Lỗi máy chủ) - Đã thử gửi lệnh xóa nhưng máy chủ Vinasynet không cập nhật (bản ghi bị khóa)","2026-09-19 14:29:33"
1015,"H31.05.02.H31.09.2015.1906","30 bản (ERROR_SKIPPED)","Thẩm định mặt bằng điều chỉnh cục bộ chia lô khu D và phê duyệt phương án kiến trúc điều chỉnh mẫu nhà chia lô khu D thuộc dự án đầu tư xây dựng chợ Phố Hiến, thành phố Hưng Yên năm 2015","Bỏ qua (Lỗi máy chủ) - Đã thử gửi lệnh xóa nhưng máy chủ Vinasynet không cập nhật (bản ghi bị khóa)","2026-09-19 14:29:47"
1016,"H31.05.02.H31.09.2015.1905","30 bản (ERROR_SKIPPED)","Hồ sơ về việc thẩm định điều chỉnh mặt bằng quy hoạch tổng thể dự án đầu tư công trình siêu thị sách Hưng Yên tại phường An Tảo - thành phố Hưng Yên năm 2015","Bỏ qua (Lỗi máy chủ) - Đã thử gửi lệnh xóa nhưng máy chủ Vinasynet không cập nhật (bản ghi bị khóa)","2026-09-19 14:30:01"
1017,"H31.05.02.H31.09.2015.1904","30 bản (ERROR_SKIPPED)","Hồ sơ thẩm định chấp thuận mặt bằng quy hoạch tổng thể các dự án đầu tư xây dựng trên địa bàn tỉnh từ tháng 7-12","Bỏ qua (Lỗi máy chủ) - Đã thử gửi lệnh xóa nhưng máy chủ Vinasynet không cập nhật (bản ghi bị khóa)","2026-09-19 14:30:15"
1018,"H31.05.02.H31.09.2014.1877","30 bản (ERROR_SKIPPED)","Phương án kiến trúc công trình Trụ sở kho bạc Nhà nước Tiên Lữ tại huyện Tiên Lữ, tỉnh Hưng Yên","Bỏ qua (Lỗi máy chủ) - Đã thử gửi lệnh xóa nhưng máy chủ Vinasynet không cập nhật (bản ghi bị khóa)","2026-09-19 14:30:29"
1019,"H31.05.02.H31.09.2014.1875","30 bản (ERROR_SKIPPED)","Điều chỉnh phương án kiến trúc công trình Khu nhà ở Phúc Thành tại xã Nhân Hòa, huyện Mỹ Hào","Bỏ qua (Lỗi máy chủ) - Đã thử gửi lệnh xóa nhưng máy chủ Vinasynet không cập nhật (bản ghi bị khóa)","2026-09-19 14:30:43"
1020,"H31.05.02.H31.09.2014.1874","30 bản (ERROR_SKIPPED)","Phương án kiến trúc dự án chợ bao bì để thực hiện dự án chợ bao bì và khu nhà ở thương mại Phố Nối tại huyện Mỹ Hào, tỉnh Hưng Yên","Bỏ qua (Lỗi máy chủ) - Đã thử gửi lệnh xóa nhưng máy chủ Vinasynet không cập nhật (bản ghi bị khóa)","2026-09-19 14:30:57"
1021,"H31.05.02.H31.09.2014.1873","30 bản (ERROR_SKIPPED)","Phương án kiến trúc tòa nhà hỗn hợp cao tầng và khu nhà ở để bán tại thị trấn Bần Yên Nhân, huyện Mỹ Hào","Bỏ qua (Lỗi máy chủ) - Đã thử gửi lệnh xóa nhưng máy chủ Vinasynet không cập nhật (bản ghi bị khóa)","2026-09-19 14:31:11"
1022,"H31.05.02.H31.09.2013-2014.1876","30 bản (ERROR_SKIPPED)","Phương án kiến trúc công trình nhà thờ Phương Bồ tại xã Phan Sào Nam, huyện Phù Cừ","Bỏ qua (Lỗi máy chủ) - Đã thử gửi lệnh xóa nhưng máy chủ Vinasynet không cập nhật (bản ghi bị khóa)","2026-09-19 14:31:26"
1023,"H31.05.02.H31.09.2013.1824","30 bản (ERROR_SKIPPED)","Phương án kiến trúc trụ sở làm việc Huyện uỷ Khoái Châu","Bỏ qua (Lỗi máy chủ) - Đã thử gửi lệnh xóa nhưng máy chủ Vinasynet không cập nhật (bản ghi bị khóa)","2026-09-19 14:31:40"
1024,"H31.05.02.H31.09.2012-2013.1825","30 bản (ERROR_SKIPPED)","Phương án kiến trúc công trình Nhà văn hóa huyện Kim Động tại thị trấn Lương Bằng huyện Kim Động","Bỏ qua (Lỗi máy chủ) - Đã thử gửi lệnh xóa nhưng máy chủ Vinasynet không cập nhật (bản ghi bị khóa)","2026-09-19 14:31:54"
1025,"H31.05.02.H31.09.2011-2013.1826","30 bản (ERROR_SKIPPED)","Phương án kiến trúc Công trình: Kho lưu trữ chứng từ, tài sản cầm cố của các Chi nhánh Ngân hàng VCB khu vực phía Bắc tại thị trấn Bần Yên Nhân, huyện Mỹ Hào.","Bỏ qua (Lỗi máy chủ) - Đã thử gửi lệnh xóa nhưng máy chủ Vinasynet không cập nhật (bản ghi bị khóa)","2026-09-19 14:32:08"
1026,"H31.05.02.H31.09.2012.1805","30 bản (ERROR_SKIPPED)","Về việc cho ý kiến thẩm định dự án của các doanh nghiệp trên địa bàn huyện Văn Lâm, tỉnh Hưng Yên.","Bỏ qua (Lỗi máy chủ) - Đã thử gửi lệnh xóa nhưng máy chủ Vinasynet không cập nhật (bản ghi bị khóa)","2026-09-19 14:32:22"
1027,"H31.05.02.H31.09.2012.1804","30 bản (ERROR_SKIPPED)","Về việc cho ý kiến thẩm định dự án của các doanh nghiệp trên địa bàn huyện Văn Giang","Bỏ qua (Lỗi máy chủ) - Đã thử gửi lệnh xóa nhưng máy chủ Vinasynet không cập nhật (bản ghi bị khóa)","2026-09-19 14:32:36"
1028,"H31.05.02.H31.09.2012.1801","30 bản (ERROR_SKIPPED)","Về việc cho ý kiến thẩm định dự án của các doanh nghiệp trên địa bàn huyện Mỹ Hào","Bỏ qua (Lỗi máy chủ) - Đã thử gửi lệnh xóa nhưng máy chủ Vinasynet không cập nhật (bản ghi bị khóa)","2026-09-19 14:32:51"
1029,"H31.05.02.H31.09.2012.1800","30 bản (ERROR_SKIPPED)","Về việc cho ý kiến thẩm định dự án của các doanh nghiệp trên địa bàn xã Toàn Thắng, huyện Kim Động","Bỏ qua (Lỗi máy chủ) - Đã thử gửi lệnh xóa nhưng máy chủ Vinasynet không cập nhật (bản ghi bị khóa)","2026-09-19 14:33:04"
1030,"H31.05.02.H31.09.2012.1799","30 bản (ERROR_SKIPPED)","Về việc cho ý kiến thẩm định dự án của các doanh nghiệp trên địa bàn huyện Khoái Châu, tỉnh Hưng Yên","Bỏ qua (Lỗi máy chủ) - Đã thử gửi lệnh xóa nhưng máy chủ Vinasynet không cập nhật (bản ghi bị khóa)","2026-09-19 14:33:18"
1031,"H31.05.02.H31.09.2012.1785","30 bản (ERROR_SKIPPED)","Phương án kiến trúc công trình: ký túc xá 5 tầng đơn nguyên 4 - Trường ĐHSP kỹ thuật Hưng Yên cơ sở 2 tại xã Nhân Hòa, huyện Mỹ Hào, tỉnh Hưng Yên","Bỏ qua (Lỗi máy chủ) - Đã thử gửi lệnh xóa nhưng máy chủ Vinasynet không cập nhật (bản ghi bị khóa)","2026-09-19 14:33:33"
1032,"H31.05.02.H31.09.2012.1784","30 bản (ERROR_SKIPPED)","Phương án kiến trúc công trình chợ và hạ tầng kỹ thuật khu nhà ở thương mại Trương Xá tại xã Toàn Thắng huyện Kim Động","Bỏ qua (Lỗi máy chủ) - Đã thử gửi lệnh xóa nhưng máy chủ Vinasynet không cập nhật (bản ghi bị khóa)","2026-09-19 14:33:47"
1033,"H31.05.02.H31.09.2012.1783","30 bản (ERROR_SKIPPED)","Phương án kiến trúc công trình Nhà tập đa năng - Trường THPT Kim Động tại thị trấn Lương Bằng, huyện Kim Đồng","Bỏ qua (Lỗi máy chủ) - Đã thử gửi lệnh xóa nhưng máy chủ Vinasynet không cập nhật (bản ghi bị khóa)","2026-09-19 14:34:01"
1034,"H31.05.02.H31.09.2012.1782","30 bản (ERROR_SKIPPED)","Phương án kiến trúc công trình nhà tập đa năng trường THPT Khoái Châu tại huyện Khoái Châu","Bỏ qua (Lỗi máy chủ) - Đã thử gửi lệnh xóa nhưng máy chủ Vinasynet không cập nhật (bản ghi bị khóa)","2026-09-19 14:34:15"
1035,"H31.05.02.H31.09.2011.1760Đ","0 bản (NOT_FOUND)","Bản ghi #1","Không tìm thấy hồ sơ - Không tìm thấy hồ sơ nào với mã này trên hệ thống Vinasynet","2026-09-19 14:34:19"
1036,"H31.05.02.H31.09.2011.1760F","30 bản (ERROR_SKIPPED)","Cấp phép xây dựng cho công ty TNHH kỹ nghệ Thái Dương tại xã Lạc Đạo, huyện Văn Lâm để thực hiện dự án nhà máy sản xuất mực in gốc nước năm 2011","Bỏ qua (Lỗi máy chủ) - Đã thử gửi lệnh xóa nhưng máy chủ Vinasynet không cập nhật (bản ghi bị khóa)","2026-09-19 14:34:33"
1037,"H31.05.02.H31.09.2011.1760E","30 bản (ERROR_SKIPPED)","Cấp chứng chỉ quy hoạch cho các cơ quan doanh nghiệp năm 2011","Bỏ qua (Lỗi máy chủ) - Đã thử gửi lệnh xóa nhưng máy chủ Vinasynet không cập nhật (bản ghi bị khóa)","2026-09-19 14:34:47"
1038,"H31.05.02.H31.09.2011.1760B","30 bản (ERROR_SKIPPED)","Thẩm định mặt bằng quy hoạnh tổng thể dự án đầu tư của Công ty Cổ phần thương mại dịch vụ tổng hợp Hưng Yên và Công ty TNHH thương mại Hiếu Bắc trên địa bàn thành phố Hưng Yên năm 2011","Bỏ qua (Lỗi máy chủ) - Đã thử gửi lệnh xóa nhưng máy chủ Vinasynet không cập nhật (bản ghi bị khóa)","2026-09-19 14:35:01"
1039,"H31.05.02.H31.09.2011.1760A","30 bản (ERROR_SKIPPED)","Đề nghị phê duyệt địa điểm xây dựng các dự án đầu tư xây dựng trên địa bàn tình năm 2011","Bỏ qua (Lỗi máy chủ) - Đã thử gửi lệnh xóa nhưng máy chủ Vinasynet không cập nhật (bản ghi bị khóa)","2026-09-19 14:35:15"
1040,"H31.05.02.H31.09.2011.1760D","30 bản (ERROR_SKIPPED)","Đề nghị thoả thuận quy hoạch chi tiết xây dùng tỷ lệ 1/500 khu nhà ở và dịch vụ đô thị, công nghiệp Như Quỳnh, huyện Văn Lâm năm 2011","Bỏ qua (Lỗi máy chủ) - Đã thử gửi lệnh xóa nhưng máy chủ Vinasynet không cập nhật (bản ghi bị khóa)","2026-09-19 14:35:29"
1041,"H31.05.02.H31.09.2011.1760C","30 bản (ERROR_SKIPPED)","Về việc Điều chinh quy hoạch chi tiết xây dựng tỷ lệ 1/500 của dự án thành phần thuộc khu đô thị thương mại - Du lịch Văn Giang năm 2011.","Bỏ qua (Lỗi máy chủ) - Đã thử gửi lệnh xóa nhưng máy chủ Vinasynet không cập nhật (bản ghi bị khóa)","2026-09-19 14:35:43"
1042,"H31.05.02.H31.09.2011.1760","50 bản (ERROR_SKIPPED)","Lựa chọn nhà đầu tư khu biệt thự sinh thái và nhà ở liền kề trên địa bàn phường Hồng châu, thành phố Hưng Yên năm 2011.","Bỏ qua (Lỗi máy chủ) - Đã thử gửi lệnh xóa nhưng máy chủ Vinasynet không cập nhật (bản ghi bị khóa)","2026-09-19 14:35:57"
1043,"H31.05.02.H31.09.2011.2661","30 bản (ERROR_SKIPPED)","Mặt bằng quy hoạch tổng thể các dự án đầu tư xây dựng trên địa bàn huyện Yên Mỹ năm 2011","Bỏ qua (Lỗi máy chủ) - Đã thử gửi lệnh xóa nhưng máy chủ Vinasynet không cập nhật (bản ghi bị khóa)","2026-09-19 14:36:11"
1044,"H31.05.02.H31.09.2011.2660","30 bản (ERROR_SKIPPED)","Mặt bằng quy hoạch tổng thể các dự án đầu tư xây dựng trên địa bàn huyện Văn Lâm năm 2011","Bỏ qua (Lỗi máy chủ) - Đã thử gửi lệnh xóa nhưng máy chủ Vinasynet không cập nhật (bản ghi bị khóa)","2026-09-19 14:36:25"
1045,"H31.05.02.H31.09.2010.2651","30 bản (ERROR_SKIPPED)","Mặt bằng quy hoạch tổng thể các dự án đầu tư xây dựng trên địa bàn huyện Ân Thi năm 2011","Bỏ qua (Lỗi máy chủ) - Đã thử gửi lệnh xóa nhưng máy chủ Vinasynet không cập nhật (bản ghi bị khóa)","2026-09-19 14:36:39"
1046,"H31.05.02.H31.09.2010.2650","30 bản (ERROR_SKIPPED)","Mặt bằng quy hoạch tổng thể các dự án đầu tư xây dựng của huyện Yên Mỹ năm 2010","Bỏ qua (Lỗi máy chủ) - Đã thử gửi lệnh xóa nhưng máy chủ Vinasynet không cập nhật (bản ghi bị khóa)","2026-09-19 14:36:54"
1047,"H31.05.02.H31.09.2010.2649","30 bản (ERROR_SKIPPED)","Mặt bằng quy hoạy tổng thể các dự án đầu tư xây dựng trên địa bàn huyện Văn Lâm năm 2010","Bỏ qua (Lỗi máy chủ) - Đã thử gửi lệnh xóa nhưng máy chủ Vinasynet không cập nhật (bản ghi bị khóa)","2026-09-19 14:37:08"
1048,"H31.05.02.H31.09.2010.2648","30 bản (ERROR_SKIPPED)","Mặt bằng quy hoạch tổng thể các dự án đầu tư xây dựng trên địa bàn huyện Văn Giang năm 2010","Bỏ qua (Lỗi máy chủ) - Đã thử gửi lệnh xóa nhưng máy chủ Vinasynet không cập nhật (bản ghi bị khóa)","2026-09-19 14:37:22"
1049,"H31.05.02.H31.09.2010.2647","30 bản (ERROR_SKIPPED)","Mặt bằng quy hoạch tổng thể các dự án đầu tư Xây dựng trên địa bàn huyện Tiên Lữ năm 2010","Bỏ qua (Lỗi máy chủ) - Đã thử gửi lệnh xóa nhưng máy chủ Vinasynet không cập nhật (bản ghi bị khóa)","2026-09-19 14:37:36"
1050,"H31.05.02.H31.09.2010.2646","30 bản (ERROR_SKIPPED)","Hồ sơ mặt bằng quy hoạch tổng thể các dự án đầu tư xây dựng trên địa bàn huyện Phù Cừ năm 2010","Bỏ qua (Lỗi máy chủ) - Đã thử gửi lệnh xóa nhưng máy chủ Vinasynet không cập nhật (bản ghi bị khóa)","2026-09-19 14:38:14"
1051,"H31.05.02.H31.09.2010.2645","30 bản (ERROR_SKIPPED)","Mặt bằng quy hoạch tổng thể các dự án đầu tư xây dựng của huyện Mỹ Hào năm 2010","Bỏ qua (Lỗi máy chủ) - Đã thử gửi lệnh xóa nhưng máy chủ Vinasynet không cập nhật (bản ghi bị khóa)","2026-09-19 14:38:52"
1052,"H31.05.02.H31.09.2010.2644","30 bản (ERROR_SKIPPED)","Mặt bằng quy hoạch tổng thể các dự án đầu tư xây dựng trên địa bàn huyện Kim Động năm 2010","Bỏ qua (Lỗi máy chủ) - Đã thử gửi lệnh xóa nhưng máy chủ Vinasynet không cập nhật (bản ghi bị khóa)","2026-09-19 14:39:30"
1053,"H31.05.02.H31.09.2010.2643","30 bản (ERROR_SKIPPED)","Mặt bằng quy hoạch tổng thể các dự án đầu tư xây dựng của huyện Khoái Châu năm 2010.","Bỏ qua (Lỗi máy chủ) - Đã thử gửi lệnh xóa nhưng máy chủ Vinasynet không cập nhật (bản ghi bị khóa)","2026-09-19 14:40:08"
1054,"H31.05.02.H31.09.2010.2642","30 bản (ERROR_SKIPPED)","Mặt bằng quy hoạch tổng thể các dự án đầu tư xây dựng trên địa bàn thành phố Hưng Yên năm 2010.","Bỏ qua (Lỗi máy chủ) - Đã thử gửi lệnh xóa nhưng máy chủ Vinasynet không cập nhật (bản ghi bị khóa)","2026-09-19 14:40:46"
1055,"H31.05.02.H31.09.2019.2628","30 bản (ERROR_SKIPPED)","Hồ sơ đề nghị thẩm định quy hoạch chi tiết xây dựng cụm công nghiệp Phú Thịnh, huyện Kim Động tỷ lệ 1/500 năm 2019","Bỏ qua (Lỗi máy chủ) - Đã thử gửi lệnh xóa nhưng máy chủ Vinasynet không cập nhật (bản ghi bị khóa)","2026-09-19 14:41:24"
1056,"H31.05.02.H31.09.2019.2619","30 bản (ERROR_SKIPPED)","Xin chủ trương điều chỉnh quy hoạch chi tiết tỷ lệ 1/500 Khu A - Khu đô thị mới phía Đông, huyện Văn Giang","Bỏ qua (Lỗi máy chủ) - Đã thử gửi lệnh xóa nhưng máy chủ Vinasynet không cập nhật (bản ghi bị khóa)","2026-09-19 14:42:02"
1057,"H31.05.02.H31.09.2019.2617","30 bản (ERROR_SKIPPED)","Tham gia ý kiến về nhiệm vụ lập điều chỉnh quy hoạch chung xây dựng xã Nghĩa Trụ, huyện Văn Giang đến năm 2030, định hướng đến năm 2035.","Bỏ qua (Lỗi máy chủ) - Đã thử gửi lệnh xóa nhưng máy chủ Vinasynet không cập nhật (bản ghi bị khóa)","2026-09-19 14:42:40"
1058,"H31.05.02.H31.09.2019.2616","30 bản (ERROR_SKIPPED)","Phê duyệt nhiệm vụ quy hoạch vùng huyện Yên Mỹ đến năm 2028, tầm nhìn đến năm 2035","Bỏ qua (Lỗi máy chủ) - Đã thử gửi lệnh xóa nhưng máy chủ Vinasynet không cập nhật (bản ghi bị khóa)","2026-09-19 14:43:18"
1059,"H31.05.02.H31.09.2019.2615","30 bản (ERROR_SKIPPED)","Thẩm định đồ án quy hoạch chi tiết xây dựng tỷ lệ 1/500 Nhà máy sản xuất, lắp ráp linh kiện điện tử; dịch vụ giao nhận vận chuyển Logistics tại xã Liêu Xá, huyện Yên Mỹ","Bỏ qua (Lỗi máy chủ) - Đã thử gửi lệnh xóa nhưng máy chủ Vinasynet không cập nhật (bản ghi bị khóa)","2026-09-19 14:43:56"
1060,"H31.05.02.H31.09.2019.2614","30 bản (ERROR_SKIPPED)","Tham gia ý kiến cho đồ án quy hoạch chi tiết tỷ lệ 1/500 Khu dân cư Trung tâm xã Phương Chiểu, TP Hưng Yên năm 2018","Bỏ qua (Lỗi máy chủ) - Đã thử gửi lệnh xóa nhưng máy chủ Vinasynet không cập nhật (bản ghi bị khóa)","2026-09-19 14:44:34"
1061,"H31.05.02.H31.09.2019.2611","30 bản (ERROR_SKIPPED)","Đề án bổ sung quy hoạch Khu công nghiệp Phố Nối A vào quy hoạch tổng thể phát triển các Khu công nghiệp của cả nước đến năm 2020","Bỏ qua (Lỗi máy chủ) - Đã thử gửi lệnh xóa nhưng máy chủ Vinasynet không cập nhật (bản ghi bị khóa)","2026-09-19 14:45:12"
1062,"H31.05.02.H31.09.2019.2610","30 bản (ERROR_SKIPPED)","Tham gia ý kiến cho nội dung điều chỉnh quy hoạch xây dựng nông thôn mới xã Lạc Đan đến năm 2020, huyện Văn Lâm năm 2018","Bỏ qua (Lỗi máy chủ) - Đã thử gửi lệnh xóa nhưng máy chủ Vinasynet không cập nhật (bản ghi bị khóa)","2026-09-19 14:45:50"
1063,"H31.05.02.H31.09.2019.2609","30 bản (ERROR_SKIPPED)","Cấp giấy phép quy hoạch dự án đầu tư xây dựng Trung tâm đào tạo bóng đá trẻ PVF tại xã Liên Nghĩa, huyện Văn Giang năm 2018","Bỏ qua (Lỗi máy chủ) - Đã thử gửi lệnh xóa nhưng máy chủ Vinasynet không cập nhật (bản ghi bị khóa)","2026-09-19 14:46:28"
1064,"H31.05.02.H31.09.2019.2608","30 bản (ERROR_SKIPPED)","Tham gia ý kiến cho nhiệm vụ lập quy hoạch chi tiết xây dựng tỷ lệ 1/500 khu liên hợp thể thao, văn hoá và dân cư, huyện Ân Thi năm 2018","Bỏ qua (Lỗi máy chủ) - Đã thử gửi lệnh xóa nhưng máy chủ Vinasynet không cập nhật (bản ghi bị khóa)","2026-09-19 14:46:52"
1065,"H31.05.02.H31.09.2019.2607","30 bản (ERROR_SKIPPED)","Thẩm định nhiệm vụ lập quy hoạnh chi tiết Xây dùng tỷ lệ 1/500 khu nhà ở xã hội dành cho công nhân khu công nghiệp tại xã Phùng Chí Kiên, huyện Mỹ Hào","Bỏ qua (Lỗi máy chủ) - Đã thử gửi lệnh xóa nhưng máy chủ Vinasynet không cập nhật (bản ghi bị khóa)","2026-09-19 14:47:06"
1066,"H31.05.02.H31.09.2019.2580","30 bản (ERROR_SKIPPED)","Vị trí xây dựng tượng đài cố Tổng Bí thư  Nguyễn Văn Linh và công viên cây xanh Quảng trường trung tâm tỉnh năm 2008","Bỏ qua (Lỗi máy chủ) - Đã thử gửi lệnh xóa nhưng máy chủ Vinasynet không cập nhật (bản ghi bị khóa)","2026-09-19 14:47:20"
1067,"H31.05.02.H31.09.2019.2581","30 bản (ERROR_SKIPPED)","Chấp thuận hồ sơ quy hoạch dự án đầu tư Khu tổ hợp sản xuất chế biến đồ gỗ và sản xuất lắp ráp đồ điện tử dân dụng tại xã Lý Thường Kiệt, huyện Yên Mỹ năm 2011","Bỏ qua (Lỗi máy chủ) - Đã thử gửi lệnh xóa nhưng máy chủ Vinasynet không cập nhật (bản ghi bị khóa)","2026-09-19 14:47:34"
1068,"H31.05.02.H31.09.2019.2572","30 bản (ERROR_SKIPPED)","Mặt bằng quy hoạch tổng thể dự án Làng quân nhân Bộ Chỉ huy quân sự tỉnh Hưng Yên tại xã Bảo Khê, thị xã Hưng Yên năm 2009.","Bỏ qua (Lỗi máy chủ) - Đã thử gửi lệnh xóa nhưng máy chủ Vinasynet không cập nhật (bản ghi bị khóa)","2026-09-19 14:47:48"
1069,"H31.05.02.H31.09.2019.2571","30 bản (ERROR_SKIPPED)","Thỏa thuận điều chỉnh quy hoạch chi tiết xây dựng tỷ lệ 1/500 khu đô thị thương mại và Du lịch Văn Giang năm 2009","Bỏ qua (Lỗi máy chủ) - Đã thử gửi lệnh xóa nhưng máy chủ Vinasynet không cập nhật (bản ghi bị khóa)","2026-09-19 14:48:05"
1070,"H31.05.02.H31.09.2019.2570","30 bản (ERROR_SKIPPED)","Đề nghị phê duyệt nhiệm vụ và dự toán lập quy hoạch chi tiết xây dựng tỷ lệ 1/500. Phát huy giá trị Khu di tích Đền Trần, Điền Mẫu và Công viên hồ Bán Nguyệt thành phố Hưng Yên năm 2019","Bỏ qua (Lỗi máy chủ) - Đã thử gửi lệnh xóa nhưng máy chủ Vinasynet không cập nhật (bản ghi bị khóa)","2026-09-19 14:48:43"
1071,"H31.05.02.H31.09.2019.2569","30 bản (ERROR_SKIPPED)","Rà soát các dự án đầu tư từ ngày 01/7/2014 đến nay năm 2019","Bỏ qua (Lỗi máy chủ) - Đã thử gửi lệnh xóa nhưng máy chủ Vinasynet không cập nhật (bản ghi bị khóa)","2026-09-19 14:49:21"
1072,"H31.05.02.H31.09.2019.2568","30 bản (ERROR_SKIPPED)","Rà soát, cung cấp hồ sơ dự án Khu nhà ở thương mại và dịch vụ Phúc Hưng tại phường Hiến Nam, thành phố Hưng Yên năm 2019","Bỏ qua (Lỗi máy chủ) - Đã thử gửi lệnh xóa nhưng máy chủ Vinasynet không cập nhật (bản ghi bị khóa)","2026-09-19 14:49:59"
1073,"H31.05.02.H31.09.2019.2567","30 bản (ERROR_SKIPPED)","Bổ sung nguồn vốn thực hiện lập QHCT xây dựng tỷ lệ 1/500 phát huy giá trị khu di tích lịch sử Đền Phù Ủng, xã Phù Ủng, huyện Ân Thi năm 2019.","Bỏ qua (Lỗi máy chủ) - Đã thử gửi lệnh xóa nhưng máy chủ Vinasynet không cập nhật (bản ghi bị khóa)","2026-09-19 14:50:22"
1074,"H31.05.02.H31.09.2019.2521","30 bản (ERROR_SKIPPED)","Về việc cho ý kiến thẩm định dự án của các doanh nghiệp trên địa bàn xã Dị Sử và xã Hưng Long","Bỏ qua (Lỗi máy chủ) - Đã thử gửi lệnh xóa nhưng máy chủ Vinasynet không cập nhật (bản ghi bị khóa)","2026-09-19 14:50:43"
1075,"H31.05.02.H31.09.2019.2520","30 bản (ERROR_SKIPPED)","Về việc cho ý kiến thẩm định dự án của các doanh nghiệp trên địa bàn xã Hưng Long, huyện Mỹ Hào","Bỏ qua (Lỗi máy chủ) - Đã thử gửi lệnh xóa nhưng máy chủ Vinasynet không cập nhật (bản ghi bị khóa)","2026-09-19 14:51:21"
1076,"H31.05.02.H31.09.2019.2519","30 bản (ERROR_SKIPPED)","Về việc cho ý kiến thẩm định dự án của các doanh nghiệp trên đị bàn xã Hòa Phong, huyện Mỹ Hào","Bỏ qua (Lỗi máy chủ) - Đã thử gửi lệnh xóa nhưng máy chủ Vinasynet không cập nhật (bản ghi bị khóa)","2026-09-19 14:51:59"
1077,"H31.05.02.H31.09.2019.2518","30 bản (ERROR_SKIPPED)","Về việc cho ý kiến thẩm định dự án của các doanh nghiệp trên địa bàn xã Dị Sử, huyện Mỹ Hào","Bỏ qua (Lỗi máy chủ) - Đã thử gửi lệnh xóa nhưng máy chủ Vinasynet không cập nhật (bản ghi bị khóa)","2026-09-19 14:52:37"
1078,"H31.05.02.H31.09.2019.2490","30 bản (ERROR_SKIPPED)","Phương án kiến trúc công trình Showroom ô tô Duy Khánh tại xã Bảo Khê, thành phố Hưng Yên","Bỏ qua (Lỗi máy chủ) - Đã thử gửi lệnh xóa nhưng máy chủ Vinasynet không cập nhật (bản ghi bị khóa)","2026-09-19 14:53:15"
1079,"H31.05.02.H31.09.2019.2489","30 bản (ERROR_SKIPPED)","Phương án kiến trúc công trình Siêu thị sách Hưng Yên tại phường An Tảo, thành phố Hưng Yên","Bỏ qua (Lỗi máy chủ) - Đã thử gửi lệnh xóa nhưng máy chủ Vinasynet không cập nhật (bản ghi bị khóa)","2026-09-19 14:53:53"
1080,"H31.05.02.H31.09.2019.2488","30 bản (ERROR_SKIPPED)","Phương án kiến trúc công trình Đền thờ danh nhân Nguyễn Trung Ngãn, thị trấn Ân Thi, huyện Ân Thi","Bỏ qua (Lỗi máy chủ) - Đã thử gửi lệnh xóa nhưng máy chủ Vinasynet không cập nhật (bản ghi bị khóa)","2026-09-19 14:54:31"
1081,"H31.05.02.H31.09.2019.2487","30 bản (ERROR_SKIPPED)","Phương án kiến trúc công trình Nhà giao dịch, văn phòng kết hợp sàn khai thác Bưu điện tỉnh thưng Yên tại phường Hiến Nam, thành phố Hưng Yên","Bỏ qua (Lỗi máy chủ) - Đã thử gửi lệnh xóa nhưng máy chủ Vinasynet không cập nhật (bản ghi bị khóa)","2026-09-19 14:55:09"
1082,"H31.05.02.H31.09.2019.2486","30 bản (ERROR_SKIPPED)","Về việc chấp thuận Mặt bằng quy hoạch tổng thể Hổ Thôn Chư Thị, xã Cần Lập, huyện Yên Mỹ.","Bỏ qua (Lỗi máy chủ) - Đã thử gửi lệnh xóa nhưng máy chủ Vinasynet không cập nhật (bản ghi bị khóa)","2026-09-19 14:55:47"
1083,"H31.05.02.H31.09.2019.2485","30 bản (ERROR_SKIPPED)","Về việc chấp thuận mặt bằng quy hoạch tổng thể khu cảnh quan, cây xanh (lô đất CX-09, MN-02) thuộc dự án khu nhà ở, dịch vụ khu công nghiệp Phố Nối tại xã Nghĩa Hiệp, huyện Yên Mỹ.","Bỏ qua (Lỗi máy chủ) - Đã thử gửi lệnh xóa nhưng máy chủ Vinasynet không cập nhật (bản ghi bị khóa)","2026-09-19 14:56:25"
1084,"H31.05.02.H31.09.2019.2484","30 bản (ERROR_SKIPPED)","Về việc chấp thuận Mặt bằng quy hoạch tổng thể Khu dân cư mới trên địa bàn huyện Yên Mỹ.","Bỏ qua (Lỗi máy chủ) - Đã thử gửi lệnh xóa nhưng máy chủ Vinasynet không cập nhật (bản ghi bị khóa)","2026-09-19 14:57:03"
1085,"H31.05.02.H31.09.2019.2476","30 bản (ERROR_SKIPPED)","Về việc chấp thuận điều chỉnh mặt bằng quy hoạch chia lô tỷ lệ 1/500 Khu biệt thự đảo (giai đoạn 1) Khu đô thị thương mại và du lịch Văn Giang (Ecopark)","Bỏ qua (Lỗi máy chủ) - Đã thử gửi lệnh xóa nhưng máy chủ Vinasynet không cập nhật (bản ghi bị khóa)","2026-09-19 14:57:41"
1086,"H31.05.02.H31.09.2019.2475","30 bản (ERROR_SKIPPED)","Về việc chấp thuận Mặt bằng quy hoạch tổng thể Khu dân cư mới trên địa bàn huyện Văn Giang","Bỏ qua (Lỗi máy chủ) - Đã thử gửi lệnh xóa nhưng máy chủ Vinasynet không cập nhật (bản ghi bị khóa)","2026-09-19 14:58:19"
1087,"H31.05.02.H31.09.2019.2473","30 bản (ERROR_SKIPPED)","Về việc chấp thuận mặt bằng quy hoạch tổng thể dự án đầu tư xây dựng Trường Trung học cơ sở thị trấn Vương, huyện Tiên Lữ","Bỏ qua (Lỗi máy chủ) - Đã thử gửi lệnh xóa nhưng máy chủ Vinasynet không cập nhật (bản ghi bị khóa)","2026-09-19 14:58:57"
1088,"H31.05.02.H31.09.2019.2472","30 bản (ERROR_SKIPPED)","Về việc thẩm định mặt bằng quy hoạch dự án đầu tư xây dựng trụ sở công an huyện Phù Cừ tại xã Đoàn Đào, huyện Phù Cừ","Bỏ qua (Lỗi máy chủ) - Đã thử gửi lệnh xóa nhưng máy chủ Vinasynet không cập nhật (bản ghi bị khóa)","2026-09-19 14:59:35"
1089,"H31.05.02.H31.09.2019.2468","30 bản (ERROR_SKIPPED)","Về việc chấp thuận mặt bằng quy hoạch tổng thể khu dân cư mới trên địa bàn huyện Mỹ Hào","Bỏ qua (Lỗi máy chủ) - Đã thử gửi lệnh xóa nhưng máy chủ Vinasynet không cập nhật (bản ghi bị khóa)","2026-09-19 15:00:13"
1090,"H31.05.02.H31.09.2019.2467","30 bản (ERROR_SKIPPED)","Về việc chấp thuận mặt bằng quy hoạch tổng thể Khu dân cư mới trên địa bàn huyện Kim Động","Bỏ qua (Lỗi máy chủ) - Đã thử gửi lệnh xóa nhưng máy chủ Vinasynet không cập nhật (bản ghi bị khóa)","2026-09-19 15:00:51"
1091,"H31.05.02.H31.09.2019.2466","30 bản (ERROR_SKIPPED)","Về việc chấp thuận mặt bằng quy hoạch tổng thể điều chỉnh và phương án kiến trúc CT Nhà phụ trợ (Hạng mục số 06), nhà để xe ô tô (Hạng mục số 08), nhà bảo vệ (Hạng mục số 1) và lán để xe (Hạng mục số 02), Phòng giao dịch chính sách xã hội huyện Khoái Châu","Bỏ qua (Lỗi máy chủ) - Đã thử gửi lệnh xóa nhưng máy chủ Vinasynet không cập nhật (bản ghi bị khóa)","2026-09-19 15:01:29"
1092,"H31.05.02.H31.09.2019.2465","30 bản (ERROR_SKIPPED)","Về việc chấp thuận mặt bằng quy hoạch tổng thể và phương án kiến trúc công trình Trường mầm non trung tâm xã Phương Chiểu, thành phố Hưng Yên.","Bỏ qua (Lỗi máy chủ) - Đã thử gửi lệnh xóa nhưng máy chủ Vinasynet không cập nhật (bản ghi bị khóa)","2026-09-19 15:02:07"
1093,"H31.05.02.H31.09.2019.2464","30 bản (ERROR_SKIPPED)","Về việc chấp thuận mặt bằng quy hoạch tổng thể điều chỉnh của dự án Khu dân cư xã mới phía Bắc Nu - 9 khu Đại học Phố Hiến tại xã Liên Phương, thành phố Hưng Yên.","Bỏ qua (Lỗi máy chủ) - Đã thử gửi lệnh xóa nhưng máy chủ Vinasynet không cập nhật (bản ghi bị khóa)","2026-09-19 15:02:45"
1094,"H31.05.02.H31.09.2019.2463","30 bản (ERROR_SKIPPED)","Về việc chấp thuận mặt bằng quy hoạch tổng thể chia lô khu dân cư mới trên địa bàn thành phố Hưng Yên. Năm 2018-2019.","Bỏ qua (Lỗi máy chủ) - Đã thử gửi lệnh xóa nhưng máy chủ Vinasynet không cập nhật (bản ghi bị khóa)","2026-09-19 15:03:23"
1095,"H31.05.02.H31.09.2018.2459B","30 bản (ERROR_SKIPPED)","Cấp chứng chỉ quy hoạch cho Ban quản lý dự án đầu tư xây dựng khu vực Agribank (Ban QLDA) và Viện kiểm sát nhân dân tỉnh Hưng Yên năm 2018","Bỏ qua (Lỗi máy chủ) - Đã thử gửi lệnh xóa nhưng máy chủ Vinasynet không cập nhật (bản ghi bị khóa)","2026-09-19 15:04:01"
1096,"H31.05.02.H31.09.2018.2459A","30 bản (ERROR_SKIPPED)","Cấp giấy phép quy hoạch dự án đầu tư xây dựng Khu nhà ở Phố Mới Văn Giang năm 2018","Bỏ qua (Lỗi máy chủ) - Đã thử gửi lệnh xóa nhưng máy chủ Vinasynet không cập nhật (bản ghi bị khóa)","2026-09-19 15:04:39"
1097,"H31.05.02.H31.09.2018.2457","30 bản (ERROR_SKIPPED)","Hồ sơ về việc thẩm định hồ sơ xin thuê đất của Công ty Cổ phần thực phẩm Eufood Eco và Công ty Cổ phần Amazon Châu Á để thực hiện dự án đầu tư Nhà máy sản xuất bao bì và sản phẩm cơ khí tại xã Long Hưng, huyện Văn Giang năm 2018","Bỏ qua (Lỗi máy chủ) - Đã thử gửi lệnh xóa nhưng máy chủ Vinasynet không cập nhật (bản ghi bị khóa)","2026-09-19 15:05:17"
1098,"H31.05.02.H31.09.2018.2459C","30 bản (ERROR_SKIPPED)","Khảo sát xây dựng thành lập bản đồ 1/2000 đồ án Quy hoạch phân khu tỷ lệ 1/2000 trục kinh tế Bắc – Nam thuộc huyện Văn Lâm và huyện Mỹ Hào, tỉnh Hưng Yên năm 2018","Bỏ qua (Lỗi máy chủ) - Đã thử gửi lệnh xóa nhưng máy chủ Vinasynet không cập nhật (bản ghi bị khóa)","2026-09-19 15:06:46"
1099,"H31.05.02.H31.09.2018.2459","50 bản (ERROR_SKIPPED)","Cấp chứng chỉ quy hoạch cho Ban quản lý dự án đầu tư xây dựng khu vực Agribank (Ban QLDA) và Viện kiểm sát nhân dân tỉnh Hưng Yên năm 2018","Bỏ qua (Lỗi máy chủ) - Đã thử gửi lệnh xóa nhưng máy chủ Vinasynet không cập nhật (bản ghi bị khóa)","2026-09-19 15:07:06"
1100,"H31.05.02.H31.09.2018.2458","30 bản (ERROR_SKIPPED)","Đề nghị phê duyệt vị trí thực hiện dự án đầu tư xây dựng Trụ sở làm việc Viện kiếm sát nhân dân huyện Kim Động tại xã Chính Nghĩa, huyện Kim Động năm 2017.","Bỏ qua (Lỗi máy chủ) - Đã thử gửi lệnh xóa nhưng máy chủ Vinasynet không cập nhật (bản ghi bị khóa)","2026-09-19 15:07:44"
1101,"H31.05.02.H31.09.2018.2456","30 bản (ERROR_SKIPPED)","Về việc đề nghị phê duyệt nhiệm vụ lập Quy hoạch chi tiết xây dựng tỉ lệ 1/500 Dự án đầu tư xây dựng khu nhà ở thương mại 319 tại xã Tân Lập và thị trấn Yên Mỹ H.Yên Mỹ","Bỏ qua (Lỗi máy chủ) - Đã thử gửi lệnh xóa nhưng máy chủ Vinasynet không cập nhật (bản ghi bị khóa)","2026-09-19 15:08:22"
1102,"H31.05.02.H31.09.2018.2364","30 bản (ERROR_SKIPPED)","Về phương án thiết kế kiến trúc các mẫu nhà ở liền kề và biệt thự thuộc dự án Khu nhà ở công nhân, nhà ở thương mại Lạc Hồng, Phố Nối tại xã Nhân Hòa, huyện Mỹ Hào năm 2018","Bỏ qua (Lỗi máy chủ) - Đã thử gửi lệnh xóa nhưng máy chủ Vinasynet không cập nhật (bản ghi bị khóa)","2026-09-19 15:09:00"
1103,"H31.05.02.H31.09.2018.2363","30 bản (ERROR_SKIPPED)","Về phương án thiết kế kiến trúc công trình Khu nhà ở công nhân thuộc dự án khu nhà ở công nhân, nhà ở thương mại Lạc Hồng - Phố Nối năm 2018","Bỏ qua (Lỗi máy chủ) - Đã thử gửi lệnh xóa nhưng máy chủ Vinasynet không cập nhật (bản ghi bị khóa)","2026-09-19 15:09:38"
1104,"H31.05.02.H31.09.2018.2354","30 bản (ERROR_SKIPPED)","Về phương án thiết kế kiến trúc các hạng mục công trình thuộc dự án đầu tư xây dựng Chợ Vị tại xã Phương Chiểu, thành phố Hưng Yên năm 2018","Bỏ qua (Lỗi máy chủ) - Đã thử gửi lệnh xóa nhưng máy chủ Vinasynet không cập nhật (bản ghi bị khóa)","2026-09-19 15:10:16"
1105,"H31.05.02.H31.09.2018.2352","30 bản (ERROR_SKIPPED)","Về phương án thiết kế kiến trúc công trình Trụ sở và văn phòng cho thuê DĐK tại phường Hiến Nam, thành phố Hưng Yên năm 2018","Bỏ qua (Lỗi máy chủ) - Đã thử gửi lệnh xóa nhưng máy chủ Vinasynet không cập nhật (bản ghi bị khóa)","2026-09-19 15:10:54"
1106,"H31.05.02.H31.09.2018.2351","30 bản (ERROR_SKIPPED)","Về phương án kiến trúc công trình Cải tạo, nâng cấp Trung tâm Bảo trợ xã hội tỉnh Hưng Yên tại xã Đặng Lễ, huyện Ân Thi năm 2018","Bỏ qua (Lỗi máy chủ) - Đã thử gửi lệnh xóa nhưng máy chủ Vinasynet không cập nhật (bản ghi bị khóa)","2026-09-19 15:11:32"
1107,"H31.05.02.H31.09.2018.2305","30 bản (ERROR_SKIPPED)","Về việc chấp thuận Mặt bằng qui hoạch tổng thể Trụ sở Viện kiểm sát nhân dân huyện Khoái Châu, tỉnh Hưng Yên tại xã An Vỹ, huyện Khoái Châu năm 2018","Bỏ qua (Lỗi máy chủ) - Đã thử gửi lệnh xóa nhưng máy chủ Vinasynet không cập nhật (bản ghi bị khóa)","2026-09-19 15:11:49"
1108,"H31.05.02.H31.09.2018.2304","30 bản (ERROR_SKIPPED)","Về việc chấp thuận Mặt bằng qui hoạch tổng thể Khu dân cư mới trên địa bàn huyện Khoái Châu năm 2018 - 2019","Bỏ qua (Lỗi máy chủ) - Đã thử gửi lệnh xóa nhưng máy chủ Vinasynet không cập nhật (bản ghi bị khóa)","2026-09-19 15:12:03"
1109,"H31.05.02.H31.09.2018.2303","30 bản (ERROR_SKIPPED)","Về việc chấp thuận Mặt bằng quy hoạch tổng thể điều chỉnh dự án Trung tâm thương mại Hưng Yên tại phường Lam Sơn, thành phố Hưng Yên năm 2018","Bỏ qua (Lỗi máy chủ) - Đã thử gửi lệnh xóa nhưng máy chủ Vinasynet không cập nhật (bản ghi bị khóa)","2026-09-19 15:12:17"
1110,"H31.05.02.H31.09.2018.2302","30 bản (ERROR_SKIPPED)","Về việc chấp thuận mặt bằng qui hoạch tổng thể của dự án Trụ sở và văn phòng cho thuê DĐK tại phường Hiến Nam, thành phố Hưng Yên năm 2018","Bỏ qua (Lỗi máy chủ) - Đã thử gửi lệnh xóa nhưng máy chủ Vinasynet không cập nhật (bản ghi bị khóa)","2026-09-19 15:12:32"
1111,"H31.05.02.H31.09.2018.2301","30 bản (ERROR_SKIPPED)","Về việc chấp thuận mặt bằng quy hoạch tổng thể dự án đầu tư xây dựng Chợ Vị tại xã Phương Chiểu, thành phố Hưng Yên năm 2018","Bỏ qua (Lỗi máy chủ) - Đã thử gửi lệnh xóa nhưng máy chủ Vinasynet không cập nhật (bản ghi bị khóa)","2026-09-19 15:12:46"
1112,"H31.05.02.H31.09.2018.2300","30 bản (ERROR_SKIPPED)","Về việc thẩm định tổng mặt bằng quy hoạch và phương án kiến trúc công trình Chợ Hiến Nam và Chợ Vị năm 2018","Bỏ qua (Lỗi máy chủ) - Đã thử gửi lệnh xóa nhưng máy chủ Vinasynet không cập nhật (bản ghi bị khóa)","2026-09-19 15:13:00"
1113,"H31.05.02.H31.09.2017.2288G","30 bản (ERROR_SKIPPED)","Khảo sát đo vẽ bản đồ địa hình tỷ lệ 1/10.000 đồ án điều chỉnh quy hoạch chung thành phố Hưng Yên đến năm 2035 năm 2017","Bỏ qua (Lỗi máy chủ) - Đã thử gửi lệnh xóa nhưng máy chủ Vinasynet không cập nhật (bản ghi bị khóa)","2026-09-19 15:13:14"
1114,"H31.05.02.H31.09.2017.2280","30 bản (ERROR_SKIPPED)","Về việc cho ý kiến thẩm định dự án của các doanh nghiệp trên địa bàn xã Yên phú và xã Việt Cường, huyện Yên Mỹ năm 2017.","Bỏ qua (Lỗi máy chủ) - Đã thử gửi lệnh xóa nhưng máy chủ Vinasynet không cập nhật (bản ghi bị khóa)","2026-09-19 15:13:28"
1115,"H31.05.02.H31.09.2017.2278","30 bản (ERROR_SKIPPED)","Về việc cho ý kiến thẩm định dự án của các doanh nghiệp trên địa bàn xã Yên phú và xã Yên Hòa, huyện Yên Mỹ năm 2017.","Bỏ qua (Lỗi máy chủ) - Đã thử gửi lệnh xóa nhưng máy chủ Vinasynet không cập nhật (bản ghi bị khóa)","2026-09-19 15:13:43"
1116,"H31.05.02.H31.09.2017.2277","30 bản (ERROR_SKIPPED)","Về việc cho ý kiến thẩm định dự án của các doanh nghiệp trên địa bàn các xã Giai Phạm và xã Ngọc Long, huyện Yên Mỹ năm 2017.","Bỏ qua (Lỗi máy chủ) - Đã thử gửi lệnh xóa nhưng máy chủ Vinasynet không cập nhật (bản ghi bị khóa)","2026-09-19 15:13:57"
1117,"H31.05.02.H31.09.2017.2276","30 bản (ERROR_SKIPPED)","Về việc cho ý kiến thẩm định dự án của các doanh nghiệp trên địa bàn xã Giai Phạm và xã Đồng Than, huyện Yên Mỹ năm 2017.","Bỏ qua (Lỗi máy chủ) - Đã thử gửi lệnh xóa nhưng máy chủ Vinasynet không cập nhật (bản ghi bị khóa)","2026-09-19 15:14:11"
1118,"H31.05.02.H31.09.2017.2275","30 bản (ERROR_SKIPPED)","Về việc cho ý kiến thẩm định dự án của các doanh nghiệp trên địa bàn xã Trung Hoa, xã Tân Lập và thị trấn Yên Mỹ, huyên Yên Mỹ năm 2017","Bỏ qua (Lỗi máy chủ) - Đã thử gửi lệnh xóa nhưng máy chủ Vinasynet không cập nhật (bản ghi bị khóa)","2026-09-19 15:14:25"
1119,"H31.05.02.H31.09.2016.2279","30 bản (ERROR_SKIPPED)","Về việc cho ý kiến thẩm định dự án của các doanh nghiệp trên địa bàn xã Yên Phú và xã Việt Cường, huyện Yên Mỹ năm 2016","Bỏ qua (Lỗi máy chủ) - Đã thử gửi lệnh xóa nhưng máy chủ Vinasynet không cập nhật (bản ghi bị khóa)","2026-09-19 15:14:39"
1120,"H31.05.02.H31.09.2017.2184","30 bản (ERROR_SKIPPED)","Phương án kiến trúc công trình. Nhà lớp học 3. tầng 15 phòng và Nhà hiệu bộ kết hợp một số phòng học chức năng - Trường trung học cơ sở thị trấn Như Quỳnh, huyện Văn Lâm","Bỏ qua (Lỗi máy chủ) - Đã thử gửi lệnh xóa nhưng máy chủ Vinasynet không cập nhật (bản ghi bị khóa)","2026-09-19 15:14:54"
1121,"H31.05.02.H31.09.2017.2183","30 bản (ERROR_SKIPPED)","Phương án kiến trúc công trình kho lưu trữ của cơ quan EVN/NPT tại xã Việt Hưng, huyện Văn Lâm","Bỏ qua (Lỗi máy chủ) - Đã thử gửi lệnh xóa nhưng máy chủ Vinasynet không cập nhật (bản ghi bị khóa)","2026-09-19 15:15:08"
1122,"H31.05.02.H31.09.2017.2182","30 bản (ERROR_SKIPPED)","Phương án thiết kế kiến trúc các mẫu nhà thuộc dự án Khu dân cư - Đô thị sinh thái Như Quỳnh, huyện Văn Lâm","Bỏ qua (Lỗi máy chủ) - Đã thử gửi lệnh xóa nhưng máy chủ Vinasynet không cập nhật (bản ghi bị khóa)","2026-09-19 15:15:22"
1123,"H31.05.02.H31.09.2017.2181","30 bản (ERROR_SKIPPED)","Phương án kiến trúc công trình Nhà câu lạc bộ (CLB-10) thuộc dự án Khu biệt thự Mimosa Valley thuộc phân khu 9-12, Khu đô thị thương mại và du lịch Văn Giang (Ecopark)","Bỏ qua (Lỗi máy chủ) - Đã thử gửi lệnh xóa nhưng máy chủ Vinasynet không cập nhật (bản ghi bị khóa)","2026-09-19 15:15:37"
1124,"H31.05.02.H31.09.2017.2180","30 bản (ERROR_SKIPPED)","Phương án kiến trúc công trình Nhà câu lạc bộ (CLB-09), thuộc dự án khu nhà phố Thảo Nguyên Khu đô thị thương mại & du lịch Văn Giang (Ecopark) tại xã Xuân Quan, huyện Văn Giang","Bỏ qua (Lỗi máy chủ) - Đã thử gửi lệnh xóa nhưng máy chủ Vinasynet không cập nhật (bản ghi bị khóa)","2026-09-19 15:15:51"
1125,"H31.05.02.H31.09.2017.2179","30 bản (ERROR_SKIPPED)","Phương án thiết kế kiến trúc công trình Nhà câu lạc bộ (CLB-08) thuộc dự án Khu biệt thự Thuỷ Nguyên thuộc phân khu 9-12, khu đô thị thương mại và dụ lịch Văn Giang (Ecopark) tại xã Xuân Quan, H. Văn Giang","Bỏ qua (Lỗi máy chủ) - Đã thử gửi lệnh xóa nhưng máy chủ Vinasynet không cập nhật (bản ghi bị khóa)","2026-09-19 15:16:05"
1126,"H31.05.02.H31.09.2017.2172","30 bản (ERROR_SKIPPED)","Phương án thiết kế kiến trúc các mẫu nhà của dự án thành phần khu biệt thự đảo (gđ 1) thuộc Khu đô thị thương mại và du lịch văn Giang (Ecopark), huyện Văn Giang","Bỏ qua (Lỗi máy chủ) - Đã thử gửi lệnh xóa nhưng máy chủ Vinasynet không cập nhật (bản ghi bị khóa)","2026-09-19 15:16:19"
1127,"H31.05.02.H31.09.2017.2171","30 bản (ERROR_SKIPPED)","Phương án thiết kế kiến trúc các hạng mục công trình thuộc dự án trung tâm đào tạo bóng đá trẻ PVF tại xã Đông Hưng, huyện Văn Giang, tỉnh Hưng Yên","Bỏ qua (Lỗi máy chủ) - Đã thử gửi lệnh xóa nhưng máy chủ Vinasynet không cập nhật (bản ghi bị khóa)","2026-09-19 15:16:33"
1128,"H31.05.02.H31.09.2017.2170","30 bản (ERROR_SKIPPED)","Phương án thiết kế kiến trúc công trình Trường tiểu học và trung học cơ sở EDISON, tại lô đất GD-04, thuộc khu đô thị thương mại và du lịch Văn Giang (Ecopark) tại huyện Văn Giang","Bỏ qua (Lỗi máy chủ) - Đã thử gửi lệnh xóa nhưng máy chủ Vinasynet không cập nhật (bản ghi bị khóa)","2026-09-19 15:16:47"
1129,"H31.05.02.H31.09.2017.2169","30 bản (ERROR_SKIPPED)","Phương án thiết kế kiến trúc công trình trường mầm non Tô Quyền tại xã Nghĩa Tru, huyện Văn Giang","Bỏ qua (Lỗi máy chủ) - Đã thử gửi lệnh xóa nhưng máy chủ Vinasynet không cập nhật (bản ghi bị khóa)","2026-09-19 15:17:01"
1130,"H31.05.02.H31.09.2017.2168","30 bản (ERROR_SKIPPED)","Phương án kiến trúc sơ bộ dự án Club house 2A- Khu đô thị TM & DL Văn Giang (Ecopark). Hạng mục Nhà câu lạc bộ 2A","Bỏ qua (Lỗi máy chủ) - Đã thử gửi lệnh xóa nhưng máy chủ Vinasynet không cập nhật (bản ghi bị khóa)","2026-09-19 15:17:16"
1131,"H31.05.02.H31.09.2017.2167","30 bản (ERROR_SKIPPED)","Phương án kiến trúc công trình: Hội trường thị trấn Văn Giang, huyện Văn Giang","Bỏ qua (Lỗi máy chủ) - Đã thử gửi lệnh xóa nhưng máy chủ Vinasynet không cập nhật (bản ghi bị khóa)","2026-09-19 15:17:30"
1132,"H31.05.02.H31.09.2017.2166","30 bản (ERROR_SKIPPED)","Phương án kiến trúc công trình: Trụ sở Agribank chi nhánh huyện Tiên Lữ tại thị trân Vương, huyện Tiên Lữ","Bỏ qua (Lỗi máy chủ) - Đã thử gửi lệnh xóa nhưng máy chủ Vinasynet không cập nhật (bản ghi bị khóa)","2026-09-19 15:17:44"
1133,"H31.05.02.H31.09.2016.2013","30 bản (ERROR_SKIPPED)","Phương án kiến trúc các hạng mục của dự án Kho bạc nhà nước huyện Phù Cừ tại thị trấn Trần Cao, huyện Phù Cừ","Bỏ qua (Lỗi máy chủ) - Đã thử gửi lệnh xóa nhưng máy chủ Vinasynet không cập nhật (bản ghi bị khóa)","2026-09-19 15:17:59"
1134,"H31.05.02.H31.09.2016.2012","30 bản (ERROR_SKIPPED)","Hồ sơ phương án kiến trúc công trình Nhà văn hóa xã Tân Việt tại huyện Mỹ Hào, tỉnh Hưng Yên","Bỏ qua (Lỗi máy chủ) - Đã thử gửi lệnh xóa nhưng máy chủ Vinasynet không cập nhật (bản ghi bị khóa)","2026-09-19 15:18:13"
1135,"H31.05.02.H31.09.2016.2011","30 bản (ERROR_SKIPPED)","Phương án thiết kế kiến trúc của dự án Nhà ở và bến xe khách Mỹ Hào tại xã Nhân Hào, huyện Mỹ Hào, tỉnh Hưng Yên","Bỏ qua (Lỗi máy chủ) - Đã thử gửi lệnh xóa nhưng máy chủ Vinasynet không cập nhật (bản ghi bị khóa)","2026-09-19 15:18:27"
1136,"H31.05.02.H31.09.2016.2010","30 bản (ERROR_SKIPPED)","Phương án kiến trúc công tình Nhà điều hành sản xuất điện lực Mỹ Hào tại xã Nghĩa Hiệp và thị trấn Bần Yên Nhân, huyện Mỹ Hào","Bỏ qua (Lỗi máy chủ) - Đã thử gửi lệnh xóa nhưng máy chủ Vinasynet không cập nhật (bản ghi bị khóa)","2026-09-19 15:18:42"
1137,"H31.05.02.H31.09.2016.2009","30 bản (ERROR_SKIPPED)","Phương án kiến trúc công trình Siêu thị Đoàn Khanh tại thị trấn Bần Yên Nhân, huyện Mỹ Hào","Bỏ qua (Lỗi máy chủ) - Đã thử gửi lệnh xóa nhưng máy chủ Vinasynet không cập nhật (bản ghi bị khóa)","2026-09-19 15:18:56"
1138,"H31.05.02.H31.09.2016.1969","30 bản (ERROR_SKIPPED)","Về việc thẩm định điều chỉnh mặt bằng tổng thể chia lô dự án Khu chung cư đô thị Phố Nối tại thị trấn Bần Yên Nhân, huyện Mỹ Hào","Bỏ qua (Lỗi máy chủ) - Đã thử gửi lệnh xóa nhưng máy chủ Vinasynet không cập nhật (bản ghi bị khóa)","2026-09-19 15:19:10"
1139,"H31.05.02.H31.09.2016.1968","30 bản (ERROR_SKIPPED)","Về việc thẩm định điều chỉnh mặt bằng quy hoạch tổng thể dự án đầu tư xây dựng Siêu thị Đoàn Khanh tại thị trấn Bần Yên Nhân, huyện Mỹ Hào","Bỏ qua (Lỗi máy chủ) - Đã thử gửi lệnh xóa nhưng máy chủ Vinasynet không cập nhật (bản ghi bị khóa)","2026-09-19 15:19:25"
1140,"H31.05.02.H31.09.2016.1967","30 bản (ERROR_SKIPPED)","Về việc chấp thuận mặt bằng quy hoạch tổng thể điều chỉnh dự án đầu tư xây dựng Trường THPT Nghĩa Dân tại xã Nghĩa Dân, huyện Kim Động","Bỏ qua (Lỗi máy chủ) - Đã thử gửi lệnh xóa nhưng máy chủ Vinasynet không cập nhật (bản ghi bị khóa)","2026-09-19 15:19:39"
1141,"H31.05.02.H31.09.2016.1966","30 bản (ERROR_SKIPPED)","Về việc chấp thuận mặt bằng quy hoạch tổng thể dự án đầu tư xây dựng trụ sở làm việc Chi cục thuế huyện Kim Động tại xã Chính Nghĩa, huyện Kim Động","Bỏ qua (Lỗi máy chủ) - Đã thử gửi lệnh xóa nhưng máy chủ Vinasynet không cập nhật (bản ghi bị khóa)","2026-09-19 15:19:53"
1142,"H31.05.02.H31.09.2016.1965","30 bản (ERROR_SKIPPED)","Về việc chấp thuận mặt bằng quy hoạch tổng thể điều chỉnh dự án đầu tư xây dựng trường THPT Kim Động tại thị trấn Lương Bằng","Bỏ qua (Lỗi máy chủ) - Đã thử gửi lệnh xóa nhưng máy chủ Vinasynet không cập nhật (bản ghi bị khóa)","2026-09-19 15:20:07"
1143,"H31.05.02.H31.09.2016.1964","30 bản (ERROR_SKIPPED)","Về việc chấp thuận mặt bằng quy hoạch tổng thể điều chỉnh dự án đầu tư xây dựng: Mở rộng nhà máy sản xuất thức ăn gia súc DIG tại xã Hồng Tiến, huyện Khoái Châu","Bỏ qua (Lỗi máy chủ) - Đã thử gửi lệnh xóa nhưng máy chủ Vinasynet không cập nhật (bản ghi bị khóa)","2026-09-19 15:20:21"
1144,"H31.05.02.H31.09.2016.1963","30 bản (ERROR_SKIPPED)","Về việc chấp thuận Mặt bằng quy hoạch tổng thể tỷ lệ 1/500 xây dựng đền thờ Triệu Quang Phục (tại khu vực khoanh vùng bảo vệ II của di tích đền Dạ Trạch) tại xã Dạ Trạch, huyện Khoái Châu","Bỏ qua (Lỗi máy chủ) - Đã thử gửi lệnh xóa nhưng máy chủ Vinasynet không cập nhật (bản ghi bị khóa)","2026-09-19 15:20:36"
1145,"H31.05.02.H31.09.2016.1962","30 bản (ERROR_SKIPPED)","Về việc thẩm định mặt bằng quy hoạch tổng thể dự án khu nhà ở thông minh Phố Hiến tại xã Liên Phương, thành phố Hưng Yên","Bỏ qua (Lỗi máy chủ) - Đã thử gửi lệnh xóa nhưng máy chủ Vinasynet không cập nhật (bản ghi bị khóa)","2026-09-19 15:20:50"
1146,"H31.05.02.H31.09.2016.1961","30 bản (ERROR_SKIPPED)","Về việc thẩm định mặt bằng tổng thể dự án đầu tư xây dựng trang trại chăn nuôi bò thịt công nghệ cao tại xã Hoàng Hanh, thành phố Hưng Yên","Bỏ qua (Lỗi máy chủ) - Đã thử gửi lệnh xóa nhưng máy chủ Vinasynet không cập nhật (bản ghi bị khóa)","2026-09-19 15:21:04"
1147,"H31.05.02.H31.09.2016.1960","30 bản (ERROR_SKIPPED)","Về việc thẩm định mặt bằng quy hoạch tổng thể chia lô khu đất xen kẹp phường Minh Khai, thành phố Hưng Yên","Bỏ qua (Lỗi máy chủ) - Đã thử gửi lệnh xóa nhưng máy chủ Vinasynet không cập nhật (bản ghi bị khóa)","2026-09-19 15:21:18"
1148,"H31.05.02.H31.09.2016.1959","30 bản (ERROR_SKIPPED)","Về việc thẩm định điều chỉnh mặt bằng quy hoạch tổng thể dự án Nhà làm việc tổng Công ty may Hưng Yên tại phường Minh Khai, thành phố Hưng Yên","Bỏ qua (Lỗi máy chủ) - Đã thử gửi lệnh xóa nhưng máy chủ Vinasynet không cập nhật (bản ghi bị khóa)","2026-09-19 15:21:33"
1149,"H31.05.02.H31.09.2016.1958","30 bản (ERROR_SKIPPED)","Về việc chấp thuận Mặt bằng quy hoạch tổng thể điều chỉnh dự án đầu tư xây dựng Chi nhánh Ngân hàng Chính sách xã hội tỉnh Hưng Yên tại phường Hiến Nam, thành phố Hưng Yên","Bỏ qua (Lỗi máy chủ) - Đã thử gửi lệnh xóa nhưng máy chủ Vinasynet không cập nhật (bản ghi bị khóa)","2026-09-19 15:21:47"
1150,"H31.05.02.H31.09.2016.1957","30 bản (ERROR_SKIPPED)","Về việc chấp thuận mặt bằng quy hoạch tổng thể đều chính dự án đầu tư xây dựng Trường mầm non Thiên Đức tại phường An Tảo, thành phố Hưng Yên","Bỏ qua (Lỗi máy chủ) - Đã thử gửi lệnh xóa nhưng máy chủ Vinasynet không cập nhật (bản ghi bị khóa)","2026-09-19 15:22:01"
1151,"H31.05.02.H31.09.2016.1956","30 bản (ERROR_SKIPPED)","Thẩm định, chấp thuận mặt bằng quy hoạch tổng thể các dự án đầu tư xây dựng trên địa bàn tỉnh thưng Yên","Bỏ qua (Lỗi máy chủ) - Đã thử gửi lệnh xóa nhưng máy chủ Vinasynet không cập nhật (bản ghi bị khóa)","2026-09-19 15:22:15"
1152,"H31.05.02.H31.09.2016.1955","30 bản (ERROR_SKIPPED)","Về việc chấp thuận Mặt bằng quy hoạch tổng thể dự án đầu tư xây dựng Trung tâm hoạt động thanh thiếu niên tỉnh thưng Yên tại phương Thiên Nam, thành phố Hưng Yên","Bỏ qua (Lỗi máy chủ) - Đã thử gửi lệnh xóa nhưng máy chủ Vinasynet không cập nhật (bản ghi bị khóa)","2026-09-19 15:22:30"
1153,"H31.05.02.H31.09.2016.1954","30 bản (ERROR_SKIPPED)","Về việc chấp thuận mặt bằng quy hoạch tổng thể điều chỉnh dự án đầu tư xây dựng. Mở rộng trụ sở làm việc Sở Giáo dục và Đào tạo Hưng Yên tại phường An Tảo, thành phố Hưng Yên.","Bỏ qua (Lỗi máy chủ) - Đã thử gửi lệnh xóa nhưng máy chủ Vinasynet không cập nhật (bản ghi bị khóa)","2026-09-19 15:22:44"
1154,"H31.05.02.H31.09.2016.1953","30 bản (ERROR_SKIPPED)","Về việc chấp thuận mặt bằng quy hoạch tổng thể điều chỉnh dự án đầu tư xây dựng Cải tạo, nâng dựng khối Nhà khách Tỉnh ủy tại phường Hiến Nam, thành phố Hưng Yên.","Bỏ qua (Lỗi máy chủ) - Đã thử gửi lệnh xóa nhưng máy chủ Vinasynet không cập nhật (bản ghi bị khóa)","2026-09-19 15:22:58"
1155,"H31.05.02.H31.09.2016.1952","30 bản (ERROR_SKIPPED)","Báo cáo thuyết minh tổng hợp kế hoạch sử dụng đất năm 2016 của các huyện thành phố năm 2015.","Bỏ qua (Lỗi máy chủ) - Đã thử gửi lệnh xóa nhưng máy chủ Vinasynet không cập nhật (bản ghi bị khóa)","2026-09-19 15:23:12"
1156,"H31.05.02.H31.09.2015.1928","30 bản (ERROR_SKIPPED)","Phương án kiến trúc dự án khu nhà phố thương mại Thảo Nguyên lô 136-137, khu đô thị. thương mai & du lich Văn Giang (Ecopark) tại xã Xuân Quan, huyện Văn Giang","Bỏ qua (Lỗi máy chủ) - Đã thử gửi lệnh xóa nhưng máy chủ Vinasynet không cập nhật (bản ghi bị khóa)","2026-09-19 15:23:27"
1157,"H31.05.02.H31.09.2015.1927","30 bản (ERROR_SKIPPED)","Thiết kế cơ sở dự án trung tâm đạo tạo Ecopark, huyện Văn Giang, tỉnh Hưng Yên","Bỏ qua (Lỗi máy chủ) - Đã thử gửi lệnh xóa nhưng máy chủ Vinasynet không cập nhật (bản ghi bị khóa)","2026-09-19 15:23:41"
1158,"H31.05.02.H31.09.2015.1926","30 bản (ERROR_SKIPPED)","Phương án kiến trúc công trình khu biệt thự Mimosa, khu biệt thự Thuỷ Nguyên và khu nhà phố Thủy Nguyên tại xã Xuân Quan, huyện Văn Giang","Bỏ qua (Lỗi máy chủ) - Đã thử gửi lệnh xóa nhưng máy chủ Vinasynet không cập nhật (bản ghi bị khóa)","2026-09-19 15:23:55"
1159,"H31.05.02.H31.09.2014.1891","30 bản (ERROR_SKIPPED)","Quy hoạch tổng thể và phương án kiến trúc Chỉnh trang tu bổ, nâng cấp Khu lưu niệm Tổng Bí thư Nguyễn Văn Linh, xã Giai Phạm, huyện Yên Mỹ","Bỏ qua (Lỗi máy chủ) - Đã thử gửi lệnh xóa nhưng máy chủ Vinasynet không cập nhật (bản ghi bị khóa)","2026-09-19 15:24:09"
1160,"H31.05.02.H31.09.2014.1890","30 bản (ERROR_SKIPPED)","Phương án kiến trúc công trình Nhà phụ trợ UBND huyện Yên Mỹ tại xã Tân Lập huyện Yên Mỹ","Bỏ qua (Lỗi máy chủ) - Đã thử gửi lệnh xóa nhưng máy chủ Vinasynet không cập nhật (bản ghi bị khóa)","2026-09-19 15:24:23"
1161,"H31.05.02.H31.09.2014.1889","30 bản (ERROR_SKIPPED)","Phương án kiến trúc công trình Trường Trung nghề CIENCO 8 tại xã Yên Phú, huyện Yên Mỹ","Bỏ qua (Lỗi máy chủ) - Đã thử gửi lệnh xóa nhưng máy chủ Vinasynet không cập nhật (bản ghi bị khóa)","2026-09-19 15:24:38"
1162,"H31.05.02.H31.09.2014.1887","30 bản (ERROR_SKIPPED)","Phương án kiến trúc Công trình: Nhà lớp họcbộ môn 3 tầng tại xã Lạc Đạo, huyện Văn Lâm","Bỏ qua (Lỗi máy chủ) - Đã thử gửi lệnh xóa nhưng máy chủ Vinasynet không cập nhật (bản ghi bị khóa)","2026-09-19 15:24:52"
1163,"H31.05.02.H31.09.2014.1886","30 bản (ERROR_SKIPPED)","Phương án kiến trúc công trình: Khối nhà chợ chính và khối trung tâm thương mại, văn phòng cho thuê để thực hiện Dự án chợ và khu nhà ở thương mại Như Quỳnh tại thị trấn Như Quỳnh, huyện Văn Lâm","Bỏ qua (Lỗi máy chủ) - Đã thử gửi lệnh xóa nhưng máy chủ Vinasynet không cập nhật (bản ghi bị khóa)","2026-09-19 15:25:06"
1164,"H31.05.02.H31.09.2014.1885","30 bản (ERROR_SKIPPED)","Phương án kiến trúc công trình nhà làm việc 4 tầng trụ sở BHXH huyện Văn Lâm tại thị trấn Như Quỳnh","Bỏ qua (Lỗi máy chủ) - Đã thử gửi lệnh xóa nhưng máy chủ Vinasynet không cập nhật (bản ghi bị khóa)","2026-09-19 15:25:21"
1165,"H31.05.02.H31.09.2014.1884","30 bản (ERROR_SKIPPED)","Phương án kiến trúc dự án Trường đại học Y khoa Tokyo Việt Nam tại lô ST-01, ST- 02, CX-19, MN-05, BOX-03, HTKT-04 Khu đô thị Ecopark huyện Văn Giang","Bỏ qua (Lỗi máy chủ) - Đã thử gửi lệnh xóa nhưng máy chủ Vinasynet không cập nhật (bản ghi bị khóa)","2026-09-19 15:25:35"
1166,"H31.05.02.H31.09.2011-2014.1888","30 bản (ERROR_SKIPPED)","Phương án kiến trúc công trình Nhà lớp học bộ môn Trường THPT Trưng Vương tại xã Trưng Trắc, huyện Văn Lâm","Bỏ qua (Lỗi máy chủ) - Đã thử gửi lệnh xóa nhưng máy chủ Vinasynet không cập nhật (bản ghi bị khóa)","2026-09-19 15:25:50"
1167,"H31.05.02.H31.09.2014.1871","30 bản (ERROR_SKIPPED)","Phương án kiến trúc công trình trụ sở làm việc kho bạc nhà nước huyện Kim Động","Bỏ qua (Lỗi máy chủ) - Đã thử gửi lệnh xóa nhưng máy chủ Vinasynet không cập nhật (bản ghi bị khóa)","2026-09-19 15:26:04"
1168,"H31.05.02.H31.09.2014.1870","30 bản (ERROR_SKIPPED)","Phương án kiến trúc công trình xây dựng nhà Mẫu và giảng đường tại chùa Cổ Am, xã Liên Phương, thành phố Hưng Yên","Bỏ qua (Lỗi máy chủ) - Đã thử gửi lệnh xóa nhưng máy chủ Vinasynet không cập nhật (bản ghi bị khóa)","2026-09-19 15:26:19"
1169,"H31.05.02.H31.09.2014.1869","30 bản (ERROR_SKIPPED)","Hương án kiến trúc cửa hàng kinh doanh đồ gỗ mỹ nghệ cao cấp (gđ 2) để thực hiện công trình Khu nhà ở cho người thu nhập thấp và sản xuất thuê tại xã Liên Phương, TP Hưng Yên","Bỏ qua (Lỗi máy chủ) - Đã thử gửi lệnh xóa nhưng máy chủ Vinasynet không cập nhật (bản ghi bị khóa)","2026-09-19 15:26:33"
1170,"H31.05.02.H31.09.2014.1868","30 bản (ERROR_SKIPPED)","Phương án kiến trúc công trình khu nhà ở cho người thu nhập thấp và sinh viên thuê tại xã Liên Phương, thành phố Hưng Yên","Bỏ qua (Lỗi máy chủ) - Đã thử gửi lệnh xóa nhưng máy chủ Vinasynet không cập nhật (bản ghi bị khóa)","2026-09-19 15:26:47"
1171,"H31.05.02.H31.09.2013-2014.1872","30 bản (ERROR_SKIPPED)","Phương án kiến trúc công trình khu khách sạn, thương mại và dịch vụ thể dục thể thao tại huyện Mỹ Hào, tỉnh Hưng Yên","Bỏ qua (Lỗi máy chủ) - Đã thử gửi lệnh xóa nhưng máy chủ Vinasynet không cập nhật (bản ghi bị khóa)","2026-09-19 15:27:02"
1172,"H31.05.02.H31.09.2013-2014.1867","30 bản (ERROR_SKIPPED)","Về việc điều chỉnh phương án kiến trúc công trình tổ hợp khách sạn, trung tâm thương mại, khu mua sắm và dịch vụ tại Xuân Phú Hưng, phường Lam Sơn, Thành phố Hưng Yên","Bỏ qua (Lỗi máy chủ) - Đã thử gửi lệnh xóa nhưng máy chủ Vinasynet không cập nhật (bản ghi bị khóa)","2026-09-19 15:27:16"
1173,"H31.05.02.H31.09.2014.1865","30 bản (ERROR_SKIPPED)","Phương án kiến trúc công trình: nhà làm việc Tổng công ty may Hưng Yên tại phường Minh Khai, thành phố Hưng Yên","Bỏ qua (Lỗi máy chủ) - Đã thử gửi lệnh xóa nhưng máy chủ Vinasynet không cập nhật (bản ghi bị khóa)","2026-09-19 15:27:31"
1174,"H31.05.02.H31.09.2014.1864","30 bản (ERROR_SKIPPED)","Phương án kiến trúc công trình Showroom Auto kết hợp siêu thị tại phường Lam Sơn, thành phố Hưng Yên","Bỏ qua (Lỗi máy chủ) - Đã thử gửi lệnh xóa nhưng máy chủ Vinasynet không cập nhật (bản ghi bị khóa)","2026-09-19 15:27:46"
1175,"H31.05.02.H31.09.2014.1863","30 bản (ERROR_SKIPPED)","Phương án kiến trúc công trình: Nhà điều trị tổng hợp của Bệnh vện Y học cổ truyền tỉnh Hưng Yên tại đường Hải Thượng Lãn Ông, thành phố Hưng Yên","Bỏ qua (Lỗi máy chủ) - Đã thử gửi lệnh xóa nhưng máy chủ Vinasynet không cập nhật (bản ghi bị khóa)","2026-09-19 15:28:00"
1176,"H31.05.02.H31.09.2014.1854","30 bản (ERROR_SKIPPED)","Phương án kiến trúc công trình cải tạo nâng cấp, mở rộng Trụ sở làm việc Ủy ban Mặt trận tổ quốc tỉnh tại phường Hiến Nam, thành phố Hưng Yên","Bỏ qua (Lỗi máy chủ) - Đã thử gửi lệnh xóa nhưng máy chủ Vinasynet không cập nhật (bản ghi bị khóa)","2026-09-19 15:28:15"
1177,"H31.05.02.H31.09.2014.1853","30 bản (ERROR_SKIPPED)","Về việc chấp thuận mặt bằng quy hoạch tổng thể điều chỉnh dự án đầu tư xây dựng trụ sở làm việc Báo hiểm xã hội huyện Văn. Giang","Bỏ qua (Lỗi máy chủ) - Đã thử gửi lệnh xóa nhưng máy chủ Vinasynet không cập nhật (bản ghi bị khóa)","2026-09-19 15:28:29"
1178,"H31.05.02.H31.09.2014.1852","30 bản (ERROR_SKIPPED)","Về việc chấp thuận mặt bằng quy hoạch tổng thể điều chỉnh dự án đầu tư công trình: Nhà làm việc tổng công ty may HY tại số 8 Bạch Đằng, Minh khai, thành phố Hưng Yên","Bỏ qua (Lỗi máy chủ) - Đã thử gửi lệnh xóa nhưng máy chủ Vinasynet không cập nhật (bản ghi bị khóa)","2026-09-19 15:28:44"
1179,"H31.05.02.H31.09.2014.1851","30 bản (ERROR_SKIPPED)","Về việc thẩm định chấp thuận, mặt bằng quy hoạch tổng thể các dự án đầu tư xây dựng trên địa bàn tỉnh Hưng Yên","Bỏ qua (Lỗi máy chủ) - Đã thử gửi lệnh xóa nhưng máy chủ Vinasynet không cập nhật (bản ghi bị khóa)","2026-09-19 15:28:58"
1180,"H31.05.02.H31.09.2013.1827","30 bản (ERROR_SKIPPED)","Phương án kiến trúc công trình Khu nhà ở Phúc Thành tại xã Nhân Hòa, huyện Mỹ Hào","Bỏ qua (Lỗi máy chủ) - Đã thử gửi lệnh xóa nhưng máy chủ Vinasynet không cập nhật (bản ghi bị khóa)","2026-09-19 15:29:13"
1181,"H31.05.02.H31.09.2013.1823","30 bản (ERROR_SKIPPED)","Phương án kiến trúc công trình Nhà xe  + kho, tổng công ty may Hưng Yên tại phường Minh Khai, thành phố Hưng Yên","Bỏ qua (Lỗi máy chủ) - Đã thử gửi lệnh xóa nhưng máy chủ Vinasynet không cập nhật (bản ghi bị khóa)","2026-09-19 15:29:27"
1182,"H31.05.02.H31.09.2013.1821","30 bản (ERROR_SKIPPED)","Về việc đề nghị chấp thuận phương án điều chính 1 số điểm của thiết kế cơ sở thuộc dự án xây dựng. Trụ sờ làm việc Thành ủy - UBMTTQ và các đoàn thể thành phố Hưng Yên năm 2013","Bỏ qua (Lỗi máy chủ) - Đã thử gửi lệnh xóa nhưng máy chủ Vinasynet không cập nhật (bản ghi bị khóa)","2026-09-19 15:29:41"
1183,"H31.05.02.H31.09.2013.1820","30 bản (ERROR_SKIPPED)","Phương án kiến trúc công trình Nhà làm việc trung tâm Giám định Y khoa tỉnh tại phường Híến Nam, thành phố Hưng Yên","Bỏ qua (Lỗi máy chủ) - Đã thử gửi lệnh xóa nhưng máy chủ Vinasynet không cập nhật (bản ghi bị khóa)","2026-09-19 15:29:56"
1184,"H31.05.02.H31.09.2013.1819","30 bản (ERROR_SKIPPED)","Phương án kiến trúc công trình cải tạo, nâng cấp Nhà làm việc Chi cục quản lý đê điều và phòng chống lụt bão tại phương Quang Trung, thành phố Hưng Yên","Bỏ qua (Lỗi máy chủ) - Đã thử gửi lệnh xóa nhưng máy chủ Vinasynet không cập nhật (bản ghi bị khóa)","2026-09-19 15:30:10"
1185,"H31.05.02.H31.09.2013.1818","30 bản (ERROR_SKIPPED)","Phương án kiến trúc công trình Nhà làm việc cơ quan Trung tâm kỹ thuật tiêu chuẩn đo lường chất lương, Trung tâm ứng dụng tiến bộ khoa học và công nghệ của Sở Khoa học và Công nghệ, Liên hiệp hội khoa học kỹ thuật tỉnh tại phường Hiến Nam, thành phố Hưng Yên","Bỏ qua (Lỗi máy chủ) - Đã thử gửi lệnh xóa nhưng máy chủ Vinasynet không cập nhật (bản ghi bị khóa)","2026-09-19 15:30:24"
1186,"H31.05.02.H31.09.2010-2013.1822","30 bản (ERROR_SKIPPED)","Dự án đầu tư xây dựng Khách sạn và nhà ở liền kề do Công ty CP thực phẩm XK Hưng Yên làm chủ đầu tư tại phường An Tảo, thành phố Hưng Yên","Bỏ qua (Lỗi máy chủ) - Đã thử gửi lệnh xóa nhưng máy chủ Vinasynet không cập nhật (bản ghi bị khóa)","2026-09-19 15:30:39"
1187,"H31.05.02.H31.09.2012.1779","30 bản (ERROR_SKIPPED)","Phương án kiến trúc công trình nhà mẫu chia lô chợ Phố Hiến tại phường Lê Lơi, thành phố Hưng Yên","Bỏ qua (Lỗi máy chủ) - Đã thử gửi lệnh xóa nhưng máy chủ Vinasynet không cập nhật (bản ghi bị khóa)","2026-09-19 15:30:53"
1188,"H31.05.02.H31.09.2012.1778","30 bản (ERROR_SKIPPED)","Phương án kiến trúc mẫu nhà chia lô thuộc dự án đầu tư xây dựng chợ Phố Hiến công ty TNHH đầu tư phát triển Hoàng Phát","Bỏ qua (Lỗi máy chủ) - Đã thử gửi lệnh xóa nhưng máy chủ Vinasynet không cập nhật (bản ghi bị khóa)","2026-09-19 15:31:07"
1189,"H31.05.02.H31.09.2006-2012.1780","30 bản (ERROR_SKIPPED)","Thiết kế phương án kiến trúc công trình nhà mẫu chia lô (chợ tạm) tại phường Hiến Nam, thành phố Hưng Yên","Bỏ qua (Lỗi máy chủ) - Đã thử gửi lệnh xóa nhưng máy chủ Vinasynet không cập nhật (bản ghi bị khóa)","2026-09-19 15:31:22"
1190,"H31.05.02.H31.09.2010.1671","30 bản (ERROR_SKIPPED)","Phương án kiến trúc đầu tư xây dựng chợ Gạo - Hạng mục: nhà chợ tại phường An Tảo, thành phố Hưng Yên","Bỏ qua (Lỗi máy chủ) - Đã thử gửi lệnh xóa nhưng máy chủ Vinasynet không cập nhật (bản ghi bị khóa)","2026-09-19 15:31:36"
1191,"H31.05.02.H31.09.2010.1670Đ","0 bản (NOT_FOUND)","Bản ghi #1","Không tìm thấy hồ sơ - Không tìm thấy hồ sơ nào với mã này trên hệ thống Vinasynet","2026-09-19 15:31:40"
1192,"H31.05.02.H31.09.2010.1670E","30 bản (ERROR_SKIPPED)","Cơ cấu sử dụng đất của khu chung cư sinh thái đô thị Như Quỳnh - Hưng Yên năm 2010.","Bỏ qua (Lỗi máy chủ) - Đã thử gửi lệnh xóa nhưng máy chủ Vinasynet không cập nhật (bản ghi bị khóa)","2026-09-19 15:31:54"
1193,"H31.05.02.H31.09.2010.1670G","30 bản (ERROR_SKIPPED)","Nhiệm vụ và phương án khảo sát xây dựng thành lập bản đồ địa hình tỷ lệ 1/2000 - 2 dự án nhà ở và dịch vụ công nghiệp Phố Nối của Công ty Cổ phần du lich và TM Tân Sáng và Công ty Cổ phần chế biến thực phẩm Kinh Đô Miền Bắc","Bỏ qua (Lỗi máy chủ) - Đã thử gửi lệnh xóa nhưng máy chủ Vinasynet không cập nhật (bản ghi bị khóa)","2026-09-19 15:32:08"
1194,"H31.05.02.H31.09.2010.1670F","30 bản (ERROR_SKIPPED)","Báo cáo khảo sát địa hình Khu Văn Nhuế và Trung tâm hành chính huyện Mỹ Hào năm 2010","Bỏ qua (Lỗi máy chủ) - Đã thử gửi lệnh xóa nhưng máy chủ Vinasynet không cập nhật (bản ghi bị khóa)","2026-09-19 15:32:22"
1195,"H31.05.02.H31.09.2000-2010.2641","30 bản (ERROR_SKIPPED)","Mặt bằng quy hoạch tổng thể các dự án đầu tư xây dựng trên địa bàn huyện Ân Thi năm 2010","Bỏ qua (Lỗi máy chủ) - Đã thử gửi lệnh xóa nhưng máy chủ Vinasynet không cập nhật (bản ghi bị khóa)","2026-09-19 15:32:37"
1196,"H31.05.02.H31.09.2000-2010.2640","30 bản (ERROR_SKIPPED)","Phê duyệt điều chỉnh quy hoạnh tổng thể mặt bằng dự án thành phần 1A-03 và điều chỉnh thông số giới hạn chiều cao tầng của dự án thành phần 1B-02 và 1B-03 thuộc phân kỳ I dự án Khu đô thị TM-DL Văn Giang","Bỏ qua (Lỗi máy chủ) - Đã thử gửi lệnh xóa nhưng máy chủ Vinasynet không cập nhật (bản ghi bị khóa)","2026-09-19 15:32:51"
1197,"H31.05.02.H31.09.2000-2010.2639","30 bản (ERROR_SKIPPED)","Mặt bằng quy hoạch tổng thể xây dựng các dự án đầu tư trên địa bàn huyện Yên Mỹ giai đoạn 2000 - 2009","Bỏ qua (Lỗi máy chủ) - Đã thử gửi lệnh xóa nhưng máy chủ Vinasynet không cập nhật (bản ghi bị khóa)","2026-09-19 15:33:05"
1198,"H31.05.02.H31.09.2000-2009.2636","30 bản (ERROR_SKIPPED)","Mặt bằng quy hoạch tổng thể xây dựng các dự án đầu tư trên địa bàn huyện Văn Giang, giai đoạn 2002 - 2009","Bỏ qua (Lỗi máy chủ) - Đã thử gửi lệnh xóa nhưng máy chủ Vinasynet không cập nhật (bản ghi bị khóa)","2026-09-19 15:33:20"
1199,"H31.05.02.H31.09.2000-2009.2635","30 bản (ERROR_SKIPPED)","Mặt bằng quy hoạch tổng thể xây dựng các dự án đầu tư trên địa bàn huyện Phù cừ giai đoạn 2001 - 2009","Bỏ qua (Lỗi máy chủ) - Đã thử gửi lệnh xóa nhưng máy chủ Vinasynet không cập nhật (bản ghi bị khóa)","2026-09-19 15:33:34"
1200,"H31.05.02.H31.09.2019.2576","30 bản (ERROR_SKIPPED)","Khảo sát, đo đạc lập bản đồ địa hình quy hoạch Khu đô thị sinh thái tại các xã Nghĩa Trụ, xã Long Hưng - huyện Văn Giang năm 2011","Bỏ qua (Lỗi máy chủ) - Đã thử gửi lệnh xóa nhưng máy chủ Vinasynet không cập nhật (bản ghi bị khóa)","2026-09-19 15:33:48"
1201,"H31.05.02.H31.09.2018-2019.2462","30 bản (ERROR_SKIPPED)","Về việc chấp thuận mặt bằng quy hoạch tổng thể điều chỉnh ngân hàng chính sách xã hội huyện Ân Thị tại thị trấn Ân Thị","Bỏ qua (Lỗi máy chủ) - Đã thử gửi lệnh xóa nhưng máy chủ Vinasynet không cập nhật (bản ghi bị khóa)","2026-09-19 15:34:03"
1202,"H31.05.02.H31.09.2018-2019.2461","30 bản (ERROR_SKIPPED)","Về việc chấp thuận điệu chính mặt bằng quy hoạch tổng thể và thiết kế phương án kiến thức công trình nhà khoa khám bệnh và điều trị ngoại trú của Trung tâm y tế huyện An Thi","Bỏ qua (Lỗi máy chủ) - Đã thử gửi lệnh xóa nhưng máy chủ Vinasynet không cập nhật (bản ghi bị khóa)","2026-09-19 15:34:17"
1203,"H31.05.02.H31.09.2018-2019.2460","30 bản (ERROR_SKIPPED)","Về việc chấp thuận mặt bằng quy hoạch tổng thể Bưu điện tỉnh Hưng Yên tại phường Hiến Nam, thành phố Hưng Yên","Bỏ qua (Lỗi máy chủ) - Đã thử gửi lệnh xóa nhưng máy chủ Vinasynet không cập nhật (bản ghi bị khóa)","2026-09-19 15:34:32"
1204,"H31.05.02.H31.09.2018-2019.2459Đ","0 bản (NOT_FOUND)","Bản ghi #1","Không tìm thấy hồ sơ - Không tìm thấy hồ sơ nào với mã này trên hệ thống Vinasynet","2026-09-19 15:34:36"
1205,"H31.05.02.H31.09.2018-2019.2459G","30 bản (ERROR_SKIPPED)","Ranh giới lập quy hoạch dự án đầu tư thiết chế của công đoàn tại Khu công nghiệp Phố Nối A năm 2018","Bỏ qua (Lỗi máy chủ) - Đã thử gửi lệnh xóa nhưng máy chủ Vinasynet không cập nhật (bản ghi bị khóa)","2026-09-19 15:34:50"
1206,"H31.05.02.H31.09.2018-2019.2459F","30 bản (ERROR_SKIPPED)","Ranh giới khu đất lập quy hoạch dự án Khu nhà ở thương mại Hoàng Long tại thị trấn Yên Mỹ, huyện Yên Mỹ năm 2018.","Bỏ qua (Lỗi máy chủ) - Đã thử gửi lệnh xóa nhưng máy chủ Vinasynet không cập nhật (bản ghi bị khóa)","2026-09-19 15:35:05"
1207,"H31.05.02.H31.09.2018-2019.2459D","30 bản (ERROR_SKIPPED)","Hồ sơ đo vẽ hiện trạng công trình Cụm công nghiệp xã Tân Quang, huyện Văn Lâm năm 2018.","Bỏ qua (Lỗi máy chủ) - Đã thử gửi lệnh xóa nhưng máy chủ Vinasynet không cập nhật (bản ghi bị khóa)","2026-09-19 15:35:19"
1208,"H31.05.02.H31.09.2018.2206","30 bản (ERROR_SKIPPED)","Phê duyệt nhiệm vụ quy hoạch chi tiết tỷ lệ 1/500 dự án tổ hợp thương mại, dịch vụ nhà ở cao cấp LAVIDA CTREEN tại xã Nghĩa Hiệp, huyện Yên Mỹ","Bỏ qua (Lỗi máy chủ) - Đã thử gửi lệnh xóa nhưng máy chủ Vinasynet không cập nhật (bản ghi bị khóa)","2026-09-19 15:35:34"
1209,"H31.05.02.H31.09.2017.2205","30 bản (ERROR_SKIPPED)","Về việc cho ý kiến thẩm định dự án của các doanh nghiệp trên địa bàn xã Tân Dân, huyện Khoái Châu năm 2017( tập 1) năm 2017","Bỏ qua (Lỗi máy chủ) - Đã thử gửi lệnh xóa nhưng máy chủ Vinasynet không cập nhật (bản ghi bị khóa)","2026-09-19 15:35:48"
1210,"H31.05.02.H31.09.2017.2165","30 bản (ERROR_SKIPPED)","Về phương án thiết kế kiến trúc các hạng mục công trình thuộc dự án: Nhà lưu niệm lực lượng nữ du kích Hoàng Ngân HY và anh hùng lực lượng vũ trang nhân dân Vũ Thị Kính, (tức Trần Thị Khang), Trên địa bàn huyện Mỹ Hào, tỉnh Hưng Yên","Bỏ qua (Lỗi máy chủ) - Đã thử gửi lệnh xóa nhưng máy chủ Vinasynet không cập nhật (bản ghi bị khóa)","2026-09-19 15:36:03"
1211,"H31.05.02.H31.09.2017.2164","30 bản (ERROR_SKIPPED)","Phương án kiến trúc công trình : Nhà bếp ăn và nghỉ giáo viên (Trường THPT Hồng Đức) tại xã Nhân Hòa, huyện Mỹ Hào","Bỏ qua (Lỗi máy chủ) - Đã thử gửi lệnh xóa nhưng máy chủ Vinasynet không cập nhật (bản ghi bị khóa)","2026-09-19 15:36:17"
1212,"H31.05.02.H31.09.2017.2163","30 bản (ERROR_SKIPPED)","Phương án thiết kế kiến trúc các mẫu nhà thuộc dự án. Khu nhà ở công nhân, nhà ở thương mại Lạc Hồng, Phố Nội tại xã Nhân Hòa, huyện Mỹ Hào","Bỏ qua (Lỗi máy chủ) - Đã thử gửi lệnh xóa nhưng máy chủ Vinasynet không cập nhật (bản ghi bị khóa)","2026-09-19 15:36:31"
1213,"H31.05.02.H31.09.2017.2162","30 bản (ERROR_SKIPPED)","Phương án thiết kế kiến trúc công trình nhà ở liền kề của dự án tòa nhà hỗn hợp cao. tầng và khu nhà ở để bán tại thị trấn Bần Yên Nhân, huyện Mỹ Hào","Bỏ qua (Lỗi máy chủ) - Đã thử gửi lệnh xóa nhưng máy chủ Vinasynet không cập nhật (bản ghi bị khóa)","2026-09-19 15:36:46"
1214,"H31.05.02.H31.09.2017.2161","30 bản (ERROR_SKIPPED)","Phương án thiết kế kiến trúc công trình Trường mầm non thuộc dự án đầu tư xây dựng chợ Bao bì và khu nhà ở thương mại Phố Nối tại thị trấn Bần Yên Nhân huyện Mỹ Hào","Bỏ qua (Lỗi máy chủ) - Đã thử gửi lệnh xóa nhưng máy chủ Vinasynet không cập nhật (bản ghi bị khóa)","2026-09-19 15:37:00"
1215,"H31.05.02.H31.09.2017.2160","30 bản (ERROR_SKIPPED)","Phương án thiết kế kiến trúc các hạng mục công trình thuộc dự án đầu tư xây dựng trung tâm khai thác vận chuyển và Bưu cục Mỹ Hào tỉnh Hưng Yên","Bỏ qua (Lỗi máy chủ) - Đã thử gửi lệnh xóa nhưng máy chủ Vinasynet không cập nhật (bản ghi bị khóa)","2026-09-19 15:37:15"
1216,"H31.05.02.H31.09.2017.2159","30 bản (ERROR_SKIPPED)","Phương án thiết kế kiến trúc công trình trụ sở bảo hiểm xã hội huyện Mỹ Hào, tỉnh Hưng Yên","Bỏ qua (Lỗi máy chủ) - Đã thử gửi lệnh xóa nhưng máy chủ Vinasynet không cập nhật (bản ghi bị khóa)","2026-09-19 15:37:30"
1217,"H31.05.02.H31.09.2016-2017.2086","30 bản (ERROR_SKIPPED)","Về việc chấp thuận mặt bằng quy hoạch tổng thể điều chỉnh dự án đầu tư xây dựng trụ sở làm việc Bảo hiểm xã hội huyện Ân Thi","Bỏ qua (Lỗi máy chủ) - Đã thử gửi lệnh xóa nhưng máy chủ Vinasynet không cập nhật (bản ghi bị khóa)","2026-09-19 15:37:44"
1218,"H31.05.02.H31.09.2016-2017.2085","30 bản (ERROR_SKIPPED)","Về việc thẩm định chấp thuận mặt bằng quy hoạch tổng thể các dự án đầu tư xây dựng trên địa bàn tỉnh Hưng Yên","Bỏ qua (Lỗi máy chủ) - Đã thử gửi lệnh xóa nhưng máy chủ Vinasynet không cập nhật (bản ghi bị khóa)","2026-09-19 15:37:58"
1219,"H31.05.02.H31.09.2016-2017.2084","30 bản (ERROR_SKIPPED)","Thẩm định mặt bằng quy hoạch tổng thể trụ sở Bảo hiểm xã hội tỉnh Hưng Yên tại phường Hiến Nam, thành phố Hưng Yên","Bỏ qua (Lỗi máy chủ) - Đã thử gửi lệnh xóa nhưng máy chủ Vinasynet không cập nhật (bản ghi bị khóa)","2026-09-19 15:38:13"
1220,"H31.05.02.H31.09.2016-2017.2083","30 bản (ERROR_SKIPPED)","Về việc chấp thuận điều chỉnh mặt bằng quy hoạch tổng thể dự án đầu tư xây dựng Cải tạo xây dựng hợp khối nhà làm việc các Ban Đáng tỉnh tại phường Phiến Nam, thành phố Hưng Yên","Bỏ qua (Lỗi máy chủ) - Đã thử gửi lệnh xóa nhưng máy chủ Vinasynet không cập nhật (bản ghi bị khóa)","2026-09-19 15:38:27"
1221,"H31.05.02.H31.09.2016-2017.2082H","30 bản (ERROR_SKIPPED)","Tham gia ý kiến vì nhiệm vụ lập quy hoạch phân khu tỷ lệ 1/2000 khu dịch vụ gắn với Phát huy giá trị khu tưởng niệm tướng quân Nguyên Thiện Thuật tại xã Xuân Dục - Mỹ Hào năm 2016","Bỏ qua (Lỗi máy chủ) - Đã thử gửi lệnh xóa nhưng máy chủ Vinasynet không cập nhật (bản ghi bị khóa)","2026-09-19 15:38:41"
1222,"H31.05.02.H31.09.2016-2017.2082G","30 bản (ERROR_SKIPPED)","Tham gia ý kiến vào dự thảo quy chế quản lý quy hoạch kiến trúc đô thị thị trấn Lương Bằng, huyện Kìm Đông năm 2116.","Bỏ qua (Lỗi máy chủ) - Đã thử gửi lệnh xóa nhưng máy chủ Vinasynet không cập nhật (bản ghi bị khóa)","2026-09-19 15:38:56"
1223,"H31.05.02.H31.09.2016-2017.2082F","30 bản (ERROR_SKIPPED)","Tham gia ý kiến nhiệm vụ lập quy hoạch chi tiết xây dựng tỷ lệ 1/500 Khu dân cư mới khu phố An Bình, Phường An Tảo, TP Hưng Yên năm 2016.","Bỏ qua (Lỗi máy chủ) - Đã thử gửi lệnh xóa nhưng máy chủ Vinasynet không cập nhật (bản ghi bị khóa)","2026-09-19 15:39:10"
1224,"H31.05.02.H31.09.2016-2017.2082E","30 bản (ERROR_SKIPPED)","Tham gia ý kiến nhiệm vụ lập quy hoạch chi tiết xây dựng tỷ lệ 1/500 Khu dân cư mới ngã tư đường Phạm Bạch Hổ, Trần Hưng Đạo, phường Lam Sơn, TP. Hưng Yên","Bỏ qua (Lỗi máy chủ) - Đã thử gửi lệnh xóa nhưng máy chủ Vinasynet không cập nhật (bản ghi bị khóa)","2026-09-19 15:39:24"
1225,"H31.05.02.H31.09.2016-2017.2082D","30 bản (ERROR_SKIPPED)","Kết quả thẩm định hồ sơ thiết kế BVTC và dự toán xây dựng công trình HTKT Trường THPT; Trung tâm TDTT và khu nhà ở liền kề để bán thuộc địa bàn xã Lạc Đạo, huyện Văn Lâm năm 2016.","Bỏ qua (Lỗi máy chủ) - Đã thử gửi lệnh xóa nhưng máy chủ Vinasynet không cập nhật (bản ghi bị khóa)","2026-09-19 15:39:38"
1226,"H31.05.02.H31.09.2016-2017.2082C","30 bản (ERROR_SKIPPED)","Lựa chọn nhà đầu tư thực hiện dự án Khu nhà ở liền kề và biệt thự An Tảo, thành phố Hưng Yên năm 2014-2016","Bỏ qua (Lỗi máy chủ) - Đã thử gửi lệnh xóa nhưng máy chủ Vinasynet không cập nhật (bản ghi bị khóa)","2026-09-19 15:39:53"
1227,"H31.05.02.H31.09.2016.2082B","30 bản (ERROR_SKIPPED)","Triển khai thực hiện chủ trương đầu tư XDHTKT Khu dân cư mới Nu-9, TT4 để đấu giá QSDĐ và xây dựng nhà ở của dự án trung tâm thương mại và nhà ở, biệt thự Phố Hiến năm 2016.","Bỏ qua (Lỗi máy chủ) - Đã thử gửi lệnh xóa nhưng máy chủ Vinasynet không cập nhật (bản ghi bị khóa)","2026-09-19 15:40:07"
1228,"H31.05.02.H31.09.2016.2082A","30 bản (ERROR_SKIPPED)","Cung cấp thông tin các dự án trọng điểm về bệnh viện, Trường Đại học và trung tâm logistics tại các vùng trong vùng thủ đô HN, đề xuất được thi công hoàn trả mương trung thuỷ nông Nhân Hòa của cty CPĐTXD Bình Minh Hưng Yên năm 2016","Bỏ qua (Lỗi máy chủ) - Đã thử gửi lệnh xóa nhưng máy chủ Vinasynet không cập nhật (bản ghi bị khóa)","2026-09-19 15:40:21"
1229,"H31.05.02.H31.09.2016.2082","50 bản (ERROR_SKIPPED)","Triển khai thực hiện chủ trương đầu tư XDHTKT Khu dân cư mới Nu-9, TT4 để đấu giá QSDĐ và xây dựng nhà ở của dự án trung tâm thương mại và nhà ở, biệt thự Phố Hiến năm 2016.","Bỏ qua (Lỗi máy chủ) - Đã thử gửi lệnh xóa nhưng máy chủ Vinasynet không cập nhật (bản ghi bị khóa)","2026-09-19 15:40:36"
1230,"H31.05.02.H31.09.2016.2081","30 bản (ERROR_SKIPPED)","Thiết kế quy hoạch dự án điều chỉnh quy hoạch chi tiết khu công nghiệp Yên Mỹ I - tỷ lệ 1/2000 tại huyện Yên Mỹ, tỉnh Hưng Yên năm 2015","Bỏ qua (Lỗi máy chủ) - Đã thử gửi lệnh xóa nhưng máy chủ Vinasynet không cập nhật (bản ghi bị khóa)","2026-09-19 15:40:51"
1231,"H31.05.02.H31.09.2016.2043","30 bản (ERROR_SKIPPED)","Về việc cho ý kiến thẩm định dự án của các doanh nghiệp trên địa bàn xã Vũ Xá, huyện Kim Động.","Bỏ qua (Lỗi máy chủ) - Đã thử gửi lệnh xóa nhưng máy chủ Vinasynet không cập nhật (bản ghi bị khóa)","2026-09-19 15:41:06"
1232,"H31.05.02.H31.09.2016.2042","30 bản (ERROR_SKIPPED)","Về việc cho ý kiến thẩm định dự án của các doanh nghiệp trên địa bàn xã Phú Thịnh, huyện Kim Động","Bỏ qua (Lỗi máy chủ) - Đã thử gửi lệnh xóa nhưng máy chủ Vinasynet không cập nhật (bản ghi bị khóa)","2026-09-19 15:41:21"
1233,"H31.05.02.H31.09.2016.2041","30 bản (ERROR_SKIPPED)","Về việc cho ý kiến thẩm định dự án của các doanh nghiệp trên địa bàn xã Phạm Ngũ Lão, huyện Kim Động.","Bỏ qua (Lỗi máy chủ) - Đã thử gửi lệnh xóa nhưng máy chủ Vinasynet không cập nhật (bản ghi bị khóa)","2026-09-19 15:41:36"
1234,"H31.05.02.H31.09.2016.2040","30 bản (ERROR_SKIPPED)","Về việc cho ý kiến thẩm định dự án của các doanh nghiệp trên địa bàn xã Hiệp Cường huyện Kim Động.","Bỏ qua (Lỗi máy chủ) - Đã thử gửi lệnh xóa nhưng máy chủ Vinasynet không cập nhật (bản ghi bị khóa)","2026-09-19 15:41:51"
1235,"H31.05.02.H31.09.2016.2039","30 bản (ERROR_SKIPPED)","Về việc cho ý kiến thẩm định dự án của các doanh nghiệp trên địa bàn xã Chính Nghĩa, huyện Kim Động","Bỏ qua (Lỗi máy chủ) - Đã thử gửi lệnh xóa nhưng máy chủ Vinasynet không cập nhật (bản ghi bị khóa)","2026-09-19 15:42:05"
1236,"H31.05.02.H31.09.2016.1990F","30 bản (ERROR_SKIPPED)","Mặt bằng tổng thể điều chỉnh chia lô theo thực tế giao đất và hiện trạng xây dựng Khu chung cư đô thị Phố Nối, tỉnh Hưng Yên năm 2016","Bỏ qua (Lỗi máy chủ) - Đã thử gửi lệnh xóa nhưng máy chủ Vinasynet không cập nhật (bản ghi bị khóa)","2026-09-19 15:42:20"
1237,"H31.05.02.H31.09.2016.1990D","30 bản (ERROR_SKIPPED)","Đề nghị phê duyệt vị trí xây dựng khu dân cư các phường, xã, thành phố Hưng Yên năm 2016.","Bỏ qua (Lỗi máy chủ) - Đã thử gửi lệnh xóa nhưng máy chủ Vinasynet không cập nhật (bản ghi bị khóa)","2026-09-19 15:42:34"
1238,"H31.05.02.H31.09.2016.1990C","30 bản (ERROR_SKIPPED)","Đề nghị phê duyệt vị trí thực hiện các dự án đâu tư xây dựng trên địa bàn tỉnh năm 2016","Bỏ qua (Lỗi máy chủ) - Đã thử gửi lệnh xóa nhưng máy chủ Vinasynet không cập nhật (bản ghi bị khóa)","2026-09-19 15:42:49"
1239,"H31.05.02.H31.09.2016.1990A","30 bản (ERROR_SKIPPED)","Chấp thuận mặt bằng, thẩm định mặt bằng quy hoạch tổng thể các dự án đầu tư trên địa bàn tỉnh Hưng Yên năm 2016","Bỏ qua (Lỗi máy chủ) - Đã thử gửi lệnh xóa nhưng máy chủ Vinasynet không cập nhật (bản ghi bị khóa)","2026-09-19 15:43:03"
1240,"H31.05.02.H31.09.2016.1990G","30 bản (ERROR_SKIPPED)","Về việc Kiểm tra điều kiện chuyển nhượng sản phẩm tại dự án ĐTXD Khu biệt thự thuỷ nguyên và Nhà phố Thuỷ Nguyên (giai đoạn 2) Khu đô thị Thương mại và Du lịch Văn Giang năm 2016","Bỏ qua (Lỗi máy chủ) - Đã thử gửi lệnh xóa nhưng máy chủ Vinasynet không cập nhật (bản ghi bị khóa)","2026-09-19 15:43:18"
1241,"H31.05.02.H31.09.2016.1990E","30 bản (ERROR_SKIPPED)","Chủ trương mở rộng khu công nghiệp Phố Nối A năm 2016","Bỏ qua (Lỗi máy chủ) - Đã thử gửi lệnh xóa nhưng máy chủ Vinasynet không cập nhật (bản ghi bị khóa)","2026-09-19 15:43:32"
1242,"H31.05.02.H31.09.2016.1990B","30 bản (ERROR_SKIPPED)","Điều chỉnh chức năng khu đất phía sau Trường mầm non Phước Huệ và trung tâm truyền thông giáo dục sức khoẻ phường An Tảo, TP Hưng Yên năm 2016","Bỏ qua (Lỗi máy chủ) - Đã thử gửi lệnh xóa nhưng máy chủ Vinasynet không cập nhật (bản ghi bị khóa)","2026-09-19 15:43:48"
1243,"H31.05.02.H31.09.2016.1990","50 bản (ERROR_SKIPPED)","Mặt bằng tổng thể điều chỉnh chia lô theo thực tế giao đất và hiện trạng xây dựng Khu chung cư đô thị Phố Nối, tỉnh Hưng Yên năm 2016","Bỏ qua (Lỗi máy chủ) - Đã thử gửi lệnh xóa nhưng máy chủ Vinasynet không cập nhật (bản ghi bị khóa)","2026-09-19 15:44:03"
1244,"H31.05.02.H31.09.2016.1989","30 bản (ERROR_SKIPPED)","Về việc chấp thuận Mặt bằng quy hoạch tổng thể dự án đầu tư xây dựng Trường Tiểu học Tân Việt, huyện Yên Mỹ","Bỏ qua (Lỗi máy chủ) - Đã thử gửi lệnh xóa nhưng máy chủ Vinasynet không cập nhật (bản ghi bị khóa)","2026-09-19 15:44:18"
1245,"H31.05.02.H31.09.2016.1988","30 bản (ERROR_SKIPPED)","Về việc thẩm định mặt bằng quy hoạch tổng thể điều chỉnh bổ sung hạng mục công trình Nhà văn hóa xã Tân Việt, huyện Yên Mỹ","Bỏ qua (Lỗi máy chủ) - Đã thử gửi lệnh xóa nhưng máy chủ Vinasynet không cập nhật (bản ghi bị khóa)","2026-09-19 15:44:33"
1246,"H31.05.02.H31.09.2016.1987","30 bản (ERROR_SKIPPED)","Về việc chấp thuận Mặt bằng quy hoạch tổng thể điều chỉnh dự án đầu tư xây dựng Khách sạn Phú Mỹ tại xã Liêu Xá, huyện Yên Mỹ","Bỏ qua (Lỗi máy chủ) - Đã thử gửi lệnh xóa nhưng máy chủ Vinasynet không cập nhật (bản ghi bị khóa)","2026-09-19 15:44:48"
1247,"H31.05.02.H31.09.2016.1986","30 bản (ERROR_SKIPPED)","Về việc chấp thuận Mặt bằng quy hoạch tổng thể điều chỉnh dự án đầu tư xây dựng Nhà văn hóa huyện Văn Lâm tại thị trấn Như Quỳnh, huyện Văn Lâm","Bỏ qua (Lỗi máy chủ) - Đã thử gửi lệnh xóa nhưng máy chủ Vinasynet không cập nhật (bản ghi bị khóa)","2026-09-19 15:45:03"
1248,"H31.05.02.H31.09.2016.1985","30 bản (ERROR_SKIPPED)","Về việc thẩm định điều chỉnh mặt bằng quy hoạch tổng thể dự án đầu tư xây dựng trường tiểu học Như Quỳnh B tại thị trấn Như Quỳnh, huyện Văn Lâm.","Bỏ qua (Lỗi máy chủ) - Đã thử gửi lệnh xóa nhưng máy chủ Vinasynet không cập nhật (bản ghi bị khóa)","2026-09-19 15:45:18"
1249,"H31.05.02.H31.09.2016.1984","30 bản (ERROR_SKIPPED)","Về việc thẩm định điều chỉnh mặt bằng quy hoạch tổng thể dự án đầu tư xây dựng Bưu điện huyện Văn Lâm tại thị trấn Như Quỳnh, huyện Văn Lâm","Bỏ qua (Lỗi máy chủ) - Đã thử gửi lệnh xóa nhưng máy chủ Vinasynet không cập nhật (bản ghi bị khóa)","2026-09-19 15:45:32"
1250,"H31.05.02.H31.09.2016.1983","30 bản (ERROR_SKIPPED)","Về việc chấp thuận điều chỉnh mặt bằng quy hoạch tổng thể tỷ lệ 1/500 dự án thành phần khu căn hộ Vịnh Chuỷ (Aqua Bay) thuộc phân khu 9-12 khu đô thị thương mại và du lịch Văn Giang (Ecopark).","Bỏ qua (Lỗi máy chủ) - Đã thử gửi lệnh xóa nhưng máy chủ Vinasynet không cập nhật (bản ghi bị khóa)","2026-09-19 15:45:46"
1251,"H31.05.02.H31.09.2016.1982","30 bản (ERROR_SKIPPED)","Về việc thẩm định điều chỉnh mặt bằng quy hoạch tổng thể dự án Trường đại học Y khoa Tokyo Việt Nam tại huyện Văn Giang, tỉnh Hưng Yên","Bỏ qua (Lỗi máy chủ) - Đã thử gửi lệnh xóa nhưng máy chủ Vinasynet không cập nhật (bản ghi bị khóa)","2026-09-19 15:46:01"
1252,"H31.05.02.H31.09.2016.1981","30 bản (ERROR_SKIPPED)","Về việc thẩm định mặt bằng quy hoạch tổng thể tỷ lệ 1/500 dự án thành phần khu chung cư cao tầng CT-32 và CT-33 thuộc phân khu 9-12 khu đô thị thương mại và du lịch văn Giang (Ecopark).","Bỏ qua (Lỗi máy chủ) - Đã thử gửi lệnh xóa nhưng máy chủ Vinasynet không cập nhật (bản ghi bị khóa)","2026-09-19 15:46:15"
1253,"H31.05.02.H31.09.2016.1980","30 bản (ERROR_SKIPPED)","Về việc thẩm định mặt bằng quy hoạch tổng thể tỷ lệ 1/500 dự án thành phần khu chung cư cao tầng CT-29 và CT-30 thuộc phân khu 9 12 khu đô thị thương mại và du lịch Văn Gang (Ecopark)","Bỏ qua (Lỗi máy chủ) - Đã thử gửi lệnh xóa nhưng máy chủ Vinasynet không cập nhật (bản ghi bị khóa)","2026-09-19 15:46:30"
1254,"H31.05.02.H31.09.2016.1979","30 bản (ERROR_SKIPPED)","Về việc chấp thuận mặt bằng quy hoạch tổng thể tỷ lệ 1/500 dự án thành phần trung tâm đào tạo. thuộc phân kỳ đầu tư 3, khu đô thị thương mại và du lịch văn Giang.","Bỏ qua (Lỗi máy chủ) - Đã thử gửi lệnh xóa nhưng máy chủ Vinasynet không cập nhật (bản ghi bị khóa)","2026-09-19 15:46:45"
1255,"H31.05.02.H31.09.2016.1978","30 bản (ERROR_SKIPPED)","Về việc chấp thuận mặt bằng quy hoạch tổng thể tỷ lệ 11500 dự án đầu tư xây dựng trường mầm non Greative Kindercare (Trường mầm non sáng tạo) tại lô đất GD-05, thuộc phân khu 1, khu đô thị thương mại và du lịch Văn Giang (Ecopack)","Bỏ qua (Lỗi máy chủ) - Đã thử gửi lệnh xóa nhưng máy chủ Vinasynet không cập nhật (bản ghi bị khóa)","2026-09-19 15:46:59"
1256,"H31.05.02.H31.09.2016.1977","30 bản (ERROR_SKIPPED)","Về việc chấp thuận mặt bằng quy hoạch tổng thể điều chỉnh của dự án thành phần khu biệt thư thuỷ Nguyên và khu nhà phô Chuỷ Nguyên tại huyện Văn Giang.","Bỏ qua (Lỗi máy chủ) - Đã thử gửi lệnh xóa nhưng máy chủ Vinasynet không cập nhật (bản ghi bị khóa)","2026-09-19 15:47:14"
1257,"H31.05.02.H31.09.2016.1976","30 bản (ERROR_SKIPPED)","Về việc chấp thuận mặt bằng quy hoạch tổng thể dự án đầu tư xây dựng Nhà văn hóa huyện Tiên Lữ tại thị trấn Vương, huyện Tiên Lữ","Bỏ qua (Lỗi máy chủ) - Đã thử gửi lệnh xóa nhưng máy chủ Vinasynet không cập nhật (bản ghi bị khóa)","2026-09-19 15:47:29"
1258,"H31.05.02.H31.09.2016.1972","30 bản (ERROR_SKIPPED)","Về việc chấp thuận mặt bằng quy hoạch tổng thể dự án Bến xe Mỹ Hào tại xã Nhân Hòa, huyện Mỹ Hào","Bỏ qua (Lỗi máy chủ) - Đã thử gửi lệnh xóa nhưng máy chủ Vinasynet không cập nhật (bản ghi bị khóa)","2026-09-19 15:47:44"
1259,"H31.05.02.H31.09.2016.1975","30 bản (ERROR_SKIPPED)","Về việc thẩm định mặt bằng quy hoạch. tổng thể trụ sở báo hiểm xã hội huyện  Phù Cừ tại thị trấn Trần Cao, huyện Phù Cừ","Bỏ qua (Lỗi máy chủ) - Đã thử gửi lệnh xóa nhưng máy chủ Vinasynet không cập nhật (bản ghi bị khóa)","2026-09-19 15:47:58"
1260,"H31.05.02.H31.09.2016.1974","30 bản (ERROR_SKIPPED)","Về việc thẩm định điều chỉnh mặt bằng quy.. hoạch tổng thể dự án đầu tư xây dựng kho bạc nhà nước huyện Phù Cừ tại thị trấn Trần Cao, huyện Phù Cừ","Bỏ qua (Lỗi máy chủ) - Đã thử gửi lệnh xóa nhưng máy chủ Vinasynet không cập nhật (bản ghi bị khóa)","2026-09-19 15:48:13"
1261,"H31.05.02.H31.09.2016.1973","30 bản (ERROR_SKIPPED)","Về việc chấp thuận mặt bằng quy hoạch tổng thể điều chỉnh dự án đầu tư xây dựng Điện lực Mỹ Hào tại xã Nghĩa Hiệp.","Bỏ qua (Lỗi máy chủ) - Đã thử gửi lệnh xóa nhưng máy chủ Vinasynet không cập nhật (bản ghi bị khóa)","2026-09-19 15:48:28"
1262,"H31.05.02.H31.09.2015.1911","30 bản (ERROR_SKIPPED)","Về phương án kiến trúc công trình Nhà 5 tầng bệnh viện đa khoa Hưng Hà tại phường Lam Sơn, TP Hưng Yên năm 2015.","Bỏ qua (Lỗi máy chủ) - Đã thử gửi lệnh xóa nhưng máy chủ Vinasynet không cập nhật (bản ghi bị khóa)","2026-09-19 15:48:43"
1263,"H31.05.02.H31.09.2015.1910","30 bản (ERROR_SKIPPED)","Về phương án kiến trúc công trình Cải tạo, mở rộng nhà làm việc 3 tầng kho tàng tạm giữ tang vật vi phạm hành chính - Chi cục Quản lý thị trường tỉnh Hưng Yên tại phường Hiến Nam, thành phố Hưng Yên năm 2015","Bỏ qua (Lỗi máy chủ) - Đã thử gửi lệnh xóa nhưng máy chủ Vinasynet không cập nhật (bản ghi bị khóa)","2026-09-19 15:48:57"
1264,"H31.05.02.H31.09.2015.1909","30 bản (ERROR_SKIPPED)","Về phương án kiến trúc công trình Khu thể thao - Liên đoàn lao động tỉnh Hưng Yên tại TP. Hưng Yên năm 2015","Bỏ qua (Lỗi máy chủ) - Đã thử gửi lệnh xóa nhưng máy chủ Vinasynet không cập nhật (bản ghi bị khóa)","2026-09-19 15:49:12"
1265,"H31.05.02.H31.09.2015.1908","30 bản (ERROR_SKIPPED)","Về phương án kiến trúc công trình: Mở rộng trụ sở làm viêc Sở kế hoạch và Đầu tư tại phường Hiến Nam, TP. Hưng Yên năm 2015","Bỏ qua (Lỗi máy chủ) - Đã thử gửi lệnh xóa nhưng máy chủ Vinasynet không cập nhật (bản ghi bị khóa)","2026-09-19 15:49:27"
1266,"H31.05.02.H31.09.2015.1907F","30 bản (ERROR_SKIPPED)","Xác định vị trí tuyến đường trục đô thị đi qua vị trí nghiên cứu dự án khu nhà ở công nhân tại xã phùng Chí Kiên, huyện Mỹ Hào năm 2015","Bỏ qua (Lỗi máy chủ) - Đã thử gửi lệnh xóa nhưng máy chủ Vinasynet không cập nhật (bản ghi bị khóa)","2026-09-19 15:49:41"
1267,"H31.05.02.H31.09.2015.1907E","30 bản (ERROR_SKIPPED)","Bản đồ quy hoạch phân khu nội thị của đô thị Mỹ Hào, tình Hưng Yên tỷ lệ 1/2000 năm 2115","Bỏ qua (Lỗi máy chủ) - Đã thử gửi lệnh xóa nhưng máy chủ Vinasynet không cập nhật (bản ghi bị khóa)","2026-09-19 15:49:56"
1268,"H31.05.02.H31.09.2015.1907A","30 bản (ERROR_SKIPPED)","Chấp thuận mặt bằng, thẩm định mặt bằng quy hoạt tổng thể các dự án đầu tư trên địa bàn tỉnh Hưng Yên năm 2015","Bỏ qua (Lỗi máy chủ) - Đã thử gửi lệnh xóa nhưng máy chủ Vinasynet không cập nhật (bản ghi bị khóa)","2026-09-19 15:50:11"
1269,"H31.05.02.H31.09.2015.1907D","30 bản (ERROR_SKIPPED)","Đề nghị phê duyệt vị trí xây dựng khu dân cư các xã, phường thành phố Hưng Yên năm 2015","Bỏ qua (Lỗi máy chủ) - Đã thử gửi lệnh xóa nhưng máy chủ Vinasynet không cập nhật (bản ghi bị khóa)","2026-09-19 15:50:25"
1270,"H31.05.02.H31.09.2015.1907B","30 bản (ERROR_SKIPPED)","Đề nghị phê duyệt vị trí thực hiện các dự án đầu tư xây dựng trên địa bàn tỉnh Hưng Yên năm 2015","Bỏ qua (Lỗi máy chủ) - Đã thử gửi lệnh xóa nhưng máy chủ Vinasynet không cập nhật (bản ghi bị khóa)","2026-09-19 15:50:39"
1271,"H31.05.02.H31.09.2015.1907","50 bản (ERROR_SKIPPED)","Xác định vị trí tuyến đường trục đô thị đi qua vị trí nghiên cứu dự án khu nhà ở công nhân tại xã phùng Chí Kiên, huyện Mỹ Hào năm 2015","Bỏ qua (Lỗi máy chủ) - Đã thử gửi lệnh xóa nhưng máy chủ Vinasynet không cập nhật (bản ghi bị khóa)","2026-09-19 15:50:54"
1272,"H31.05.02.H31.09.2015.1907C","30 bản (ERROR_SKIPPED)","Ranh giới thực hiện giai đoạn Ủy ban nhân dân thành phố Hưng Yên (Phân khu A) Dự án Khu Đô thị Xuân Thành Land - Văn Giang; Vạn QHCT xây dựng Khu đô thị và dịch vụ dồng Tiến năm 2015","Bỏ qua (Lỗi máy chủ) - Đã thử gửi lệnh xóa nhưng máy chủ Vinasynet không cập nhật (bản ghi bị khóa)","2026-09-19 15:51:09"
1273,"H31.05.02.H31.09.2015.1903C","30 bản (ERROR_SKIPPED)","Cấp chứng chỉ quy hoạch cho các cơ quan doanh nghiệp năm 2015","Bỏ qua (Lỗi máy chủ) - Đã thử gửi lệnh xóa nhưng máy chủ Vinasynet không cập nhật (bản ghi bị khóa)","2026-09-19 15:51:23"
1274,"H31.05.02.H31.09.2015.1903B","30 bản (ERROR_SKIPPED)","Nhiệm vụ và phương án khảo sát xây dựng và thành lập bản đồ địa hình tỷ lệ 1/10.000 quy hoạch chung xây dựng huyện Mỹ hào và các phường thuộc huyện Mỹ Hào đến năm 2030, tầm nhìn đến năm 2050 năm 2015","Bỏ qua (Lỗi máy chủ) - Đã thử gửi lệnh xóa nhưng máy chủ Vinasynet không cập nhật (bản ghi bị khóa)","2026-09-19 15:51:38"
1275,"H31.05.02.H31.09.2015.1903A","30 bản (ERROR_SKIPPED)","Tham gia ý kiến về đồ án Quy hoạch phân khu nội thị của đô thị Mỹ Hào đến năm 2020 và năm 2030, tỷ lệ 1/2000 năm 2015","Bỏ qua (Lỗi máy chủ) - Đã thử gửi lệnh xóa nhưng máy chủ Vinasynet không cập nhật (bản ghi bị khóa)","2026-09-19 15:51:53"
1276,"H31.05.02.H31.09.2015.1902D","30 bản (ERROR_SKIPPED)","Điều chỉnh mặt bằng quy hoạch tổng thể nâng cấp siêu thị sách Hưng Yên điều chỉnh cục bộ quy hoạch chi tiết xây dựng tỷ lệ 1/2000 cụm Công nghiệp Minh Khai mở rộng, MBQH tổng thể dự án Nhà máy SX chăn ga gối đệm cao cấp Phương Đông tật xã Bạch Sam, MỸ Hào","Bỏ qua (Lỗi máy chủ) - Đã thử gửi lệnh xóa nhưng máy chủ Vinasynet không cập nhật (bản ghi bị khóa)","2026-09-19 15:52:07"
1277,"H31.05.02.H31.09.2015.1903","50 bản (ERROR_SKIPPED)","Cấp chứng chỉ quy hoạch cho các cơ quan doanh nghiệp năm 2015","Bỏ qua (Lỗi máy chủ) - Đã thử gửi lệnh xóa nhưng máy chủ Vinasynet không cập nhật (bản ghi bị khóa)","2026-09-19 15:52:22"
1278,"H31.05.02.H31.09.2015.1902B","30 bản (ERROR_SKIPPED)","Đề nghị phê duyệt địa điểm xây dựng các dự án đầu tư xây dựng trên địa bàn tỉnh Hưng Yên năm 2014.","Bỏ qua (Lỗi máy chủ) - Đã thử gửi lệnh xóa nhưng máy chủ Vinasynet không cập nhật (bản ghi bị khóa)","2026-09-19 15:52:37"
1279,"H31.05.02.H31.09.2015.1902C","30 bản (ERROR_SKIPPED)","Hồ sơ đề xuất xử lý việc xây dựng các Kiot tại Khu vực cổng chợ Phố Hiến của Công ty TNHH đầu tư và Phát triển Hoàng Phát, xem xét đề nghị xin được bán đất nền sau khi đã hoàn thiện hạ tầng cho người dân tự xây dựng nhà ở của Công ty cổ phần cơ khí XDCT1","Bỏ qua (Lỗi máy chủ) - Đã thử gửi lệnh xóa nhưng máy chủ Vinasynet không cập nhật (bản ghi bị khóa)","2026-09-19 15:52:52"
1280,"H31.05.02.H31.09.2013.1840","30 bản (ERROR_SKIPPED)","Hồ sơ cấp phép xây dựng cho công ty CP Đại Thành tại xã Vĩnh Khúc, huyện Văn Giang để thực hiện điều chỉnh quy hoạch chi tiết xây dựng nhà máy sản xuất mút xốp","Bỏ qua (Lỗi máy chủ) - Đã thử gửi lệnh xóa nhưng máy chủ Vinasynet không cập nhật (bản ghi bị khóa)","2026-09-19 15:53:07"
1281,"H31.05.02.H31.09.2013.1839","30 bản (ERROR_SKIPPED)","Phương án kiến trúc công trình Nhà ở công nhân nhà ở xã hội tại KĐT phía Bắc đường trục trung tâm khu đô thị phía Nam quốc lộ 5 thuộc khu đô th ị Phố Nối, tỉnh Hưng yên tại xã Liêu Xá, huyện Mỹ Hào và xã Dị Sử, huyện Yên Mỹ","Bỏ qua (Lỗi máy chủ) - Đã thử gửi lệnh xóa nhưng máy chủ Vinasynet không cập nhật (bản ghi bị khóa)","2026-09-19 15:53:22"
1282,"H31.05.02.H31.09.2013.1838","30 bản (ERROR_SKIPPED)","Phương án liên trúc công trình nhà thi nghiêm thực hành trường THPT Triệu Quang Phục tại xã Yên Phú, huyện Yên Mỹ","Bỏ qua (Lỗi máy chủ) - Đã thử gửi lệnh xóa nhưng máy chủ Vinasynet không cập nhật (bản ghi bị khóa)","2026-09-19 15:53:37"
1283,"H31.05.02.H31.09.2013.1837","30 bản (ERROR_SKIPPED)","Phương án kiến trúc công trình Nhà phụ tại Huyện ủy Yên Mỹ tại xã Tân Lập, huyện Yên Mỹ","Bỏ qua (Lỗi máy chủ) - Đã thử gửi lệnh xóa nhưng máy chủ Vinasynet không cập nhật (bản ghi bị khóa)","2026-09-19 15:53:52"
1284,"H31.05.02.H31.09.2013.1836","30 bản (ERROR_SKIPPED)","Phương án kiến trúc công trình cải tạo mở rộng Trụ sở làm việc Chi cục thuế huyện Yên Mỹ, tại thị trấn Bần Yên Nhân, huyện Yên Mỹ","Bỏ qua (Lỗi máy chủ) - Đã thử gửi lệnh xóa nhưng máy chủ Vinasynet không cập nhật (bản ghi bị khóa)","2026-09-19 15:54:07"
1285,"H31.05.02.H31.09.2013.1841","30 bản (ERROR_SKIPPED)","Về việc cho ý kiến thẩm định dự án của các doanh nghiệp trên địa bàn huyện Ân Thi","Bỏ qua (Lỗi máy chủ) - Đã thử gửi lệnh xóa nhưng máy chủ Vinasynet không cập nhật (bản ghi bị khóa)","2026-09-19 15:54:22"
1286,"H31.05.02.H31.09.2013.1834","30 bản (ERROR_SKIPPED)","Phương án kiến trúc công trình nhà máy Sản xuất bột màu công nghiệp các loại nguyên liệu vi lượng dùng trong sản xuất thức ăn chăn nuôi và chiết nạp gas tại huyện Văn Lâm, tỉnh Hưng Yên","Bỏ qua (Lỗi máy chủ) - Đã thử gửi lệnh xóa nhưng máy chủ Vinasynet không cập nhật (bản ghi bị khóa)","2026-09-19 15:54:36"
1287,"H31.05.02.H31.09.2013.1833","30 bản (ERROR_SKIPPED)","Phương án kiến trúc công trình khu thương mại và dịch vụ Hà Phương. Hạng mục: Nhà dịch vụ, nhà điều hành, nhà kho tại thị trấn Trần Cao, huyện Phù Cừ","Bỏ qua (Lỗi máy chủ) - Đã thử gửi lệnh xóa nhưng máy chủ Vinasynet không cập nhật (bản ghi bị khóa)","2026-09-19 15:54:50"
1288,"H31.05.02.H31.09.2013.1832","30 bản (ERROR_SKIPPED)","Phương án kiến trúc công trình nhà thể thao đa năng huyện Phù Cừ tại thị trấn Trần Cao, huyện Phù Cừ","Bỏ qua (Lỗi máy chủ) - Đã thử gửi lệnh xóa nhưng máy chủ Vinasynet không cập nhật (bản ghi bị khóa)","2026-09-19 15:55:05"
1289,"H31.05.02.H31.09.2013.1831","30 bản (ERROR_SKIPPED)","Phương án kiến trúc công trình xây dựng mở rộng trụ sở làm việc chi cục thuế huyện Phù Cừ - tỉnh Hưng Yên","Bỏ qua (Lỗi máy chủ) - Đã thử gửi lệnh xóa nhưng máy chủ Vinasynet không cập nhật (bản ghi bị khóa)","2026-09-19 15:55:20"
1290,"H31.05.02.H31.09.2013.1830","30 bản (ERROR_SKIPPED)","Phương án kiến trúc công trình Tòa nhà business Center tại thị trấn Bần Yên Nhân, huyện Mỹ Hào","Bỏ qua (Lỗi máy chủ) - Đã thử gửi lệnh xóa nhưng máy chủ Vinasynet không cập nhật (bản ghi bị khóa)","2026-09-19 15:55:34"
1291,"H31.05.02.H31.09.2013.1829","30 bản (ERROR_SKIPPED)","Phương án kiến trúc công trình trung tâm thương mại - khu chung cư đô thị Phố Nối Hưng Yên tại thị trầm Bần Yên Nhân, huyện Mỹ Hào","Bỏ qua (Lỗi máy chủ) - Đã thử gửi lệnh xóa nhưng máy chủ Vinasynet không cập nhật (bản ghi bị khóa)","2026-09-19 15:55:49"
1292,"H31.05.02.H31.09.2013.1828","30 bản (ERROR_SKIPPED)","Phương án kiên trúc công trình khu nhà ở xã hội Phúc Hưng - Phố Nối tại thị trấn Bần Yên Nhân, huyện Mỹ Hào.","Bỏ qua (Lỗi máy chủ) - Đã thử gửi lệnh xóa nhưng máy chủ Vinasynet không cập nhật (bản ghi bị khóa)","2026-09-19 15:56:04"
1293,"H31.05.02.H31.09.2013.1835","30 bản (ERROR_SKIPPED)","Lựa chọn nhà đầu tư thực hiện dự án đầu tư xây dựng Khu đô thị Hoàng Gia trên địa bàn xã Giai Phạm và xã Nghĩa Hiệp, huyện Yên Mỹ năm 2013","Bỏ qua (Lỗi máy chủ) - Đã thử gửi lệnh xóa nhưng máy chủ Vinasynet không cập nhật (bản ghi bị khóa)","2026-09-19 15:56:18"
1294,"H31.05.02.H31.09.2013.1815B","30 bản (ERROR_SKIPPED)","Xác nhận, thẩm định, chấp thuận mặt bằng quy hoạch tổng thể các dự án đầu tư trên địa bàn tỉnh năm 2013 tập 1","Bỏ qua (Lỗi máy chủ) - Đã thử gửi lệnh xóa nhưng máy chủ Vinasynet không cập nhật (bản ghi bị khóa)","2026-09-19 15:56:33"
1295,"H31.05.02.H31.09.2013.1815A","30 bản (ERROR_SKIPPED)","Đề nghị phê duyệt vị trí thực hiện các dự án đầu tư trên địa bàn tỉnh năm 2013","Bỏ qua (Lỗi máy chủ) - Đã thử gửi lệnh xóa nhưng máy chủ Vinasynet không cập nhật (bản ghi bị khóa)","2026-09-19 15:56:47"
1296,"H31.05.02.H31.09.2013.1815","50 bản (ERROR_SKIPPED)","Xác nhận, thẩm định, chấp thuận mặt bằng quy hoạch tổng thể các dự án đầu tư trên địa bàn tỉnh năm 2013 tập 1","Bỏ qua (Lỗi máy chủ) - Đã thử gửi lệnh xóa nhưng máy chủ Vinasynet không cập nhật (bản ghi bị khóa)","2026-09-19 15:57:01"
1297,"H31.05.02.H31.09.2012.1808","30 bản (ERROR_SKIPPED)","Về việc cho ý kiến thẩm định dự án của các doanh nghiệp trên địa bàn huyện Thanh Long, huyện Yên Mỹ","Bỏ qua (Lỗi máy chủ) - Đã thử gửi lệnh xóa nhưng máy chủ Vinasynet không cập nhật (bản ghi bị khóa)","2026-09-19 15:57:16"
1298,"H31.05.02.H31.09.2012.1807","30 bản (ERROR_SKIPPED)","Về việc cho ý kiến thẩm định dự án của các doanh nghiệp trên địa bàn xã Tân Quang, huyện Văn Lâm.","Bỏ qua (Lỗi máy chủ) - Đã thử gửi lệnh xóa nhưng máy chủ Vinasynet không cập nhật (bản ghi bị khóa)","2026-09-19 15:57:30"
1299,"H31.05.02.H31.09.2012.1806","30 bản (ERROR_SKIPPED)","Về việc cho ý kiến thẩm định dự án của các doanh nghiệp trên địa bàn xã Chỉ Đạo, huyện Văn Lâm.","Bỏ qua (Lỗi máy chủ) - Đã thử gửi lệnh xóa nhưng máy chủ Vinasynet không cập nhật (bản ghi bị khóa)","2026-09-19 15:57:44"
1300,"H31.05.02.H31.09.2012.1796A","30 bản (ERROR_SKIPPED)","Cấp chứng chỉ quy hoạch cho các cơ quan, doanh nghiệp năm 2012","Bỏ qua (Lỗi máy chủ) - Đã thử gửi lệnh xóa nhưng máy chủ Vinasynet không cập nhật (bản ghi bị khóa)","2026-09-19 15:57:58"
1301,"H31.05.02.H31.09.2012.1796","50 bản (ERROR_SKIPPED)","Cấp chứng chỉ quy hoạch cho các cơ quan, doanh nghiệp năm 2012","Bỏ qua (Lỗi máy chủ) - Đã thử gửi lệnh xóa nhưng máy chủ Vinasynet không cập nhật (bản ghi bị khóa)","2026-09-19 15:58:13"
1302,"H31.05.02.H31.09.2012.1798","30 bản (ERROR_SKIPPED)","Về việc cho ý kiến thẩm định dự án của các doanh nghiệp trên địa bàn thành phố Hưng Yên","Bỏ qua (Lỗi máy chủ) - Đã thử gửi lệnh xóa nhưng máy chủ Vinasynet không cập nhật (bản ghi bị khóa)","2026-09-19 15:58:27"
1303,"H31.05.02.H31.09.2012.1797","30 bản (ERROR_SKIPPED)","Công văn về việc cho ý kiến thẩm định dự án của các doanh nghiệp trên địa bàn xã Ân Thi","Bỏ qua (Lỗi máy chủ) - Đã thử gửi lệnh xóa nhưng máy chủ Vinasynet không cập nhật (bản ghi bị khóa)","2026-09-19 15:58:41"
1304,"H31.05.02.H31.09.2012.1765I","30 bản (ERROR_SKIPPED)","Thẩm định mặt bằng quy hoạch tổng thể các dự án đầu tư trên địa bàn huyện Văn Lâm năm 2012","Bỏ qua (Lỗi máy chủ) - Đã thử gửi lệnh xóa nhưng máy chủ Vinasynet không cập nhật (bản ghi bị khóa)","2026-09-19 15:58:55"
1305,"H31.05.02.H31.09.2012.1765H","30 bản (ERROR_SKIPPED)","Thẩm định mặt bằng quy hoạch tổng thể các dự án đầu tư trên địa bàn huyện Văn Giang năm 2012","Bỏ qua (Lỗi máy chủ) - Đã thử gửi lệnh xóa nhưng máy chủ Vinasynet không cập nhật (bản ghi bị khóa)","2026-09-19 15:59:10"
1306,"H31.05.02.H31.09.2012.1765G","30 bản (ERROR_SKIPPED)","Hồ sơ thẩm định mặt bằng quy hoạch tổng thể các dự án đầu tư trên địa bàn huyện Tiên Lữ năm 2012","Bỏ qua (Lỗi máy chủ) - Đã thử gửi lệnh xóa nhưng máy chủ Vinasynet không cập nhật (bản ghi bị khóa)","2026-09-19 15:59:24"
1307,"H31.05.02.H31.09.2012.1765A","30 bản (ERROR_SKIPPED)","Hồ sơ thẩm định mặt bằng quy hoạch tổng thể các dự án đầu tư trên địa bàn huyện Ân Thi năm 2012","Bỏ qua (Lỗi máy chủ) - Đã thử gửi lệnh xóa nhưng máy chủ Vinasynet không cập nhật (bản ghi bị khóa)","2026-09-19 15:59:38"
1308,"H31.05.02.H31.09.2012.1765","50 bản (ERROR_SKIPPED)","Lựa chọn nhà đầu tư thực hiện dự án xây dựng khu đô thị trên địa bàn xã Long Hưng, huyện Văn Giang năm 2012","Bỏ qua (Lỗi máy chủ) - Đã thử gửi lệnh xóa nhưng máy chủ Vinasynet không cập nhật (bản ghi bị khóa)","2026-09-19 15:59:53"
1309,"H31.05.02.H31.09.2012.1764","30 bản (ERROR_SKIPPED)","Hồ sơ về việc thẩm định chất thuận mặt bằng quy hoạch tổng thể các dự án đầu tư xây dựng trên địa bàn tỉnh Hưng Yên","Bỏ qua (Lỗi máy chủ) - Đã thử gửi lệnh xóa nhưng máy chủ Vinasynet không cập nhật (bản ghi bị khóa)","2026-09-19 16:00:07"
1310,"H31.05.02.H31.09.2011.2659","30 bản (ERROR_SKIPPED)","Mặt bằng quy hoạch tổng thể dự án đầu tư xây dựng trên địa bàn huyện Văn Giang năm 2011","Bỏ qua (Lỗi máy chủ) - Đã thử gửi lệnh xóa nhưng máy chủ Vinasynet không cập nhật (bản ghi bị khóa)","2026-09-19 16:00:21"
1311,"H31.05.02.H31.09.2011.2658","30 bản (ERROR_SKIPPED)","Mặt bằng quy hoạch tổng thể các dự án đầu tư xây dựng trên địa bàn huyện Tiên Lữ năm 2011","Bỏ qua (Lỗi máy chủ) - Đã thử gửi lệnh xóa nhưng máy chủ Vinasynet không cập nhật (bản ghi bị khóa)","2026-09-19 16:00:35"
1312,"H31.05.02.H31.09.2011.2657","30 bản (ERROR_SKIPPED)","Mặt bằng quy hoạch tổng thể các dự án đầu tư xây dựng trên địa bàn huyện Phù Cừ năm 2011","Bỏ qua (Lỗi máy chủ) - Đã thử gửi lệnh xóa nhưng máy chủ Vinasynet không cập nhật (bản ghi bị khóa)","2026-09-19 16:00:50"
1313,"H31.05.02.H31.09.2011.2656","30 bản (ERROR_SKIPPED)","Mặt bằng quy hoạch tổng thể các dự án đầu tư xây dựng trên địa bàn huyện Mỹ Hào năm 2011","Bỏ qua (Lỗi máy chủ) - Đã thử gửi lệnh xóa nhưng máy chủ Vinasynet không cập nhật (bản ghi bị khóa)","2026-09-19 16:01:04"
1314,"H31.05.02.H31.09.2011.2655","30 bản (ERROR_SKIPPED)","Mặt bằng quy hoạch tổng thể các dự án đầu tư xây dựng trên địa bàn huyện Kim Động năm 2011","Bỏ qua (Lỗi máy chủ) - Đã thử gửi lệnh xóa nhưng máy chủ Vinasynet không cập nhật (bản ghi bị khóa)","2026-09-19 16:01:18"
1315,"H31.05.02.H31.09.2000-2009.2638","30 bản (ERROR_SKIPPED)","Mặt bằng quy hoạch tổng thể các dự án đầu tư xây dựng trên địa bàn huyện Văn Lâm năm 2008-2009","Bỏ qua (Lỗi máy chủ) - Đã thử gửi lệnh xóa nhưng máy chủ Vinasynet không cập nhật (bản ghi bị khóa)","2026-09-19 16:01:32"
1316,"H31.05.02.H31.09.2000-2009.2634","30 bản (ERROR_SKIPPED)","Mặt bằng quy hoạch tổng thể xây dựng các dự án đầu tư trên địa bàn huyện Mỹ Hào giai đoạn 2000-2009","Bỏ qua (Lỗi máy chủ) - Đã thử gửi lệnh xóa nhưng máy chủ Vinasynet không cập nhật (bản ghi bị khóa)","2026-09-19 16:01:47"
1317,"H31.05.02.H31.09.2000-2009.2633","30 bản (ERROR_SKIPPED)","Mặt bằng quy hoạch tổng thể xây dựng các dự án đầu tư trên địa bàn huyện Kim Động giai đoạn 2003 - 2019","Bỏ qua (Lỗi máy chủ) - Đã thử gửi lệnh xóa nhưng máy chủ Vinasynet không cập nhật (bản ghi bị khóa)","2026-09-19 16:02:01"
1318,"H31.05.02.H31.09.2019.2604","30 bản (ERROR_SKIPPED)","Cấp phép quy hoạch cho Công ty cổ phần Ánh Khoa để thực hiện dự án ĐTXD hạ tầng kỹ thuật khu làng nghề Yên Mỹ năm 2017","Bỏ qua (Lỗi máy chủ) - Đã thử gửi lệnh xóa nhưng máy chủ Vinasynet không cập nhật (bản ghi bị khóa)","2026-09-19 16:02:15"
1319,"H31.05.02.H31.09.2019.2601","30 bản (ERROR_SKIPPED)","Phương án kiến trúc các hạng mục công trình thuộc dự án nhà hàng ẩm thực và tổ chức sự kiện Minh Hoàng tại thị trấn Yên Mỹ, huyện Yên Mỹ năm 2017","Bỏ qua (Lỗi máy chủ) - Đã thử gửi lệnh xóa nhưng máy chủ Vinasynet không cập nhật (bản ghi bị khóa)","2026-09-19 16:02:30"
1320,"H31.05.02.H31.09.2019.2603","30 bản (ERROR_SKIPPED)","Tham gia ý kiến nhiệm vụ lập quy hoạch chi tiết tỷ lệ 1/500 dự án xây dựng hạ tầng khu dân cư mới xã Quảng Châu, thành phố Hưng Yên năm 2017","Bỏ qua (Lỗi máy chủ) - Đã thử gửi lệnh xóa nhưng máy chủ Vinasynet không cập nhật (bản ghi bị khóa)","2026-09-19 16:02:44"
1321,"H31.05.02.H31.09.2019.2602","30 bản (ERROR_SKIPPED)","Tham gia ý kiến nhiệm vụ lập quy hoạch chỉ tiết xây dựng tỷ lệ 1/500 khu dân cư mới phường Lam Sơn (sau khu đô thị Tân Hiến) TP Hưng Yên năm 2017","Bỏ qua (Lỗi máy chủ) - Đã thử gửi lệnh xóa nhưng máy chủ Vinasynet không cập nhật (bản ghi bị khóa)","2026-09-19 16:02:58"
1322,"H31.05.02.H31.09.2019.2600","30 bản (ERROR_SKIPPED)","Nhiệm vụ và dự tóan quy hoạch xây dựng vùng huyện Ân Thi, tỉnh Hưng Yên đến năm 2080, tầm nhìn đến năm 2050 nam 2017","Bỏ qua (Lỗi máy chủ) - Đã thử gửi lệnh xóa nhưng máy chủ Vinasynet không cập nhật (bản ghi bị khóa)","2026-09-19 16:03:13"
1323,"H31.05.02.H31.09.2019.2599","30 bản (ERROR_SKIPPED)","Thẩm định, phê duyệt nhiệm vụ quy hoạch chi tiết xây dựng tỷ lệ 1/500 Khu nhà ở liền kề để bán Phúc Thành tại thị trấn Bần Yên Nhân huyện Mỹ Hài năm 2017","Bỏ qua (Lỗi máy chủ) - Đã thử gửi lệnh xóa nhưng máy chủ Vinasynet không cập nhật (bản ghi bị khóa)","2026-09-19 16:03:27"
1324,"H31.05.02.H31.09.2019.2483","30 bản (ERROR_SKIPPED)","Về việc chấp thuận mặt bằng quy hoạch tổng thể của dự án Trung tâm văn hóa, trụ sở làm việc của Đảng uỷ - HĐND và UBND xã Chỉ Đạo, huyện Văn Lâm","Bỏ qua (Lỗi máy chủ) - Đã thử gửi lệnh xóa nhưng máy chủ Vinasynet không cập nhật (bản ghi bị khóa)","2026-09-19 16:03:41"
1325,"H31.05.02.H31.09.2019.2482","30 bản (ERROR_SKIPPED)","Về việc chấp thuận mặt bằng quy hoạch tổng thể của dự án Trung tâm văn hóa - thể thao thôn Ngô Xuyên, thị trấn Như Quỳnh, huyện Văn Lâm","Bỏ qua (Lỗi máy chủ) - Đã thử gửi lệnh xóa nhưng máy chủ Vinasynet không cập nhật (bản ghi bị khóa)","2026-09-19 16:03:56"
1326,"H31.05.02.H31.09.2019.2481","30 bản (ERROR_SKIPPED)","Về việc chấp thuận mặt bằng quy hoạch tổng thể đường dây và trạm biến áp 110KV Như Quỳnh, huyện Văn Lâm","Bỏ qua (Lỗi máy chủ) - Đã thử gửi lệnh xóa nhưng máy chủ Vinasynet không cập nhật (bản ghi bị khóa)","2026-09-19 16:04:10"
1327,"H31.05.02.H31.09.2019.2480","30 bản (ERROR_SKIPPED)","Về việc chấp thuận điều chỉnh Mặt bằng quy hoạch tổng thể của dự án Trường mầm non thị trấn Như Quỳnh, huyện Văn Lâm","Bỏ qua (Lỗi máy chủ) - Đã thử gửi lệnh xóa nhưng máy chủ Vinasynet không cập nhật (bản ghi bị khóa)","2026-09-19 16:04:24"
1328,"H31.05.02.H31.09.2019.2479","30 bản (ERROR_SKIPPED)","Về việc chấp thuận Mặt bằng quy hoạch tổng thế công trình hạ tầng kỹ thuật các khu dân cư mới trên địa bàn huyện Văn Lâm","Bỏ qua (Lỗi máy chủ) - Đã thử gửi lệnh xóa nhưng máy chủ Vinasynet không cập nhật (bản ghi bị khóa)","2026-09-19 16:04:38"
1329,"H31.05.02.H31.09.2019.2478","30 bản (ERROR_SKIPPED)","Về việc chấp thuận điều chỉnh mặt bằng quy hoạch chia lô của dự án Khu nhà ở thấp tầng 2A thuộc khu đô thị thương mại và du lịch Văn Giang (Ecopark), huyện Văn Giang","Bỏ qua (Lỗi máy chủ) - Đã thử gửi lệnh xóa nhưng máy chủ Vinasynet không cập nhật (bản ghi bị khóa)","2026-09-19 16:04:52"
1330,"H31.05.02.H31.09.2019.2477","30 bản (ERROR_SKIPPED)","Về việc chấp thuận mặt bằng quy hoạch tổng thể điều chỉnh dự án: Trường Tiếu học và Trung học cơ sở EDISON, tại lô đất GD-04, khu đô thị thương mại và du lịch Văn Giang (Ecopark).","Bỏ qua (Lỗi máy chủ) - Đã thử gửi lệnh xóa nhưng máy chủ Vinasynet không cập nhật (bản ghi bị khóa)","2026-09-19 16:05:07"
1331,"H31.05.02.H31.09.2019.2471","30 bản (ERROR_SKIPPED)","Về việc chấp thuận mặt bằng quy hoạch tổng thể Khu dân cư mới trên địa bàn huyện Phù Cừ","Bỏ qua (Lỗi máy chủ) - Đã thử gửi lệnh xóa nhưng máy chủ Vinasynet không cập nhật (bản ghi bị khóa)","2026-09-19 16:05:21"
1332,"H31.05.02.H31.09.2019.2470","30 bản (ERROR_SKIPPED)","Hồ sơ về việc chấp thuận mặt bằng quy hoạch tổng thể khu thương mại dịch vụ 3 và công viên cây xanh thuộc dự án khu nhà ở công nhân, nhà ở thương mại Lạc Hồng - Phố Nối tại xã Nhân Hòa, huyện Mỹ Hào","Bỏ qua (Lỗi máy chủ) - Đã thử gửi lệnh xóa nhưng máy chủ Vinasynet không cập nhật (bản ghi bị khóa)","2026-09-19 16:05:36"
1333,"H31.05.02.H31.09.2019.2469","30 bản (ERROR_SKIPPED)","Hồ sơ về việc chấp thuận mặt bằng quy hoạch tổng thể điều chỉnh và phương án kiến trúc công trình Trường mầm non Bông Sen Vàng - khu chung cư đô thị Phố Nối tại thị trấn Bần Yên Nhâm, huyện Mỹ Hào","Bỏ qua (Lỗi máy chủ) - Đã thử gửi lệnh xóa nhưng máy chủ Vinasynet không cập nhật (bản ghi bị khóa)","2026-09-19 16:05:50"
1334,"H31.05.02.H31.09.2018.2350","30 bản (ERROR_SKIPPED)","Về phương án thiết kế kiến trúc công trình: Phòng họp và Nhà để xe của ba cơ quan: Ban nội chính Tỉnh uỷ, Đảng uỷ khối các cơ quan tỉnh và Đảng uỷ khối doanh nghiệp tỉnh tại số 02A đường Bạch Đằng, phường Minh Khai, Tp. Hưng Yên năm 2018","Bỏ qua (Lỗi máy chủ) - Đã thử gửi lệnh xóa nhưng máy chủ Vinasynet không cập nhật (bản ghi bị khóa)","2026-09-19 16:06:04"
1335,"H31.05.02.H31.09.2018.2349","30 bản (ERROR_SKIPPED)","Về phương án kiến trúc công trình: Trường mầm non Thiên Đức tại phường An Tảo, thành phố Hưng Yên năm 2018","Bỏ qua (Lỗi máy chủ) - Đã thử gửi lệnh xóa nhưng máy chủ Vinasynet không cập nhật (bản ghi bị khóa)","2026-09-19 16:06:18"
1336,"H31.05.02.H31.09.2018.2348","30 bản (ERROR_SKIPPED)","Chấp thuận phương án kiến trúc công trình: Cải tạo, nâng cấp trụ sở làm việc Sở Công Thương tỉnh Hưng Yên năm 2018","Bỏ qua (Lỗi máy chủ) - Đã thử gửi lệnh xóa nhưng máy chủ Vinasynet không cập nhật (bản ghi bị khóa)","2026-09-19 16:06:33"
1337,"H31.05.02.H31.09.2018.2347Đ","0 bản (NOT_FOUND)","Bản ghi #1","Không tìm thấy hồ sơ - Không tìm thấy hồ sơ nào với mã này trên hệ thống Vinasynet","2026-09-19 16:06:37"
1338,"H31.05.02.H31.09.2018.2347G","30 bản (ERROR_SKIPPED)","Vị trí đặt bảng điện tử truyền thông tại vườn hoa Quảng Trường Nguyễn Văn Linh, thành phố Hưng Yên năm 2018","Bỏ qua (Lỗi máy chủ) - Đã thử gửi lệnh xóa nhưng máy chủ Vinasynet không cập nhật (bản ghi bị khóa)","2026-09-19 16:06:51"
1339,"H31.05.02.H31.09.2018.2347F","30 bản (ERROR_SKIPPED)","Đề nghị phê duyệt vị trí các  khu dân cư mới trên địa bàn thành phố Hưng Yên để đấu giá quyền sử dụng đất năm 2018","Bỏ qua (Lỗi máy chủ) - Đã thử gửi lệnh xóa nhưng máy chủ Vinasynet không cập nhật (bản ghi bị khóa)","2026-09-19 16:07:05"
1340,"H31.05.02.H31.09.2018.2347E","30 bản (ERROR_SKIPPED)","Đề nghị phê duyệt vị trí thực hiện các dự án đầu tư trên địa bàn tỉnh năm 2018","Bỏ qua (Lỗi máy chủ) - Đã thử gửi lệnh xóa nhưng máy chủ Vinasynet không cập nhật (bản ghi bị khóa)","2026-09-19 16:07:19"
1341,"H31.05.02.H31.09.2018.2347D","30 bản (ERROR_SKIPPED)","Hồ sơ Chấp thuận mặt bằng quy hoạch tổng thể công trình xây dựng hạ tầng kỹ thuật khu dân cư mới xã Liên Phương, thành phố Hưng Yên năm 2018","Bỏ qua (Lỗi máy chủ) - Đã thử gửi lệnh xóa nhưng máy chủ Vinasynet không cập nhật (bản ghi bị khóa)","2026-09-19 16:07:33"
1342,"H31.05.02.H31.09.2018.2347C","30 bản (ERROR_SKIPPED)","Phòng Quy Hoạch - Kiến Trúc Sở Xây Dựng tỉnh Hưng Yên","Bỏ qua (Lỗi máy chủ) - Đã thử gửi lệnh xóa nhưng máy chủ Vinasynet không cập nhật (bản ghi bị khóa)","2026-09-19 16:07:48"
1343,"H31.05.02.H31.09.2018.2347B","30 bản (ERROR_SKIPPED)","Thẩm định mặt bằng quy hoạch tổng thể nhà máy nước thưộc dự án Khu nhà ở và Bến xe khách Mỹ Hào năm 2018.","Bỏ qua (Lỗi máy chủ) - Đã thử gửi lệnh xóa nhưng máy chủ Vinasynet không cập nhật (bản ghi bị khóa)","2026-09-19 16:08:02"
1344,"H31.05.02.H31.09.2017.2295","30 bản (ERROR_SKIPPED)","Về việc chấp thuận quy hoạch tổng thể mặt bằng xây dựng dự án Đài tưởng niệm các Anh hùng liệt sĩ huyện Ân Thì năm 2017","Bỏ qua (Lỗi máy chủ) - Đã thử gửi lệnh xóa nhưng máy chủ Vinasynet không cập nhật (bản ghi bị khóa)","2026-09-19 16:08:16"
1345,"H31.05.02.H31.09.2017.2294","30 bản (ERROR_SKIPPED)","Về việc chấp thuận Mặt bằng qui hoạch tổng thể Khu dân cư mới trên địa bàn huyện Ân Thị, năm 2016-2019","Bỏ qua (Lỗi máy chủ) - Đã thử gửi lệnh xóa nhưng máy chủ Vinasynet không cập nhật (bản ghi bị khóa)","2026-09-19 16:08:31"
1346,"H31.05.02.H31.09.2017.2293","30 bản (ERROR_SKIPPED)","Về việc chấp thuận điều chỉnh mặt bằng quy hoạch tổng thể dự án có đầu tư xây dựng và phương án kiến trúc cải tạo, nâng cấp trung tâm bảo trợ xã hội tỉnh Hưng Yên tại xã Đặng Lễ, huyện Ân Thi năm 2018","Bỏ qua (Lỗi máy chủ) - Đã thử gửi lệnh xóa nhưng máy chủ Vinasynet không cập nhật (bản ghi bị khóa)","2026-09-19 16:08:45"
1347,"H31.05.02.H31.09.2017.2292","30 bản (ERROR_SKIPPED)","Về việc thẩm định, chấp thuận mặt bằng quy hoạch tổng thể, vị trí xây dựng các dự án đầu tư xây dựng trên địa bàn tỉnh Hưng Yên năm 2018","Bỏ qua (Lỗi máy chủ) - Đã thử gửi lệnh xóa nhưng máy chủ Vinasynet không cập nhật (bản ghi bị khóa)","2026-09-19 16:08:59"
1348,"H31.05.02.H31.09.2017.2291","30 bản (ERROR_SKIPPED)","Về việc chấp thuận mặt bằng quy hoạch tổng thể dự án đầu tư xây dựng: Phòng họp và Nhà để xe của ba cơ quan: Ban Nội chính Tỉnh ủy, Đảng ủy khối các cơ quan tỉnh và Đảng ủy khối doang nghiệp tỉnh tại phường Minh Khai, thành phố Hưng Yên năm 2018","Bỏ qua (Lỗi máy chủ) - Đã thử gửi lệnh xóa nhưng máy chủ Vinasynet không cập nhật (bản ghi bị khóa)","2026-09-19 16:09:14"
1349,"H31.05.02.H31.09.2017.2290","30 bản (ERROR_SKIPPED)","Về việc chấp thuận mặt bằng quy hoạch tổng thể điều chỉnh dự án trường Cao đẳng Y tế Hưng Yên tại phường An Tảo, thành phố Hưng Yên năm 2018","Bỏ qua (Lỗi máy chủ) - Đã thử gửi lệnh xóa nhưng máy chủ Vinasynet không cập nhật (bản ghi bị khóa)","2026-09-19 16:09:28"
1350,"H31.05.02.H31.09.2017.2289","30 bản (ERROR_SKIPPED)","Về việc chấp thuận mặt bằng quy hoạch tổng thể điều chỉnh của dự án: Bệnh viện Đa khoa tỉnh Hưng Yên tại phường Hiến Nam, thành phố Hưng Yên năm 2018","Bỏ qua (Lỗi máy chủ) - Đã thử gửi lệnh xóa nhưng máy chủ Vinasynet không cập nhật (bản ghi bị khóa)","2026-09-19 16:09:42"
1351,"H31.05.02.H31.09.2017.2288L","30 bản (ERROR_SKIPPED)","Thực hiện Quyết định số 994/QĐ-TTg ngày 19/6/2014 của Thủ tướng CP về phê duyệt kế hoạch lập lại trật tư hành lang an toàn đường bộ, đường sắt giai đoạn 2014-2020 năm 2017","Bỏ qua (Lỗi máy chủ) - Đã thử gửi lệnh xóa nhưng máy chủ Vinasynet không cập nhật (bản ghi bị khóa)","2026-09-19 16:09:57"
1352,"H31.05.02.H31.09.2017.2288K","30 bản (ERROR_SKIPPED)","Hướng tuyến thi công xây dựng đường dây 22KV dọc theo đường ô tô cao tốc Hà Nội - Hải Phòng, cung cấp thông tin về cốt nền quy hoạch khu vực thôn Hòa Mục, xã Hoàn Long, huyện Yên Mỹ năm 2017","Bỏ qua (Lỗi máy chủ) - Đã thử gửi lệnh xóa nhưng máy chủ Vinasynet không cập nhật (bản ghi bị khóa)","2026-09-19 16:10:11"
1353,"H31.05.02.H31.09.2017.2288I","30 bản (ERROR_SKIPPED)","Tham gia ý kiến xây dựng phương án, cơ chế tạo vốn đầu tư hạ tầng, dự thảo báo cáo sơ kết thực hiện Đề án xây dựng Khu Đại học Phố Hiến năm 2017","Bỏ qua (Lỗi máy chủ) - Đã thử gửi lệnh xóa nhưng máy chủ Vinasynet không cập nhật (bản ghi bị khóa)","2026-09-19 16:10:25"
1354,"H31.05.02.H31.09.2017.2288H","30 bản (ERROR_SKIPPED)","Thẩm định công tác khảo sát đo đạc lập bản đồ địa hình tỷ lệ 1/10.000 phục vụ lập bản đồ điều chỉnh quy hoạch chung thành phố Hưng Yên đến năm 2035","Bỏ qua (Lỗi máy chủ) - Đã thử gửi lệnh xóa nhưng máy chủ Vinasynet không cập nhật (bản ghi bị khóa)","2026-09-19 16:10:39"
1355,"H31.05.02.H31.09.2017.2282C","30 bản (ERROR_SKIPPED)","Tham gia ý kiến về nhiệm vụ quy hoạch chi tiết xây dựng tỷ lệ 1/500 Khu dân cư Trung tâm xã Phương Chiểu, thành phố Hưng Yên năm 2017","Bỏ qua (Lỗi máy chủ) - Đã thử gửi lệnh xóa nhưng máy chủ Vinasynet không cập nhật (bản ghi bị khóa)","2026-09-19 16:10:54"
1356,"H31.05.02.H31.09.2017.2282B","30 bản (ERROR_SKIPPED)","Than gia ý kiến cho đồ án quy hoạch chi tiết xây dựng tỷ lệ 1/500 phường Phan Đình Phùng, thị xã Mỹ Hào năm 2017","Bỏ qua (Lỗi máy chủ) - Đã thử gửi lệnh xóa nhưng máy chủ Vinasynet không cập nhật (bản ghi bị khóa)","2026-09-19 16:11:08"
1357,"H31.05.02.H31.09.2017.2282A","30 bản (ERROR_SKIPPED)","Tham gia ý kiến cho đồ án quy hoạul chi tiết Xây dựng tỷ lệ 1/500 khu dân cư mới ngã tư đường Phạm Bạch Hổ - Trần Hưng Đạo, Phường Lam Sơn, TP Hưng Yên năm 2017","Bỏ qua (Lỗi máy chủ) - Đã thử gửi lệnh xóa nhưng máy chủ Vinasynet không cập nhật (bản ghi bị khóa)","2026-09-19 16:11:22"
1358,"H31.05.02.H31.09.2017.2282","50 bản (ERROR_SKIPPED)","Chủ trương lập quy hoạch chi tiết xây dựng tỷ lệ 1/500 dự án đầu tư xây dựng khu nhà ở liền kề để bán và trung tâm thương mại dịch vụ Bắc Việt; điều chỉnh cục bộ cốt xây dựng nhà xây thô của dự án Khu nhà ở và Bến xe khách Mỹ Hào năm 2017.","Bỏ qua (Lỗi máy chủ) - Đã thử gửi lệnh xóa nhưng máy chủ Vinasynet không cập nhật (bản ghi bị khóa)","2026-09-19 16:11:37"
1359,"H31.05.02.H31.09.2017.2281","30 bản (ERROR_SKIPPED)","Về việc cho ý kiến thẩm định dự án của các doanh nghiệp trên địa bàn xã Tân Lập và xã Liêu Xá, huyện Yên Mỹ năm 2017.","Bỏ qua (Lỗi máy chủ) - Đã thử gửi lệnh xóa nhưng máy chủ Vinasynet không cập nhật (bản ghi bị khóa)","2026-09-19 16:11:51"
1360,"H31.05.02.H31.09.2017.2228","30 bản (ERROR_SKIPPED)","Về việc cho ý kiến thẩm định dự án của các doanh nghiệp trên địa bàn xã Long Hưng, huyện Văn Giang năm 2017.","Bỏ qua (Lỗi máy chủ) - Đã thử gửi lệnh xóa nhưng máy chủ Vinasynet không cập nhật (bản ghi bị khóa)","2026-09-19 16:12:05"
1361,"H31.05.02.H31.09.2017.2158","30 bản (ERROR_SKIPPED)","Phương án kiến trúc công trình Trụ sở làm việc huyện Mỹ Hào tại đường 196, thị trấn Bần, huyện Mỹ Hào, tỉnh Hưng Yên","Bỏ qua (Lỗi máy chủ) - Đã thử gửi lệnh xóa nhưng máy chủ Vinasynet không cập nhật (bản ghi bị khóa)","2026-09-19 16:12:19"
1362,"H31.05.02.H31.09.2017.2157","30 bản (ERROR_SKIPPED)","Phương án kiến trúc công trình. Nhà làm việc Huyện ủy Mỹ Hào tại đường ĐT 380, thị trấn Bần, huyện Mỹ Hào.","Bỏ qua (Lỗi máy chủ) - Đã thử gửi lệnh xóa nhưng máy chủ Vinasynet không cập nhật (bản ghi bị khóa)","2026-09-19 16:12:34"
1363,"H31.05.02.H31.09.2017.2156","30 bản (ERROR_SKIPPED)","Phương án kiến trúc công trình Phòng giao dịch Trương Xá - Agribank Chi nhánh huyện Kim Động, Khoái Châu, Ân Thi","Bỏ qua (Lỗi máy chủ) - Đã thử gửi lệnh xóa nhưng máy chủ Vinasynet không cập nhật (bản ghi bị khóa)","2026-09-19 16:12:48"
1364,"H31.05.02.H31.09.2017.2155","30 bản (ERROR_SKIPPED)","Phương án kiến trúc công trình: Tủng tâm Viettel huyện Kim Động tại thị trấn Lương Bằng, huyện Kim Động","Bỏ qua (Lỗi máy chủ) - Đã thử gửi lệnh xóa nhưng máy chủ Vinasynet không cập nhật (bản ghi bị khóa)","2026-09-19 16:13:02"
1365,"H31.05.02.H31.09.2017.2154","30 bản (ERROR_SKIPPED)","Phương án thiết kế kiến trúc các hạng mục công trình thuộc dự án: Khu liên hợp văn hóa cộng đồng, huyện Kim Động tại thị trấn Lương Bằng, huyện Kim Động","Bỏ qua (Lỗi máy chủ) - Đã thử gửi lệnh xóa nhưng máy chủ Vinasynet không cập nhật (bản ghi bị khóa)","2026-09-19 16:13:17"
1366,"H31.05.02.H31.09.2017.2153","30 bản (ERROR_SKIPPED)","Phương án kiến trúc công trình: Tu bổ, tôn tạo đền thờ Triệu Việt Vương (Triệu Quang Phục) tại xã Dạ Trạch, huyện Khoái Châu, tỉnh Hưng Yên","Bỏ qua (Lỗi máy chủ) - Đã thử gửi lệnh xóa nhưng máy chủ Vinasynet không cập nhật (bản ghi bị khóa)","2026-09-19 16:13:31"
1367,"H31.05.02.H31.09.2017.2142","30 bản (ERROR_SKIPPED)","Phương án kiến trúc công trình trụ sở làm việc Trung tâm công nghệ thông tin và truyền thông tại phường Hiến Nam, thành phố Hưng Yên.","Bỏ qua (Lỗi máy chủ) - Đã thử gửi lệnh xóa nhưng máy chủ Vinasynet không cập nhật (bản ghi bị khóa)","2026-09-19 16:13:45"
1368,"H31.05.02.H31.09.2017.2141","30 bản (ERROR_SKIPPED)","Phương án kiến trúc công trình Cải tạo, xây dựng hợp khối Nhà làm việc các Ban Đáng tỉnh tại phường Hiến Nam, thành phố Hưng Yên","Bỏ qua (Lỗi máy chủ) - Đã thử gửi lệnh xóa nhưng máy chủ Vinasynet không cập nhật (bản ghi bị khóa)","2026-09-19 16:14:00"
1369,"H31.05.02.H31.09.2017.2140","30 bản (ERROR_SKIPPED)","Phương án kiến trúc công trình Cái tạo nâng cấp trụ sở làm việc Sở tài nguyên và Môi trường tại phường Hiến Nam, thành phố Hưng Yên","Bỏ qua (Lỗi máy chủ) - Đã thử gửi lệnh xóa nhưng máy chủ Vinasynet không cập nhật (bản ghi bị khóa)","2026-09-19 16:14:14"
1370,"H31.05.02.H31.09.2017.2139D","29 bản (ERROR_SKIPPED)","Đề nghị phê duyệt vị trí xây dựng khu dân cư các phường, xã thành phố Hưng yên năm 2017","Bỏ qua (Lỗi máy chủ) - Đã thử gửi lệnh xóa nhưng máy chủ Vinasynet không cập nhật (bản ghi bị khóa)","2026-09-19 16:14:28"
1371,"H31.05.02.H31.09.2017.2139C","29 bản (ERROR_SKIPPED)","Đề nghị phê duyệt vị trí xây dựng các dự án đầu tư trong tỉnh năm 2017","Bỏ qua (Lỗi máy chủ) - Đã thử gửi lệnh xóa nhưng máy chủ Vinasynet không cập nhật (bản ghi bị khóa)","2026-09-19 16:14:42"
1372,"H31.05.02.H31.09.2017.2139A","30 bản (ERROR_SKIPPED)","Chấp thuận mặt bằng, thẩm định mặt bằng quy hoạch tổng thể các dự án đầu tư trên địa bàn tỉnh Hưng Yên năm 2017","Bỏ qua (Lỗi máy chủ) - Đã thử gửi lệnh xóa nhưng máy chủ Vinasynet không cập nhật (bản ghi bị khóa)","2026-09-19 16:14:56"
1373,"H31.05.02.H31.09.2017.2139B","30 bản (ERROR_SKIPPED)","Xử lý các vị trí đất rãnh nước xen kẹp tại đường Nguyễn Trãi, Lê Lai, phường Lê Lợi, thành phố Hưng yên năm 2014-2017","Bỏ qua (Lỗi máy chủ) - Đã thử gửi lệnh xóa nhưng máy chủ Vinasynet không cập nhật (bản ghi bị khóa)","2026-09-19 16:15:11"
1374,"H31.05.02.H31.09.2017.2125","30 bản (ERROR_SKIPPED)","Về việc chấp thuận mặt bằng quy hoạch tổng thể chia tỷ lệ 1/500 dự án thành phần: Khu biệt thự đảo (GDD1) thuộc khu đô thị thương mại và du lịch Văn Giang (Ecopark)","Bỏ qua (Lỗi máy chủ) - Đã thử gửi lệnh xóa nhưng máy chủ Vinasynet không cập nhật (bản ghi bị khóa)","2026-09-19 16:15:25"
1375,"H31.05.02.H31.09.2017.2124","30 bản (ERROR_SKIPPED)","Về việc chấp thuận Mặt bằng quy hoạch tổng thể dự án Nhà câu lạc bộ thuộc dự án Khu nhà phố Thảo Nguyên, thuộc phân khu 9-12, Khu đô thị thương mại và du lịch Văn Giang (Ecopark)","Bỏ qua (Lỗi máy chủ) - Đã thử gửi lệnh xóa nhưng máy chủ Vinasynet không cập nhật (bản ghi bị khóa)","2026-09-19 16:15:39"
1376,"H31.05.02.H31.09.2017.2121","30 bản (ERROR_SKIPPED)","Về việc chấp thuận Mặt bằng quy hoạch tổng thể dự án đầu tư xây dựng Trường Mầm non Tô Quyền tại xã Nghĩa Trụ, huyện Văn Giang","Bỏ qua (Lỗi máy chủ) - Đã thử gửi lệnh xóa nhưng máy chủ Vinasynet không cập nhật (bản ghi bị khóa)","2026-09-19 16:15:54"
1377,"H31.05.02.H31.09.2017.2120","30 bản (ERROR_SKIPPED)","Về việc chấp thuận mặt bằng quy hoạch tổng thể điều chỉnh của dự án Khu trung tâm hành chính TT Văn Giang tại thị trấn Văn Giang, huyện Văn Giang","Bỏ qua (Lỗi máy chủ) - Đã thử gửi lệnh xóa nhưng máy chủ Vinasynet không cập nhật (bản ghi bị khóa)","2026-09-19 16:16:08"
1378,"H31.05.02.H31.09.2017.2119","30 bản (ERROR_SKIPPED)","Về việc chấp thuận mặt bằng quy hoach tổng thể dự án đầu tư xây dựng Quỹ tín dụng nhân dân Dị Chế, huyện Tiên Lữ","Bỏ qua (Lỗi máy chủ) - Đã thử gửi lệnh xóa nhưng máy chủ Vinasynet không cập nhật (bản ghi bị khóa)","2026-09-19 16:16:23"
1379,"H31.05.02.H31.09.2017.2116","30 bản (ERROR_SKIPPED)","Về việc chấp thuận Mặt bằng quy hoạch tổng thể dự án đầu tư xây dựng: Nâng cao, cải tạo Chợ Từa tại thị trấn Trần Cao, huyện Phù Cừ","Bỏ qua (Lỗi máy chủ) - Đã thử gửi lệnh xóa nhưng máy chủ Vinasynet không cập nhật (bản ghi bị khóa)","2026-09-19 16:16:37"
1380,"H31.05.02.H31.09.2017.2115","30 bản (ERROR_SKIPPED)","Về việc chấp thuận Mặt bằng quy hoạch tổng thể ở phương án kiến trúc công trình Nhà văn hóa thôn Cao Xá, thị trần Trần Cao, huyện Phù Cừ","Bỏ qua (Lỗi máy chủ) - Đã thử gửi lệnh xóa nhưng máy chủ Vinasynet không cập nhật (bản ghi bị khóa)","2026-09-19 16:16:51"
1381,"H31.05.02.H31.09.2017.2114","30 bản (ERROR_SKIPPED)","Về việc thẩm định mặt bằng quy hoạch tổng thể và phương án kiến trúc các hạng mục công trình thuộc dự án Cải tạo và nâng cấp Trường Tiểu học Trần Cao, huyện Phù Cừ","Bỏ qua (Lỗi máy chủ) - Đã thử gửi lệnh xóa nhưng máy chủ Vinasynet không cập nhật (bản ghi bị khóa)","2026-09-19 16:17:06"
1382,"H31.05.02.H31.09.2017.2113","30 bản (ERROR_SKIPPED)","Về việc thẩm định mặt bằng quy hoạch tổng thể Dự án cải tạo và nâng cấp Trường tiểu học thị trấn Trần Cao, huyện Phù Cừ","Bỏ qua (Lỗi máy chủ) - Đã thử gửi lệnh xóa nhưng máy chủ Vinasynet không cập nhật (bản ghi bị khóa)","2026-09-19 16:17:20"
1383,"H31.05.02.H31.09.2017.2112","30 bản (ERROR_SKIPPED)","Chấp thuận mặt bằng quy hoạch tổng thể công trình cải tạo nâng cấp sân vận động thị trấn Trần Cao, huyện Phù Cừ","Bỏ qua (Lỗi máy chủ) - Đã thử gửi lệnh xóa nhưng máy chủ Vinasynet không cập nhật (bản ghi bị khóa)","2026-09-19 16:17:34"
1384,"H31.05.02.H31.09.2017.2111","30 bản (ERROR_SKIPPED)","Về việc chấp thuận điều chỉnh mặt bằng quy hoạch tổng thể dự án đầu tư xây dựng cải tạo sửa chữa, mở rộng trụ sở làm việc HĐND-UBND huyện Phù Cừ, thị trấn Trần Cao","Bỏ qua (Lỗi máy chủ) - Đã thử gửi lệnh xóa nhưng máy chủ Vinasynet không cập nhật (bản ghi bị khóa)","2026-09-19 16:17:49"
1385,"H31.05.02.H31.09.2017.2110","30 bản (ERROR_SKIPPED)","Về việc chấp thuận mặt bằng quy hoạch tổng thể dự án đầu tư xây dựng Nhà lưu niệm lực lượng Nữ du kích Hoàng Ngân HY và Anh hùng lực lượng vũ trang nhân dân Vũ Thị Kính tại xã Xuân Dục, huyện Mỹ Hào","Bỏ qua (Lỗi máy chủ) - Đã thử gửi lệnh xóa nhưng máy chủ Vinasynet không cập nhật (bản ghi bị khóa)","2026-09-19 16:18:03"
1386,"H31.05.02.H31.09.2017.2109","30 bản (ERROR_SKIPPED)","Về việc chấp thuận mặt bằng quy hoạch tổng thể điều chỉnh dự án Trường Tiểu học, THCS và THPT Hồng Đức và phương án kiến trúc công trình: Nhà lớp học và nghỉ giáo viên (Trường THPT Hồng Đức) tại xã Nhân Hòa, huyện Mỹ Hào","Bỏ qua (Lỗi máy chủ) - Đã thử gửi lệnh xóa nhưng máy chủ Vinasynet không cập nhật (bản ghi bị khóa)","2026-09-19 16:18:17"
1387,"H31.05.02.H31.09.2016-2017.2122","30 bản (ERROR_SKIPPED)","Về việc chấp thuận Mặt bằng quy hoạch tổng thể và phương án thiết kế kiến trúc công trình Trường Tiểu học và Trung học Cơ sở EDISON, tại lô đất GD-04, khu đô thị thương mại và du lịch Văn Giang (Ecopark) tại xã Xuân Quan, huyện Văn Giang","Bỏ qua (Lỗi máy chủ) - Đã thử gửi lệnh xóa nhưng máy chủ Vinasynet không cập nhật (bản ghi bị khóa)","2026-09-19 16:18:31"
1388,"H31.05.02.H31.09.2016-2017.2118","30 bản (ERROR_SKIPPED)","Về việc chấp thuận Mặt bằng quy hoạch tổng thể dự án đầu tư xây dựng Quỹ tín dụng nhân dân Dị Chế tại xã Dị Chế, huyện Tiên Lữ","Bỏ qua (Lỗi máy chủ) - Đã thử gửi lệnh xóa nhưng máy chủ Vinasynet không cập nhật (bản ghi bị khóa)","2026-09-19 16:18:46"
1389,"H31.05.02.H31.09.2016-2017.2117","30 bản (ERROR_SKIPPED)","Về việc chấp thuận Mặt bằng quy hoạch tổng thể dự án đầu tư xây dựng Trụ sở Agribank Chi nhánh huyện Tiên Lữ, tỉnh Hưng Yên tại thị trấn Vương, huyện Tiên Lữ","Bỏ qua (Lỗi máy chủ) - Đã thử gửi lệnh xóa nhưng máy chủ Vinasynet không cập nhật (bản ghi bị khóa)","2026-09-19 16:19:00"
1390,"H31.05.02.H31.09.2016-2017.2107","30 bản (ERROR_SKIPPED)","Về việc thẩm định mặt bằng quy hoạch tổng thể điều chỉnh Dự án cải tạo và nâng cấp bãi rác Dị Sử, huyện Mỹ Hào","Bỏ qua (Lỗi máy chủ) - Đã thử gửi lệnh xóa nhưng máy chủ Vinasynet không cập nhật (bản ghi bị khóa)","2026-09-19 16:19:15"
1391,"H31.05.02.H31.09.2015-2017.2123","30 bản (ERROR_SKIPPED)","Về việc chấp thuận Mặt bằng quy hoạch tổng thể dự án: Nhà câu lạc bộ thuộc dự án khu biệt thư Mimosa Valley, thuộc phân khu 9-12, khu đô thị thương mại và du lịch Văn Giang (Ecopark), huyện Văn Giang","Bỏ qua (Lỗi máy chủ) - Đã thử gửi lệnh xóa nhưng máy chủ Vinasynet không cập nhật (bản ghi bị khóa)","2026-09-19 16:19:29"
1392,"H31.05.02.H31.09.2010-2017.2108","30 bản (ERROR_SKIPPED)","Về việc chấp thuận Mặt bằng quy hoạch tổng thể dự án Khu nhà ở công nhân thuộc dự án Khu nhà ở công nhân, Nhà ở thương mại Lạc Hồng - Phố Nối tại xã Nhân Hòa, huyện Mỹ Hào","Bỏ qua (Lỗi máy chủ) - Đã thử gửi lệnh xóa nhưng máy chủ Vinasynet không cập nhật (bản ghi bị khóa)","2026-09-19 16:19:44"
1393,"H31.05.02.H31.09.2017.2106","30 bản (ERROR_SKIPPED)","Về việc chấp thuận Mặt bằng quy hoạch tổng thể và phương án kiến trúc công trình Trường mầm non Bông Sen Vàng - Khu chung cư đô thị Phố Nối, thị trấn Bần Yên Nhân, huyện Mỹ Hào","Bỏ qua (Lỗi máy chủ) - Đã thử gửi lệnh xóa nhưng máy chủ Vinasynet không cập nhật (bản ghi bị khóa)","2026-09-19 16:19:58"
1394,"H31.05.02.H31.09.2017.2104","30 bản (ERROR_SKIPPED)","Về việc chấp thuận mặt bằng quy hoạch tổng thể dự án đầu tư xây dựng trụ sở làm việc Bảo hiểm xã hội huyện Mỹ Hào tại thị trấn Bần Yên Nhân","Bỏ qua (Lỗi máy chủ) - Đã thử gửi lệnh xóa nhưng máy chủ Vinasynet không cập nhật (bản ghi bị khóa)","2026-09-19 16:20:12"
1395,"H31.05.02.H31.09.2017.2103","30 bản (ERROR_SKIPPED)","Về việc chấp nhận mặt bằng quy hoạch tổng thể dự án đầu tư xây dựng trung tâm khai thác vận chuyển và bưu cục Mỹ Hào, tỉnh Hưng Yên","Bỏ qua (Lỗi máy chủ) - Đã thử gửi lệnh xóa nhưng máy chủ Vinasynet không cập nhật (bản ghi bị khóa)","2026-09-19 16:20:27"
1396,"H31.05.02.H31.09.2017.2102","30 bản (ERROR_SKIPPED)","Về việc chấp thuận điều chỉnh mặt bằng quy hoạch tổng thể dự án đầu tư xây dựng trụ sở làm việc huyện uỷ Mỹ Hào tại thị trấn Bần Yên Nhân, huyện Mỹ Hào","Bỏ qua (Lỗi máy chủ) - Đã thử gửi lệnh xóa nhưng máy chủ Vinasynet không cập nhật (bản ghi bị khóa)","2026-09-19 16:20:41"
1397,"H31.05.02.H31.09.2017.2101","30 bản (ERROR_SKIPPED)","Về việc chấp thuận mặt bằng quy hoạch tổng thể dự án đầu tư xây dựng trụ sở làm việc Huyện uỷ Mỹ Hào tại thị trấn Bần Yên Nhân, huyện Mỹ Hào","Bỏ qua (Lỗi máy chủ) - Đã thử gửi lệnh xóa nhưng máy chủ Vinasynet không cập nhật (bản ghi bị khóa)","2026-09-19 16:20:56"
1398,"H31.05.02.H31.09.2017.2100","30 bản (ERROR_SKIPPED)","Về việc chấp thuận điều chỉnh cục bộ mặt bằng quy hoạch tổng thể dự án tòa nhà hỗn hợp cao tầng và khu nhà ở để bán tại thị tràn Bần Yên Nhân, huyện Mỹ Hào","Bỏ qua (Lỗi máy chủ) - Đã thử gửi lệnh xóa nhưng máy chủ Vinasynet không cập nhật (bản ghi bị khóa)","2026-09-19 16:21:10"
1399,"H31.05.02.H31.09.2017.2099","30 bản (ERROR_SKIPPED)","Về việc chấp thuận điều chỉnh Mặt bằng quy hoạch tổng thể dự án đầu tư xây dựng tòa nhà hỗn hợp cao tầng và khu nhà ở để bán tại thị trấn Bần Yên Nhân, huyện Mỹ Hào","Bỏ qua (Lỗi máy chủ) - Đã thử gửi lệnh xóa nhưng máy chủ Vinasynet không cập nhật (bản ghi bị khóa)","2026-09-19 16:21:24"
1400,"H31.05.02.H31.09.2017.2098","30 bản (ERROR_SKIPPED)","Về việc thẩm định mặt bằng quy hoạch tổng thể điều chỉnh Đài viễn thông huyện Mỹ Hào tại thị trấn Bần Yên Nhân, huyện Mỹ Hào","Bỏ qua (Lỗi máy chủ) - Đã thử gửi lệnh xóa nhưng máy chủ Vinasynet không cập nhật (bản ghi bị khóa)","2026-09-19 16:21:39"
1401,"H31.05.02.H31.09.2017.2097","30 bản (ERROR_SKIPPED)","Về việc chấp thuận Mặt bằng quy hoạch tổng thể Dự án đầu tư cấp nước sạch nông thôn mới của Công ty TNHH nước sạch Ngọc Tuấn - Nagaoka ở xã Chính Nghĩa, huyện Kim Động","Bỏ qua (Lỗi máy chủ) - Đã thử gửi lệnh xóa nhưng máy chủ Vinasynet không cập nhật (bản ghi bị khóa)","2026-09-19 16:21:53"
1402,"H31.05.02.H31.09.2017.2095","30 bản (ERROR_SKIPPED)","Về việc chấp thuận mặt bằng quy hoạch tổng thể dự án đầu tư xây dựng khu liên hiệp văn hóa cộng đồng huyện Kim Động tại thị trấn Lương Bằng, huyện Kim Động.","Bỏ qua (Lỗi máy chủ) - Đã thử gửi lệnh xóa nhưng máy chủ Vinasynet không cập nhật (bản ghi bị khóa)","2026-09-19 16:22:08"
1403,"H31.05.02.H31.09.2017.2093","30 bản (ERROR_SKIPPED)","Về việc chấp thuận Mặt bằng quy hoạch tổng thể dự án đầu tư xây dựng Phòng giao dịch Phố Hiến - Ngân hàng TMCP Công thương Việt Nam Chi nhánh Hưng Yên tại phường Lê Lợi và phường Quang Trung, thành phố Hưng Yên","Bỏ qua (Lỗi máy chủ) - Đã thử gửi lệnh xóa nhưng máy chủ Vinasynet không cập nhật (bản ghi bị khóa)","2026-09-19 16:22:22"
1404,"H31.05.02.H31.09.2017.2091","30 bản (ERROR_SKIPPED)","Về việc thẩm định mặt bằng quy hoạch tổng thể Khu nhà ở liền kề Detec tại phường Hồng Châu, thành phố Hưng Yên","Bỏ qua (Lỗi máy chủ) - Đã thử gửi lệnh xóa nhưng máy chủ Vinasynet không cập nhật (bản ghi bị khóa)","2026-09-19 16:22:37"
1405,"H31.05.02.H31.09.2017.2090","30 bản (ERROR_SKIPPED)","Về việc chấp thuận mặt bằng quy hoạch tổng thể dự án đầu tư xây dựng Nhà quản lý và nhà vệ sinh công cộng tại Quảng trường trung tâm tỉnh tại phường Hiến Nam, thành phố Hưng Yên","Bỏ qua (Lỗi máy chủ) - Đã thử gửi lệnh xóa nhưng máy chủ Vinasynet không cập nhật (bản ghi bị khóa)","2026-09-19 16:22:52"
1406,"H31.05.02.H31.09.2017.2088","30 bản (ERROR_SKIPPED)","Về việc chấp thuận mặt bằng quy hoạch tổng thể dự án đầu tư xây dựng: Trạm biến áp 110KV Bãi Sậy và hướng tuyến đường dây đấu nối 110KV tại xã Bãi Sậy, huyện Ân Thi","Bỏ qua (Lỗi máy chủ) - Đã thử gửi lệnh xóa nhưng máy chủ Vinasynet không cập nhật (bản ghi bị khóa)","2026-09-19 16:23:06"
1407,"H31.05.02.H31.09.2017.2087","30 bản (ERROR_SKIPPED)","Về việc chấp thuận Mặt bằng quy hoạch tổng thể dự án đầu tư xây dựng Trụ sở Agribank Chi nhánh huyện Ân Thi, tỉnh Hưng Yên.","Bỏ qua (Lỗi máy chủ) - Đã thử gửi lệnh xóa nhưng máy chủ Vinasynet không cập nhật (bản ghi bị khóa)","2026-09-19 16:23:21"
1408,"H31.05.02.H31.09.2016-2017.2105","30 bản (ERROR_SKIPPED)","Về việc chấp thuận mặt bằng quy hoạch tổng thể dự án đầu tư xây dựng Trụ sở làm việc Chi cục thuế huyện Mỹ Hào tại thị trấn Bần Yên Nhân","Bỏ qua (Lỗi máy chủ) - Đã thử gửi lệnh xóa nhưng máy chủ Vinasynet không cập nhật (bản ghi bị khóa)","2026-09-19 16:23:36"
1409,"H31.05.02.H31.09.2016-2017.2092","30 bản (ERROR_SKIPPED)","Về việc thẩm định mặt bằng quy hoạch tổng thể trung tâm thương mại Hưng Yên tại phường Lam Sơn, thành phố Hưng Yên","Bỏ qua (Lỗi máy chủ) - Đã thử gửi lệnh xóa nhưng máy chủ Vinasynet không cập nhật (bản ghi bị khóa)","2026-09-19 16:23:50"
1410,"H31.05.02.H31.09.2015-2017.2096","30 bản (ERROR_SKIPPED)","Về việc chấp thuận mặt bằng quy hoạch tổng thể dự án đầu tư xây dựng Trung tâm Viettel huyện Kim Động","Bỏ qua (Lỗi máy chủ) - Đã thử gửi lệnh xóa nhưng máy chủ Vinasynet không cập nhật (bản ghi bị khóa)","2026-09-19 16:24:04"
1411,"H31.05.02.H31.09.2013-2017.2089","30 bản (ERROR_SKIPPED)","Về việc thẩm định mặt bằng quy hoạch tổng thể điều chỉnh Khu nhà ở liền kề An Tảo tại phường An Tảo, thành phố Hưng Yên","Bỏ qua (Lỗi máy chủ) - Đã thử gửi lệnh xóa nhưng máy chủ Vinasynet không cập nhật (bản ghi bị khóa)","2026-09-19 16:24:19"
1412,"H31.05.02.H31.09.2009-2017.2094","30 bản (ERROR_SKIPPED)","Hồ sơ về việc chấp thuận tổng thể mặt bằng chia là điều chỉnh Làng sinh thái - du lịch đô thị đầm Dạ trạch, huyện Khoái Châu","Bỏ qua (Lỗi máy chủ) - Đã thử gửi lệnh xóa nhưng máy chủ Vinasynet không cập nhật (bản ghi bị khóa)","2026-09-19 16:24:33"
1413,"H31.05.02.H31.09.2018.2033","30 bản (ERROR_SKIPPED)","Hồ sơ về việc cấp giấy phép xây dựng cho Công ty TNHH gốm sứ Quang Vinh cho trung tâm làng nghề Việt tại xã Xuân Quan huyện Văn Giang.","Bỏ qua (Lỗi máy chủ) - Đã thử gửi lệnh xóa nhưng máy chủ Vinasynet không cập nhật (bản ghi bị khóa)","2026-09-19 16:24:47"
1414,"H31.05.02.H31.09.2016.2033A","30 bản (ERROR_SKIPPED)","Hồ sơ về việc cấp chứng chỉ quy hoạch cho các cơ quan doanh nghiệp năm 2016","Bỏ qua (Lỗi máy chủ) - Đã thử gửi lệnh xóa nhưng máy chủ Vinasynet không cập nhật (bản ghi bị khóa)","2026-09-19 16:25:01"
1415,"H31.05.02.H31.09.2016.2032","30 bản (ERROR_SKIPPED)","Phương án kiến trúc công trình: Nhà văn hóa xã Tân Việt, huyện Yên Mỹ, tỉnh Hưng Yên","Bỏ qua (Lỗi máy chủ) - Đã thử gửi lệnh xóa nhưng máy chủ Vinasynet không cập nhật (bản ghi bị khóa)","2026-09-19 16:25:16"
1416,"H31.05.02.H31.09.2016.2031","30 bản (ERROR_SKIPPED)","Phương án kiến trúc công trình: Trường tiểu học Tân Việt tại xã Tân Việt, huyện Yên Mỹ","Bỏ qua (Lỗi máy chủ) - Đã thử gửi lệnh xóa nhưng máy chủ Vinasynet không cập nhật (bản ghi bị khóa)","2026-09-19 16:25:30"
1417,"H31.05.02.H31.09.2016.2028","30 bản (ERROR_SKIPPED)","Phương án kiến trúc công trình Nhà lớp học và nhà hiệu bộ - Trường tiểu học Như Quỳnh B - thị trấn Như Quỳnh","Bỏ qua (Lỗi máy chủ) - Đã thử gửi lệnh xóa nhưng máy chủ Vinasynet không cập nhật (bản ghi bị khóa)","2026-09-19 16:25:44"
1418,"H31.05.02.H31.09.2015-2016.2029","30 bản (ERROR_SKIPPED)","Hồ sơ phương án kiến trúc các mẫu nhà chia lô tại dự án: Khu nhà ở Bắc Việt tại thị trấn Như Quỳnh, huyện Văn Lâm","Bỏ qua (Lỗi máy chủ) - Đã thử gửi lệnh xóa nhưng máy chủ Vinasynet không cập nhật (bản ghi bị khóa)","2026-09-19 16:25:59"
1419,"H31.05.02.H31.09.2012-2016.2030","30 bản (ERROR_SKIPPED)","Phương án kiến trúc công trình chợ Đồng Than tại xã Đồng Than, huyện Yên Mỹ","Bỏ qua (Lỗi máy chủ) - Đã thử gửi lệnh xóa nhưng máy chủ Vinasynet không cập nhật (bản ghi bị khóa)","2026-09-19 16:26:13"
1420,"H31.05.02.H31.09.2016.2000","30 bản (ERROR_SKIPPED)","Phương án kiến trúc công trình Nhà lớp học bộ môn và phục vụ học tập Trường THPT Nghĩa Dân, xã Nghĩa Dân, huyện Kim Động","Bỏ qua (Lỗi máy chủ) - Đã thử gửi lệnh xóa nhưng máy chủ Vinasynet không cập nhật (bản ghi bị khóa)","2026-09-19 16:26:27"
1421,"H31.05.02.H31.09.2016.1999","30 bản (ERROR_SKIPPED)","Phương án kiến trúc công trình: Nhà lớp học lý thuyết và thư viện Trường THPT Kim Động tại thị trấn Lương Bằng, huyện Kim Động","Bỏ qua (Lỗi máy chủ) - Đã thử gửi lệnh xóa nhưng máy chủ Vinasynet không cập nhật (bản ghi bị khóa)","2026-09-19 16:26:42"
1422,"H31.05.02.H31.09.2016.1998","30 bản (ERROR_SKIPPED)","Phương án kiến trúc công trình trụ sở làm việc Chi cục thuế huyện Kim Động - tỉnh Hưng Yên","Bỏ qua (Lỗi máy chủ) - Đã thử gửi lệnh xóa nhưng máy chủ Vinasynet không cập nhật (bản ghi bị khóa)","2026-09-19 16:26:56"
1423,"H31.05.02.H31.09.2016.1997","30 bản (ERROR_SKIPPED)","Phương án kiến trúc dự án Đầu tư xây dựng chợ và hạ tầng kỹ thuật khu nhà ở thương mại huyện Khoái Châu, Hạng mục: Cảnh quan, sân dạo giữa các khối nhà và công trình phụ dự án tại xã Dân Tiến, huyện Khoái Châu","Bỏ qua (Lỗi máy chủ) - Đã thử gửi lệnh xóa nhưng máy chủ Vinasynet không cập nhật (bản ghi bị khóa)","2026-09-19 16:27:10"
1424,"H31.05.02.H31.09.2016.1996","30 bản (ERROR_SKIPPED)","Phương án kiến trúc công trình: Nhà điều hành - Trường chất lượng cao Phước Huệ (Trường mầm non tư thục Sao Sáng) tại phường Lam Sơn, thành phố Hưng Yên","Bỏ qua (Lỗi máy chủ) - Đã thử gửi lệnh xóa nhưng máy chủ Vinasynet không cập nhật (bản ghi bị khóa)","2026-09-19 16:27:24"
1425,"H31.05.02.H31.09.2016.1995","30 bản (ERROR_SKIPPED)","Phương án kiến trúc công trình Nhà lớp học bộ môn Trường Trung học phổ thông Phạm Ngũ Lão tại xã Tân Phúc, huyện Ân Thi","Bỏ qua (Lỗi máy chủ) - Đã thử gửi lệnh xóa nhưng máy chủ Vinasynet không cập nhật (bản ghi bị khóa)","2026-09-19 16:27:39"
1426,"H31.05.02.H31.09.2016.1994","30 bản (ERROR_SKIPPED)","Phương án thiết kế kiến trúc các hạng mục dự án Trung tâm phòng chống HIV/AIDS và các bệnh nhiệt đới tỉnh Hưng Yên tại thành phố Hưng Yên, tỉnh Hưng Yên","Bỏ qua (Lỗi máy chủ) - Đã thử gửi lệnh xóa nhưng máy chủ Vinasynet không cập nhật (bản ghi bị khóa)","2026-09-19 16:27:53"
1427,"H31.05.02.H31.09.2016.1993","30 bản (ERROR_SKIPPED)","Phương án kiến trúc công tình. Cải tạo, nâng cấp trụ sở làm việc từ 3 tầng lên 4 tầng làm kho lưu trữ hồ sơ tài liệu ở tầng 4 của Văn phòng đăng ký đất đai tại phường Hiến Nam, thành phố Hưng Yên","Bỏ qua (Lỗi máy chủ) - Đã thử gửi lệnh xóa nhưng máy chủ Vinasynet không cập nhật (bản ghi bị khóa)","2026-09-19 16:28:07"
1428,"H31.05.02.H31.09.2016.1992","30 bản (ERROR_SKIPPED)","Phương án kiến trúc công trình Cải tạo, xây dựng hợp khôi Nhà khách tỉnh uỷ tại đường chùa Chuông thành phố Hưng Yên","Bỏ qua (Lỗi máy chủ) - Đã thử gửi lệnh xóa nhưng máy chủ Vinasynet không cập nhật (bản ghi bị khóa)","2026-09-19 16:28:21"
1429,"H31.05.02.H31.09.2016.1991","30 bản (ERROR_SKIPPED)","Phương án kiến trúc công trình: Mở rộng trụ sở làm việc Sở Giáo dục và Đào tạo tại phường An Tảo, thành phố Hưng Yên","Bỏ qua (Lỗi máy chủ) - Đã thử gửi lệnh xóa nhưng máy chủ Vinasynet không cập nhật (bản ghi bị khóa)","2026-09-19 16:28:36"
1430,"H31.05.02.H31.09.2014.1902A","30 bản (ERROR_SKIPPED)","Cấp chứng chỉ quy hoạch cho các cơ quan doanh nghiệp năm 2014","Bỏ qua (Lỗi máy chủ) - Đã thử gửi lệnh xóa nhưng máy chủ Vinasynet không cập nhật (bản ghi bị khóa)","2026-09-19 16:28:50"
1431,"H31.05.02.H31.09.2014.1902","50 bản (ERROR_SKIPPED)","Cấp chứng chỉ quy hoạch cho các cơ quan doanh nghiệp năm 2014","Bỏ qua (Lỗi máy chủ) - Đã thử gửi lệnh xóa nhưng máy chủ Vinasynet không cập nhật (bản ghi bị khóa)","2026-09-19 16:29:05"
1432,"H31.05.02.H31.09.2014.1901","30 bản (ERROR_SKIPPED)","Thuyết minh tổng hợp quy hoạc chi tiết xây dựng tỷ lệ 1/500 công trình đầu tư xây dựng hạ tầng kỹ thuật khu dân cư mới xã Đình Dù và Xã Trưng Trắc, huyện Văn Lâm","Bỏ qua (Lỗi máy chủ) - Đã thử gửi lệnh xóa nhưng máy chủ Vinasynet không cập nhật (bản ghi bị khóa)","2026-09-19 16:29:19"
1433,"H31.05.02.H31.09.2014.1883","30 bản (ERROR_SKIPPED)","Phương án kiến trúc các công trình thuộc dự án thành phần khu nhà ở thấp tầng 2A thuộc khu đô thị thương mại và du lịch Văn Giang huyện Văn Giang","Bỏ qua (Lỗi máy chủ) - Đã thử gửi lệnh xóa nhưng máy chủ Vinasynet không cập nhật (bản ghi bị khóa)","2026-09-19 16:29:33"
1434,"H31.05.02.H31.09.2014.1882","30 bản (ERROR_SKIPPED)","Phương án kiến trúc công trình Nhà hiệu bộ trường THPT Văn Giang tịa huyện Văn Giang, tỉnh Hưng Yên","Bỏ qua (Lỗi máy chủ) - Đã thử gửi lệnh xóa nhưng máy chủ Vinasynet không cập nhật (bản ghi bị khóa)","2026-09-19 16:29:47"
1435,"H31.05.02.H31.09.2014.1881","30 bản (ERROR_SKIPPED)","Phương án kiến trúc công trình nhà làm việ ctruj sở làm việc chi cụ thuế huyện Văn Giang","Bỏ qua (Lỗi máy chủ) - Đã thử gửi lệnh xóa nhưng máy chủ Vinasynet không cập nhật (bản ghi bị khóa)","2026-09-19 16:30:02"
1436,"H31.05.02.H31.09.2014.1880Đ","0 bản (NOT_FOUND)","Bản ghi #1","Không tìm thấy hồ sơ - Không tìm thấy hồ sơ nào với mã này trên hệ thống Vinasynet","2026-09-19 16:30:06"
1437,"H31.05.02.H31.09.2014.1880E","30 bản (ERROR_SKIPPED)","Bổ sung quy hoạch xuất tuyến 35KV TBA 110 KV Kim Động cấp điện cho các phụ tải trung tâm phía Bắc huyện Ân Thi và thống nhất phương án xuất tuyế 22 kV TBA 110 KV Khoái Châu cấp điện cho các phụ tải công  nghiệp khu vực phía Đông huyện Văn Giang","Bỏ qua (Lỗi máy chủ) - Đã thử gửi lệnh xóa nhưng máy chủ Vinasynet không cập nhật (bản ghi bị khóa)","2026-09-19 16:30:20"
1438,"H31.05.02.H31.09.2014.1880D","30 bản (ERROR_SKIPPED)","Về việc điều chỉnh quy hoạch xây dựng chi tiết tỷ lệ 1/200 khu công nghiệp dệt may phố Nối giai đoạn II một số nội dung liên quan trong công tác quản lý quy hoạch XD dự án Nhà máy SX Cabin thùng xe và phụ tùng ô tô của Công ty Cổ phần cơ khí 120","Bỏ qua (Lỗi máy chủ) - Đã thử gửi lệnh xóa nhưng máy chủ Vinasynet không cập nhật (bản ghi bị khóa)","2026-09-19 16:30:34"
1439,"H31.05.02.H31.09.2014.1880C","30 bản (ERROR_SKIPPED)","Về việc lập quy hoạch khu đô thị sinh thái trên địa bàn các xã Nghĩa Trụ, Long Hưng, huyện Văn Giang năm 2013","Bỏ qua (Lỗi máy chủ) - Đã thử gửi lệnh xóa nhưng máy chủ Vinasynet không cập nhật (bản ghi bị khóa)","2026-09-19 16:30:49"
1440,"H31.05.02.H31.09.2014.1880B","30 bản (ERROR_SKIPPED)","Về việc một số nội dung tại dự thảo Biên bản làm việc với Đoàn Thanh tra theo Quyết định số 154/QĐ-TTr ngày 18/06/2013 của Chánh Thanh tra Bộ Xây dựng năm 2013","Bỏ qua (Lỗi máy chủ) - Đã thử gửi lệnh xóa nhưng máy chủ Vinasynet không cập nhật (bản ghi bị khóa)","2026-09-19 16:31:03"
1441,"H31.05.02.H31.09.2014.1880A","30 bản (ERROR_SKIPPED)","Cấp chứng chỉ quy hoạch cho các cơ quan doanh nghiệp năm 2013","Bỏ qua (Lỗi máy chủ) - Đã thử gửi lệnh xóa nhưng máy chủ Vinasynet không cập nhật (bản ghi bị khóa)","2026-09-19 16:31:17"
1442,"H31.05.02.H31.09.2014.1880","50 bản (ERROR_SKIPPED)","Triển khai dự án thành phần thuộc dự án xây dựng cải tạo và chỉnh trang thôn Văn Nhuế, thị trấn Bần yên Nhân, lập lại dự toán đồ ăn QHCT xd dọc tuyến đường bộ nốihai cao tốc HN - HP với Cầu Giẽ - NB đến năm 2030","Bỏ qua (Lỗi máy chủ) - Đã thử gửi lệnh xóa nhưng máy chủ Vinasynet không cập nhật (bản ghi bị khóa)","2026-09-19 16:31:32"
1443,"H31.05.02.H31.09.2014.1879","30 bản (ERROR_SKIPPED)","Phương án kiến trúc Công trình: Nhà làm việc số 2 các phòng chức năng UBND huyện Tiên Lữ, thị trấn Vương, huyện Tiên Lữ","Bỏ qua (Lỗi máy chủ) - Đã thử gửi lệnh xóa nhưng máy chủ Vinasynet không cập nhật (bản ghi bị khóa)","2026-09-19 16:31:46"
1444,"H31.05.02.H31.09.2014.1878","30 bản (ERROR_SKIPPED)","Phương án kiến trúc công trình cải tạo, nâng cấp khu tưởng niệm liệt sỹ huyện Tiên Lữ tỉnh Hưng Yên","Bỏ qua (Lỗi máy chủ) - Đã thử gửi lệnh xóa nhưng máy chủ Vinasynet không cập nhật (bản ghi bị khóa)","2026-09-19 16:32:00"
1445,"H31.05.02.H31.09.2014.1861","30 bản (ERROR_SKIPPED)","Phương án kiến trúc công trình nhà hiệu bộ Trường THPT Hưng Yên tại thành phố Hưng Yên, tỉnh Hưng Yên","Bỏ qua (Lỗi máy chủ) - Đã thử gửi lệnh xóa nhưng máy chủ Vinasynet không cập nhật (bản ghi bị khóa)","2026-09-19 16:32:15"
1446,"H31.05.02.H31.09.2014.1859","30 bản (ERROR_SKIPPED)","Phương án kiến trúc công trình cải tạo, sửa chữa nghĩa trang liệt sỹ xã Tân Phúc, huyện Ân Thi","Bỏ qua (Lỗi máy chủ) - Đã thử gửi lệnh xóa nhưng máy chủ Vinasynet không cập nhật (bản ghi bị khóa)","2026-09-19 16:32:29"
1447,"H31.05.02.H31.09.2014.1857","30 bản (ERROR_SKIPPED)","Phương án kiến trúc công trình Nhà lớp học Trường THPT Phạm Ngũ Lão tại xã Tân Phúc, huyện Ân Thi","Bỏ qua (Lỗi máy chủ) - Đã thử gửi lệnh xóa nhưng máy chủ Vinasynet không cập nhật (bản ghi bị khóa)","2026-09-19 16:32:43"
1448,"H31.05.02.H31.09.2014.1856","30 bản (ERROR_SKIPPED)","Về phương án kiến trúc công trình Nhà làm việc 3 tầng Trụ sở BHXH huyện Ân Thi tại huyện Ân Thi, tỉnh Hưng Yên","Bỏ qua (Lỗi máy chủ) - Đã thử gửi lệnh xóa nhưng máy chủ Vinasynet không cập nhật (bản ghi bị khóa)","2026-09-19 16:32:57"
1449,"H31.05.02.H31.09.2014.1855","30 bản (ERROR_SKIPPED)","Phương án kiến trúc Công trình: Cải tạo, mở rộng Trụ sở làm việc Ban Quản lý các khu công nghiệp tỉnh tại thị trấn Bần Yên Nhân, huyện Mỹ Hào","Bỏ qua (Lỗi máy chủ) - Đã thử gửi lệnh xóa nhưng máy chủ Vinasynet không cập nhật (bản ghi bị khóa)","2026-09-19 16:33:12"
1450,"H31.05.02.H31.09.2013-2014.1858","30 bản (ERROR_SKIPPED)","Phương án kiến trúc công trình: Cải tạo, sửa chữa nghĩa trang liệt sỹ xã Xuân Trúc tại huyện Ân Thi, tỉnh Hưng Yên","Bỏ qua (Lỗi máy chủ) - Đã thử gửi lệnh xóa nhưng máy chủ Vinasynet không cập nhật (bản ghi bị khóa)","2026-09-19 16:33:26"
1451,"H31.05.02.H31.09.2012-2014.1862","30 bản (ERROR_SKIPPED)","Hồ sơ Phương án kiến trúc công trình: mở rộng trụ sở Ngân hàng đầu tư và phát triển TPHY tại phường Hiến Nam, thành phố Hưng Yên","Bỏ qua (Lỗi máy chủ) - Đã thử gửi lệnh xóa nhưng máy chủ Vinasynet không cập nhật (bản ghi bị khóa)","2026-09-19 16:33:40"
1452,"H31.05.02.H31.09.2009-2014.1860","30 bản (ERROR_SKIPPED)","Phương án kiến trúc công trình: Trung tâm điều dưỡng chăm sóc người có công và phục hồi chức năng tỉnh Hưng Yên","Bỏ qua (Lỗi máy chủ) - Đã thử gửi lệnh xóa nhưng máy chủ Vinasynet không cập nhật (bản ghi bị khóa)","2026-09-19 16:33:54"
1453,"H31.05.02.H31.09.2013.1817","30 bản (ERROR_SKIPPED)","Phương án kiến trúc công trình Mở rộng quy mô Nhà làm việc Sở tài chính gđ2 tại thành phố Hưng Yên, tỉnh Thưng Yên","Bỏ qua (Lỗi máy chủ) - Đã thử gửi lệnh xóa nhưng máy chủ Vinasynet không cập nhật (bản ghi bị khóa)","2026-09-19 16:34:08"
1454,"H31.05.02.H31.09.2013.1816","30 bản (ERROR_SKIPPED)","Phương án kiến trúc khối nhà phục vụ Trung tâm hội nghị tỉnh Hưng Yên tại phường Hiến Nam, thành phố Hưng Yên","Bỏ qua (Lỗi máy chủ) - Đã thử gửi lệnh xóa nhưng máy chủ Vinasynet không cập nhật (bản ghi bị khóa)","2026-09-19 16:34:23"
1455,"H31.05.02.H31.09.2013.1815C","30 bản (ERROR_SKIPPED)","Xác nhận, thẩm định, chấp thuận mặt bằng quy hoạch tổng thể các dự án đầu tư trên địa bản tỉnh năm 2113 - Tập II","Bỏ qua (Lỗi máy chủ) - Đã thử gửi lệnh xóa nhưng máy chủ Vinasynet không cập nhật (bản ghi bị khóa)","2026-09-19 16:34:37"
1456,"H31.05.02.H31.09.2012.1795","30 bản (ERROR_SKIPPED)","Về việc xin điều chỉnh Quy mô và phê duyệt phương án thiết kế kiến trúc Nhà hiệu bộ thuộc Dư án giai đoạn I (2012 - 2015) tại xã Giai Phạm, huyện Yên Mỹ","Bỏ qua (Lỗi máy chủ) - Đã thử gửi lệnh xóa nhưng máy chủ Vinasynet không cập nhật (bản ghi bị khóa)","2026-09-19 16:34:51"
1457,"H31.05.02.H31.09.2012.1794","30 bản (ERROR_SKIPPED)","Phương án kiến trúc công trình Nhà kíp học lý thuyết và một số công trình phụ trợ Trường THPT Yên Mỹ, tỉnh Hưng Yên","Bỏ qua (Lỗi máy chủ) - Đã thử gửi lệnh xóa nhưng máy chủ Vinasynet không cập nhật (bản ghi bị khóa)","2026-09-19 16:35:05"
1458,"H31.05.02.H31.09.2012.1793","30 bản (ERROR_SKIPPED)","Phương án kiên trúc công trình Nhà làm. việc 5 tầng thi cục thuế huyện Văn Lâm","Bỏ qua (Lỗi máy chủ) - Đã thử gửi lệnh xóa nhưng máy chủ Vinasynet không cập nhật (bản ghi bị khóa)","2026-09-19 16:35:20"
1459,"H31.05.02.H31.09.2012.1792","30 bản (ERROR_SKIPPED)","Phương án kiển trúc công trình Trường tiểu học, trung học cơ sở và Trung học Phổ thông Ecopark  Đoàn Thị Điểm tại huyện Văn Giang, tỉnh Hưng Yên","Bỏ qua (Lỗi máy chủ) - Đã thử gửi lệnh xóa nhưng máy chủ Vinasynet không cập nhật (bản ghi bị khóa)","2026-09-19 16:35:34"
1460,"H31.05.02.H31.09.2012.1791","30 bản (ERROR_SKIPPED)","Phương án kiến trúc công trình: Trụ sở làm việc Đảng ủy - HĐND - UBND xã Nghĩa Trụ, huyện Văn Giang","Bỏ qua (Lỗi máy chủ) - Đã thử gửi lệnh xóa nhưng máy chủ Vinasynet không cập nhật (bản ghi bị khóa)","2026-09-19 16:35:48"
1461,"H31.05.02.H31.09.2012.1790","30 bản (ERROR_SKIPPED)","Phương án kiến trúc công trình: Nhà văn hóa huyện Văn Giang, tại huyện Văn Giang, tỉnh Hưng Yên","Bỏ qua (Lỗi máy chủ) - Đã thử gửi lệnh xóa nhưng máy chủ Vinasynet không cập nhật (bản ghi bị khóa)","2026-09-19 16:36:02"
1462,"H31.05.02.H31.09.2012.1789","30 bản (ERROR_SKIPPED)","Điều chỉnh phương án kiến trúc: Nhà hành chính tổng hợp - Trung tâm y tế huyện Phù Cừ, tỉnh Hưng Yên","Bỏ qua (Lỗi máy chủ) - Đã thử gửi lệnh xóa nhưng máy chủ Vinasynet không cập nhật (bản ghi bị khóa)","2026-09-19 16:36:16"
1463,"H31.05.02.H31.09.2012.1788","30 bản (ERROR_SKIPPED)","Về việc quy hoạch mặt bằng tổng thể và phương án kiến trúc công trình Nhà làm việc cơ quan Huyện uỷ Phù Cừ","Bỏ qua (Lỗi máy chủ) - Đã thử gửi lệnh xóa nhưng máy chủ Vinasynet không cập nhật (bản ghi bị khóa)","2026-09-19 16:36:31"
1464,"H31.05.02.H31.09.2012.1787","30 bản (ERROR_SKIPPED)","Phương án kiến trúc công trình Nhà làm việc UBND huyện Phù cư tại thị trấn Trần Cao huyện Phù Cừ","Bỏ qua (Lỗi máy chủ) - Đã thử gửi lệnh xóa nhưng máy chủ Vinasynet không cập nhật (bản ghi bị khóa)","2026-09-19 16:36:45"
1465,"H31.05.02.H31.09.2012.1765N","30 bản (ERROR_SKIPPED)","Đề nghị phê duyệt vị trí xây dựng các dự án đầu tư xây dựng trên địa bàn tỉnh Hưng Yên năm 2012","Bỏ qua (Lỗi máy chủ) - Đã thử gửi lệnh xóa nhưng máy chủ Vinasynet không cập nhật (bản ghi bị khóa)","2026-09-19 16:36:59"
1466,"H31.05.02.H31.09.2012.1765L","30 bản (ERROR_SKIPPED)","Mặt bằng quy hoạch tổng thể dự án Khu dân cư mới xã Lạc Hồng, huyện Văn Lâm năm 2012","Bỏ qua (Lỗi máy chủ) - Đã thử gửi lệnh xóa nhưng máy chủ Vinasynet không cập nhật (bản ghi bị khóa)","2026-09-19 16:37:14"
1467,"H31.05.02.H31.09.2012.1765K","30 bản (ERROR_SKIPPED)","Thẩm định mặt bằng quy hoạch tổng thể các dự án đầu tư xây dựng trên địa bàn huyện Yên Mỹ năm 2012","Bỏ qua (Lỗi máy chủ) - Đã thử gửi lệnh xóa nhưng máy chủ Vinasynet không cập nhật (bản ghi bị khóa)","2026-09-19 16:37:28"
1468,"H31.05.02.H31.09.2012.1765P","30 bản (ERROR_SKIPPED)","Thuyết minh tổng hợp quy hoạch xây dựng vùng dọc tuyến đường ô tô cao tốc Hà Nội Hải Phòng năm 2012","Bỏ qua (Lỗi máy chủ) - Đã thử gửi lệnh xóa nhưng máy chủ Vinasynet không cập nhật (bản ghi bị khóa)","2026-09-19 16:37:42"
1469,"H31.05.02.H31.09.2012.1765M","30 bản (ERROR_SKIPPED)","Kiểm tra việc tổ chức bán mặt bằng xây dựng nhà ở dự án Khu nhà ở thương mại và dịch vụ Phúc Hưng tại phường Hiến Nam, thành phố Hưng Yên năm2012","Bỏ qua (Lỗi máy chủ) - Đã thử gửi lệnh xóa nhưng máy chủ Vinasynet không cập nhật (bản ghi bị khóa)","2026-09-19 16:37:57"
1470,"H31.05.02.H31.09.2012.1765F","30 bản (ERROR_SKIPPED)","Thẩm định mặt bằng quy hoạch tổng thể các dự án đầu tư trên địa bàn huyện Phù Cừ năm 2012","Bỏ qua (Lỗi máy chủ) - Đã thử gửi lệnh xóa nhưng máy chủ Vinasynet không cập nhật (bản ghi bị khóa)","2026-09-19 16:38:11"
1471,"H31.05.02.H31.09.2012.1765E","30 bản (ERROR_SKIPPED)","Thẩm định mặt bằng quy hoạch tổng thể các dự án đầu tư trên địa bàn huyện Mỹ Hào năm 2012","Bỏ qua (Lỗi máy chủ) - Đã thử gửi lệnh xóa nhưng máy chủ Vinasynet không cập nhật (bản ghi bị khóa)","2026-09-19 16:38:25"
1472,"H31.05.02.H31.09.2012.1765D","30 bản (ERROR_SKIPPED)","Thẩm định mặt bằng quy hoạch tổng thể các dự án đầu tư trên địa bàn huyện Kim Động năm 2012","Bỏ qua (Lỗi máy chủ) - Đã thử gửi lệnh xóa nhưng máy chủ Vinasynet không cập nhật (bản ghi bị khóa)","2026-09-19 16:38:39"
1473,"H31.05.02.H31.09.2012.1765C","30 bản (ERROR_SKIPPED)","Thẩm định mặt bằng quy hoạch tổng thể các dự án đầu tư trên địa bàn huyện Khoái Châu năm 2012.","Bỏ qua (Lỗi máy chủ) - Đã thử gửi lệnh xóa nhưng máy chủ Vinasynet không cập nhật (bản ghi bị khóa)","2026-09-19 16:38:54"
1474,"H31.05.02.H31.09.2012.1765B","30 bản (ERROR_SKIPPED)","Thẩm định mặt bằng quy hoạch tổng thể các dự án đầu tư trên địa bàn thành phố Hưng Yên năm 2012","Bỏ qua (Lỗi máy chủ) - Đã thử gửi lệnh xóa nhưng máy chủ Vinasynet không cập nhật (bản ghi bị khóa)","2026-09-19 16:39:08"
1475,"H31.05.02.H31.09.2011.2654","30 bản (ERROR_SKIPPED)","Mặt bằng quy hoạch tổng thể các dự án đầu tư xây dùng trên địa bàn huyện Khoái Châu năm 2011","Bỏ qua (Lỗi máy chủ) - Đã thử gửi lệnh xóa nhưng máy chủ Vinasynet không cập nhật (bản ghi bị khóa)","2026-09-19 16:39:22"
1476,"H31.05.02.H31.09.2011.2653","30 bản (ERROR_SKIPPED)","Quy hoạch chi tiết khu đô thị Sơn Nam Plaza, mặt bằng vị trí các căn biệt thự và liền kề tại phường Hồng Châu, thành phố Hưng Yên, năm 2011","Bỏ qua (Lỗi máy chủ) - Đã thử gửi lệnh xóa nhưng máy chủ Vinasynet không cập nhật (bản ghi bị khóa)","2026-09-19 16:39:37"
1477,"H31.05.02.H31.09.2011.2652","30 bản (ERROR_SKIPPED)","Mặt bằng quy hoạch tổng thể các dự án đầu tư xây dựng trên địa bàn thành phố Hưng Yên năm 2011","Bỏ qua (Lỗi máy chủ) - Đã thử gửi lệnh xóa nhưng máy chủ Vinasynet không cập nhật (bản ghi bị khóa)","2026-09-19 16:39:51"
1478,"H31.05.02.H31.09.2007.2637","30 bản (ERROR_SKIPPED)","Mặt bằng quy hoạch tổng thể xây dựng các dự án đầu tư trên địa bàn huyện Văn Lâm giai đoạn 2002 – 2009","Bỏ qua (Lỗi máy chủ) - Đã thử gửi lệnh xóa nhưng máy chủ Vinasynet không cập nhật (bản ghi bị khóa)","2026-09-19 16:40:05"
1479,"H31.05.02.H31.09.2010.2632","30 bản (ERROR_SKIPPED)","Mặt bằng quy hoạch tổng thể xây dựng các dự án đầu tư trên địa bàn huyện Khoái Châu giai đoạn 2007 - 2010","Bỏ qua (Lỗi máy chủ) - Đã thử gửi lệnh xóa nhưng máy chủ Vinasynet không cập nhật (bản ghi bị khóa)","2026-09-19 16:40:20"
1480,"H31.05.02.H31.09.2009.2631","30 bản (ERROR_SKIPPED)","Mặt bằng quy hoạch tổng thể xây dựng các dự án đầu tư trên địa bàn thị xã Hưng Yên giai đoạn 2001-2009","Bỏ qua (Lỗi máy chủ) - Đã thử gửi lệnh xóa nhưng máy chủ Vinasynet không cập nhật (bản ghi bị khóa)","2026-09-19 16:40:34"
1481,"H31.05.02.H31.09.2009.2630","30 bản (ERROR_SKIPPED)","Nhiệm vụ lập quy hoạch phân khu xây dựng tỷ lệ 1/2000 dự án ĐTXD khu nhà ở cao cấp Sen Hồ và khu nhà ở cao cấp Sen Hồ 2 tại phường Nhân Hòa, TX Mỹ Hào","Bỏ qua (Lỗi máy chủ) - Đã thử gửi lệnh xóa nhưng máy chủ Vinasynet không cập nhật (bản ghi bị khóa)","2026-09-19 16:40:48"
1482,"H31.05.02.H31.09.2019.2552","30 bản (ERROR_SKIPPED)","Về việc cho ý kiến thẩm định dự án của các doanh nghiệp trên địa bàn xã Tân Lập, huyện Yên Mỹ","Bỏ qua (Lỗi máy chủ) - Đã thử gửi lệnh xóa nhưng máy chủ Vinasynet không cập nhật (bản ghi bị khóa)","2026-09-19 16:41:02"
1483,"H31.05.02.H31.09.2019.2551","30 bản (ERROR_SKIPPED)","Về việc cho ý kiến thẩm định dự án của các doanh nghiệp trên địa bàn xã Ngọc Long, huyện Yên Mỹ","Bỏ qua (Lỗi máy chủ) - Đã thử gửi lệnh xóa nhưng máy chủ Vinasynet không cập nhật (bản ghi bị khóa)","2026-09-19 16:41:16"
1484,"H31.05.02.H31.09.2019.2550","30 bản (ERROR_SKIPPED)","Về việc cho ý kiến thẩm định dự án của các doanh nghiệp trên địa bàn xã Nghĩa Hiệp, huyện Yên Mỹ","Bỏ qua (Lỗi máy chủ) - Đã thử gửi lệnh xóa nhưng máy chủ Vinasynet không cập nhật (bản ghi bị khóa)","2026-09-19 16:41:31"
1485,"H31.05.02.H31.09.2019.2549","30 bản (ERROR_SKIPPED)","Về việc cho ý kiến thẩm định dự án của các doanh nghiệp trên địa bàn xã Minh Châu, huyện Yên Mỹ","Bỏ qua (Lỗi máy chủ) - Đã thử gửi lệnh xóa nhưng máy chủ Vinasynet không cập nhật (bản ghi bị khóa)","2026-09-19 16:41:45"
1486,"H31.05.02.H31.09.2019.2548","30 bản (ERROR_SKIPPED)","Về việc cho ý kiến thẩm định dự án của các doanh nghiệp trên địa bàn xã Lý Thường Kiệt, huyện Yên Mỹ","Bỏ qua (Lỗi máy chủ) - Đã thử gửi lệnh xóa nhưng máy chủ Vinasynet không cập nhật (bản ghi bị khóa)","2026-09-19 16:41:59"
1487,"H31.05.02.H31.09.2019.2547","30 bản (ERROR_SKIPPED)","Về việc cho ý kiến thẩm định dự án của các doanh nghiệp trên địa bàn xã Liêu Xá, huyện Yên Mỹ","Bỏ qua (Lỗi máy chủ) - Đã thử gửi lệnh xóa nhưng máy chủ Vinasynet không cập nhật (bản ghi bị khóa)","2026-09-19 16:42:13"
1488,"H31.05.02.H31.09.2019.2546","30 bản (ERROR_SKIPPED)","Về việc cho ý kiến thẩm định dự án của các doanh nghiệp trên địa bàn xã Hoàn Long, huyện Yên Mỹ","Bỏ qua (Lỗi máy chủ) - Đã thử gửi lệnh xóa nhưng máy chủ Vinasynet không cập nhật (bản ghi bị khóa)","2026-09-19 16:42:28"
1489,"H31.05.02.H31.09.2018.2299","30 bản (ERROR_SKIPPED)","Về việc chấp thuận Mặt bằng qui hoạch tổng thể điều chỉnh và phương án kiến trúc công trình: Siêu thị Anh Duy tại phường Hiến Nam, thành phố Hưng Yên năm 2018.","Bỏ qua (Lỗi máy chủ) - Đã thử gửi lệnh xóa nhưng máy chủ Vinasynet không cập nhật (bản ghi bị khóa)","2026-09-19 16:42:42"
1490,"H31.05.02.H31.09.2018.2298","30 bản (ERROR_SKIPPED)","Về việc xác nhận mặt bằng tổng thể hiện trạng xây dựng của dự án Nhà máy nước số 2 TP Hưng Yên tại phường Lê Lợi và phường Hiến Nam, TP Hưng Yên năm 2018.","Bỏ qua (Lỗi máy chủ) - Đã thử gửi lệnh xóa nhưng máy chủ Vinasynet không cập nhật (bản ghi bị khóa)","2026-09-19 16:42:56"
1491,"H31.05.02.H31.09.2018.2297","30 bản (ERROR_SKIPPED)","Về việc chấp thuận điều chỉnh Mặt bằng qui hoạch tổng thể dự án Trường mầm non Thiên Đức tại phường An Tảo, thành phố Hưng Yên năm 2018.","Bỏ qua (Lỗi máy chủ) - Đã thử gửi lệnh xóa nhưng máy chủ Vinasynet không cập nhật (bản ghi bị khóa)","2026-09-19 16:43:11"
1492,"H31.05.02.H31.09.2018.2296","30 bản (ERROR_SKIPPED)","Hồ sơ về việc chấp thuận Mặt bằng quy hoạch tổng thể dự án đầu tư xây dựng Đề thờ danh nhân Nguyễn Trung Ngạn tại thị trấn Ân Thi, huyện Ân Thi năm 2019","Bỏ qua (Lỗi máy chủ) - Đã thử gửi lệnh xóa nhưng máy chủ Vinasynet không cập nhật (bản ghi bị khóa)","2026-09-19 16:43:25"
1493,"H31.05.02.H31.09.2016.2053","30 bản (ERROR_SKIPPED)","Hồ sơ về việc cho ý kiến thẩm định dự án của các doanh  nghiệp trên địa bàn huyện Văn Giang","Bỏ qua (Lỗi máy chủ) - Đã thử gửi lệnh xóa nhưng máy chủ Vinasynet không cập nhật (bản ghi bị khóa)","2026-09-19 16:43:39"
1494,"H31.05.02.H31.09.2012.1781","30 bản (ERROR_SKIPPED)","Hồ sơ Thiết kế bản vẽ thi công chợ tạm tại Thành phố Hưng Yên","Bỏ qua (Lỗi máy chủ) - Đã thử gửi lệnh xóa nhưng máy chủ Vinasynet không cập nhật (bản ghi bị khóa)","2026-09-19 16:43:53"
1495,"H31.05.02.H31.09.1996-1999.01","3 bản (DELETED_SUCCESS)","Quy hoạch chung xây dựng thị trấn Kim Động","Đã xóa trùng (Thành công) - Đã xóa thành công 2 bản trùng thừa, giữ lại bản chính #1","2026-09-19 16:44:07"
1496,"H31.05.02.H31.09.1996-1999.03","3 bản (DELETED_SUCCESS)","Quy hoạch chi tiết trục trung tâm đô thị Phố Nối, tỉnh Hưng Yên.","Đã xóa trùng (Thành công) - Đã xóa thành công 2 bản trùng thừa, giữ lại bản chính #1","2026-09-19 16:44:21"
1497,"H31.05.02.H31.09.1996-1999.04","3 bản (DELETED_SUCCESS)","Về việc phê duyệt quy hoạch chung đô thị mới Phố Nối A - tỉnh Hưng Yên (tập 1)","Đã xóa trùng (Thành công) - Đã xóa thành công 2 bản trùng thừa, giữ lại bản chính #1","2026-09-19 16:44:36"
1498,"H31.05.02.H31.09.1996-1999.05","3 bản (DELETED_SUCCESS)","Về việc phê duyệt quy hoạch chung đô thị mới Phố Nối A, tỉnh Hưng Yên từ năm 1998 - 1999 (tập 2)","Đã xóa trùng (Thành công) - Đã xóa thành công 2 bản trùng thừa, giữ lại bản chính #1","2026-09-19 16:44:50"
1499,"H31.05.02.H31.09.1999-2000.06","3 bản (DELETED_SUCCESS)","Quy hoạch chung xây dựng thị trấn Vương - huyện Tiên Lữ","Đã xóa trùng (Thành công) - Đã xóa thành công 2 bản trùng thừa, giữ lại bản chính #1","2026-09-19 16:45:04"
1500,"H31.05.02.H31.09.1999-2000.07","3 bản (DELETED_SUCCESS)","Quy hoạch chung xây dựng thị trấn Văn Giang, huyện Văn Giang","Đã xóa trùng (Thành công) - Đã xóa thành công 2 bản trùng thừa, giữ lại bản chính #1","2026-09-19 16:45:18"
1501,"H31.05.02.H31.09.1999-2000.08","3 bản (DELETED_SUCCESS)","Điều chỉnh quy hoạch xây dựng chung và quy hoạch chi tiết khu trung tâm hành chính huyện Yên Mỹ, tỉnh Hưng Yên","Đã xóa trùng (Thành công) - Đã xóa thành công 2 bản trùng thừa, giữ lại bản chính #1","2026-09-19 16:45:32"
1502,"H31.05.02.H31.09.2001-2003.09","3 bản (DELETED_SUCCESS)","Quy hoạch chi tiết khu công nghiệp thị xã Hưng Yên, tỉnh Hưng Yên","Đã xóa trùng (Thành công) - Đã xóa thành công 2 bản trùng thừa, giữ lại bản chính #1","2026-09-19 16:45:46"
1503,"H31.05.02.H31.09.2001-2003.10","3 bản (DELETED_SUCCESS)","Quy hoạch chung xây dựng thị trấn Lương Bằng, huyện Kim Động","Đã xóa trùng (Thành công) - Đã xóa thành công 2 bản trùng thừa, giữ lại bản chính #1","2026-09-19 16:46:00"
1504,"H31.05.02.H31.09.2001-2003.11","3 bản (DELETED_SUCCESS)","Đồ án quy hoạch xây dựng điều chỉnh quy hoạch chi tiết Khu công nghiệp Phố Nối B tại huyện Mỹ Hào, huyện Yên Mỹ","Đã xóa trùng (Thành công) - Đã xóa thành công 2 bản trùng thừa, giữ lại bản chính #1","2026-09-19 16:46:14"
1505,"H31.05.02.H31.09.2004.12","3 bản (DELETED_SUCCESS)","Điều chỉnh quy hoạch chung đô thị mới Phố Nối tỷ lệ 1\10 000 và tỷ lệ 1\5000","Đã xóa trùng (Thành công) - Đã xóa thành công 2 bản trùng thừa, giữ lại bản chính #1","2026-09-19 16:46:28"
1506,"H31.05.02.H31.09.2004.13","3 bản (DELETED_SUCCESS)","Hồ sơ quy hoạch xây dựng điểm dân cư nông thôn xã An Vỹ huyện Khoái Châu năm 2004","Đã xóa trùng (Thành công) - Đã xóa thành công 2 bản trùng thừa, giữ lại bản chính #1","2026-09-19 16:46:42"
1507,"H31.05.02.H31.09.2004-2005.14","3 bản (DELETED_SUCCESS)","Quy hoạch xây dựng điểm dân cư nông thôn xã Tân Dân huyện Khoái Châu năm 2004","Đã xóa trùng (Thành công) - Đã xóa thành công 2 bản trùng thừa, giữ lại bản chính #1","2026-09-19 16:46:57"
1508,"H31.05.02.H31.09.2004-2005.15","3 bản (DELETED_SUCCESS)","Quy hoạch xây dựng điểm dân cư nông thôn xã Xuân Trúc, huyện Ân Thi","Đã xóa trùng (Thành công) - Đã xóa thành công 2 bản trùng thừa, giữ lại bản chính #1","2026-09-19 16:47:11"
1509,"H31.05.02.H31.09.2004-2005.16","3 bản (DELETED_SUCCESS)","Quy hoạch xây dựng điểm dân cư nông thôn xã Vân Du, huyện Ân Thi năm 2005.","Đã xóa trùng (Thành công) - Đã xóa thành công 2 bản trùng thừa, giữ lại bản chính #1","2026-09-19 16:47:25"
1510,"H31.05.02.H31.09.2005.17","3 bản (DELETED_SUCCESS)","Điều chính quy hoạch chung thị xã Hưng Yên, tỉnh Hưng Yên đến năm 2020 (tập 1)","Đã xóa trùng (Thành công) - Đã xóa thành công 2 bản trùng thừa, giữ lại bản chính #1","2026-09-19 16:47:39"
1511,"H31.05.02.H31.09.2005.18","3 bản (DELETED_SUCCESS)","Điều chỉnh quy hoạch chung thị xã Hưng Yên","Đã xóa trùng (Thành công) - Đã xóa thành công 2 bản trùng thừa, giữ lại bản chính #1","2026-09-19 16:47:53"
1512,"H31.05.02.H31.09.2005.19","3 bản (DELETED_SUCCESS)","QHCT khu đô thị phía Bắc đường trục trung tâm khu đô thị phía Nam Quốc lộ 5, thuộc khu đô thị Phố Nối, tỉnh Hưng Yên (tỷ lệ 1\500)","Đã xóa trùng (Thành công) - Đã xóa thành công 2 bản trùng thừa, giữ lại bản chính #1","2026-09-19 16:48:08"
1513,"H31.05.02.H31.09.2005.20","3 bản (DELETED_SUCCESS)","Quy hoạch tỉ lệ 1\2000 Đô thị phía Bắc đường trục Trung tâm khu đô thị phía nam quốc lộ 5 - thuộc đô thị Phố Nối, tỉnh Hưng Yên","Đã xóa trùng (Thành công) - Đã xóa thành công 2 bản trùng thừa, giữ lại bản chính #1","2026-09-19 16:48:22"
1514,"H31.05.02.H31.09.2005.21","3 bản (DELETED_SUCCESS)","Quy hoạch xây dựng điểm dân cư nông thôn xã Hải Triều, huyện Tiên Lữ năm 2005.","Đã xóa trùng (Thành công) - Đã xóa thành công 2 bản trùng thừa, giữ lại bản chính #1","2026-09-19 16:48:36"
1515,"H31.05.02.H31.09.2005 - 2006.23","3 bản (DELETED_SUCCESS)","Quy hoạch xây dựng điểm dân cư nông thôn xã Lạc Đạo, huyện Văn Lâm năm 2005","Đã xóa trùng (Thành công) - Đã xóa thành công 2 bản trùng thừa, giữ lại bản chính #1","2026-09-19 16:48:50"
1516,"H31.05.02.H31.09.2005 - 2006.24","3 bản (DELETED_SUCCESS)","Quy hoạch xây dựng điểm dân cư nông thôn xã Trưng Trắc, huyện Văn Lâm năm 2005","Đã xóa trùng (Thành công) - Đã xóa thành công 2 bản trùng thừa, giữ lại bản chính #1","2026-09-19 16:49:04"
1517,"H31.05.02.H31.09.2005 - 2006.25","3 bản (DELETED_SUCCESS)","Quy hoạch xây dựng điểm dân cư nông thôn xã Bảo Khê, thành phố Hưng Yên","Đã xóa trùng (Thành công) - Đã xóa thành công 2 bản trùng thừa, giữ lại bản chính #1","2026-09-19 16:49:18"
1518,"H31.05.02.H31.09.2005 - 2006.26","3 bản (DELETED_SUCCESS)","Quy hoạch xây dựng điểm dân cư nông thôn xã Trung Nghĩa, thành phố Hưng Yên","Đã xóa trùng (Thành công) - Đã xóa thành công 2 bản trùng thừa, giữ lại bản chính #1","2026-09-19 16:49:32"
1519,"H31.05.02.H31.09.2006.27","3 bản (DELETED_SUCCESS)","Quy hoạch chung xây dựng thị trấn huyện Lỵ Khoái Châu, huyện Khoái Châu, tỉnh Hưng Yên năm 2020","Đã xóa trùng (Thành công) - Đã xóa thành công 2 bản trùng thừa, giữ lại bản chính #1","2026-09-19 16:49:46"
1520,"H31.05.02.H31.09.2006.28","3 bản (DELETED_SUCCESS)","Quy hoạch xây dựng điểm dân cư nông thôn xã Phùng Hưng, huyện Khoái Châu năm 2007","Đã xóa trùng (Thành công) - Đã xóa thành công 2 bản trùng thừa, giữ lại bản chính #1","2026-09-19 16:50:01"
1521,"H31.05.02.H31.09.2006.30","5 bản (ERROR_SKIPPED)","Tập lưu Công văn của Sở Xây dựng tỉnh Hưng Yên năm 2006 (từ số 254 - 373)","Bỏ qua (Lỗi máy chủ) - Đã thử gửi lệnh xóa nhưng máy chủ Vinasynet không cập nhật (bản ghi bị khóa)","2026-09-19 16:50:15"
1522,"H31.05.02.H31.09.2006.31","3 bản (DELETED_SUCCESS)","Quy hoạch xây dựng điểm dân cư nông thôn xã Hiệp Cường, huyện Kim Động","Đã xóa trùng (Thành công) - Đã xóa thành công 2 bản trùng thừa, giữ lại bản chính #1","2026-09-19 16:50:29"
1523,"H31.05.02.H31.09.2006.32","3 bản (DELETED_SUCCESS)","Hồ sơ Quy hoạch xây dựng điểm dân cư nông thôn xã Thọ Vinh, huyện Kim Động","Đã xóa trùng (Thành công) - Đã xóa thành công 2 bản trùng thừa, giữ lại bản chính #1","2026-09-19 16:50:43"
1524,"H31.05.02.H31.09.2006.33","3 bản (DELETED_SUCCESS)","Quy hoạch xây dựng điểm dân cư nông thôn xã Toàn Thắng, huyện Kim Động","Đã xóa trùng (Thành công) - Đã xóa thành công 2 bản trùng thừa, giữ lại bản chính #1","2026-09-19 16:50:57"
1525,"H31.05.02.H31.09.2006.34","3 bản (DELETED_SUCCESS)","Quy hoạch xây dựng nông thôn xã Quảng Hưng, huyện Phù Cừ","Đã xóa trùng (Thành công) - Đã xóa thành công 2 bản trùng thừa, giữ lại bản chính #1","2026-09-19 16:51:11"
1526,"H31.05.02.H31.09.2006.35","3 bản (DELETED_SUCCESS)","Quy hoạch xây dựng điểm dân cư nông thôn xã Giai Phạm, huyện Yên Mỹ","Đã xóa trùng (Thành công) - Đã xóa thành công 2 bản trùng thừa, giữ lại bản chính #1","2026-09-19 16:51:26"
1527,"H31.05.02.H31.09.2006-2007.36","3 bản (DELETED_SUCCESS)","Quy hoạch xây dựng điểm dân cư nông thôn xã Yên Phú, huyện Yên Mỹ","Đã xóa trùng (Thành công) - Đã xóa thành công 2 bản trùng thừa, giữ lại bản chính #1","2026-09-19 16:51:40"
1528,"H31.05.02.H31.09.2006-2007.37","3 bản (DELETED_SUCCESS)","Quy hoạch xây dựng điểm dân cư nông thôn xã Hồng Nam, thành phố Hưng Yên","Đã xóa trùng (Thành công) - Đã xóa thành công 2 bản trùng thừa, giữ lại bản chính #1","2026-09-19 16:51:54"
1529,"H31.05.02.H31.09.2006-2007.38","3 bản (DELETED_SUCCESS)","Quy hoạch xây dựng điểm dân cư nông thôn xã Quảng Châu, thành phố Hưng Yên","Đã xóa trùng (Thành công) - Đã xóa thành công 2 bản trùng thừa, giữ lại bản chính #1","2026-09-19 16:52:09"
1530,"H31.05.02.H31.09.2007.39","3 bản (DELETED_SUCCESS)","Quy hoạch xây dựng điểm dân cư nông thôn xã Đông Kết, huyện Khoái Châu 2007","Đã xóa trùng (Thành công) - Đã xóa thành công 2 bản trùng thừa, giữ lại bản chính #1","2026-09-19 16:52:23"
1531,"H31.05.02.H31.09.2007.40","3 bản (DELETED_SUCCESS)","Quy hoạch xây dựng điểm dân cư nông thôn xã Hồng Tiến, huyện Khoái Châu 2007","Đã xóa trùng (Thành công) - Đã xóa thành công 2 bản trùng thừa, giữ lại bản chính #1","2026-09-19 16:52:37"
1532,"H31.05.02.H31.09.2007.41","3 bản (DELETED_SUCCESS)","Sơ đồ dự án khu công nghiệp Minh Đức tại xã Minh Đức, Bạch Sam, Ngọc Lâm huyện Mỹ Hào, tỉnh Hưng Yên.","Đã xóa trùng (Thành công) - Đã xóa thành công 2 bản trùng thừa, giữ lại bản chính #1","2026-09-19 16:52:51"
1533,"H31.05.02.H31.09.2007.42","3 bản (DELETED_SUCCESS)","Quy hoạch xây dựng điểm dân cư nông thôn xã Bạch Sam, huyện Mỹ Hào.","Đã xóa trùng (Thành công) - Đã xóa thành công 2 bản trùng thừa, giữ lại bản chính #1","2026-09-19 16:53:05"
1534,"H31.05.02.H31.09.2007.43","3 bản (DELETED_SUCCESS)","Quy hoạch xây dựng điểm dân cư nông thôn xã,  huyện Mỹ Hào","Đã xóa trùng (Thành công) - Đã xóa thành công 2 bản trùng thừa, giữ lại bản chính #1","2026-09-19 16:53:20"
1535,"H31.05.02.H31.09.2007.44","3 bản (DELETED_SUCCESS)","Hồ sơ quy hoạch xây dựng điểm dân cư nông thôn xã Phan Đình Phùng, huyện Mỹ Hào năm 2007","Đã xóa trùng (Thành công) - Đã xóa thành công 2 bản trùng thừa, giữ lại bản chính #1","2026-09-19 16:53:34"
1536,"H31.05.02.H31.09.2007-2008.45","3 bản (DELETED_SUCCESS)","Hồ sơ về việc phê duyệt quy hoạch chi tiết tỷ lệ 1\2000 khu tổ hợp dịch vụ Văn Giang thuộc xã Long Hưng và xã Nghĩa Trụ, huyện Văn Giang","Đã xóa trùng (Thành công) - Đã xóa thành công 2 bản trùng thừa, giữ lại bản chính #1","2026-09-19 16:53:48"
1537,"H31.05.02.H31.09.2007-2008.46","3 bản (DELETED_SUCCESS)","Quy hoạch xây dựng điểm dân cư nông thôn xã Đồng Thanh, huyện Kim Động","Đã xóa trùng (Thành công) - Đã xóa thành công 2 bản trùng thừa, giữ lại bản chính #1","2026-09-19 16:54:02"
1538,"H31.05.02.H31.09.2008.47","3 bản (DELETED_SUCCESS)","Quy hoạch xây dựng điểm dân cư nông thôn xã Ngọc Thanh, huyện Kim Động","Đã xóa trùng (Thành công) - Đã xóa thành công 2 bản trùng thừa, giữ lại bản chính #1","2026-09-19 16:54:16"
1539,"H31.05.02.H31.09.2008.48","3 bản (DELETED_SUCCESS)","Quy hoạch xây dựng điểm dân cư nông thôn xã Phạm Ngũ Lão, huyện Kim Động","Đã xóa trùng (Thành công) - Đã xóa thành công 2 bản trùng thừa, giữ lại bản chính #1","2026-09-19 16:54:30"
1540,"H31.05.02.H31.09.2008.49","3 bản (DELETED_SUCCESS)","Điều chỉnh quy hoạch chung xây dựng thị trấn Trần Cao, huyện Phù Cừ đến năm 2020","Đã xóa trùng (Thành công) - Đã xóa thành công 2 bản trùng thừa, giữ lại bản chính #1","2026-09-19 16:54:44"
1541,"H31.05.02.H31.09.2008.50","3 bản (DELETED_SUCCESS)","Quy hoạch xây dựng nông thôn xã Phan Sào Nam, huyện Phù Cừ","Đã xóa trùng (Thành công) - Đã xóa thành công 2 bản trùng thừa, giữ lại bản chính #1","2026-09-19 16:54:59"
1542,"H31.05.02.H31.09.2008.51","3 bản (DELETED_SUCCESS)","Quy hoạch xây dựng điểm dân cư nông thôn xã Tiên Tiến, huyện Phù Cừ","Đã xóa trùng (Thành công) - Đã xóa thành công 2 bản trùng thừa, giữ lại bản chính #1","2026-09-19 16:55:13"
1543,"H31.05.02.H31.09.2008.53","9 bản (ERROR_SKIPPED)","Quy hoạch chi tiết xây dựng khu đô thị mới phía Đông huyện Văn Giang - tỉnh Hưng Yên đến năm 2020, tỷ lệ 1\500 năm 2008 (tập 2)","Bỏ qua (Lỗi máy chủ) - Đã thử gửi lệnh xóa nhưng máy chủ Vinasynet không cập nhật (bản ghi bị khóa)","2026-09-19 16:55:27"
1544,"H31.05.02.H31.09.2008.54","18 bản (ERROR_SKIPPED)","Quy hoạch chi tiết tỷ là 1\2000 xây dựng khu đô thị mới phía Đông huyện Văn Giang tới năm 2020 (tập 1)","Bỏ qua (Lỗi máy chủ) - Đã thử gửi lệnh xóa nhưng máy chủ Vinasynet không cập nhật (bản ghi bị khóa)","2026-09-19 16:55:41"
1545,"H31.05.02.H31.09.2008.55","3 bản (DELETED_SUCCESS)","Quy hoạch chi tiết tỷ lệ 1\2000 xây dựng khu đô thị mới phía Đông huyện Văn Giang tới năm 2020 (tập 2)","Đã xóa trùng (Thành công) - Đã xóa thành công 2 bản trùng thừa, giữ lại bản chính #1","2026-09-19 16:55:55"
1546,"H31.05.02.H31.09.2008.57","33 bản (ERROR_SKIPPED)","Quy hoạch chi tiết tỷ lệ 1\2000 cụm công nghiệp tại xã Tân Tiến, huyện Văn Giang","Bỏ qua (Lỗi máy chủ) - Đã thử gửi lệnh xóa nhưng máy chủ Vinasynet không cập nhật (bản ghi bị khóa)","2026-09-19 16:56:10"
1547,"H31.05.02.H31.09.2008.58","3 bản (DELETED_SUCCESS)","Quy hoạch chi tiết Khu công nghiệp cơ khí năng lượng Agrimeco Tận Tạo tại huyện Văn Giang, tỉnh Hưng Yên","Đã xóa trùng (Thành công) - Đã xóa thành công 2 bản trùng thừa, giữ lại bản chính #1","2026-09-19 16:56:24"
1548,"H31.05.02.H31.09.2008.59","3 bản (DELETED_SUCCESS)","Điều chỉnh quy hoạch chung xây dựng thị trấn Yên Mỹ, huyện Lị Văn Giang, huyện Văn Giang, tỉnh Hưng Yên đến năm 2020","Đã xóa trùng (Thành công) - Đã xóa thành công 2 bản trùng thừa, giữ lại bản chính #1","2026-09-19 16:56:38"
1549,"H31.05.02.H31.09.2008.60","3 bản (DELETED_SUCCESS)","Điều chỉnh quy hoạch chung xây dựng thị trấn Yên Mỹ, huyện Mỹ Hào","Đã xóa trùng (Thành công) - Đã xóa thành công 2 bản trùng thừa, giữ lại bản chính #1","2026-09-19 16:56:52"
1550,"H31.05.02.H31.09.2008.61","3 bản (DELETED_SUCCESS)","Quy hoạch xây dựng khu công nghiệp dệt may Phố Nối B, huyện Yên Mỹ, tỉnh Hưng Yên","Đã xóa trùng (Thành công) - Đã xóa thành công 2 bản trùng thừa, giữ lại bản chính #1","2026-09-19 16:57:06"
1551,"H31.05.02.H31.09.2009.62","3 bản (DELETED_SUCCESS)","Quy hoạch chi tiết xây dựng tỷ lệ 1\500 Khu sinh thái Hoàng Gia Hồ An Vũ, thành phố Hưng Yên, tỉnh Hưng Yên năm 2009 (tập 1)","Đã xóa trùng (Thành công) - Đã xóa thành công 2 bản trùng thừa, giữ lại bản chính #1","2026-09-19 16:57:20"
1552,"H31.05.02.H31.09.2009.63","12 bản (ERROR_SKIPPED)","Quy hoạch chi tiết xây dựng tỷ lệ 1\500 Khu sinh thái Hoàng Gia Hồ An Vũ, thành phố Hưng Yên, tỉnh Hưng Yên năm 2009 (tập 2)","Bỏ qua (Lỗi máy chủ) - Đã thử gửi lệnh xóa nhưng máy chủ Vinasynet không cập nhật (bản ghi bị khóa)","2026-09-19 16:57:34"
1553,"H31.05.02.H31.09.2009.64","18 bản (ERROR_SKIPPED)","Hồ sơ quy hoạch xây dựng điểm dân cư nông thôn xã Dân Tiến, huyện Khoái Châu","Bỏ qua (Lỗi máy chủ) - Đã thử gửi lệnh xóa nhưng máy chủ Vinasynet không cập nhật (bản ghi bị khóa)","2026-09-19 16:57:49"
1554,"H31.05.02.H31.09.2009.65","6 bản (ERROR_SKIPPED)","Hồ sơ quy hoạch 1\500 Làng du lịch sinh thái Vũ Hưng tại xã Hiệp Cường và Ngọc Thanh, huyện Kim Động","Bỏ qua (Lỗi máy chủ) - Đã thử gửi lệnh xóa nhưng máy chủ Vinasynet không cập nhật (bản ghi bị khóa)","2026-09-19 16:58:03"
1555,"H31.05.02.H31.09.2009.66","3 bản (DELETED_SUCCESS)","Hồ sơ quy hoạch xây dựng điểm dân cư nông thôn xã Hùng An, huyện Kim Động","Đã xóa trùng (Thành công) - Đã xóa thành công 2 bản trùng thừa, giữ lại bản chính #1","2026-09-19 16:58:17"
1556,"H31.05.02.H31.09.2009.67","12 bản (ERROR_SKIPPED)","Hồ sơ quy hoạch xây dựng điểm dân cư nông thôn xã Song Mai, huyện Kim Động","Bỏ qua (Lỗi máy chủ) - Đã thử gửi lệnh xóa nhưng máy chủ Vinasynet không cập nhật (bản ghi bị khóa)","2026-09-19 16:58:31"
1557,"H31.05.02.H31.09.2009.68","3 bản (DELETED_SUCCESS)","Điều chỉnh quy hoạch chi tiết khu công nghiệp Phố Nối A - tỉnh Hưng Yên tỷ lệ 112000 tại huyện Mỹ Hào, tỉnh Hưng Yên năm 2009","Đã xóa trùng (Thành công) - Đã xóa thành công 2 bản trùng thừa, giữ lại bản chính #1","2026-09-19 16:58:46"
1558,"H31.05.02.H31.09.2009.69","9 bản (ERROR_SKIPPED)","Điều chỉnh quy hoạch chung tỷ lệ 1\2000 thị trấn Vương, huyện Tiên Lữ, tỉnh Hưng Yên.","Bỏ qua (Lỗi máy chủ) - Đã thử gửi lệnh xóa nhưng máy chủ Vinasynet không cập nhật (bản ghi bị khóa)","2026-09-19 16:59:00"
1559,"H31.05.02.H31.09.2009.70","9 bản (ERROR_SKIPPED)","Quy hoạch khu tái định cư xã Cửu Cao, huyện Văn Giang, tỉnh Hưng Yên.","Bỏ qua (Lỗi máy chủ) - Đã thử gửi lệnh xóa nhưng máy chủ Vinasynet không cập nhật (bản ghi bị khóa)","2026-09-19 16:59:14"
1560,"H31.05.02.H31.09.2009.71","12 bản (ERROR_SKIPPED)","Quy hoạch chi tiết khu công nghiệp Phố Nối A mở rộng tỷ lệ 1\2000 tỉnh Hưng Yên tại huyện Văn Lâm, huyện Mỹ Hào","Bỏ qua (Lỗi máy chủ) - Đã thử gửi lệnh xóa nhưng máy chủ Vinasynet không cập nhật (bản ghi bị khóa)","2026-09-19 16:59:28"
1561,"H31.05.02.H31.09.2009.72","6 bản (ERROR_SKIPPED)","Hồ sơ Quy hoạch xây dựng điểm dân cư nông thôn xã Đại Đồng, huyện Văn Lâm năm 2009.","Bỏ qua (Lỗi máy chủ) - Đã thử gửi lệnh xóa nhưng máy chủ Vinasynet không cập nhật (bản ghi bị khóa)","2026-09-19 16:59:42"
1562,"H31.05.02.H31.09.2009.73","6 bản (ERROR_SKIPPED)","Quy hoạch chi tiết xây dựng tỷ lệ 1\500 chợ và khu nhà ở thương mại Yên Mỹ, tỉnh Hưng Yên","Bỏ qua (Lỗi máy chủ) - Đã thử gửi lệnh xóa nhưng máy chủ Vinasynet không cập nhật (bản ghi bị khóa)","2026-09-19 16:59:57"
1563,"H31.05.02.H31.09.2009.74","3 bản (DELETED_SUCCESS)","Quy hoạch chi tiết tỷ lệ 1\2000 xây dựng hạ tầng kỹ thuật Khu công nghiệp Yên Mỹ II (Mega Star Business Park), huyện Yên Mỹ, tỉnh Hưng Yên","Đã xóa trùng (Thành công) - Đã xóa thành công 2 bản trùng thừa, giữ lại bản chính #1","2026-09-19 17:00:11"
1564,"H31.05.02.H31.09.2009.75","3 bản (DELETED_SUCCESS)","Quy hoạch chi tiết tỷ lệ 1\2000 Khu công nghiệp Ngọc Long - huyện Yên Mỹ, tỉnh Hưng Yên năm 2009","Đã xóa trùng (Thành công) - Đã xóa thành công 2 bản trùng thừa, giữ lại bản chính #1","2026-09-19 17:00:25"
1565,"H31.05.02.H31.09.2009.76","3 bản (DELETED_SUCCESS)","Thỏa thuận nội dung dự án Quy hoạch chi tiết hạ tầng kỹ thuật Khu công nghiệp Thăng Long II, tỷ lệ 1\2000 (thể hiện ở tỷ lệ xích) tại huyện Mỹ Hào và Yên Mỹ, tỉnh Hưng Yên","Đã xóa trùng (Thành công) - Đã xóa thành công 2 bản trùng thừa, giữ lại bản chính #1","2026-09-19 17:00:39"
1566,"H31.05.02.H31.09.2010.78","9 bản (ERROR_SKIPPED)","Hồ sơ quy hoạch chi tiết xây dựng tỷ lệ 1\500 phục dựng Chùa Nguyệt Đường Thiền viện Trúc Lâm Hương Hải, phường Lam Sơn, TP Hưng Yên năm 2010","Bỏ qua (Lỗi máy chủ) - Đã thử gửi lệnh xóa nhưng máy chủ Vinasynet không cập nhật (bản ghi bị khóa)","2026-09-19 17:00:53"
1567,"H31.05.02.H31.09.2010.79","18 bản (ERROR_SKIPPED)","Hồ sơ quy hoạch chi tiết xây dựng tỉ lệ 1\500 Chợ và hạ tầng kĩ thuật khu nhà ở thương mại huyện Khoái Châu tại xã Dân Tiến, huyện Khoái Châu năm 2010 (tập 1)","Bỏ qua (Lỗi máy chủ) - Đã thử gửi lệnh xóa nhưng máy chủ Vinasynet không cập nhật (bản ghi bị khóa)","2026-09-19 17:01:07"
1568,"H31.05.02.H31.09.2010.80","3 bản (DELETED_SUCCESS)","Quy hoạch chi tiết xây dựng tỉ lệ 1\500 chợ và hạ tầng kĩ thuật khu nhà ở thương mại huyện Khoái Châu tại xã Dân Tiến, huyện Khoái Châu năm 2010 (tập 2)","Đã xóa trùng (Thành công) - Đã xóa thành công 2 bản trùng thừa, giữ lại bản chính #1","2026-09-19 17:01:22"
1569,"H31.05.02.H31.09.2010.81","3 bản (DELETED_SUCCESS)","Quy hoạch chi tiết xây dựng tỷ lệ 1\500 phân khu A - Đô thị mới phía Bắc quốc lộ 5, huyện Mỹ Hào và huyện Văn Lâm, tỉnh Hưng Yên năm 2010.","Đã xóa trùng (Thành công) - Đã xóa thành công 2 bản trùng thừa, giữ lại bản chính #1","2026-09-19 17:01:36"
1570,"H31.05.02.H31.09.2010.82","3 bản (DELETED_SUCCESS)","Quy hoạch chi tiết khu dân cư mới số 02 huyện Phù Cừ","Đã xóa trùng (Thành công) - Đã xóa thành công 2 bản trùng thừa, giữ lại bản chính #1","2026-09-19 17:01:50"
1571,"H31.05.02.H31.09.2010.83","3 bản (DELETED_SUCCESS)","Quy hoạch xây dựng điểm dân cư nông nông xã An Viên, huyện Tiến Lữ năm 2010","Đã xóa trùng (Thành công) - Đã xóa thành công 2 bản trùng thừa, giữ lại bản chính #1","2026-09-19 17:02:04"
1572,"H31.05.02.H31.09.2010.84","3 bản (DELETED_SUCCESS)","Quy hoạch công trình 1\500 Khu Văn hóa - thể dục thể thao, huyện Văn Giang","Đã xóa trùng (Thành công) - Đã xóa thành công 2 bản trùng thừa, giữ lại bản chính #1","2026-09-19 17:02:18"
1573,"H31.05.02.H31.09.2010.85","18 bản (ERROR_SKIPPED)","Quy hoạch chi tiết xây dựng khu đô thị Đại An tỷ lệ 1\2000 huyện Văn Lâm, Văn Giang, tỉnh Hưng Yên năm 2009","Bỏ qua (Lỗi máy chủ) - Đã thử gửi lệnh xóa nhưng máy chủ Vinasynet không cập nhật (bản ghi bị khóa)","2026-09-19 17:02:32"
1574,"H31.05.02.H31.09.2010.86","3 bản (DELETED_SUCCESS)","Quy hoạch xây dựng dự án cụm công nghiệm làng nghề xã Chí Đạo, huyện Văn Lâm, tỉnh Hưng Yên","Đã xóa trùng (Thành công) - Đã xóa thành công 2 bản trùng thừa, giữ lại bản chính #1","2026-09-19 17:02:46"
1575,"H31.05.02.H31.09.2010.87","3 bản (DELETED_SUCCESS)","Hồ sơ quy hoạch chi tiết xây dựng - tỷ lệ 1\500 Trường Đại học Công đoàn Việt Nam","Đã xóa trùng (Thành công) - Đã xóa thành công 2 bản trùng thừa, giữ lại bản chính #1","2026-09-19 17:03:00"
1576,"H31.05.02.H31.09.2011.100","6 bản (ERROR_SKIPPED)","Hồ sơ quy hoạch chi tiết tỷ lệ 1\500 khu nhà ở và dịch vụ đô thị Yên Sơn, Nhân Hòa tại xã Nhân Hòa - tỉnh Hưng Yên","Bỏ qua (Lỗi máy chủ) - Đã thử gửi lệnh xóa nhưng máy chủ Vinasynet không cập nhật (bản ghi bị khóa)","2026-09-19 17:03:15"
1577,"H31.05.02.H31.09.2011.101","3 bản (DELETED_SUCCESS)","Điểm dân cư nông thôn xã Bạch Sam, huyện Mỹ Hào năm 2011","Đã xóa trùng (Thành công) - Đã xóa thành công 2 bản trùng thừa, giữ lại bản chính #1","2026-09-19 17:03:29"
1578,"H31.05.02.H31.09.2011.102","3 bản (DELETED_SUCCESS)","Quy hoạch chi tiết tỷ lệ 1\500, tỷ lệ 1\2000 khu dân cư mới 10ha tại xã Nhân Hòa, huyện Mỹ Hào","Đã xóa trùng (Thành công) - Đã xóa thành công 2 bản trùng thừa, giữ lại bản chính #1","2026-09-19 17:03:43"
1579,"H31.05.02.H31.09.2011.103","3 bản (DELETED_SUCCESS)","Phê duyệt nhiệm vụ lập quy hoạch xây dựng chi tiết tỷ lệ 1\500 dự án 'Khu đô thị nhà vườn sinh thái"" trên địa bàn TT Văn Giang, tỉnh Hưng Yên năm 2012","Đã xóa trùng (Thành công) - Đã xóa thành công 2 bản trùng thừa, giữ lại bản chính #1","2026-09-19 17:03:57"
1580,"H31.05.02.H31.09.2011.104","3 bản (DELETED_SUCCESS)","Quy hoạch chung xây dựng vùng Bãi phía ngoài đê sông Hồng huyện Văn Giang, tỉnh Hưng Yên (Khu vực thị trấn Văn Giang, các xã Liên Nghĩa, Thắng Lợi, Mễ Sở, Xuân Quan, Phụng Công) (tập 1)","Đã xóa trùng (Thành công) - Đã xóa thành công 2 bản trùng thừa, giữ lại bản chính #1","2026-09-19 17:04:11"
1581,"H31.05.02.H31.09.2011.105","3 bản (DELETED_SUCCESS)","Quy hoạch chung xây dựng vùng bãi phía ngoài đê sông Hồng huyện Văn Giang - tỉnh Hưng Yên (khu vực thị trấn Văn Giang, các xã Liên Nghĩa, Mễ Sở, Xuân Quan, Phụng Công (tập 2)","Đã xóa trùng (Thành công) - Đã xóa thành công 2 bản trùng thừa, giữ lại bản chính #1","2026-09-19 17:04:25"
1582,"H31.05.02.H31.09.2011.106","24 bản (ERROR_SKIPPED)","Quy hoạch chi tiết tỷ lệ 1\500 khu nhà ở và dịch vụ đô thị, công nghiệp. Như Quỳnh, huyện Văn Lâm (tập 1).","Bỏ qua (Lỗi máy chủ) - Đã thử gửi lệnh xóa nhưng máy chủ Vinasynet không cập nhật (bản ghi bị khóa)","2026-09-19 17:04:39"
1583,"H31.05.02.H31.09.2011.107","30 bản (ERROR_SKIPPED)","Quy hoạch chi tiết tỷ lệ 1\500 khu nhà ở và dịch vụ đô thị, công nghiệp Như Quỳnh, huyện Văn Lâm (tập 2)","Bỏ qua (Lỗi máy chủ) - Đã thử gửi lệnh xóa nhưng máy chủ Vinasynet không cập nhật (bản ghi bị khóa)","2026-09-19 17:04:53"
1584,"H31.05.02.H31.09.2011.108","9 bản (ERROR_SKIPPED)","Điều chỉnh quy hoạch chi tiết KCN Phố Nối A đô thi phố Nối - tỉnh Hưng Yên tỷ lệ 1\2000 tại huyện Văn Lâm","Bỏ qua (Lỗi máy chủ) - Đã thử gửi lệnh xóa nhưng máy chủ Vinasynet không cập nhật (bản ghi bị khóa)","2026-09-19 17:05:07"
1585,"H31.05.02.H31.09.2011.109","3 bản (DELETED_SUCCESS)","Quy hoạch phân khu tỷ lệ 1\2000 khu nhà ở và dịch vụ đô thị, công nghiệp Như Quỳnh, huyện Văn Lâm","Đã xóa trùng (Thành công) - Đã xóa thành công 2 bản trùng thừa, giữ lại bản chính #1","2026-09-19 17:05:22"
1586,"H31.05.02.H31.09.2011.110","3 bản (DELETED_SUCCESS)","Quy hoạch chi tiết xây dựng tỷ lệ 1\500 khu nhà ở Vic-Trọng Nhân tại xã Đình Dù và thị trấn Như Quỳnh, huyện Văn Lâm","Đã xóa trùng (Thành công) - Đã xóa thành công 2 bản trùng thừa, giữ lại bản chính #1","2026-09-19 17:05:36"
1587,"H31.05.02.H31.09.2011.111","3 bản (DELETED_SUCCESS)","Quy hoạch chi tiết xây dựng tỷ lệ 1\500 khu nhà ở, dịch vụ công nghiệp Phố Nối tại xã Nghĩa Hiệp, huyện Yên Mỹ","Đã xóa trùng (Thành công) - Đã xóa thành công 2 bản trùng thừa, giữ lại bản chính #1","2026-09-19 17:05:50"
1588,"H31.05.02.H31.09.2011.112","3 bản (DELETED_SUCCESS)","Quy hoạch phân khu tỷ lệ 1\2000 khu nhà ở, dịch vụ đô thị Phố Nối và dự án nhà ở công nhân, nhà ở thương mại, nhà ở đô thị và dự án ĐTXD tại xã Nghĩa Hiệp","Đã xóa trùng (Thành công) - Đã xóa thành công 2 bản trùng thừa, giữ lại bản chính #1","2026-09-19 17:06:04"
1589,"H31.05.02.H31.09.2011.113","3 bản (DELETED_SUCCESS)","Quy hoạch chi tiết xây dựng tỷ lệ 1:500 Khu nhà ở công nhân, nhà ở thương mại, nhà ở đô thị xã Nghĩa Hiệp, huyện Yên Mỹ","Đã xóa trùng (Thành công) - Đã xóa thành công 2 bản trùng thừa, giữ lại bản chính #1","2026-09-19 17:06:18"
1590,"H31.05.02.H31.09.2011.114","3 bản (DELETED_SUCCESS)","Quy hoạch tỉ lệ 1\500 Khu nhà ở công nhân, nhà ở thương mại, nhà ở đô thị tại xã Nghĩa Hiệp, huyện Yên Mỹ, tỉnh Hưng Yên","Đã xóa trùng (Thành công) - Đã xóa thành công 2 bản trùng thừa, giữ lại bản chính #1","2026-09-19 17:06:32"
1591,"H31.05.02.H31.09.2011.88","3 bản (DELETED_SUCCESS)","Quy hoạch xây dựng vùng tỉnh Hưng Yên đến năm 220, định hướng đến năm 2030 và tầm nhìn đến năm 2050","Đã xóa trùng (Thành công) - Đã xóa thành công 2 bản trùng thừa, giữ lại bản chính #1","2026-09-19 17:06:46"
1592,"H31.05.02.H31.09.2011.89","3 bản (DELETED_SUCCESS)","Quy hoạch chi riết 1\500 di dân - TĐC xung nguy cả sạt lở xã Bình Minh, huyện Khoái Châu","Đã xóa trùng (Thành công) - Đã xóa thành công 2 bản trùng thừa, giữ lại bản chính #1","2026-09-19 17:07:00"
1593,"H31.05.02.H31.09.2011.91","3 bản (DELETED_SUCCESS)","Quy hoạch chi tiết xây dựng tỷ lệ 1\500 phân khu B Khu đô thị mới phía Bắc quốc lộ 5, huyện Mỹ Hào - tỉnh Hưng Yên (tập 1)","Đã xóa trùng (Thành công) - Đã xóa thành công 2 bản trùng thừa, giữ lại bản chính #1","2026-09-19 17:07:14"
1594,"H31.05.02.H31.09.2011.92","12 bản (ERROR_SKIPPED)","Quy hoạch chi tiết xây dựng tỷ lệ 1\500 phân khu B Khu đô thị mới phía Bắc quốc lộ 5, huyện Mỹ Hào - tỉnh Hưng Yên (tập2)","Bỏ qua (Lỗi máy chủ) - Đã thử gửi lệnh xóa nhưng máy chủ Vinasynet không cập nhật (bản ghi bị khóa)","2026-09-19 17:07:29"
1595,"H31.05.02.H31.09.2011.93","6 bản (ERROR_SKIPPED)","Quy hoạch chi tiết xây dựng tỷ lệ 1\500 phân khu B Khu đô thị mới phía Bắc quốc lộ 5 huyện Mỹ Hào, tỉnh Hưng Yên (tập 3)","Bỏ qua (Lỗi máy chủ) - Đã thử gửi lệnh xóa nhưng máy chủ Vinasynet không cập nhật (bản ghi bị khóa)","2026-09-19 17:07:43"
1596,"H31.05.02.H31.09.2011.94","6 bản (ERROR_SKIPPED)","Quy hoạch chi tiết xây dựng tỷ lộ 1\500  phân khu B Khu đô thị mới Phía Bắc quốc lộ 5, huyện Mỹ Hào - tỉnh Hưng Yên (tập 4)","Bỏ qua (Lỗi máy chủ) - Đã thử gửi lệnh xóa nhưng máy chủ Vinasynet không cập nhật (bản ghi bị khóa)","2026-09-19 17:07:57"
1597,"H31.05.02.H31.09.2011.95","3 bản (DELETED_SUCCESS)","Quy hoạch chi tiết xây dựng tỷ lệ 1\500, phân khu B Khu đô thị mới phía Bắc quốc lộ 5, huyện Mỹ Hào - tỉnh Hưng Yên (tập 5)","Đã xóa trùng (Thành công) - Đã xóa thành công 2 bản trùng thừa, giữ lại bản chính #1","2026-09-19 17:08:11"
1598,"H31.05.02.H31.09.2011.96","3 bản (DELETED_SUCCESS)","Quy hoạch chi tiết xây dựng tỷ lệ 1\500 phân khu B Khu đô thị mới phía Bắc quốc lộ 5, huyện Mỹ Hào - tỉnh Hưng Yên (tập 6)","Đã xóa trùng (Thành công) - Đã xóa thành công 2 bản trùng thừa, giữ lại bản chính #1","2026-09-19 17:08:25"
1599,"H31.05.02.H31.09.2011.97","18 bản (ERROR_SKIPPED)","Quy hoạch chi tiết tỷ lệ 1\500 phân khu B khu đô thị mới Phố Nối - tỉnh Hưng Yên, huyện Mỹ Hào","Bỏ qua (Lỗi máy chủ) - Đã thử gửi lệnh xóa nhưng máy chủ Vinasynet không cập nhật (bản ghi bị khóa)","2026-09-19 17:08:39"
1600,"H31.05.02.H31.09.2011.98","9 bản (ERROR_SKIPPED)","Đồ án quy hoạch xây dựng điều chỉnh quy hoạch công trình xây dựng 1\2000 khu công nghiệp Dệt may Phố Nối giai đoạn 2 tại Yên Mỹ, huyện Mỹ Hào","Bỏ qua (Lỗi máy chủ) - Đã thử gửi lệnh xóa nhưng máy chủ Vinasynet không cập nhật (bản ghi bị khóa)","2026-09-19 17:08:54"
1601,"H31.05.02.H31.09.2011.99","12 bản (ERROR_SKIPPED)","Hồ sơ Quy hoạch công trình 1\500 trường Đại học Sư phạm kỹ thuật Hưng Yên (cơ sở 2) tại xã Nhân Hòa, huyện Mỹ Hào","Bỏ qua (Lỗi máy chủ) - Đã thử gửi lệnh xóa nhưng máy chủ Vinasynet không cập nhật (bản ghi bị khóa)","2026-09-19 17:09:08"
1602,"H31.05.02.H31.09.2011-2012.115","3 bản (DELETED_SUCCESS)","Điều chỉnh mở rộng Quy hoạch chi tiết tỷ lệ 1\500 Khu di tích lịch sử Đại danh y Hải Thượng Lãn Ông - Lê Hữu Trác tại xã Liêu Xá, huyện Yên Mỹ","Đã xóa trùng (Thành công) - Đã xóa thành công 2 bản trùng thừa, giữ lại bản chính #1","2026-09-19 17:09:22"
1603,"H31.05.02.H31.09.2011-2012.116","3 bản (DELETED_SUCCESS)","Hồ sơ quy hoạch phân khu xây dựng tỷ lệ 1\2000 Khu đô thị sinh thái Laico trên địa bàn xã Bình Minh, huyện Khoái Châu","Đã xóa trùng (Thành công) - Đã xóa thành công 2 bản trùng thừa, giữ lại bản chính #1","2026-09-19 17:09:36"
1604,"H31.05.02.H31.09.2012.117","9 bản (ERROR_SKIPPED)","Quy hoạch chung xây dựng khu Bô Thời - Dân Tiến (gọi là đô thị Châu Hưng), huyện Khoái Châu, tình Hưng Yên đến năm 2020, tầm nhìn đến năm 2030","Bỏ qua (Lỗi máy chủ) - Đã thử gửi lệnh xóa nhưng máy chủ Vinasynet không cập nhật (bản ghi bị khóa)","2026-09-19 17:09:50"
1605,"H31.05.02.H31.09.2012.118","27 bản (ERROR_SKIPPED)","Về việc điều chỉnh quy hoạch chung xây dựng thị trấn Lương Bằng, huyện Kim Động, tỉnh Hưng Yên đến năm 2025","Bỏ qua (Lỗi máy chủ) - Đã thử gửi lệnh xóa nhưng máy chủ Vinasynet không cập nhật (bản ghi bị khóa)","2026-09-19 17:10:04"
1606,"H31.05.02.H31.09.2012.119","3 bản (DELETED_SUCCESS)","Quy hoạch chi tiết xây dựng tỷ lệ 1\500 chợ và khu nhà ở thương mại Trương Xá - Huyện Kim Động","Đã xóa trùng (Thành công) - Đã xóa thành công 2 bản trùng thừa, giữ lại bản chính #1","2026-09-19 17:10:18"
1607,"H31.05.02.H31.09.2012.120","3 bản (DELETED_SUCCESS)","Quy hoạch xây dựng chi tiết 1\500 Trung tâm thương mại và phân phối vùng Phú Thái, huyện Mỹ Hào, tỉnh Hưng Yên","Đã xóa trùng (Thành công) - Đã xóa thành công 2 bản trùng thừa, giữ lại bản chính #1","2026-09-19 17:10:32"
1608,"H31.05.02.H31.09.2012.121","3 bản (DELETED_SUCCESS)","Điều chỉnh quy hoạch chi tiết xây dựng tỷ lệ 1\2000 dự án mở rộng KCN Thăng Long II (GĐ 2), quy mô: 125,6 ha; huyện Mỹ Hào","Đã xóa trùng (Thành công) - Đã xóa thành công 2 bản trùng thừa, giữ lại bản chính #1","2026-09-19 17:10:46"
1609,"H31.05.02.H31.09.2012.122","3 bản (DELETED_SUCCESS)","Quy hoạch chung xây dựng huyện Văn Giang, tỉnh Hưng Yên đến năm 2020, tầm nhìn đến năm 2030","Đã xóa trùng (Thành công) - Đã xóa thành công 2 bản trùng thừa, giữ lại bản chính #1","2026-09-19 17:11:00"
1610,"H31.05.02.H31.09.2012.123","3 bản (DELETED_SUCCESS)","Quy hoạch chi tiết 1\500 khu nghỉ dưỡng và chắm sóc sức khỏe người cao tuổi Long Sơn tại xã Long Hưng, huyện Văn Giang năm 2012","Đã xóa trùng (Thành công) - Đã xóa thành công 2 bản trùng thừa, giữ lại bản chính #1","2026-09-19 17:11:14"
1611,"H31.05.02.H31.09.2012.124","3 bản (DELETED_SUCCESS)","Quy hoạch phân khu xây dựng tỷ lệ 1\2000 khu đô thị nhà vườn sinh thái trên địa bàn thị trấn Văn Giang huyện Văn Giang năm 2012 (tập 1)","Đã xóa trùng (Thành công) - Đã xóa thành công 2 bản trùng thừa, giữ lại bản chính #1","2026-09-19 17:11:29"
1612,"H31.05.02.H31.09.2012.125","3 bản (DELETED_SUCCESS)","Quy hoạch phân khu xây dựng tỷ lệ 1\2000 khu đô thị nhà vườn sinh thái trên địa bàn thị trấn Văn Giang, huyện Văn Giang năm 2012 (tập 2).","Đã xóa trùng (Thành công) - Đã xóa thành công 2 bản trùng thừa, giữ lại bản chính #1","2026-09-19 17:11:43"
1613,"H31.05.02.H31.09.2012.126","3 bản (DELETED_SUCCESS)","Quy hoạch chung xây dựng huyện Văn Lâm tỉnh Hưng Yên đến năm 2020, tầm nhìn đến năm 2030.","Đã xóa trùng (Thành công) - Đã xóa thành công 2 bản trùng thừa, giữ lại bản chính #1","2026-09-19 17:11:57"
1614,"H31.05.02.H31.09.2012.127","3 bản (DELETED_SUCCESS)","Quy hoạch chi tiết xây dựng tỷ lệ 1\500 khu dân cư Ngọc Đà - Như Quỳnh - huyện Văn Lâm - tỉnh Hưng Yên","Đã xóa trùng (Thành công) - Đã xóa thành công 2 bản trùng thừa, giữ lại bản chính #1","2026-09-19 17:12:11"
1615,"H31.05.02.H31.09.2012-2013.128","3 bản (DELETED_SUCCESS)","Quy hoạch phân khu tỷ lệ 1\2000 dự án Khu đô thị Hoàng Gia xã Giai Pham và xã Nghĩa Hiệp, huyện Yên Mỹ","Đã xóa trùng (Thành công) - Đã xóa thành công 2 bản trùng thừa, giữ lại bản chính #1","2026-09-19 17:12:25"
1616,"H31.05.02.H31.09.2012-2013.129","3 bản (DELETED_SUCCESS)","Báo cáo công tác quy hoạch xây dựng, quy hoạch đô thị tại tỉnh Hưng Yên năm 2013","Đã xóa trùng (Thành công) - Đã xóa thành công 2 bản trùng thừa, giữ lại bản chính #1","2026-09-19 17:12:39"
1617,"H31.05.02.H31.09.2012-2013.130","3 bản (DELETED_SUCCESS)","Quy hoạch chi tiết xây dựng tỷ lệ 1\500 điều chỉnh mở rộng trường ĐH Sư phạm kỹ thuật Hưng Yên - cơ sở 1 tại xã Dân Tiến, huyện Khoái Châu.","Đã xóa trùng (Thành công) - Đã xóa thành công 2 bản trùng thừa, giữ lại bản chính #1","2026-09-19 17:12:53"
1618,"H31.05.02.H31.09.2013.131","3 bản (DELETED_SUCCESS)","Điều chỉnh quy hoạch chung xây dựng Đô thị mới Phố Nối đến năm 2025, tỷ lệ 1\10.000 (tập 1)","Đã xóa trùng (Thành công) - Đã xóa thành công 2 bản trùng thừa, giữ lại bản chính #1","2026-09-19 17:13:07"
1619,"H31.05.02.H31.09.2013.132","3 bản (DELETED_SUCCESS)","Điều chỉnh quy hoạch chung xây dựng đô thị Phố Nối đến năm 2025, tỷ lệ 1\10000","Đã xóa trùng (Thành công) - Đã xóa thành công 2 bản trùng thừa, giữ lại bản chính #1","2026-09-19 17:13:21"
1620,"H31.05.02.H31.09.2013.133","3 bản (DELETED_SUCCESS)","Điều chỉnh quy hoạch chi tiết xây dựng tỷ lệ 1\500 Khu đô thị thương mại và du lịch Văn Giang năm 2013 (tập 1)","Đã xóa trùng (Thành công) - Đã xóa thành công 2 bản trùng thừa, giữ lại bản chính #1","2026-09-19 17:13:36"
1621,"H31.05.02.H31.09.2013.134","3 bản (DELETED_SUCCESS)","Điều chỉnh quy hoạch chi tiết xây dựng tỷ lệ 11500 khu đô thị thương mại và du lịch Văn Giang năm 2013 (tập 2)","Đã xóa trùng (Thành công) - Đã xóa thành công 2 bản trùng thừa, giữ lại bản chính #1","2026-09-19 17:13:50"
1622,"H31.05.02.H31.09.2013.137","3 bản (DELETED_SUCCESS)","Điều chỉnh cục bộ quy hoạch phân khu xây dựng tỷ lệ 1\2000 khu đô thị thương mại và du lịch Văn Giang (Ecopark) năm 2013","Đã xóa trùng (Thành công) - Đã xóa thành công 2 bản trùng thừa, giữ lại bản chính #1","2026-09-19 17:14:04"
1623,"H31.05.02.H31.09.2014.139","3 bản (DELETED_SUCCESS)","Quy hoạch phân khu xây dựng tỷ lệ 1\2000 Khu văn hóa du lịch và dịch vụ thể thao Chử Đồng Tử tại huyện Khoái Châu, tỉnh Hưng Yên","Đã xóa trùng (Thành công) - Đã xóa thành công 2 bản trùng thừa, giữ lại bản chính #1","2026-09-19 17:14:18"
1624,"H31.05.02.H31.09.2014.140","3 bản (DELETED_SUCCESS)","Về việc điều chỉnh quy hoạch chi tiết xây dựng tỷ lệ 1\2000 khu công nghiệp Dệt may Phố Nội giai đoạn III","Đã xóa trùng (Thành công) - Đã xóa thành công 2 bản trùng thừa, giữ lại bản chính #1","2026-09-19 17:14:32"
1625,"H31.05.02.H31.09.2014.141","3 bản (DELETED_SUCCESS)","Hồ sơ Điều chỉnh cục bộ Quy hoạch chi tiết xây dựng tỷ lệ 1\500 cải tạo, chỉnh trang hạ tầng kỹ thuật khu vực thôn Văn Nhuế, huyện Mỹ Hào. huyện Mỹ Hào, tỉnh HY (tập 1)","Đã xóa trùng (Thành công) - Đã xóa thành công 2 bản trùng thừa, giữ lại bản chính #1","2026-09-19 17:14:46"
1626,"H31.05.02.H31.09.2014.142","3 bản (DELETED_SUCCESS)","Điều chỉnh cục bộ Quy hoạch chi tiết xây dùng tỷ lệ 1\500 cái tại chính tráng hạ tầng kỹ thuật khu vực thôn Văn Nhuế, huyện Mỹ Hào, tỉnh Hưng Yên (tập 2)","Đã xóa trùng (Thành công) - Đã xóa thành công 2 bản trùng thừa, giữ lại bản chính #1","2026-09-19 17:15:00"
1627,"H31.05.02.H31.09.2014.143","3 bản (DELETED_SUCCESS)","Điều chỉnh cục bộ Quy hoạch chi tiết xây dựng tỷ lệ 1\500 cải tạo, chỉnh trang hạ tầng kỹ thuật khu vực thôn Văn Nhuế, huyện Mỹ Hào, tỉnh Hưng Yên (tập 3)","Đã xóa trùng (Thành công) - Đã xóa thành công 2 bản trùng thừa, giữ lại bản chính #1","2026-09-19 17:15:14"
1628,"H31.05.02.H31.09.2014.144","3 bản (DELETED_SUCCESS)","Điều chỉnh cục bộ Quy hoạch chi tiết xây dựng tỷ lệ 1\500 cải tạo, chỉnh trang hạ tầng kỹ thuật khu vực thôn Văn Nhuế, huyện Mỹ Hào, tỉnh Hưng Yên (tập 4)","Đã xóa trùng (Thành công) - Đã xóa thành công 2 bản trùng thừa, giữ lại bản chính #1","2026-09-19 17:15:28"
1629,"H31.05.02.H31.09.2014.145","3 bản (DELETED_SUCCESS)","Điều chỉnh cục bộ quy hoạch chi tiết xây dựng tỷ lệ 1\500 cải tạo, chỉnh trang hạ tầng kỹ thuật khu vực thôn Văn Nhuế, huyện Mỹ Hào năm 2014","Đã xóa trùng (Thành công) - Đã xóa thành công 2 bản trùng thừa, giữ lại bản chính #1","2026-09-19 17:15:43"
1630,"H31.05.02.H31.09.2014.146","3 bản (DELETED_SUCCESS)","Quy hoạch chi tiết xây dựng tỉ lệ 1\500 trường Cao đẳng nghề và dịch vụ Bảo Sơn tại xã Bạch Sam, huyện Mỹ Hào","Đã xóa trùng (Thành công) - Đã xóa thành công 2 bản trùng thừa, giữ lại bản chính #1","2026-09-19 17:15:57"
1631,"H31.05.02.H31.09.2014-2015.147","3 bản (DELETED_SUCCESS)","Quy hoạch chi tiết xây dựng tỷ lệ 1\500 Trường Hải quan Việt Nam tại xã Hoàn Long và xã Yên Phú huyện Yên Mỹ","Đã xóa trùng (Thành công) - Đã xóa thành công 2 bản trùng thừa, giữ lại bản chính #1","2026-09-19 17:16:11"
1632,"H31.05.02.H31.09.2014-2015.148","3 bản (DELETED_SUCCESS)","Hồ sơ quy hoạch chi tiết xây dựng tỷ lệ 1\500 Khu liên hợp thể dục thể thao tỉnh Hưng Yên tại phường Hiến Nam & xã Liên Phương, thành phố Hưng Yên","Đã xóa trùng (Thành công) - Đã xóa thành công 2 bản trùng thừa, giữ lại bản chính #1","2026-09-19 17:16:25"
1633,"H31.05.02.H31.09.2014-2015.149","3 bản (DELETED_SUCCESS)","Điều chỉnh quy hoạch chi tiết 1\500 Chợ Bao Bì và xây dựng khu nhà ở thương mại Phố Nối, huyện Mỹ Hào","Đã xóa trùng (Thành công) - Đã xóa thành công 2 bản trùng thừa, giữ lại bản chính #1","2026-09-19 17:16:39"
1634,"H31.05.02.H31.09.2015.150","3 bản (DELETED_SUCCESS)","Quy hoạch chi tiết phường Bần Yên Nhân, thị xã Mỹ Hào, tỉnh Hưng Yên, tỷ lệ 1\500","Đã xóa trùng (Thành công) - Đã xóa thành công 2 bản trùng thừa, giữ lại bản chính #1","2026-09-19 17:16:53"
1635,"H31.05.02.H31.09.2015.151","3 bản (DELETED_SUCCESS)","Quy hoạch chi tiết phường Bạch Sam, thị xã Mỹ Hào, tỉnh Hưng Yên, tỷ lệ 1\500","Đã xóa trùng (Thành công) - Đã xóa thành công 2 bản trùng thừa, giữ lại bản chính #1","2026-09-19 17:17:07"
1636,"H31.05.02.H31.09.2015.152","3 bản (DELETED_SUCCESS)","Quy hoạch chi tiết phường Nhân Hòa, thị xã Mỹ Hào, tỉnh Hưng Yên, tỷ lệ 1\500","Đã xóa trùng (Thành công) - Đã xóa thành công 2 bản trùng thừa, giữ lại bản chính #1","2026-09-19 17:17:21"
1637,"H31.05.02.H31.09.2015.153","3 bản (DELETED_SUCCESS)","Quy hoạch chi tiết phường Phùng Chí Kiên, thị xã Mỹ Hào, tỉnh Hưng Yên, tỷ lệ 1\500","Đã xóa trùng (Thành công) - Đã xóa thành công 2 bản trùng thừa, giữ lại bản chính #1","2026-09-19 17:17:35"
1638,"H31.05.02.H31.09.2015.154","3 bản (DELETED_SUCCESS)","Quy hoạch chi tiết xây dựng tỷ lệ 1\500 Trường đại học y Vinmec tại xã Long Hưng, huyện Văn Giang năm 2015","Đã xóa trùng (Thành công) - Đã xóa thành công 2 bản trùng thừa, giữ lại bản chính #1","2026-09-19 17:17:49"
1639,"H31.05.02.H31.09.2015.155","3 bản (DELETED_SUCCESS)","Điều chỉnh cục bộ Quy hoạch chi tiết xây dựng tỷ lệ 1\500 Phân khu 9-12 Khu đô thị thương mại và du lịch Văn Giang (Ecopark) năm 2013-2015 (tập 1)","Đã xóa trùng (Thành công) - Đã xóa thành công 2 bản trùng thừa, giữ lại bản chính #1","2026-09-19 17:18:04"
1640,"H31.05.02.H31.09.2015.156","3 bản (DELETED_SUCCESS)","Hồ sơ về việc điều chỉnh cục bộ quy hoạch chi tiết xây dựng tỷ lệ 1\500 phân khu 9-12 khu đô thị thương mại và du lịch Văn Giang (Ecopark) năm 2013-2015 (Tập 2)","Đã xóa trùng (Thành công) - Đã xóa thành công 2 bản trùng thừa, giữ lại bản chính #1","2026-09-19 17:18:18"
1641,"H31.05.02.H31.09.2015.157","3 bản (DELETED_SUCCESS)","Quy hoạch chi tiết xây dựng tỉ lệ 1\500 Chợ và khu nhà ở thương mại Như Quỳnh, huyện Văn Lâm (tập 1)","Đã xóa trùng (Thành công) - Đã xóa thành công 2 bản trùng thừa, giữ lại bản chính #1","2026-09-19 17:18:32"
1642,"H31.05.02.H31.09.2015.158","3 bản (DELETED_SUCCESS)","Quy hoạch chi tiết xây dựng tỷ lệ 1\500 Chợ và khu nhà ở thương mái Như Quỳnh, huyện Văn Lâm (tập 2)","Đã xóa trùng (Thành công) - Đã xóa thành công 2 bản trùng thừa, giữ lại bản chính #1","2026-09-19 17:18:46"
1643,"H31.05.02.H31.09.2015-2016.159","3 bản (DELETED_SUCCESS)","Điều chỉnh quy hoạch chi tiết xây dựng tỷ lệ 1\500 khu dân cư mới xã Đình Dù và Trưng Trắc, huyện Văn Lâm","Đã xóa trùng (Thành công) - Đã xóa thành công 2 bản trùng thừa, giữ lại bản chính #1","2026-09-19 17:19:00"
1644,"H31.05.02.H31.09.2015-2016.160","3 bản (DELETED_SUCCESS)","Quy hoạch chi tiết Bến xe Mỹ Hào và khu nhà ở tỷ lệ 1\500, huyện Mỹ Hào, tỉnh Hưng Yên","Đã xóa trùng (Thành công) - Đã xóa thành công 2 bản trùng thừa, giữ lại bản chính #1","2026-09-19 17:19:15"
1645,"H31.05.02.H31.09.2015-2016.161","3 bản (DELETED_SUCCESS)","Quy hoạch chi tiết xây dựng tỷ lệ 1\500 Hạ tầng kỹ thuật Cụm công nghiệp Trần Cao, Quang Hưng, huyện Phù Cừ","Đã xóa trùng (Thành công) - Đã xóa thành công 2 bản trùng thừa, giữ lại bản chính #1","2026-09-19 17:19:28"
1646,"H31.05.02.H31.09.2016.162","3 bản (DELETED_SUCCESS)","Quy hoạch chi tiết xây dựng tỷ lệ 1\500   tại xã Long Hưng, huyện Văn Giang năm 2015 (tập 1)","Đã xóa trùng (Thành công) - Đã xóa thành công 2 bản trùng thừa, giữ lại bản chính #1","2026-09-19 17:19:42"
1647,"H31.05.02.H31.09.2016.163","3 bản (DELETED_SUCCESS)","Quy hoạch chi tiết xây dựng tỷ lệ 1\500 phân khu A thuộc đô thị Xuân Thành Land - Văn Giang tại xã Long Hưng - huyện Văn Giang năm 2015 (tập 2)","Đã xóa trùng (Thành công) - Đã xóa thành công 2 bản trùng thừa, giữ lại bản chính #1","2026-09-19 17:19:57"
1648,"H31.05.02.H31.09.2016.165","3 bản (DELETED_SUCCESS)","Điều chỉnh quy hoạch chi tiết xây dựng tỷ lệ là 1\500 Khu đô thị thương mại và du lịch Văn Giang (Ecopark) năm 2016 (tập 1)","Đã xóa trùng (Thành công) - Đã xóa thành công 2 bản trùng thừa, giữ lại bản chính #1","2026-09-19 17:20:11"
1649,"H31.05.02.H31.09.2016.167","3 bản (DELETED_SUCCESS)","Hồ sơ điều chỉnh quy hoạch chi tiết khu công nghiệp Phố Nối A mở rộng (tỷ lệ 1\2000) huyện Văn Lâm, tỉnh Hưng Yên)","Đã xóa trùng (Thành công) - Đã xóa thành công 2 bản trùng thừa, giữ lại bản chính #1","2026-09-19 17:20:25"
1650,"H31.05.02.H31.09.2016.168","3 bản (DELETED_SUCCESS)","Quy hoạch chi tiết xây dựng tỷ lệ 1\500 Khu dân cư mới xã Đình Dù và xã Trưng Trắc, huyện Văn Lâm","Đã xóa trùng (Thành công) - Đã xóa thành công 2 bản trùng thừa, giữ lại bản chính #1","2026-09-19 17:20:39"
1651,"H31.05.02.H31.09.2016.169","3 bản (DELETED_SUCCESS)","Hồ sơ Điều chỉnh quy hoạch chi tiết tỷ lệ 1\500 Dự án xây dựng nhà ở, dịch vụ khu công nghiệp Phố Nối tại xã Nghĩa Hiệp, huyện Yên Mỹ, tỉnh Hưng Yên (tập 1)","Đã xóa trùng (Thành công) - Đã xóa thành công 2 bản trùng thừa, giữ lại bản chính #1","2026-09-19 17:20:53"
1652,"H31.05.02.H31.09.2016.170","3 bản (DELETED_SUCCESS)","Điều chỉnh quy hoạch chi tiết tỷ lệ 1\500 Dự án xây dựng nhà ở, dịch vụ khu công nghiệp Phố Nối tại xã Nghĩa Hiệp, huyện Yên Mỹ, tỉnh Hưng Yên (tập 2)","Đã xóa trùng (Thành công) - Đã xóa thành công 2 bản trùng thừa, giữ lại bản chính #1","2026-09-19 17:21:07"
1653,"H31.05.02.H31.09.2016.171","3 bản (DELETED_SUCCESS)","Điều chỉnh quy hoạch chi tiết tỷ lệ 1\2000 xây dựng khu công nghiệp Yên Mỹ II, huyện Yên Mỹ, Hưng Yên","Đã xóa trùng (Thành công) - Đã xóa thành công 2 bản trùng thừa, giữ lại bản chính #1","2026-09-19 17:21:22"
1654,"H31.05.02.H31.09.2016-2017.172","3 bản (DELETED_SUCCESS)","Điều chỉnh quy hoạch chi tiết xây dựng tỷ lệ 1\2000 Khu công nghiệp thăng Long II (giai đoạn 2) tại huyện Yên Mỹ và huyện Mỹ Hào, tỉnh Hưng Yên (lần thứ 3)","Đã xóa trùng (Thành công) - Đã xóa thành công 2 bản trùng thừa, giữ lại bản chính #1","2026-09-19 17:21:36"
1655,"H31.05.02.H31.09.2016-2017.173","3 bản (DELETED_SUCCESS)","Quy hoạch chung xây dựng dọc tuyến đường bộ nối 2 đường cao tốc Hà Nội - Hải Phòng và Cầu Giẽ - Ninh Bình đến năm 2025, định hướng đến năm 2035 (tập 1)","Đã xóa trùng (Thành công) - Đã xóa thành công 2 bản trùng thừa, giữ lại bản chính #1","2026-09-19 17:21:57"
1656,"H31.05.02.H31.09.2017.174","3 bản (DELETED_SUCCESS)","Quy hoạch chung xây dựng dọc tuyến đương bộ nối 2 đường cao tốc Hà Nội Hải Phòng và Cầu Giẽ - Ninh Bình đến năm 2025, định hướng đến năm 2035 (tập 2)","Đã xóa trùng (Thành công) - Đã xóa thành công 2 bản trùng thừa, giữ lại bản chính #1","2026-09-19 17:22:11"
1657,"H31.05.02.H31.09.2017.175","3 bản (DELETED_SUCCESS)","Về việc lựa chọn đơn vị tư vấn lập quy hoạch xây dựng Khu đại học Phố Hiến tỷ lệ 1\2000, huyện Tiên Lữ","Đã xóa trùng (Thành công) - Đã xóa thành công 2 bản trùng thừa, giữ lại bản chính #1","2026-09-19 17:22:25"
1658,"H31.05.02.H31.09.2017.176","3 bản (DELETED_SUCCESS)","Hồ sơ quy hoạch phân khu tỷ lệ 1\2000 Khu Đại học Phố Hiến - tỉnh Hưng Yên năm 2011 - 2015 (tập 1)","Đã xóa trùng (Thành công) - Đã xóa thành công 2 bản trùng thừa, giữ lại bản chính #1","2026-09-19 17:22:38"
1659,"H31.05.02.H31.09.2017.177","3 bản (DELETED_SUCCESS)","Quy hoạch phân khu tỷ lệ 1\2000 Khu Đại học Phổ thiến tính thúng Yên. năm 2011-2015 (tập 2).","Đã xóa trùng (Thành công) - Đã xóa thành công 2 bản trùng thừa, giữ lại bản chính #1","2026-09-19 17:22:53"
1660,"H31.05.02.H31.09.2017.178","3 bản (DELETED_SUCCESS)","Quy hoạch phân khu tỷ lệ 1\2000 Khu đại học Phố Hiến tỉnh Hưng Yên (tập 3)","Đã xóa trùng (Thành công) - Đã xóa thành công 2 bản trùng thừa, giữ lại bản chính #1","2026-09-19 17:23:07"
1661,"H31.05.02.H31.09.2017.179","3 bản (DELETED_SUCCESS)","Quy hoạch phân khu tỷ lệ 1\2000 Khu Đại học Phố Tiến - tỉnh thưng Yên... (tập 4)","Đã xóa trùng (Thành công) - Đã xóa thành công 2 bản trùng thừa, giữ lại bản chính #1","2026-09-19 17:23:21"
1662,"H31.05.02.H31.09.2017.180","3 bản (DELETED_SUCCESS)","Quy hoạch phân khu tỷ lệ 1\2000 Khu Đại học Phố Hiến - tỉnh Hưng Yên (tập 5)","Đã xóa trùng (Thành công) - Đã xóa thành công 2 bản trùng thừa, giữ lại bản chính #1","2026-09-19 17:23:35"
1663,"H31.05.02.H31.09.2017.181","3 bản (DELETED_SUCCESS)","Khoanh vùng, cắm mốc giới đối với một số công trình nằm trong khu Đại học Phố Hiến tại huyện Tiên Lữ và thành phố Hưng Yên","Đã xóa trùng (Thành công) - Đã xóa thành công 2 bản trùng thừa, giữ lại bản chính #1","2026-09-19 17:23:49"
1664,"H31.05.02.H31.09.2019.182","3 bản (DELETED_SUCCESS)","Quy hoạch chi tiết xây dựng tỷ lệ 1/500 mở rộng Trường Đại học Thủy Lợi tại khu Đại học Phố Hiến, huyện Tiên Lữ, tỉnh Hưng Yên","Đã xóa trùng (Thành công) - Đã xóa thành công 2 bản trùng thừa, giữ lại bản chính #1","2026-09-19 17:24:03"
1665,"H31.05.02.H31.09.2017.183","3 bản (DELETED_SUCCESS)","Điều chỉnh quy hoạch chi tiết xây dựng tỷ lệ 1\500 Khu dân cư mới NU-10 Khu đại học Phố Hiến tại xã Nhật Tân, huyện Tiên Lữ (tập 1)","Đã xóa trùng (Thành công) - Đã xóa thành công 2 bản trùng thừa, giữ lại bản chính #1","2026-09-19 17:24:17"
1666,"H31.05.02.H31.09.2017.184","3 bản (DELETED_SUCCESS)","Điều chỉnh quy hoạch chi tiết xây dựng tỷ lệ 11500 Khu dân cư mới NU-10. Khu Đại học Phố Hiến tại xã Nhật Tân, huyện Tiên Lữ (tập 2)","Đã xóa trùng (Thành công) - Đã xóa thành công 2 bản trùng thừa, giữ lại bản chính #1","2026-09-19 17:24:31"
1667,"H31.05.02.H31.09.2017.185","3 bản (DELETED_SUCCESS)","Điều chỉnh quy hoạch chi tiết xây dựng tỷ lệ 1\500 Khu dân cư mới Nu-10, Khu Đại học Phố Hiến tại xã Nhật Tân, huyện Tiên Lữ (tập 3)","Đã xóa trùng (Thành công) - Đã xóa thành công 2 bản trùng thừa, giữ lại bản chính #1","2026-09-19 17:24:45"
1668,"H31.05.02.H31.09.2017.186","3 bản (DELETED_SUCCESS)","Quy hoạch chi tiết xây dựng tỷ lệ 1\500 Khu dân cư mới Nu-9, Khu Đại học Phố Hiến tại xã Liên Phương, thành phố Hưng Yên, tỉnh Hưng Yên (tập 1)","Đã xóa trùng (Thành công) - Đã xóa thành công 2 bản trùng thừa, giữ lại bản chính #1","2026-09-19 17:25:00"
1669,"H31.05.02.H31.09.2017.187","3 bản (DELETED_SUCCESS)","Quy hoạch chi tiết xây dựng tỷ lệ 1\500 Khu dân cư mới NU-9, Khu Đại học Phố Hiến tại xã Liên Phương, thành phố Hưng Yên, tỉnh Hưng Yên (tập 2)","Đã xóa trùng (Thành công) - Đã xóa thành công 2 bản trùng thừa, giữ lại bản chính #1","2026-09-19 17:25:14"
1670,"H31.05.02.H31.09.2017.188","3 bản (DELETED_SUCCESS)","Quy hoạch chi tiết xây dựng tỷ lệ 1\500 cụm công nghiệp Văn Nhuệ - Ân Thi tại xã Văn Nhuệ, huyện Ân Thi, tỉnh Hưng Yên","Đã xóa trùng (Thành công) - Đã xóa thành công 2 bản trùng thừa, giữ lại bản chính #1","2026-09-19 17:25:28"
1671,"H31.05.02.H31.09.2017.189","3 bản (DELETED_SUCCESS)","Điều chỉnh quy hoạch chi tiết xây dựng tỷ lệ 1\2000 hồ An Vũ số 2 và An Vũ số 3, thành phố Hưng Yên, tỉnh Hưng Yên (tập 1)","Đã xóa trùng (Thành công) - Đã xóa thành công 2 bản trùng thừa, giữ lại bản chính #1","2026-09-19 17:25:42"
1672,"H31.05.02.H31.09.2017.190","3 bản (DELETED_SUCCESS)","Điều chỉnh quy hoạch chi tiết xây dựng tỷ lệ 1\2000 hồ An Vũ số 2 và An Vũ số 3, thành phố Hưng Yên, tỉnh Hưng Yên (tập 2)","Đã xóa trùng (Thành công) - Đã xóa thành công 2 bản trùng thừa, giữ lại bản chính #1","2026-09-19 17:25:56"
1673,"H31.05.02.H31.09.2017.191","3 bản (DELETED_SUCCESS)","Quy hoạch chi tiết xây dựng tỷ lệ 11500 thu nhà ở để lạn và trung tâm thương mại dịch vụ Bắc Việt tại xã Tân Dân, huyện khoái châu","Đã xóa trùng (Thành công) - Đã xóa thành công 2 bản trùng thừa, giữ lại bản chính #1","2026-09-19 17:26:10"
1674,"H31.05.02.H31.09.2017.192","3 bản (DELETED_SUCCESS)","Hồ sơ quy hoạch chi tiết xây dựng khu cơ quan hành chính huyện Mỹ Hào và khu dân cư thị trấn Bần Yên Nhân, tỷ lệ 1\500 tại thị trấn Bần Yên Nhân, huyện Mỹ Hào","Đã xóa trùng (Thành công) - Đã xóa thành công 2 bản trùng thừa, giữ lại bản chính #1","2026-09-19 17:26:24"
1675,"H31.05.02.H31.09.2017.193","3 bản (DELETED_SUCCESS)","Hồ sơ quy hoạch chi tiết phường Phan Đình Phùng, thị xã Mỹ Hào, tỉnh Hưng Yên tỷ lệ 1\500","Đã xóa trùng (Thành công) - Đã xóa thành công 2 bản trùng thừa, giữ lại bản chính #1","2026-09-19 17:26:38"
1676,"H31.05.02.H31.09.2017.194","3 bản (DELETED_SUCCESS)","Điều chỉnh quy hoạch chi tiết xây dựng tỷ lệ 1\500 đô thị phía Bắc đường trục trung tâm, Khu đô thị phía Nam quốc lộ 5, thuộc đô thị mới Phố Nối - Hưng Yên","Đã xóa trùng (Thành công) - Đã xóa thành công 2 bản trùng thừa, giữ lại bản chính #1","2026-09-19 17:26:52"
1677,"H31.05.02.H31.09.2017.195","3 bản (DELETED_SUCCESS)","Hồ sơ quy hoạch chi tiết xây dựng tỷ lệ 1\500 dự án đầu tư xây dựng Khu nhà ở Phú Gia huyện Mỹ Hào (tập 1)","Đã xóa trùng (Thành công) - Đã xóa thành công 2 bản trùng thừa, giữ lại bản chính #1","2026-09-19 17:27:06"
1678,"H31.05.02.H31.09.2017.196","3 bản (DELETED_SUCCESS)","Quy hoạch chi tiết xây dựng tỷ lệ 1\500 dự án đầu tư xây dựng khu nhà ở Phú Gia huyện Mỹ Hào (Tập 2)","Đã xóa trùng (Thành công) - Đã xóa thành công 2 bản trùng thừa, giữ lại bản chính #1","2026-09-19 17:27:20"
1679,"H31.05.02.H31.09.2017.197","3 bản (DELETED_SUCCESS)","Quy hoạch chi tiết xây dựng tỷ lệ 1\500 dự án đầu tư xây dựng khu nhà ở xã Nhân Hòa, huyện Mỹ Hào","Đã xóa trùng (Thành công) - Đã xóa thành công 2 bản trùng thừa, giữ lại bản chính #1","2026-09-19 17:27:34"
1680,"H31.05.02.H31.09.2017.198","3 bản (DELETED_SUCCESS)","Hồ sơ điều chỉnh quy hoạch chi tiết xây dựng tỷ lệ 1\500 khu công nghiệp Minh Quang, huyện Mỹ Hào, tỉnh Hưng Yên","Đã xóa trùng (Thành công) - Đã xóa thành công 2 bản trùng thừa, giữ lại bản chính #1","2026-09-19 17:27:48"
1681,"H31.05.02.H31.09.2017.199","3 bản (DELETED_SUCCESS)","Quy hoạch chi tiết xây dựng tỷ lệ 1\500 trang trại chăn nuôi gà giống chất lượng cao tại xã Minh Tiến, xã Tiên Tiến, xã Đinh Cao, huyện Phù Cừ, tỉnh Hưng Yên","Đã xóa trùng (Thành công) - Đã xóa thành công 2 bản trùng thừa, giữ lại bản chính #1","2026-09-19 17:28:03"
1682,"H31.05.02.H31.09.2017.200","3 bản (DELETED_SUCCESS)","Quy hoạch chi tiết xây dựng tỷ lệ 1\500 Khu nhà ở liền kề, siêu thị, khách sạn và nhà hàng ăn uống tại xã Nhật Tân, huyện Tiên Lữ, tỉnh Hưng Yên (tập 1)","Đã xóa trùng (Thành công) - Đã xóa thành công 2 bản trùng thừa, giữ lại bản chính #1","2026-09-19 17:28:17"
1683,"H31.05.02.H31.09.2017.201","3 bản (DELETED_SUCCESS)","Quy hoạch chi tiết xây dựng tỷ lệ 1\500 khu nhà ở liền kề siêu thị, khách sạn và nhà hàng ăn uống tại xã Nhật Tân, huyện Tiên Lữ, tỉnh Hưng Yên (tập 2).","Đã xóa trùng (Thành công) - Đã xóa thành công 2 bản trùng thừa, giữ lại bản chính #1","2026-09-19 17:28:31"
1684,"H31.05.02.H31.09.2017.202","3 bản (DELETED_SUCCESS)","Hồ sơ quy hoạch chi tiết xây dựng tỷ lệ 1\500 khu biệt thự và nhà phố vườn Vạn Tuế (Sago Palm Garden) tại xã Phụng Công, huyện Văn Giang năm 2018","Đã xóa trùng (Thành công) - Đã xóa thành công 2 bản trùng thừa, giữ lại bản chính #1","2026-09-19 17:28:45"
1685,"H31.05.02.H31.09.2017.205","3 bản (DELETED_SUCCESS)","Hồ sơ quy hoạch chi tiết xây dựng tỷ lệ 1\500 Trung tâm Đào tạo bóng đá trẻ PVF tại xã Long Hưng, huyện Văn Giang năm 2017 - 2018","Đã xóa trùng (Thành công) - Đã xóa thành công 2 bản trùng thừa, giữ lại bản chính #1","2026-09-19 17:28:59"
1686,"H31.05.02.H31.09.2017.206","3 bản (DELETED_SUCCESS)","Hồ sơ quy hoạch chi tiết xây dựng tỷ lệ 1\500 cơ sở Viện Đại học Mở Hà Nội tại xã Long Hưng - huyện Văn Giang, tỉnh Hưng Yên năm 2017","Đã xóa trùng (Thành công) - Đã xóa thành công 2 bản trùng thừa, giữ lại bản chính #1","2026-09-19 17:29:13"
1687,"H31.05.02.H31.09.2017.207","3 bản (DELETED_SUCCESS)","Điều chỉnh quy hoạch chung xây dựng thị trấn huyện lỵ Văn Lâm, tỉnh Hưng Yên đến năm 2020-tỷ lệ 1\2000 năm 2008-2016","Đã xóa trùng (Thành công) - Đã xóa thành công 2 bản trùng thừa, giữ lại bản chính #1","2026-09-19 17:29:27"
1688,"H31.05.02.H31.09.2017.208","50 bản (ERROR_SKIPPED)","Về việc chấp thuận mặt bằng quy hoạch tổng thể dự án đầu tư xây dựng: Trạm biến áp 110KV Bãi Sậy và hướng tuyến đường dây đấu nối 110KV tại xã Bãi Sậy, huyện Ân Thi","Bỏ qua (Lỗi máy chủ) - Đã thử gửi lệnh xóa nhưng máy chủ Vinasynet không cập nhật (bản ghi bị khóa)","2026-09-19 17:29:42"
1689,"H31.05.02.H31.09.2017.209","50 bản (ERROR_SKIPPED)","Về việc chấp thuận điều chỉnh Mặt bằng quy hoạch tổng thể dự án đầu tư xây dựng tòa nhà hỗn hợp cao tầng và khu nhà ở để bán tại thị trấn Bần Yên Nhân, huyện Mỹ Hào","Bỏ qua (Lỗi máy chủ) - Đã thử gửi lệnh xóa nhưng máy chủ Vinasynet không cập nhật (bản ghi bị khóa)","2026-09-19 17:29:56"
1690,"H31.05.02.H31.09.2017.210","50 bản (ERROR_SKIPPED)","Về việc chấp thuận mặt bằng quy hoạch tổng thể điều chỉnh dự án Trường Tiểu học, THCS và THPT Hồng Đức và phương án kiến trúc công trình: Nhà lớp học và nghỉ giáo viên (Trường THPT Hồng Đức) tại xã Nhân Hòa, huyện Mỹ Hào","Bỏ qua (Lỗi máy chủ) - Đã thử gửi lệnh xóa nhưng máy chủ Vinasynet không cập nhật (bản ghi bị khóa)","2026-09-19 17:30:10"
1691,"H31.05.02.H31.09.2017.211","50 bản (ERROR_SKIPPED)","Về việc chấp thuận mặt bằng quy hoach tổng thể dự án đầu tư xây dựng Quỹ tín dụng nhân dân Dị Chế, huyện Tiên Lữ","Bỏ qua (Lỗi máy chủ) - Đã thử gửi lệnh xóa nhưng máy chủ Vinasynet không cập nhật (bản ghi bị khóa)","2026-09-19 17:30:25"
1692,"H31.05.02.H31.09.2017-2018.212","3 bản (DELETED_SUCCESS)","Quy hoạch chi tiết tỷ lệ 1\500 dự án đầu tư xây dựng hạ tầng kỹ thuật, khu làng nghề Yên Mỹ, huyện Yên Mỹ, tỉnh Hưng Yên","Đã xóa trùng (Thành công) - Đã xóa thành công 2 bản trùng thừa, giữ lại bản chính #1","2026-09-19 17:30:39"
1693,"H31.05.02.H31.09.2017-2018.213","3 bản (DELETED_SUCCESS)","Quy hoạch chi tiết xây dựng tỷ lệ 1\500 Khu nhà ở sinh thái Minh Phương, phường Mình Khai, thành phố Hưng Yên. Năm 2014 - 2015","Đã xóa trùng (Thành công) - Đã xóa thành công 2 bản trùng thừa, giữ lại bản chính #1","2026-09-19 17:30:53"
1694,"H31.05.02.H31.09.2018.214","3 bản (DELETED_SUCCESS)","Điều chỉnh quy hoạch chi tiết xây dựng tỷ lệ 1\500 Khu nhà ở sinh thái Minh Phương, phường Minh Khai, thành phố Hưng Yên","Đã xóa trùng (Thành công) - Đã xóa thành công 2 bản trùng thừa, giữ lại bản chính #1","2026-09-19 17:31:07"
1695,"H31.05.02.H31.09.2018.215","3 bản (DELETED_SUCCESS)","Quy hoạch chi tiết xây dựng tỷ lệ 1\500 Khu nhà ở để bán và Trung tâm thương mại dịch vụ Bắc Việt tại xã Tân Dân, huyện Khoái Châu","Đã xóa trùng (Thành công) - Đã xóa thành công 2 bản trùng thừa, giữ lại bản chính #1","2026-09-19 17:31:21"
1696,"H31.05.02.H31.09.2018.216","3 bản (DELETED_SUCCESS)","Quy hoạch chi tiết xây dựng tỷ lệ 1\500 Cụm công nghiệp Tân Dân - Khoái Châu tại xã Tân Dân, huyện Khoái Châu","Đã xóa trùng (Thành công) - Đã xóa thành công 2 bản trùng thừa, giữ lại bản chính #1","2026-09-19 17:31:35"
1697,"H31.05.02.H31.09.2018.217","3 bản (DELETED_SUCCESS)","Điều chỉnh quy hoạch phân khu xây dựng tỷ lệ 1\2000 khu công nghiệp Tân Dân tại huyện Yên Mỹ, huyện khoái Châu","Đã xóa trùng (Thành công) - Đã xóa thành công 2 bản trùng thừa, giữ lại bản chính #1","2026-09-19 17:31:49"
1698,"H31.05.02.H31.09.2018.218","3 bản (DELETED_SUCCESS)","Quy hoạch chi tiết xây dựng tỷ lệ 1\2000 Khu công nghiệp Tân Dân, tỉnh Hưng Yên trên địa bàn huyện Yên Mỹ và huyện Khoái Châu, tỉnh Hưng Yên","Đã xóa trùng (Thành công) - Đã xóa thành công 2 bản trùng thừa, giữ lại bản chính #1","2026-09-19 17:32:04"
1699,"H31.05.02.H31.09.2018.219","3 bản (DELETED_SUCCESS)","Quy hoạch chi tiết xây dựng tỷ lệ 1\2000 Khu công nghiệp Tân Dân - tỉnh Hưng Yên quy mô 212, 9552 HA tại huyện Yên Mỹ, huyện Khoái Châu năm 2011 - 2017","Đã xóa trùng (Thành công) - Đã xóa thành công 2 bản trùng thừa, giữ lại bản chính #1","2026-09-19 17:32:18"
1700,"H31.05.02.H31.09.2018.220","31 bản (ERROR_SKIPPED)","Phê duyệt nhiệm vụ quy hoạch chi tiết tỷ lệ 1/500 dự án tổ hợp thương mại, dịch vụ nhà ở cao cấp LAVIDA CTREEN tại xã Nghĩa Hiệp, huyện Yên Mỹ","Bỏ qua (Lỗi máy chủ) - Đã thử gửi lệnh xóa nhưng máy chủ Vinasynet không cập nhật (bản ghi bị khóa)","2026-09-19 17:32:32"
1701,"H31.05.02.H31.09.2018.221","3 bản (DELETED_SUCCESS)","Về việc quy hoạch chi tiết xây dựng tỷ lệ 1\500 khu nhà ở công nhân, khu công nghiệp Kim Động. Năm 2012","Đã xóa trùng (Thành công) - Đã xóa thành công 2 bản trùng thừa, giữ lại bản chính #1","2026-09-19 17:32:46"
1702,"H31.05.02.H31.09.2018.222","3 bản (DELETED_SUCCESS)","Hồ sơ về việc quy hoạch chi tiết xây dựng tỷ lệ 1\500 dự án nâng cấp mở rộng Trung tâm điều dưỡng tâm thần kinh tại xã Ngọc Thanh, huyện Kim Động","Đã xóa trùng (Thành công) - Đã xóa thành công 2 bản trùng thừa, giữ lại bản chính #1","2026-09-19 17:33:00"
1703,"H31.05.02.H31.09.2018.223","3 bản (DELETED_SUCCESS)","Quy hoạch chi tiết xây dựng tỷ lệ 1\500 Khu nhà ở liên kề để bán Green Sea City tại thị trấn Bần Yên Nhân, huyện Mỹ Hào, tỉnh Hưng Yên","Đã xóa trùng (Thành công) - Đã xóa thành công 2 bản trùng thừa, giữ lại bản chính #1","2026-09-19 17:33:14"
1704,"H31.05.02.H31.09.2018.224","3 bản (DELETED_SUCCESS)","Quy hoạch chi tiết xây dựng tỷ lệ 1\500 và Quy hoạch phân khu tỷ lệ 1\2000 Khu công nghiệp Phố Nối A mở rộng (gia đoạn 2) huyện Mỹ Hào huyện Văn Lâm tỉnh Hưng Yên","Đã xóa trùng (Thành công) - Đã xóa thành công 2 bản trùng thừa, giữ lại bản chính #1","2026-09-19 17:33:28"
1705,"H31.05.02.H31.09.2018.225","3 bản (DELETED_SUCCESS)","Quy hoạch chi tiết xây dựng tỷ lệ 1\500 Khu nhà ở công nhân và dịch vụ khu công nghiệp dệt may Phố Nối tại xã Dị Sử, huyện Mỹ Hào","Đã xóa trùng (Thành công) - Đã xóa thành công 2 bản trùng thừa, giữ lại bản chính #1","2026-09-19 17:33:42"
1706,"H31.05.02.H31.09.2018.226","6 bản (ERROR_SKIPPED)","Điều chỉnh cục bộ quy hoạch chi tiết xây dựng tỷ lệ 1\2000 Khu công nghiệp dệt may Phố Nối - giai đoạn II. Quy  mô 96,64HA tại xã Liêu Xá, huyện Yên Mỹ và xã Dị Sử, huyện Mỹ Hào, tỉnh Hưng Yên năm 2013 - 2017 (tập 1)","Bỏ qua (Lỗi máy chủ) - Đã thử gửi lệnh xóa nhưng máy chủ Vinasynet không cập nhật (bản ghi bị khóa)","2026-09-19 17:33:59"
1707,"H31.05.02.H31.09.2018.229","50 bản (ERROR_SKIPPED)","Về việc chấp thuận Mặt bằng qui hoạch tổng thể điều chỉnh và phương án kiến trúc công trình: Siêu thị Anh Duy tại phường Hiến Nam, thành phố Hưng Yên năm 2018.","Bỏ qua (Lỗi máy chủ) - Đã thử gửi lệnh xóa nhưng máy chủ Vinasynet không cập nhật (bản ghi bị khóa)","2026-09-19 17:34:13"
1708,"H31.05.02.H31.09.2018.230","50 bản (ERROR_SKIPPED)","Về việc chấp thuận mặt bằng quy hoạch tổng thể điều chỉnh cộng phương án kiến trúc công trình: Nhà chợ kinh doanh thường xuyên thuộc dự án đầu tư xây dựng Chợ bao bì và khu nhà ở thương mại Phố Nối tại TT. Bần Yên Nhân, huyện Mỹ Hào năm 2018","Bỏ qua (Lỗi máy chủ) - Đã thử gửi lệnh xóa nhưng máy chủ Vinasynet không cập nhật (bản ghi bị khóa)","2026-09-19 17:34:28"
1709,"H31.05.02.H31.09.2018.231","50 bản (ERROR_SKIPPED)","Về việc chấp thuận mặt bằng quy hoạch tổng thể Trung tâm thương mại dịch vụ 2, thuộc dự án Khu nhà ở công nhân, nhà ở thương mại Lạc Hồng - Phố Nối tại xã Nhân Hòa, huyện Mỹ Hào năm 2018","Bỏ qua (Lỗi máy chủ) - Đã thử gửi lệnh xóa nhưng máy chủ Vinasynet không cập nhật (bản ghi bị khóa)","2026-09-19 17:34:42"
1710,"H31.05.02.H31.09.2018.232","50 bản (ERROR_SKIPPED)","Về việc chấp thuận mặt bằng quy hoạch tổng thể cộng phương án kiến trúc công trình: Trường mầm non tập trung thị trấn Trần Cao, huyện Phù Cừ năm 2018","Bỏ qua (Lỗi máy chủ) - Đã thử gửi lệnh xóa nhưng máy chủ Vinasynet không cập nhật (bản ghi bị khóa)","2026-09-19 17:34:57"
1711,"H31.05.02.H31.09.2018.233","50 bản (ERROR_SKIPPED)","Về việc chấp thuận Mặt bằng quy hoạch tổng thể điều chỉnh dự án Nhà máy sản xuất nhựa bao bì và nhựa đồ gỗ nội thất, ngoại thất - petrolimex tại xã Trưng Trắc, huyện Văn Lâm năm 2018","Bỏ qua (Lỗi máy chủ) - Đã thử gửi lệnh xóa nhưng máy chủ Vinasynet không cập nhật (bản ghi bị khóa)","2026-09-19 17:35:11"
1712,"H31.05.02.H31.09.2018.234","50 bản (ERROR_SKIPPED)","Thẩm định mặt bằng quy hoạch tổng thể dự án đầu tư xây dựng Khu nhà ở liền kề để bán và Trung tâm dịch vụ thương mại Mỹ Văn năm 2018","Bỏ qua (Lỗi máy chủ) - Đã thử gửi lệnh xóa nhưng máy chủ Vinasynet không cập nhật (bản ghi bị khóa)","2026-09-19 17:35:26"
1713,"H31.05.02.H31.09.2018.236","50 bản (ERROR_SKIPPED)","Về phương án thiết kế kiến trúc các hạng mục công trình Khu căn hộ Cảnh Hồ thuộc Khu đô thị thương mại và du lịch Văn Giang (Ecopark) năm 2018","Bỏ qua (Lỗi máy chủ) - Đã thử gửi lệnh xóa nhưng máy chủ Vinasynet không cập nhật (bản ghi bị khóa)","2026-09-19 17:35:40"
1714,"H31.05.02.H31.09.2018.237","50 bản (ERROR_SKIPPED)","Hồ sơ phương án kiến trúc dự án Ecopark Grand - The Island, mẫu biệt thự 4A - 04, huyện Văn Giang, tỉnh Hưng Yên năm 2018","Bỏ qua (Lỗi máy chủ) - Đã thử gửi lệnh xóa nhưng máy chủ Vinasynet không cập nhật (bản ghi bị khóa)","2026-09-19 17:35:54"
1715,"H31.05.02.H31.09.2018.238","50 bản (ERROR_SKIPPED)","Về việc cho ý kiến thẩm định dự án của các doanh nghiệp trên địa bàn thành phố Hưng Yên năm 2018","Bỏ qua (Lỗi máy chủ) - Đã thử gửi lệnh xóa nhưng máy chủ Vinasynet không cập nhật (bản ghi bị khóa)","2026-09-19 17:36:09"
1716,"H31.05.02.H31.09.2018.239","50 bản (ERROR_SKIPPED)","Về việc cho ý kiến thẩm định dự án của các doanh nghiệp trên địa bàn xã Chính Nghĩa, huyện Kim Động năm 2018","Bỏ qua (Lỗi máy chủ) - Đã thử gửi lệnh xóa nhưng máy chủ Vinasynet không cập nhật (bản ghi bị khóa)","2026-09-19 17:36:23"
1717,"H31.05.02.H31.09.2018.240","50 bản (ERROR_SKIPPED)","Về việc cho ý kiến thẩm định dự án của các doanh nghiệp trên địa bàn xã Toàn Thắng, huyện Kim Động năm 2018","Bỏ qua (Lỗi máy chủ) - Đã thử gửi lệnh xóa nhưng máy chủ Vinasynet không cập nhật (bản ghi bị khóa)","2026-09-19 17:36:37"
1718,"H31.05.02.H31.09.2018.241","50 bản (ERROR_SKIPPED)","Về việc cho ý kiến thẩm định dự án của các doanh nghiệp trên địa bàn xã Tân Tiến, huyện Văn Giang năm 2018 (Tập 1)","Bỏ qua (Lỗi máy chủ) - Đã thử gửi lệnh xóa nhưng máy chủ Vinasynet không cập nhật (bản ghi bị khóa)","2026-09-19 17:36:52"
1719,"H31.05.02.H31.09.2018.242","50 bản (ERROR_SKIPPED)","Về việc cho ý kiến thẩm định dự án của các doanh nghiệp trên địa bàn huyện Văn Lâm, tỉnh Hưng Yên năm 2018","Bỏ qua (Lỗi máy chủ) - Đã thử gửi lệnh xóa nhưng máy chủ Vinasynet không cập nhật (bản ghi bị khóa)","2026-09-19 17:37:06"
1720,"H31.05.02.H31.09.2018.243","50 bản (ERROR_SKIPPED)","Về việc cho ý kiến thẩm định dự án của các doanh nghiệp trên địa bàn xã Tân Quang, huyện Văn Lâm năm 2018","Bỏ qua (Lỗi máy chủ) - Đã thử gửi lệnh xóa nhưng máy chủ Vinasynet không cập nhật (bản ghi bị khóa)","2026-09-19 17:37:21"
1721,"H31.05.02.H31.09.2018.244","50 bản (ERROR_SKIPPED)","Về việc cho ý kiến thẩm định dự án của các doanh nghiệp trên địa bàn xã Trung Hòa và thị trấn Yên Mỹ, huyện Yên Mỹ năm 2018","Bỏ qua (Lỗi máy chủ) - Đã thử gửi lệnh xóa nhưng máy chủ Vinasynet không cập nhật (bản ghi bị khóa)","2026-09-19 17:37:35"
1722,"H31.05.02.H31.09.2018-2019.245","50 bản (ERROR_SKIPPED)","Cung cấp thông tin về cốt nền quy hoạch Khu vực Trạm biến áp 110kV thuộc dự án đường dây và trạm biến áp 110kV Yên Mỹ 2 năm 2018","Bỏ qua (Lỗi máy chủ) - Đã thử gửi lệnh xóa nhưng máy chủ Vinasynet không cập nhật (bản ghi bị khóa)","2026-09-19 17:37:50"
1723,"H31.05.02.H31.09.2018-2019.246","50 bản (ERROR_SKIPPED)","Về việc chấp thuận mặt bằng quy hoạch tổng thể điều chỉnh ngân hàng chính sách xã hội huyện Ân Thị tại thị trấn Ân Thị","Bỏ qua (Lỗi máy chủ) - Đã thử gửi lệnh xóa nhưng máy chủ Vinasynet không cập nhật (bản ghi bị khóa)","2026-09-19 17:38:04"
1724,"H31.05.02.H31.09.2019.247","50 bản (ERROR_SKIPPED)","Về việc chấp thuận điều chỉnh mặt bằng quy hoạch chia lô tỷ lệ 1/500 Khu biệt thự đảo (giai đoạn 1) Khu đô thị thương mại và du lịch Văn Giang (Ecopark)","Bỏ qua (Lỗi máy chủ) - Đã thử gửi lệnh xóa nhưng máy chủ Vinasynet không cập nhật (bản ghi bị khóa)","2026-09-19 17:38:18"
1725,"H31.05.02.H31.09.2019.248","50 bản (ERROR_SKIPPED)","Phương án kiến trúc công trình Siêu thị sách Hưng Yên tại phường An Tảo, thành phố Hưng Yên","Bỏ qua (Lỗi máy chủ) - Đã thử gửi lệnh xóa nhưng máy chủ Vinasynet không cập nhật (bản ghi bị khóa)","2026-09-19 17:38:33"
1726,"H31.05.02.H31.09.2019.249","50 bản (ERROR_SKIPPED)","Phương án thiết kế kiến trúc công trình khách sạn Quỳnh Trang thuộc dự án khu thương mại và dịch vụ Quỳnh Trang tại xã Trưng Trắc, huyện Văn Lâm","Bỏ qua (Lỗi máy chủ) - Đã thử gửi lệnh xóa nhưng máy chủ Vinasynet không cập nhật (bản ghi bị khóa)","2026-09-19 17:38:47"
1727,"H31.05.02.H31.09.2019.250","50 bản (ERROR_SKIPPED)","Về việc cho ý kiến thẩm định dự án các doanh nghiệp trên địa bàn thành phố Hưng Yên (tập 2)","Bỏ qua (Lỗi máy chủ) - Đã thử gửi lệnh xóa nhưng máy chủ Vinasynet không cập nhật (bản ghi bị khóa)","2026-09-19 17:39:01"
1728,"H31.05.02.H31.09.2019.251","50 bản (ERROR_SKIPPED)","Về việc cho ý kiến thẩm định dự án của các doanh nghiệp trên địa bàn xã Phùng Chí Kiên và xã Cẩm Xá, huyện Mỹ Hào","Bỏ qua (Lỗi máy chủ) - Đã thử gửi lệnh xóa nhưng máy chủ Vinasynet không cập nhật (bản ghi bị khóa)","2026-09-19 17:39:16"
1729,"H31.05.02.H31.09.2019.257","50 bản (ERROR_SKIPPED)","Thỏa thuận nội dụng dự án quy hoạch chi tiết tỷ lệ 1/500 Trung tâm thương mại quốc tế Kinh Hoa Mỹ Việt tại huyên Mỹ Hào năm 2010","Bỏ qua (Lỗi máy chủ) - Đã thử gửi lệnh xóa nhưng máy chủ Vinasynet không cập nhật (bản ghi bị khóa)","2026-09-19 17:39:30"
1730,"H31.05.02.H31.09.2019.258","50 bản (ERROR_SKIPPED)","Về việc tham gia ý kiến cho vị trí xây dựng Nhà ăn Huyện ủy Văn Lâm năm 2013","Bỏ qua (Lỗi máy chủ) - Đã thử gửi lệnh xóa nhưng máy chủ Vinasynet không cập nhật (bản ghi bị khóa)","2026-09-19 17:39:45"
1731,"H31.05.02.H31.09.2019.259","50 bản (ERROR_SKIPPED)","Hồ sơ tham gia ý kiến về đồ án quy hoạch và đồ án quy hoạch xây dựng chi tiết tỷ lệ 1/500 Khu trung tâm hành chính huyện Mỹ Hào năm 2015","Bỏ qua (Lỗi máy chủ) - Đã thử gửi lệnh xóa nhưng máy chủ Vinasynet không cập nhật (bản ghi bị khóa)","2026-09-19 17:39:59"
1732,"H31.05.02.H31.09.2019.260","50 bản (ERROR_SKIPPED)","Góp ý kiến vào đồ án điều chỉnh quy hoạch chung xây dựng huyện Văn Giang đến năm 2035","Bỏ qua (Lỗi máy chủ) - Đã thử gửi lệnh xóa nhưng máy chủ Vinasynet không cập nhật (bản ghi bị khóa)","2026-09-19 17:40:13"
1733,"H31.05.02.H31.09.2019.261","50 bản (ERROR_SKIPPED)","Chấp thuận mặt bằng quy hoạch tổng thể điều chình cục bộ dự án Khu nhà ở dành cho người thu nhập thấp tại phường Hiến Nam, TP Hưng Yên Tập II","Bỏ qua (Lỗi máy chủ) - Đã thử gửi lệnh xóa nhưng máy chủ Vinasynet không cập nhật (bản ghi bị khóa)","2026-09-19 17:40:27"
1734,"H31.05.02.H31.09.2019.262","50 bản (ERROR_SKIPPED)","Đề nghị thẩm định quy hoạch chi tiết xây dựng cụm công nghiệp Lương Bằng - Hiệp Cường huyện Kim Động, tỷ lệ 1/500 năm 2019","Bỏ qua (Lỗi máy chủ) - Đã thử gửi lệnh xóa nhưng máy chủ Vinasynet không cập nhật (bản ghi bị khóa)","2026-09-19 17:40:42"
1735,"H31.05.02.H31.09.2019.263","3 bản (DELETED_SUCCESS)","Quy hoạch chi tiết xây dựng tỷ lệ 1\500 khu đô thị sinh thái Dream City, huyện Văn Giang tại xã Long Hưng, xã Nghĩa Trụ, xã huyện Văn Giang (tập 1)","Đã xóa trùng (Thành công) - Đã xóa thành công 2 bản trùng thừa, giữ lại bản chính #1","2026-09-19 17:40:56"
1736,"H31.05.02.H31.09.2019.264","3 bản (DELETED_SUCCESS)","Quy hoạch chi tiết xây dựng tỷ lệ 1\500 khu đô thị sinh thái Dam city huyện Văn Giang tại xã Long Hưng, xã Nghĩa Trụ, huyện Văn Giang (tập 2)","Đã xóa trùng (Thành công) - Đã xóa thành công 2 bản trùng thừa, giữ lại bản chính #1","2026-09-19 17:41:10"
1737,"H31.05.02.H31.09.2019.265","3 bản (DELETED_SUCCESS)","Hồ sơ quy hoạch chi tiết xây dựng khu đô thị sinh thái Dream City tỷ lệ 1\2000 tại huyện Văn Giang, tỉnh Hưng Yên năm 2014 (tập 1)","Đã xóa trùng (Thành công) - Đã xóa thành công 2 bản trùng thừa, giữ lại bản chính #1","2026-09-19 17:41:24"
1738,"H31.05.02.H31.09.2019.266","3 bản (DELETED_SUCCESS)","Quy hoạch chi tiết xây dựng khu đô thị sinh thái Dream City tỷ lệ 1\2000 tại huyện Văn Giang, tỉnh Hưng Yên năm 2014 (tập 2)","Đã xóa trùng (Thành công) - Đã xóa thành công 2 bản trùng thừa, giữ lại bản chính #1","2026-09-19 17:41:38"
1739,"H31.05.02.H31.09.2019.267","3 bản (DELETED_SUCCESS)","Quy hoạch phân khu xây dựng tỷ lệ 1\2000 khu đô thị Văn Giang, huyện Văn Giang năm 2019","Đã xóa trùng (Thành công) - Đã xóa thành công 2 bản trùng thừa, giữ lại bản chính #1","2026-09-19 17:41:52"
1740,"H31.05.02.H31.09.2019.268","3 bản (DELETED_SUCCESS)","Về việc phê duyệt quy hoạch phân khu xây dựng tỷ lệ 1\2000 khu đô thị Văn Giang huyện Văn Giang, tỉnh Hưng Yên","Đã xóa trùng (Thành công) - Đã xóa thành công 2 bản trùng thừa, giữ lại bản chính #1","2026-09-19 17:42:06"
1741,"H31.05.02.H31.09.2019.269","3 bản (DELETED_SUCCESS)","Điều chính quy hoạch chi tiết xây dựng tỷ lệ 1\500 cụm công nghiệp sạch huyện Văn Giang, phía Tây đường liên tỉnh Hà Nội - Hưng Yên tại xã Tân Tiến, huyện Văn Giang","Đã xóa trùng (Thành công) - Đã xóa thành công 2 bản trùng thừa, giữ lại bản chính #1","2026-09-19 17:42:20"
1742,"H31.05.02.H31.09.2019.270","3 bản (DELETED_SUCCESS)","Quy hoạch chi tiết xây dựng khu đô thị Đại An tỷ lệ 1\500 huyện Văn Lâm -Văn Giang, tỉnh Hưng Yên","Đã xóa trùng (Thành công) - Đã xóa thành công 2 bản trùng thừa, giữ lại bản chính #1","2026-09-19 17:42:34"
1743,"H31.05.02.H31.09.2019.271","3 bản (DELETED_SUCCESS)","Quy hoạch chi tiết xây dựng tỷ lệ 1\500 cụm công nghiệp Minh Hải 1, huyện Văn Lâm, tỉnh Hưng Yên","Đã xóa trùng (Thành công) - Đã xóa thành công 2 bản trùng thừa, giữ lại bản chính #1","2026-09-19 17:42:48"
1744,"H31.05.02.H31.09.2019.272","3 bản (DELETED_SUCCESS)","Quy hoạch chi tiết xây dựng tỉ lệ 1\500 Cụm công nghiệp Minh Khai, huyện Văn Lâm, tỉnh Hưng Yên","Đã xóa trùng (Thành công) - Đã xóa thành công 2 bản trùng thừa, giữ lại bản chính #1","2026-09-19 17:43:02"
1745,"H31.05.02.H31.09.2019.273","3 bản (DELETED_SUCCESS)","Điêu chính quy hoạch chi tiết tỷ lệ 1\2000 xây dựng hạ tầng kỹ thuật cụm công nghiệp Minh Khai mở rộng TT. Như Quỳnh, huyện Văn Lâm","Đã xóa trùng (Thành công) - Đã xóa thành công 2 bản trùng thừa, giữ lại bản chính #1","2026-09-19 17:43:17"
1746,"H31.05.02.H31.09.2019.274","3 bản (DELETED_SUCCESS)","Điều chỉnh quy hoạch chi tiết xây dựng tỷ lệ 1\500 dự án trung tâm thương mại và khu dân cư Ngọc Đà, Như Quỳnh - huyện Văn Lâm - Hưng Yên","Đã xóa trùng (Thành công) - Đã xóa thành công 2 bản trùng thừa, giữ lại bản chính #1","2026-09-19 17:43:31"
1747,"H31.05.02.H31.09.2019.275","3 bản (DELETED_SUCCESS)","Quy hoạch chi tiết xây dựng tỷ lệ 1\500 Dự án tổ hợp thương mại, dịch vụ - Nhà ở cao cấp LAVIDA GREEN tại xã Nghĩa Hiệp, huyện Yên Mỹ","Đã xóa trùng (Thành công) - Đã xóa thành công 2 bản trùng thừa, giữ lại bản chính #1","2026-09-19 17:43:45"
1748,"H31.05.02.H31.09.2019.276","3 bản (DELETED_SUCCESS)","Quy hoạch chi tiết xây dựng tỷ lệ 1\500 kho ngoại quan Văn Sơn tại xã Giai Phạm và Ngọc Long, huyện Yên Mỹ","Đã xóa trùng (Thành công) - Đã xóa thành công 2 bản trùng thừa, giữ lại bản chính #1","2026-09-19 17:43:59"
1749,"H31.05.02.H31.09.2019.277","3 bản (DELETED_SUCCESS)","Quy hoạch chi tiết xây dựng tỷ lệ 1\500 Dự án đầu tư xây dựng khu nhà ở thương mại 319 xã Tân Lập và TT Yên Mỹ, huyện Yên Mỹ, tỉnh Hưng Yên","Đã xóa trùng (Thành công) - Đã xóa thành công 2 bản trùng thừa, giữ lại bản chính #1","2026-09-19 17:44:13"
1750,"H31.05.02.H31.09.2019.278","3 bản (DELETED_SUCCESS)","Quy hoạch chi tiết xây dựng tỷ lệ 1\500 khu nhà ở thương mại Hoàng Long trên địa bàn thị trấn Yên Mỹ, huyện Yên Mỹ","Đã xóa trùng (Thành công) - Đã xóa thành công 2 bản trùng thừa, giữ lại bản chính #1","2026-09-19 17:44:27"
1751,"H31.05.02.H31.09.2019.279","3 bản (DELETED_SUCCESS)","Quy hoạch chi tiết xây dựng tỉ lệ 1\2000 KCN Lý Thường Kiệt, tỉnh Hưng Yên - Quy mô 319,4577 ha trên địa bàn huyện Yên Mỹ, huyện Khoái Châu, huyện Ân Thi, tỉnh Hưng Yên","Đã xóa trùng (Thành công) - Đã xóa thành công 2 bản trùng thừa, giữ lại bản chính #1","2026-09-19 17:44:41"
1752,"H31.05.02.H31.09.2019.280","3 bản (DELETED_SUCCESS)","Quy hoạch phân khu xây dựng tỉ lệ 1\2000 KCN Lý Thường Kiệt trên địa bàn huyện Yên Mỹ, huyện Khoái Châu, huyện Ân Thi - tỉnh Hưng Yên","Đã xóa trùng (Thành công) - Đã xóa thành công 2 bản trùng thừa, giữ lại bản chính #1","2026-09-19 17:44:55"
1753,"H31.05.02.H31.09.2014.549","1 bản (CLEAN_OK)","Hồ sơ chứng nhận quyền sở hữu nhà ở, tài sản gắn liền với đất dự án: Nhà máy sản xuất dầu và khô đậu tương Thị trấn Lương Bằng, huyện Kim Động năm 2014","Đạt chuẩn (1 bản duy nhất) - Hồ sơ chuẩn, không có bản trùng thừa","2026-09-19 17:44:58"
1754,"H31.05.02.H31.09.2014.548","1 bản (CLEAN_OK)","Hồ sơ chứng nhận quyền sở hữu nhà ở, tài sản gắn liền với đất dự án: Chợ trung tâm mua sắm Tiến Đạt xã Giai Phạm, Huyện Yên Mỹ năm 2014","Đạt chuẩn (1 bản duy nhất) - Hồ sơ chuẩn, không có bản trùng thừa","2026-09-19 17:45:00"
1755,"H31.05.02.H31.09.2014.547","1 bản (CLEAN_OK)","Hồ sơ chứng nhận quyền sở hữu nhà ở, tài sản gắn liền với đất dự án: Chi nhánh công ty xây dựng số 18 thị trấn Bần Yên Nhân, huyện Mỹ Hào năm 2014","Đạt chuẩn (1 bản duy nhất) - Hồ sơ chuẩn, không có bản trùng thừa","2026-09-19 17:45:03"
1756,"H31.05.02.H31.09.2014.546","1 bản (CLEAN_OK)","Hồ sơ chứng nhận quyền sở hữu nhà ở, tài sản gắn liền với đất dự án: Nhà máy kết cấu thép - thiết bị nâng hạ xã Minh Đức, huyện Mỹ Hào năm 2014","Đạt chuẩn (1 bản duy nhất) - Hồ sơ chuẩn, không có bản trùng thừa","2026-09-19 17:45:05"
1757,"H31.05.02.H31.09.2014.545","1 bản (CLEAN_OK)","Hồ sơ chứng nhận quyền sở hữu nhà ở, tài sản gắn liền với đất dự án: Nhà máy gạch Tuynel xã Phan Đình Phùng, huyện Mỹ Hào năm 2014. Tập 3: Hồ sơ bản vẽ hoàn công, các văn bản pháp lý","Đạt chuẩn (1 bản duy nhất) - Hồ sơ chuẩn, không có bản trùng thừa","2026-09-19 17:45:07"
1758,"H31.05.02.H31.09.2014.544","1 bản (CLEAN_OK)","Hồ sơ chứng nhận quyền sở hữu nhà ở, tài sản gắn liền với đất dự án: Nhà máy gạch Tuynel xã Tận Châu, huyện Khoái Châu năm 2014. Tập 3: Hồ sơ bản vẽ hoàn công, các văn bản pháp lý","Đạt chuẩn (1 bản duy nhất) - Hồ sơ chuẩn, không có bản trùng thừa","2026-09-19 17:45:10"
1759,"H31.05.02.H31.09.2014.543","1 bản (CLEAN_OK)","Hồ sơ chứng nhận quyền sở hữu nhà ở, tài sản gắn liền với đất dự án: Nhà máy gạch Tuynel xã Tân Châu, huyện Khoái Châu năm 2009; Tập 2: Hồ sơ hoàn công quyển 4,6","Đạt chuẩn (1 bản duy nhất) - Hồ sơ chuẩn, không có bản trùng thừa","2026-09-19 17:45:12"
1760,"H31.05.02.H31.09.2014.542","1 bản (CLEAN_OK)","Hồ sơ chứng nhận quyền sở hữu nhà ở, tài sản gắn liền với đất dự án: Nhà máy gạch Tuynel xã Tân Châu, huyện Khoái Châu năm 2009; Tập 1: Hồ sơ hoàn công quyển 1,3","Đạt chuẩn (1 bản duy nhất) - Hồ sơ chuẩn, không có bản trùng thừa","2026-09-19 17:45:15"
1761,"H31.05.02.H31.09.2014.541","1 bản (CLEAN_OK)","Hồ sơ chứng nhận quyền sở hữu nhà ở, tài sản gắn liền với đất dự án: Xây dựng nhà máy bao bì Tân Việt xã Tân Quang, huyện Văn Lâm năm 2014","Đạt chuẩn (1 bản duy nhất) - Hồ sơ chuẩn, không có bản trùng thừa","2026-09-19 17:45:17"
1762,"H31.05.02.H31.09.2014.540","1 bản (CLEAN_OK)","Hồ sơ chứng nhận quyền sở hữu nhà ở, tài sản gắn liền với đất dự án: Nhà máy sản xuất khoáng chế biến hoa quả xã Trưng Trắc, huyện Văn Lâm năm 2014","Đạt chuẩn (1 bản duy nhất) - Hồ sơ chuẩn, không có bản trùng thừa","2026-09-19 17:45:19"
1763,"H31.05.02.H31.09.2014.539","1 bản (CLEAN_OK)","Hồ sơ chứng nhận quyền sở hữu nhà ở, tài sản gắn liền với đất dự án: Cơ sở giáo dục mầm non Hoa Sữa thị trấn Như Quỳnh, huyện Văn Lâm năm 2014","Đạt chuẩn (1 bản duy nhất) - Hồ sơ chuẩn, không có bản trùng thừa","2026-09-19 17:45:22"
1764,"H31.05.02.H31.09.2014.538","2 bản (DELETED_SUCCESS)","Hồ sơ chứng nhận quyền sở hữu nhà ở, tài sản gắn liền với đất dự án: Nhà máy Everpia xã Tân Quang, huyện Văn Lâm năm 2014","Đã xóa trùng (Thành công) - Đã xóa thành công 1 bản trùng thừa, giữ lại bản chính #1","2026-09-19 17:45:30"
1765,"H31.05.02.H31.09.2014.537","3 bản (DELETED_SUCCESS)","Hồ sơ chứng nhận quyền sở hữu nhà ở, tài sản gắn liền với đất dự án: Nhà máy thép công nghiệp Nhật Quang xã Lạc Đạo, huyện Văn Lâm năm 2014. Tập 5: Bản vẽ Hoàn công, bản vẽ hoàn công hồ sơ thiết kế kỹ thuật thi công, Các văn bản pháp lý","Đã xóa trùng (Thành công) - Đã xóa thành công 2 bản trùng thừa, giữ lại bản chính #1","2026-09-19 17:45:45"
1766,"H31.05.02.H31.09.2014.536","3 bản (DELETED_SUCCESS)","Hồ sơ chứng nhận quyền sở hữu nhà ở, tài sản gắn liền với đất dự án: Nhà máy thép công nghiệp Nhật Quang xã Lạc Đạo, huyện Văn Lâm năm 2005. Tập 4: Bản vẽ Hoàn công - Khu B","Đã xóa trùng (Thành công) - Đã xóa thành công 2 bản trùng thừa, giữ lại bản chính #1","2026-09-19 17:45:59"
1767,"H31.05.02.H31.09.2014.535","3 bản (DELETED_SUCCESS)","Hồ sơ chứng nhận quyền sở hữu nhà ở, tài sản gắn liền với đất dự án: Nhà máy thép công nghiệp Nhật Quang xã Lạc Đạo, huyện Văn Lâm năm 2013. Tập 3: Bản vẽ Hoàn công - Khu A","Đã xóa trùng (Thành công) - Đã xóa thành công 2 bản trùng thừa, giữ lại bản chính #1","2026-09-19 17:46:13"
1768,"H31.05.02.H31.09.2014.534","3 bản (DELETED_SUCCESS)","Hồ sơ chứng nhận quyền sở hữu nhà ở, tài sản gắn liền với đất dự án: Nhà máy thép công nghiệp Nhật Quang xã Lạc Đạo, huyện Văn Lâm năm 2008. Tập 2: Hồ sơ thiết kế kỹ thuật thi công - Khu B","Đã xóa trùng (Thành công) - Đã xóa thành công 2 bản trùng thừa, giữ lại bản chính #1","2026-09-19 17:46:28"
1769,"H31.05.02.H31.09.2014.533","3 bản (DELETED_SUCCESS)","Hồ sơ chứng nhận quyền sở hữu nhà ở, tài sản gắn liền với đất dự án: Nhà máy thép công nghiệp Nhật Quang xã Lạc Đạo, huyện Văn Lâm năm 2005. Tập 1: Hồ sơ thiết kế kỹ thuật thi công - Khu A","Đã xóa trùng (Thành công) - Đã xóa thành công 2 bản trùng thừa, giữ lại bản chính #1","2026-09-19 17:46:42"
1770,"H31.05.02.H31.09.2014.532","3 bản (DELETED_SUCCESS)","Hồ sơ chứng nhận quyền sở hữu nhà ở, tài sản gắn liền với đất dự án: Nhà máy sản xuất, lắp ráp điện lạnh điện gia dụng Cao cấp Việt Úc huyện Văn Lâm năm 2014","Đã xóa trùng (Thành công) - Đã xóa thành công 2 bản trùng thừa, giữ lại bản chính #1","2026-09-19 17:46:56"
1771,"H31.05.02.H31.09.2013.531","3 bản (DELETED_SUCCESS)","Hồ sơ chứng nhận quyền sở hữu nhà ở, tài sản gắn liền với đất dự án: Nhà máy sản xuất Cty TNHH dịch vụ TM&PT Thành Công xã Liêu Xá, huyện Yên Lạc năm 2013","Đã xóa trùng (Thành công) - Đã xóa thành công 2 bản trùng thừa, giữ lại bản chính #1","2026-09-19 17:47:10"
1772,"H31.05.02.H31.09.2013.530","3 bản (DELETED_SUCCESS)","Hồ sơ chứng nhận quyền sở hữu nhà ở, tài sản gắn liền với đất dự án: Cty TNHH Thái Hưng xã Đoàn Đào, huyện Phù Cừ năm 2013","Đã xóa trùng (Thành công) - Đã xóa thành công 2 bản trùng thừa, giữ lại bản chính #1","2026-09-19 17:47:24"
1773,"H31.05.02.H31.09.2013.529","3 bản (DELETED_SUCCESS)","Hồ sơ chứng nhận quyền sở hữu nhà ở, tài sản gắn liền với đất dự án: Nâng cấp mở rộng bến xếp, dỡ hàng Triều Dương xã Hải Triều, huyện Tiên Lữ năm 2013","Đã xóa trùng (Thành công) - Đã xóa thành công 2 bản trùng thừa, giữ lại bản chính #1","2026-09-19 17:47:38"
1774,"H31.05.02.H31.09.2013.528","3 bản (DELETED_SUCCESS)","Hồ sơ chứng nhận quyền sở hữu nhà ở, tài sản gắn liền với đất dự án: Nhà xưởng Công ty TNHH Foremart Việt Nam huyện Ân Thi năm 2013","Đã xóa trùng (Thành công) - Đã xóa thành công 2 bản trùng thừa, giữ lại bản chính #1","2026-09-19 17:47:52"
1775,"H31.05.02.H31.09.2013.527","3 bản (DELETED_SUCCESS)","Hồ sơ chứng nhận quyền sở hữu nhà ở; tài sản gắn liền với đất dự án: Nhà xưởng Công ty TNHH Foremart Việt Nam huyện Ân Thi năm 2012","Đã xóa trùng (Thành công) - Đã xóa thành công 2 bản trùng thừa, giữ lại bản chính #1","2026-09-19 17:48:06"
1776,"H31.05.02.H31.09.2013.526","3 bản (DELETED_SUCCESS)","Hồ sơ chứng nhận quyền sở hữu nhà ở, tài sản gắn liền với đất dự án: Trung tâm giống cây trồng chi nhánh Quang Vinh xã Quang Vinh huyện Ân Thi năm 2013","Đã xóa trùng (Thành công) - Đã xóa thành công 2 bản trùng thừa, giữ lại bản chính #1","2026-09-19 17:48:21"
1777,"H31.05.02.H31.09.2013.525","3 bản (DELETED_SUCCESS)","Hồ sơ chứng nhận quyền sở hữu nhà ở, tài sản gắn liền với đất dự án: Siêu thị vật liệu xây dựng Nguyệt Hồ phường Lam Sơn, Tp Hưng Yên năm 2013","Đã xóa trùng (Thành công) - Đã xóa thành công 2 bản trùng thừa, giữ lại bản chính #1","2026-09-19 17:48:35"
1778,"H31.05.02.H31.09.2013.524","3 bản (DELETED_SUCCESS)","Hồ sơ chứng nhận quyền sở hữu nhà ở, tài sản gắn liền với đất dự án: Công trình nhà làm việc số 7, Nguyễn Văn Linh, Phường An Tảo Tp Hưng Yên năm 2013","Đã xóa trùng (Thành công) - Đã xóa thành công 2 bản trùng thừa, giữ lại bản chính #1","2026-09-19 17:48:49"
1779,"H31.05.02.H31.09.2013.523","3 bản (DELETED_SUCCESS)","Hồ sơ chứng nhận quyền sở hữu nhà ở, tài sản gắn liền với đất công trình: Xưởng sản xuất đồ gỗ mỹ nghệ cao cấp - CTY TNHH Mai Trang Tp Hưng Yên năm 2013. Tập 2: Bản vẽ hoàn công, các văn bản Pháp lý","Đã xóa trùng (Thành công) - Đã xóa thành công 2 bản trùng thừa, giữ lại bản chính #1","2026-09-19 17:49:04"
1780,"H31.05.02.H31.09.2013.522","3 bản (DELETED_SUCCESS)","Hồ sơ chứng nhận quyền sở hữu nhà ở, tài sản gắn liền với đất công trình: Xưởng sản xuất đồ gỗ mỹ nghệ cao cấp - Công ty TNHH Mai Trang TP Hưng Yên năm 2011. Tập 1: Hồ sơ thiết kế kỹ thuật thi công, Hồ sơ thiết kế kỹ thuật thi công nhà giới thiệu sản phẩm","Đã xóa trùng (Thành công) - Đã xóa thành công 2 bản trùng thừa, giữ lại bản chính #1","2026-09-19 17:49:18"
1781,"H31.05.02.H31.09.2013.521","3 bản (DELETED_SUCCESS)","Hồ sơ chứng nhận quyền sở hữu nhà ở, tài sản gắn liền với đất dự án: Nhà máy chế biến nông sản xuất khẩu Thị trấn Lương Bằng, huyện Kim Động năm 2013","Đã xóa trùng (Thành công) - Đã xóa thành công 2 bản trùng thừa, giữ lại bản chính #1","2026-09-19 17:49:32"
1782,"H31.05.02.H31.09.2013.520","3 bản (DELETED_SUCCESS)","Hồ sơ chứng nhận quyền sở hữu nhà ở, tài sản gắn liền với đất dự án: Nhà máy dệt áo len và may xuất khẩu Rồng Vàng Thị trấn Lương Bằng, huyện Kim Động năm 2013","Đã xóa trùng (Thành công) - Đã xóa thành công 2 bản trùng thừa, giữ lại bản chính #1","2026-09-19 17:49:46"
1783,"H31.05.02.H31.09.2013.519","3 bản (DELETED_SUCCESS)","Hồ sơ chứng nhận quyền sở hữu nhà ở, tài sản gắn liền với đất dự án: Xưởng sản xuất và kinh doanh rượu Trương Xá xã Toàn Thắng, huyện Kim Động năm 2013","Đã xóa trùng (Thành công) - Đã xóa thành công 2 bản trùng thừa, giữ lại bản chính #1","2026-09-19 17:50:01"
1784,"H31.05.02.H31.09.2013.518","3 bản (DELETED_SUCCESS)","Hồ sơ chứng nhận quyền sở hữu nhà ở, tài sản gắn liền với đất dự án: Nhà máy sản xuất ống nhựa Hà An thị trấn Yên Mỹ, huyện Yên Mỹ năm 2013","Đã xóa trùng (Thành công) - Đã xóa thành công 2 bản trùng thừa, giữ lại bản chính #1","2026-09-19 17:50:15"
1785,"H31.05.02.H31.09.2013.517","3 bản (DELETED_SUCCESS)","Hồ sơ chứng nhận quyền sở hữu nhà ở, tài sản gắn liền với đất dự án: công trình nhà máy sản xuất tấm lợp kim loại và khung nhà thép Thị trấn Yên Mỹ, huyện Yên Mỹ năm 2013","Đã xóa trùng (Thành công) - Đã xóa thành công 2 bản trùng thừa, giữ lại bản chính #1","2026-09-19 17:50:30"
1786,"H31.05.02.H31.09.2013.516","3 bản (DELETED_SUCCESS)","Hồ sơ chứng nhận quyền sở hữu nhà ở, tài sản gắn liền với đất dự án: Nhà máy sản xuất xã Di Sử, huyện Mỹ Hào năm 2013","Đã xóa trùng (Thành công) - Đã xóa thành công 2 bản trùng thừa, giữ lại bản chính #1","2026-09-19 17:50:44"
1787,"H31.05.02.H31.09.2013.515","3 bản (DELETED_SUCCESS)","Hồ sơ chứng nhận quyền sở hữu nhà ở, tài sản gắn liền với đất dự án: Nhà văn phòng; Xưởng sản xuất số 01; xưởng sản xuất số 02; xưởng sản xuất số 03 xã Xuân Dục, huyện Mỹ Hào năm 2013","Đã xóa trùng (Thành công) - Đã xóa thành công 2 bản trùng thừa, giữ lại bản chính #1","2026-09-19 17:50:58"
1788,"H31.05.02.H31.09.2013.514","3 bản (DELETED_SUCCESS)","Hồ sơ chứng nhận quyền sở hữu nhà ở, tài sản gắn liền với đất dự án: Nhà máy K.P.I xã Bạch Sam, huyện Mỹ Hào năm 2013","Đã xóa trùng (Thành công) - Đã xóa thành công 2 bản trùng thừa, giữ lại bản chính #1","2026-09-19 17:51:13"
1789,"H31.05.02.H31.09.2013.513","3 bản (DELETED_SUCCESS)","Hồ sơ chứng nhận quyền sở hữu nhà ở, tài sản gắn liền với đất dự án: Nhà máy sản xuất bu lông, ốc vít và sản phẩm cơ khí xã Phùng Chí Kiên, huyện Mỹ Hào năm 2013","Đã xóa trùng (Thành công) - Đã xóa thành công 2 bản trùng thừa, giữ lại bản chính #1","2026-09-19 17:51:27"
1790,"H31.05.02.H31.09.2013.512","3 bản (DELETED_SUCCESS)","Hồ sơ chứng nhận quyền sở hữu nhà ở, tài sản gắn liền với đất dự án: Nhà máy chế biến nông sản và thức ăn chăn nuôi huyện Khoái Châu năm 2013","Đã xóa trùng (Thành công) - Đã xóa thành công 2 bản trùng thừa, giữ lại bản chính #1","2026-09-19 17:51:41"
1791,"H31.05.02.H31.09.2013.511","3 bản (DELETED_SUCCESS)","Hồ sơ chứng nhận quyền sở hữu nhà ở, tài sản gắn liền với đất dự án: Công ty gốm sứ Kumho xã Long Hưng, huyện Văn Giang năm 2013","Đã xóa trùng (Thành công) - Đã xóa thành công 2 bản trùng thừa, giữ lại bản chính #1","2026-09-19 17:51:56"
1792,"H31.05.02.H31.09.2013.510","3 bản (DELETED_SUCCESS)","Hồ sơ chứng nhận quyền sở hữu nhà ở, tài sản gắn liền với đất dự án: Nhà máy chế biến và sản xuất đồ gỗ xã Vĩnh Khúc, huyện Văn Giang năm 2013","Đã xóa trùng (Thành công) - Đã xóa thành công 2 bản trùng thừa, giữ lại bản chính #1","2026-09-19 17:52:10"
1793,"H31.05.02.H31.09.2013.509","3 bản (DELETED_SUCCESS)","Hồ sơ chứng nhận quyền sở hữu nhà ở, tài sản gắn liền với đất dự án: Trung tâm thương mại dịch vụ Phương Hải xã Trưng Trắc, huyện Văn Lâm năm 2013","Đã xóa trùng (Thành công) - Đã xóa thành công 2 bản trùng thừa, giữ lại bản chính #1","2026-09-19 17:52:25"
1794,"H31.05.02.H31.09.2013.508","3 bản (DELETED_SUCCESS)","Hồ sơ chứng nhận quyền sở hữu nhà ở, tài sản gắn liền với đất dự án: Nhà sản xuất văn phòng phẩm xã Tân Quang, huyện Văn Lâm năm 2013","Đã xóa trùng (Thành công) - Đã xóa thành công 2 bản trùng thừa, giữ lại bản chính #1","2026-09-19 17:52:39"
1795,"H31.05.02.H31.09.2013.507","3 bản (DELETED_SUCCESS)","Hồ sơ chứng nhận quyền sở hữu nhà ở, tài sản gắn liền với đất dự án: Nhà sản xuất bao bì xã Tân Quang, huyện Văn lâm năm 2013","Đã xóa trùng (Thành công) - Đã xóa thành công 2 bản trùng thừa, giữ lại bản chính #1","2026-09-19 17:52:53"
1796,"H31.05.02.H31.09.2013.506","3 bản (DELETED_SUCCESS)","Hồ sơ chứng nhận quyền sở hữu nhà ở, tài sản gắn liền với đất dự án: Xưởng gia công cán Cán kéo thép xã Chỉ Đạo, huyện Văn Lâm năm 2013","Đã xóa trùng (Thành công) - Đã xóa thành công 2 bản trùng thừa, giữ lại bản chính #1","2026-09-19 17:53:07"
1797,"H31.05.02.H31.09.2012.505","3 bản (DELETED_SUCCESS)","Hồ sơ chứng nhận quyền sở hữu nhà ở, tài sản gắn liền với đất dự án: Trường Mầm non Sao Sáng Tp Hưng Yên năm 2012","Đã xóa trùng (Thành công) - Đã xóa thành công 2 bản trùng thừa, giữ lại bản chính #1","2026-09-19 17:53:21"
1798,"H31.05.02.H31.09.2012.504","3 bản (DELETED_SUCCESS)","Hồ sơ chứng nhận quyền sở hữu nhà ở, tài sản gắn liền với đất dự án: Công trình trụ sở NH TMCP Đông Á - PGD Phố Hiến 64 Nguyễn Thiện Thuật, phường Lê Lợi Tp Hưng Yên năm 2012","Đã xóa trùng (Thành công) - Đã xóa thành công 2 bản trùng thừa, giữ lại bản chính #1","2026-09-19 17:53:35"
1799,"H31.05.02.H31.09.2012.503","3 bản (DELETED_SUCCESS)","Hồ sơ chứng nhận quyền sở hữu nhà ở, tài sản gắn liền với đất dự án: Xây dựng trụ sở cơ quan 44 Nguyễn Thiện Thuật, phường Lê Lợi, Tp Hưng Yên năm 2012","Đã xóa trùng (Thành công) - Đã xóa thành công 2 bản trùng thừa, giữ lại bản chính #1","2026-09-19 17:53:49"
1800,"H31.05.02.H31.09.2012.502","3 bản (DELETED_SUCCESS)","Hồ sơ chứng nhận quyền sở hữu nhà ở, tài sản gắn liền với đất dự án: Trung tâm trưng bày bán hàng, nhà ăn, nhà xưởng Bảo hiểm Ô tô, TP Hưng Yên năm 2012","Đã xóa trùng (Thành công) - Đã xóa thành công 2 bản trùng thừa, giữ lại bản chính #1","2026-09-19 17:54:04"
1801,"H31.05.02.H31.09.2012.501","3 bản (DELETED_SUCCESS)","Hồ sơ chứng nhận quyền sở hữu nhà ở, tài sản gắn liền với đất dự án: Khách sạn Hoa Hồng Cty TNHH Tuấn Giang TP Hưng Yên Năm 2012","Đã xóa trùng (Thành công) - Đã xóa thành công 2 bản trùng thừa, giữ lại bản chính #1","2026-09-19 17:54:18"
1802,"H31.05.02.H31.09.2012.500","3 bản (DELETED_SUCCESS)","Hồ sơ chứng nhận quyền sở hữu nhà ở, tài sản gắn liền với đất dự án: Nhà máy chế biến nông sản Thực phẩm Thị trấn Lương Bằng, huyện Kim Động năm 2012","Đã xóa trùng (Thành công) - Đã xóa thành công 2 bản trùng thừa, giữ lại bản chính #1","2026-09-19 17:54:33"
1803,"H31.05.02.H31.09.2012.499","3 bản (DELETED_SUCCESS)","Hồ sơ chứng nhận quyền sở hữu nhà ở, tài sản gắn liền với đất dự án: Trụ sở Văn phòng + Nhà máy Cty TNHH Hồng Hà Thị trấn Lương Bằng, huyện Kim Động năm 2012","Đã xóa trùng (Thành công) - Đã xóa thành công 2 bản trùng thừa, giữ lại bản chính #1","2026-09-19 17:54:48"
1804,"H31.05.02.H31.09.2012.498","3 bản (DELETED_SUCCESS)","Hồ sơ chứng nhận quyền sở hữu nhà ở, tài sản gắn liền với đất dự án: Nhà máy sản xuất thức ăn chăn nuôi Austfeed Thị trấn Lương Bằng, huyện Kim Động năm 2012","Đã xóa trùng (Thành công) - Đã xóa thành công 2 bản trùng thừa, giữ lại bản chính #1","2026-09-19 17:55:03"
1805,"H31.05.02.H31.09.2012.497","3 bản (DELETED_SUCCESS)","Hồ sơ chứng nhận quyền sở hữu nhà ở, tài sản gắn liền với đất dự án: Cty Inox Hoà Bình xã Giai Phạm, huyện Yên Mỹ năm 2012 Tập 3: Dự toán thiết kế, Hồ sơ quyết toán, các Văn bản pháp lý","Đã xóa trùng (Thành công) - Đã xóa thành công 2 bản trùng thừa, giữ lại bản chính #1","2026-09-19 17:55:17"
1806,"H31.05.02.H31.09.2012.496","3 bản (DELETED_SUCCESS)","Hồ sơ chứng nhận quyền sở hữu nhà ở, tài sản gắn liền với đất dự án: Cty Inox Hoà Bình xã Giai Phạm, huyện Yên Mỹ năm 2012 Tập 2: Hồ sơ thiết kế kỹ thuật thi công","Đã xóa trùng (Thành công) - Đã xóa thành công 2 bản trùng thừa, giữ lại bản chính #1","2026-09-19 17:55:32"
1807,"H31.05.02.H31.09.2012.495","3 bản (DELETED_SUCCESS)","Hồ sơ chứng nhận quyền sở hữu nhà ở, tài sản gắn liền với đất dự án: Cty Inox Hoà Bình xã Giai Phạm, huyện Yên Mỹ năm 2012 Tập 1: Hồ sơ thiết kế bản vẽ thi công","Đã xóa trùng (Thành công) - Đã xóa thành công 2 bản trùng thừa, giữ lại bản chính #1","2026-09-19 17:55:46"
1808,"H31.05.02.H31.09.2012.494","3 bản (DELETED_SUCCESS)","Hồ sơ chứng nhận quyền sở hữu nhà ở, tài sản gắn liền với đất dự án: Nhà máy sản xuất thức ăn chăn nuôi Toàn Lợi xã Giai Phạm, huyện Yên Mỹ năm 2012","Đã xóa trùng (Thành công) - Đã xóa thành công 2 bản trùng thừa, giữ lại bản chính #1","2026-09-19 17:56:01"
1809,"H31.05.02.H31.09.2012.493","3 bản (DELETED_SUCCESS)","Hồ sơ chứng nhận quyền sở hữu nhà ở, tài sản gắn liền với đất dự án: Cty cổ phần thực phẩm Đức Việt xã Tân Lập, huyện Yên Mỹ năm 2012","Đã xóa trùng (Thành công) - Đã xóa thành công 2 bản trùng thừa, giữ lại bản chính #1","2026-09-19 17:56:15"
1810,"H31.05.02.H31.09.2012.492","3 bản (DELETED_SUCCESS)","Hồ sơ chứng nhận quyền sở hữu nhà ở, tài sản gắn liền với đất dự án: Nhà xưởng Cty TNHH MTV Austdoor huyện Yên Mỹ năm 2012","Đã xóa trùng (Thành công) - Đã xóa thành công 2 bản trùng thừa, giữ lại bản chính #1","2026-09-19 17:56:30"
1811,"H31.05.02.H31.09.2012.491","3 bản (DELETED_SUCCESS)","Tập lưu Công văn của Sở Xây dựng tỉnh Hưng Yên năm 2009 (từ số 476 - 619)","Đã xóa trùng (Thành công) - Đã xóa thành công 2 bản trùng thừa, giữ lại bản chính #1","2026-09-19 17:56:45"
1812,"H31.05.02.H31.09.2012.490","3 bản (DELETED_SUCCESS)","Hồ sơ chứng nhận quyền sở hữu nhà ở, tài sản gắn liền với đất dự án: Xây dựng nhà máy Công ty TNHH Dược thú y Thăng Long II xã Phùng Chí Kiên, huyện Mỹ Hào năm 2012","Đã xóa trùng (Thành công) - Đã xóa thành công 2 bản trùng thừa, giữ lại bản chính #1","2026-09-19 17:57:00"
1813,"H31.05.02.H31.09.2012.489","3 bản (DELETED_SUCCESS)","Hồ sơ chứng nhận quyền sở hữu nhà ở, tài sản gắn liền với đất dự án: Nhà xưởng GP. Window - Phố Nối Thị trấn Bần Yên Nhân, huyện Mỹ Hào năm 2012","Đã xóa trùng (Thành công) - Đã xóa thành công 2 bản trùng thừa, giữ lại bản chính #1","2026-09-19 17:57:14"
1814,"H31.05.02.H31.09.2012.488","3 bản (DELETED_SUCCESS)","Hồ sơ chứng nhận quyền sở hữu nhà ở, tài sản gắn liền với đất dự án: Nhà máy chế biến thực phẩm Thị trấn Bần Yên Nhân, huyện Mỹ Hào năm 2012","Đã xóa trùng (Thành công) - Đã xóa thành công 2 bản trùng thừa, giữ lại bản chính #1","2026-09-19 17:57:28"
1815,"H31.05.02.H31.09.2012.487","3 bản (DELETED_SUCCESS)","Hồ sơ chứng nhận quyền sở hữu nhà ở, tài sản gắn liền với đất dự án: Nhà máy cắt xẻ Inox Thành Nam huyện Mỹ Hào năm 2012, Tập 2: Hồ sơ thiết kế kỹ thuật thi công, hồ sơ dự toán thiết kế kỹ thuật thi công, Các văn bản pháp lý","Đã xóa trùng (Thành công) - Đã xóa thành công 2 bản trùng thừa, giữ lại bản chính #1","2026-09-19 17:57:43"
1816,"H31.05.02.H31.09.2012.486","3 bản (DELETED_SUCCESS)","Hồ sơ chứng nhận quyền sở hữu nhà ở, tài sản gắn liền với đất dự án: Nhà máy cắt xẻ Inox Thành Nam huyện Mỹ Hào năm 2010","Đã xóa trùng (Thành công) - Đã xóa thành công 2 bản trùng thừa, giữ lại bản chính #1","2026-09-19 17:57:57"
1817,"H31.05.02.H31.09.2012.485","3 bản (DELETED_SUCCESS)","Hồ sơ chứng nhận quyền sở hữu nhà ở, tài sản gắn liền với đất dự án: Nhà xưởng sản xuất Cty TNHH Anh Tường xã Di Sử, huyện Mỹ Hào năm 2012","Đã xóa trùng (Thành công) - Đã xóa thành công 2 bản trùng thừa, giữ lại bản chính #1","2026-09-19 17:58:12"
1818,"H31.05.02.H31.09.2012.484","3 bản (DELETED_SUCCESS)","Hồ sơ chứng nhận quyền sở hữu nhà ở, tài sản gắn liền với đất dự án: Cty TNHH vật liệu điện Việt Linh huyện Mỹ Hào năm 2012","Đã xóa trùng (Thành công) - Đã xóa thành công 2 bản trùng thừa, giữ lại bản chính #1","2026-09-19 17:58:27"
1819,"H31.05.02.H31.09.2012.483","3 bản (DELETED_SUCCESS)","Hồ sơ chứng nhận quyền sở hữu nhà ở, tài sản gắn liền với đất dự án: Nhà kho Công ty An Phát huyện Mỹ Hào năm 2012","Đã xóa trùng (Thành công) - Đã xóa thành công 2 bản trùng thừa, giữ lại bản chính #1","2026-09-19 17:58:41"
1820,"H31.05.02.H31.09.2012.482","3 bản (DELETED_SUCCESS)","Hồ sơ chứng nhận quyền sở hữu nhà ở, tài sản gắn liền với đất dự án: Công ty TNHH Hoàng Khuyên huyện Khoái Châu năm 2012","Đã xóa trùng (Thành công) - Đã xóa thành công 2 bản trùng thừa, giữ lại bản chính #1","2026-09-19 17:58:56"
1821,"H31.05.02.H31.09.2012.481","3 bản (DELETED_SUCCESS)","Hồ sơ chứng nhận quyền sở hữu nhà ở, tài sản gắn liền với đất dự án: Nhà máy sản xuất vật liệu Hà Thành, xã Đại Tập, huyện Khoái Châu năm 2012","Đã xóa trùng (Thành công) - Đã xóa thành công 2 bản trùng thừa, giữ lại bản chính #1","2026-09-19 17:59:10"
1822,"H31.05.02.H31.09.2012.480","3 bản (DELETED_SUCCESS)","Hồ sơ chứng nhận quyền sở hữu nhà ở, tài sản gắn liền với đất dự án: Nhà xưởng Cty CP dinh dưỡng Quốc Tế Đài Loan, huyện Khoái Châu năm 2012","Đã xóa trùng (Thành công) - Đã xóa thành công 2 bản trùng thừa, giữ lại bản chính #1","2026-09-19 17:59:25"
1823,"H31.05.02.H31.09.2012.479","3 bản (DELETED_SUCCESS)","Hồ sơ chứng nhận quyền sở hữu nhà ở, tài sản gắn liền với đất dự án: Cửa hàng xăng dầu Thăng Long Công ty CP ĐT&TM Thăng Long huyện Khoái Châu năm 2012","Đã xóa trùng (Thành công) - Đã xóa thành công 2 bản trùng thừa, giữ lại bản chính #1","2026-09-19 17:59:39"
1824,"H31.05.02.H31.09.2012.478","3 bản (DELETED_SUCCESS)","Hồ sơ chứng nhận quyền sở hữu nhà ở, tài sản gắn liền với đất dự án: Nhà kho cty TNHH 4P xã Vĩnh Khúc, huyện Văn Giang năm 2012","Đã xóa trùng (Thành công) - Đã xóa thành công 2 bản trùng thừa, giữ lại bản chính #1","2026-09-19 17:59:55"
1825,"H31.05.02.H31.09.2012.477","3 bản (DELETED_SUCCESS)","Hồ sơ chứng nhận quyền sở hữu nhà ở, tài sản gắn liền với đất dự án: Cty cổ phần công nghệ cao Traphaco huyện Văn Lâm năm 2012","Đã xóa trùng (Thành công) - Đã xóa thành công 2 bản trùng thừa, giữ lại bản chính #1","2026-09-19 18:00:09"
1826,"H31.05.02.H31.09.2012.476","3 bản (DELETED_SUCCESS)","Hồ sơ chứng nhận quyền sở hữu nhà ở, tài sản gắn liền với đất dự án: Siêu thị Minh Phương mở rộng thị trấn Như Quỳnh, huyện Văn Lâm năm 2012","Đã xóa trùng (Thành công) - Đã xóa thành công 2 bản trùng thừa, giữ lại bản chính #1","2026-09-19 18:00:28"
1827,"H31.05.02.H31.09.2012.475","3 bản (DELETED_SUCCESS)","Hồ sơ chứng nhận quyền sở hữu nhà ở, tài sản gắn liền với đất dự án: Nhà máy sản xuất bao bì PP - và KP cửa hàng xăng dầu - gas Bình Minh thị trấn Như Quỳnh, huyện Văn Lâm năm 2012","Đã xóa trùng (Thành công) - Đã xóa thành công 2 bản trùng thừa, giữ lại bản chính #1","2026-09-19 18:01:07"
1828,"H31.05.02.H31.09.2012.474","3 bản (DELETED_SUCCESS)","Hồ sơ chứng nhận quyền sở hữu nhà ở, tài sản gắn liền với đất dự án: Nhà máy sản xuất bao bì PP - và KP cửa hàng xăng dầu - gas Bình Minh Thị trấn Như Quỳnh, huyện Văn Lâm năm 2009. Tập 2: Hồ sơ quyết toán xây dựng Công trình Nhà kho nguyên liệu, nhà kho","Đã xóa trùng (Thành công) - Đã xóa thành công 2 bản trùng thừa, giữ lại bản chính #1","2026-09-19 18:01:54"
1829,"H31.05.02.H31.09.2012.473","3 bản (DELETED_SUCCESS)","Hồ sơ chứng nhận quyền sở hữu nhà ở, tài sản gắn liền với đất dự án: Nhà máy sản xuất bao bì PP - và KP cửa hàng xăng dầu - gas Bình Minh Thị trấn Như Quỳnh, huyện Văn Lâm năm 2010. Tập 1: Hồ sơ quyết toán xây dựng Công trình nhà xưởng sản xuất số 1, 2","Đã xóa trùng (Thành công) - Đã xóa thành công 2 bản trùng thừa, giữ lại bản chính #1","2026-09-19 18:02:33"
1830,"H31.05.02.H31.09.2012.472","3 bản (DELETED_SUCCESS)","Hồ sơ chứng nhận quyền sở hữu nhà ở, tài sản gắn liền với đất dự án: Nhà máy sản xuất bao bì xã Trung Trắc, huyện Văn Lâm năm 2012","Đã xóa trùng (Thành công) - Đã xóa thành công 2 bản trùng thừa, giữ lại bản chính #1","2026-09-19 18:03:11"
1831,"H31.05.02.H31.09.2012.471","3 bản (DELETED_SUCCESS)","Hồ sơ chứng nhận quyền sở hữu nhà ở, tài sản gắn liền với đất dự án: Nhà xưởng Cty CP đầu tư và phát triển công nghệ Việt Nam xã Tân Quang, huyện Văn Lâm năm 2012","Đã xóa trùng (Thành công) - Đã xóa thành công 2 bản trùng thừa, giữ lại bản chính #1","2026-09-19 18:03:51"
1832,"H31.05.02.H31.09.2012.470","3 bản (DELETED_SUCCESS)","Hồ sơ chứng nhận quyền sở hữu nhà ở, tài sản gắn liền với đất dự án: Cửa hàng bán và giới thiệu sản phẩm - Nhà kho xã Trưng Trắc, huyện Văn Lâm năm 2012","Đã xóa trùng (Thành công) - Đã xóa thành công 2 bản trùng thừa, giữ lại bản chính #1","2026-09-19 18:04:29"
1833,"H31.05.02.H31.09.2012.469","3 bản (DELETED_SUCCESS)","Hồ sơ chứng nhận quyền sở hữu nhà ở, tài sản gắn liền với đất dự án: Công ty TNHH liên kết đầu tư Livabin xã Trưng Trắc, huyện Văn Lâm năm 2012. Tập 2: Hồ sơ hoàn công, các văn bản pháp lý","Đã xóa trùng (Thành công) - Đã xóa thành công 2 bản trùng thừa, giữ lại bản chính #1","2026-09-19 18:05:07"
1834,"H31.05.02.H31.09.2012.468","3 bản (DELETED_SUCCESS)","Hồ sơ chứng nhận quyền sở hữu nhà ở, tài sản gắn liền với đất dự án: Công ty TNHH liên kết đầu tư Livabin xã Trưng Trắc, huyện Văn Lâm năm 2012","Đã xóa trùng (Thành công) - Đã xóa thành công 2 bản trùng thừa, giữ lại bản chính #1","2026-09-19 18:05:45"
1835,"H31.05.02.H31.09.2012.467","3 bản (DELETED_SUCCESS)","Hồ sơ chứng nhận quyền sở hữu nhà ở, tài sản gắn liền với đất dự án: Nhà kho Siêu thị Minh Phương xã Đình Du, huyện Văn Lâm năm 2012","Đã xóa trùng (Thành công) - Đã xóa thành công 2 bản trùng thừa, giữ lại bản chính #1","2026-09-19 18:06:23"
1836,"H31.05.02.H31.09.2012.466","3 bản (DELETED_SUCCESS)","Hồ sơ chứng nhận quyền sở hữu nhà ở, tài sản gắn liền với đất dự án: Nhà máy sản xuất thuốc thú y - GMP xã Trưng Trắc, huyện Văn Lâm năm 2012","Đã xóa trùng (Thành công) - Đã xóa thành công 2 bản trùng thừa, giữ lại bản chính #1","2026-09-19 18:07:01"
1837,"H31.05.02.H31.09.2012.465","3 bản (DELETED_SUCCESS)","Hồ sơ chứng nhận quyền sở hữu nhà ở, tài sản gắn liền với đất dự án: Nhà xưởng Cty CP Đức Minh huyện Văn Lâm năm 2012","Đã xóa trùng (Thành công) - Đã xóa thành công 2 bản trùng thừa, giữ lại bản chính #1","2026-09-19 18:07:39"
1838,"H31.05.02.H31.09.2012.464","3 bản (DELETED_SUCCESS)","Hồ sơ chứng nhận quyền sở hữu nhà ở, tài sản gắn liền với đất dự án: Khu kinh doanh dịch vụ thương mại ô tô, xe máy, hàng cơ khí điện tử, dịch vụ ăn uống xã Đình Du, xã Trung Trắc, huyện Văn Lâm năm 2012","Đã xóa trùng (Thành công) - Đã xóa thành công 2 bản trùng thừa, giữ lại bản chính #1","2026-09-19 18:08:17"
1839,"H31.05.02.H31.09.2011.463","3 bản (DELETED_SUCCESS)","Hồ sơ chứng nhận quyền sở hữu nhà ở, tài sản gắn liền với đất dự án: Nhà xưởng cty CP nhựa Tiến Đạt huyện Văn Lâm năm 2012","Đã xóa trùng (Thành công) - Đã xóa thành công 2 bản trùng thừa, giữ lại bản chính #1","2026-09-19 18:08:55"
1840,"H31.05.02.H31.09.2011.462","3 bản (DELETED_SUCCESS)","Hồ sơ chứng nhận quyền sở hữu nhà ở, tài sản gắn liền với đất dự án: Nhà máy sản xuất các sản phẩm dệt sợi nhựa PP&PE Công ty TNHH Tiến Đức năm 2012. Tập 3: Hoàn công giai đoạn 2, Các văn bản pháp lý.","Đã xóa trùng (Thành công) - Đã xóa thành công 2 bản trùng thừa, giữ lại bản chính #1","2026-09-19 18:09:33"
1841,"H31.05.02.H31.09.2011.461","3 bản (DELETED_SUCCESS)","Hồ sơ chứng nhận quyền sở hữu nhà ở, tài sản gắn liền với đất dự án: Nhà máy sản xuất các sản phẩm dệt sợi nhựa PP&PE công ty TNHH Tiến Đức năm 2007","Đã xóa trùng (Thành công) - Đã xóa thành công 2 bản trùng thừa, giữ lại bản chính #1","2026-09-19 18:10:11"
1842,"H31.05.02.H31.09.2011.460","3 bản (DELETED_SUCCESS)","Hồ sơ chứng nhận quyền sở hữu nhà ở, tài sản gắn liền với đất dự án: Nhà máy sản xuất các sản phẩm dệt sợi nhựa PP & PE Công ty TNHH Tiến Đức năm 2006. Tập 1: Tổng mặt bằng quy hoạch công ty","Đã xóa trùng (Thành công) - Đã xóa thành công 2 bản trùng thừa, giữ lại bản chính #1","2026-09-19 18:10:49"
1843,"H31.05.02.H31.09.2011.459","3 bản (DELETED_SUCCESS)","Hồ sơ chứng nhận quyền sở hữu nhà ở, tài sản gắn liền với đất dự án: Nhà máy Tính huyện và phân kỳ dầu cọ thô Thị trấn Lương Bằng, huyện Kim Động năm 2011","Đã xóa trùng (Thành công) - Đã xóa thành công 2 bản trùng thừa, giữ lại bản chính #1","2026-09-19 18:11:27"
1844,"H31.05.02.H31.09.2011.458","3 bản (DELETED_SUCCESS)","Hồ sơ thiết kế bản vẽ kỹ thuật, hồ sơ hoàn công công trình Nhà máy sản xuất gạch Tuynel - Cty CPĐT Hồng Ngọc Việt xã Phan Đình Phùng, huyện Mỹ Hào tỉnh Hưng Yên năm 2011","Đã xóa trùng (Thành công) - Đã xóa thành công 2 bản trùng thừa, giữ lại bản chính #1","2026-09-19 18:12:05"
1845,"H31.05.02.H31.09.2010.917","3 bản (DELETED_SUCCESS)","Nhiệm vụ thiết kế công trình cải tạo, nâng cấp trường THPT Tiên Lữ, hạng mục: xây mới nhà lớp học bộ môn 3 tầng, cải tạo khối nhà lớp học 3 tầng cũ và hệ thống sân đường, thoát nước nội bộ tại thị trấn Vương, huyện biên Lữ năm 2010","Đã xóa trùng (Thành công) - Đã xóa thành công 2 bản trùng thừa, giữ lại bản chính #1","2026-09-19 18:12:43"
1846,"H31.05.02.H31.09.2010.915","3 bản (DELETED_SUCCESS)","Thiết kế bản vẽ thi công công trình cải tạo, nâng cấp nhà nội trú và xây dựng mới xưởng may Trường phục hồi chức năng Tiên Lữ tại thị trấn Vương, năm 2010","Đã xóa trùng (Thành công) - Đã xóa thành công 2 bản trùng thừa, giữ lại bản chính #1","2026-09-19 18:13:21"
1847,"H31.05.02.H31.09.2008.916","3 bản (DELETED_SUCCESS)","Thiết kế bản vẽ thi công công trình Cải tạo nâng cấp Trường THPT Tiên Lữ tại thị trấn Vương, huyện Tiên Lữ năm 2008","Đã xóa trùng (Thành công) - Đã xóa thành công 2 bản trùng thừa, giữ lại bản chính #1","2026-09-19 18:13:59"
1848,"H31.05.02.H31.09.2010.909","3 bản (DELETED_SUCCESS)","Về việc tham gia ý kiến thẩm định nhiệm vụ thiết kế công trình Nhà làm việc cơ quan huyện uỷ, huyện Tiên Lữ, thị trấn Vương, huyện Tiên Lữ năm 2010","Đã xóa trùng (Thành công) - Đã xóa thành công 2 bản trùng thừa, giữ lại bản chính #1","2026-09-19 18:14:37"
1849,"H31.05.02.H31.09.2009.900","3 bản (DELETED_SUCCESS)","Về phương án đền bù 12 hộ (bổ sung) kinh phí bồi thường, hỗ trợ tài sản để GPMB nâng cấp mở rộng QL38B đoạn Hải Dương - Hưng Yên (WB4) thuộc địa phận thị trấn Vương, huyện Tiên Lữ năm 2009","Đã xóa trùng (Thành công) - Đã xóa thành công 2 bản trùng thừa, giữ lại bản chính #1","2026-09-19 18:15:15"
1850,"H31.05.02.H31.09.2009.899","3 bản (DELETED_SUCCESS)","Về phương án đền bù 6 hộ, hỗ trợ tài sản để GPMB nâng cấp mở rộng QL38B đoạn Hưng Yên - Hải Dương (DAWB4) và mở rộng nút giao thông ngã 4 phố Giác thuộc thị trấn Vương, huyện Tiên Lữ năm 2009","Đã xóa trùng (Thành công) - Đã xóa thành công 2 bản trùng thừa, giữ lại bản chính #1","2026-09-19 18:20:18"
1851,"H31.05.02.H31.09.2008.898","3 bản (DELETED_SUCCESS)","Về phương án bồi thường GPMB để thi công nâng cấp mở rộng quốc lộ 38, dự án WB4 thuộc huyện Tiên Lữ năm 2008","Đã xóa trùng (Thành công) - Đã xóa thành công 2 bản trùng thừa, giữ lại bản chính #1","2026-09-19 18:20:32"
1852,"H31.05.02.H31.09.2008.897","3 bản (DELETED_SUCCESS)","Về việc tham gia ý kiến thẩm định thiết kế bản vẽ thi công công trình Nhà lớp học, nhà ăn và các công trình phụ trợ Trung tâm bồi dưỡng chính trị thị trấn Vương, huyện Tiên Lữ năm 2008","Đã xóa trùng (Thành công) - Đã xóa thành công 2 bản trùng thừa, giữ lại bản chính #1","2026-09-19 18:20:46"
1853,"H31.05.02.H31.09.2008.896","3 bản (DELETED_SUCCESS)","Về việc tham gia ý kiến thẩm định nhiệm vụ thiết kế công trình Trường THPT Hoàng Hoa Thám tại xã Thụy Lôi, huyện Tiên Lữ năm 2008","Đã xóa trùng (Thành công) - Đã xóa thành công 2 bản trùng thừa, giữ lại bản chính #1","2026-09-19 18:21:00"
1854,"H31.05.02.H31.09.2008.895","3 bản (DELETED_SUCCESS)","Thiết kế bản vẽ thi công công trình nhà lớp học trường THPT Hoàng Hoa Thám tại xã Thụy Lôi, huyện Tiên Lữ năm 2008","Đã xóa trùng (Thành công) - Đã xóa thành công 2 bản trùng thừa, giữ lại bản chính #1","2026-09-19 18:21:15"
1855,"H31.05.02.H31.09.2008.894","3 bản (DELETED_SUCCESS)","Bổ sung thiết kế cơ sở công trình hệ thống cấp nước thị trấn Vương Dị Thế - Hải Triều - huyện Tiên Lữ năm 2008","Đã xóa trùng (Thành công) - Đã xóa thành công 2 bản trùng thừa, giữ lại bản chính #1","2026-09-19 18:21:29"
1856,"H31.05.02.H31.09.2015.892","3 bản (DELETED_SUCCESS)","Thẩm định báo cáo kinh tế kỹ thuật công trình Nhà khám bệnh, Trạm y tế xã Phan Sào Nam, huyện Phù Cừ","Đã xóa trùng (Thành công) - Đã xóa thành công 2 bản trùng thừa, giữ lại bản chính #1","2026-09-19 18:21:43"
1857,"H31.05.02.H31.09.2015.891","3 bản (DELETED_SUCCESS)","Thẩm định báo cáo kinh tế kỹ thuật công trình trường THCS xã Tống Phan Hạng mục: Nhà lớp học 2 tầng 4 phòng và các hạng mục phụ trợ, huyện Phù Cừ","Đã xóa trùng (Thành công) - Đã xóa thành công 2 bản trùng thừa, giữ lại bản chính #1","2026-09-19 18:21:58"
1858,"H31.05.02.H31.09.2008.893","3 bản (DELETED_SUCCESS)","Thẩm định thiết kế bản vẽ thi công Công trình: Hệ thống cấp nước thị trấn Vương, xã Dị Chế và xã Hải Triều, huyện Tiên Lữ. Hạng mục: Khu trạm bơm tăng áp năm 2008.","Đã xóa trùng (Thành công) - Đã xóa thành công 2 bản trùng thừa, giữ lại bản chính #1","2026-09-19 18:22:12"
1859,"H31.05.02.H31.09.2014.889","3 bản (DELETED_SUCCESS)","Hồ sơ về việc thẩm tra thiết kế bản vẽ thi công - dự toán công trình nhà lớp học 10 phòng 02 tầng trường THCS Tống Phan tại xã Tống Phan, huyện Phù Cừ","Đã xóa trùng (Thành công) - Đã xóa thành công 2 bản trùng thừa, giữ lại bản chính #1","2026-09-19 18:22:26"
1860,"H31.05.02.H31.09.2015.890","3 bản (DELETED_SUCCESS)","Hồ sơ về việc thiết kế công trình: Trường THCS xã Tống Phan; hạng mục Nhà lớp học 2 tầng 4 phòng và các hạng mục Phụ trợ","Đã xóa trùng (Thành công) - Đã xóa thành công 2 bản trùng thừa, giữ lại bản chính #1","2026-09-19 18:22:41"
1861,"H31.05.02.H31.09.2015.888","3 bản (DELETED_SUCCESS)","Về việc thẩm định báo cáo kinh tế kỹ thuật - dự toán xây dựng công trình trạm y tế xã Quang Hưng - huyện Phù Cừ","Đã xóa trùng (Thành công) - Đã xóa thành công 2 bản trùng thừa, giữ lại bản chính #1","2026-09-19 18:22:55"
1862,"H31.05.02.H31.09.2015.887","3 bản (DELETED_SUCCESS)","Thẩm tra báo cáo kinh tế kỹ thuật công trình nhà hiệu bộ trường THCS xã Nhật Quang, huyện Phù Cữ","Đã xóa trùng (Thành công) - Đã xóa thành công 2 bản trùng thừa, giữ lại bản chính #1","2026-09-19 18:23:09"
1863,"H31.05.02.H31.09.2015.886","3 bản (DELETED_SUCCESS)","Hồ sơ về việc thẩm định báo cáo kinh tế - kinh tế công trình Nhà hiệu bộ trường THCS Nguyên Hòa tại xã Nguyên Hòa, huyện Phù Cừ","Đã xóa trùng (Thành công) - Đã xóa thành công 2 bản trùng thừa, giữ lại bản chính #1","2026-09-19 18:23:24"
1864,"H31.05.02.H31.09.2015.885","3 bản (DELETED_SUCCESS)","Hồ sơ thẩm định báo cáo kinh tế kỹ thuật công trình nhà lớp học 2 phòng, san nền trường mầm non xã Minh Tân, huyện Phù Cừ","Đã xóa trùng (Thành công) - Đã xóa thành công 2 bản trùng thừa, giữ lại bản chính #1","2026-09-19 18:23:38"
1865,"H31.05.02.H31.09.2015.884","3 bản (DELETED_SUCCESS)","Thẩm định báo cáo kinh tế kỹ thuật - dự toán xây dựng công trình Trạm y tế xã Đình Cao, huyện Phù Cừ","Đã xóa trùng (Thành công) - Đã xóa thành công 2 bản trùng thừa, giữ lại bản chính #1","2026-09-19 18:23:52"
1866,"H31.05.02.H31.09.2015.883","3 bản (DELETED_SUCCESS)","Thẩm định báo cáo kinh tế kỹ thuật công trình Nhà lớp học lý thuyết Trường THPT Phù Cừ tại xã Tống Phan, huyện Phù Cừ","Đã xóa trùng (Thành công) - Đã xóa thành công 2 bản trùng thừa, giữ lại bản chính #1","2026-09-19 18:24:06"
1867,"H31.05.02.H31.09.2015.882","3 bản (DELETED_SUCCESS)","Hồ sơ thẩm tra thiết kế bản vẽ thi công dự toán điều chỉnh công trình nhà thư viện, truyền thống trường THPT Phù Cừ, tại xã Tống Phan, huyện Phù Cừ","Đã xóa trùng (Thành công) - Đã xóa thành công 2 bản trùng thừa, giữ lại bản chính #1","2026-09-19 18:24:20"
1868,"H31.05.02.H31.09.2013-2014.881","3 bản (DELETED_SUCCESS)","Hồ sơ thẩm tra thiết kế bản vẽ thi công dự toán công trình nhà lớp học bộ môn trường THPT Phù Cừ tại xã Tống Phan, huyện Phù Cừ","Đã xóa trùng (Thành công) - Đã xóa thành công 2 bản trùng thừa, giữ lại bản chính #1","2026-09-19 18:24:34"
1869,"H31.05.02.H31.09.2013.880","3 bản (DELETED_SUCCESS)","Báo cáo kinh tế kỹ thuật công trình nhà lớp học bộ môn trường THPT nhà lớp học bộ môn trường THPT Phù Cừ tại xã Tống Phan, huyện Phù Cừ.","Đã xóa trùng (Thành công) - Đã xóa thành công 2 bản trùng thừa, giữ lại bản chính #1","2026-09-19 18:24:48"
1870,"H31.05.02.H31.09.2013.879","3 bản (DELETED_SUCCESS)","Thẩm tra thiết kế bản vẽ thi công dự toán công trình nhà lớp học bộ môn Trường THPT Phù Cừ tại xã Tống Phan, huyện Phù Cừ.","Đã xóa trùng (Thành công) - Đã xóa thành công 2 bản trùng thừa, giữ lại bản chính #1","2026-09-19 18:25:02"
1871,"H31.05.02.H31.09.2014.874","3 bản (DELETED_SUCCESS)","Về việc thẩm tra thiết kế bản vẽ thi công - dự toán công trình Nhà thư viện truyền thống; Trường THPT Phù Cừ tại thị trấn Trần Cao, huyện Phù Cừ, tỉnh Hưng Yên.","Đã xóa trùng (Thành công) - Đã xóa thành công 2 bản trùng thừa, giữ lại bản chính #1","2026-09-19 18:25:17"
1872,"H31.05.02.H31.09.2014.873","3 bản (DELETED_SUCCESS)","Về việc thẩm tra thiết kế bản vẽ thi công - dự toán công trình Nhà hiệu bộ Trường Tiểu học xã Tống Trân, huyện Phù Cừ, tỉnh Hưng Yên","Đã xóa trùng (Thành công) - Đã xóa thành công 2 bản trùng thừa, giữ lại bản chính #1","2026-09-19 18:25:31"
1873,"H31.05.02.H31.09.2014.872","3 bản (DELETED_SUCCESS)","Về việc thẩm tra thiết kế bản vẽ thi công - dự toán công trình Trường THCS xã Tân Hưng. Hạng mục: Nhà lớp học 2 tầng tại xã Quang Hưng, huyện Phù Cừ","Đã xóa trùng (Thành công) - Đã xóa thành công 2 bản trùng thừa, giữ lại bản chính #1","2026-09-19 18:25:45"
1874,"H31.05.02.H31.09.2014.871","3 bản (DELETED_SUCCESS)","Về việc thẩm tra thiết kế bản vẽ - thi công dự toán công trình Nhà hiệu bộ Trường Tiểu học Nhật Quang, huyện Phù Cát, tỉnh Hưng Yên","Đã xóa trùng (Thành công) - Đã xóa thành công 2 bản trùng thừa, giữ lại bản chính #1","2026-09-19 18:25:58"
1875,"H31.05.02.H31.09.2014.870","3 bản (DELETED_SUCCESS)","Về việc thẩm tra thiết kế bản về thi công dự toán công trình: Nhà văn hóa xã Đình Cao","Đã xóa trùng (Thành công) - Đã xóa thành công 2 bản trùng thừa, giữ lại bản chính #1","2026-09-19 18:26:12"
1876,"H31.05.02.H31.09.2014.866","3 bản (DELETED_SUCCESS)","Về việc thẩm tra thiết kế bản vẽ thi công - dự toán công trình Cải tạo, mở rộng trụ sở làm việc Chi cục thuế, huyện Phù Cừ, tỉnh Hưng Yên","Đã xóa trùng (Thành công) - Đã xóa thành công 2 bản trùng thừa, giữ lại bản chính #1","2026-09-19 18:26:26"
1877,"H31.05.02.H31.09.2014.863","3 bản (DELETED_SUCCESS)","Về việc thẩm tra thiết kế bản vẽ thi công - dự toán công trình: Xây dựng nhà kho để tài liệu và nhà xe Ủy ban nhân dân huyện Phù Cừ, tỉnh Hưng Yên","Đã xóa trùng (Thành công) - Đã xóa thành công 2 bản trùng thừa, giữ lại bản chính #1","2026-09-19 18:26:40"
1878,"H31.05.02.H31.09.2013.862","3 bản (DELETED_SUCCESS)","Về việc thiết kế cơ sở công trình Khu thương mại và dịch vụ Hà Phương tại thị trấn Trần Cao, huyện Phù Cừ, tỉnh Hưng Yên","Đã xóa trùng (Thành công) - Đã xóa thành công 2 bản trùng thừa, giữ lại bản chính #1","2026-09-19 18:26:54"
1879,"H31.05.02.H31.09.2013.861","3 bản (DELETED_SUCCESS)","Về việc thẩm tra thiết kế bản vẽ thi công dự toán công trình Nhà thể thao đa năng huyện Phù Cừ tại thị trấn Trần Cao, huyện Phù Cừ, tỉnh Hưng Yên.","Đã xóa trùng (Thành công) - Đã xóa thành công 2 bản trùng thừa, giữ lại bản chính #1","2026-09-19 18:27:09"
1880,"H31.05.02.H31.09.2008-2012.860","3 bản (DELETED_SUCCESS)","Về việc thiết kế cơ sở công trình: Trung tâm y tế huyện Phù Cừ, hạng mục: nhà hành chính tổng hợp tại thị trấn Trần Cao; huyện Phù Cừ; tỉnh Hưng Yên","Đã xóa trùng (Thành công) - Đã xóa thành công 2 bản trùng thừa, giữ lại bản chính #1","2026-09-19 18:27:23"
1881,"H31.05.02.H31.09.2008-2009.858","3 bản (DELETED_SUCCESS)","Về việc tham gia ý kiến chấp thuận phương án móng công trình Trung tâm y tế huyện Phù Cừ tại thị trấn Trần Cao, huyện Phù Cừ, tỉnh Hưng Yên","Đã xóa trùng (Thành công) - Đã xóa thành công 2 bản trùng thừa, giữ lại bản chính #1","2026-09-19 18:27:36"
1882,"H31.05.02.H31.09.2012.857","3 bản (DELETED_SUCCESS)","Về việc báo cáo kinh tế kỹ thuật công trình: Nhà xưởng thực hành, san lấp ao Trung tâm giáo dục thường xuyên huyện Phù Cừ, tại xã Phan Sào Nam, huyện Phù Cừ, tỉnh Hưng Yên","Đã xóa trùng (Thành công) - Đã xóa thành công 2 bản trùng thừa, giữ lại bản chính #1","2026-09-19 18:27:51"
1883,"H31.05.02.H31.09.2010.854","2 bản (DELETED_SUCCESS)","Về việc cấp giấy phép xây dựng các hạng mục công trình thuộc dự án nhà máy gạch Tuyleh Tống Trân tại xã Tống Trân, huyện Phù Cừ, tỉnh Hưng Yên.","Đã xóa trùng (Thành công) - Đã xóa thành công 1 bản trùng thừa, giữ lại bản chính #1","2026-09-19 18:27:59"
1884,"H31.05.02.H31.09.2010.853","2 bản (DELETED_SUCCESS)","Về việc cấp phép xây dựng trạm thu phát sóng BTS tại xã Đoàn Đào, huyện Phù Cừ, tỉnh Hưng Yên","Đã xóa trùng (Thành công) - Đã xóa thành công 1 bản trùng thừa, giữ lại bản chính #1","2026-09-19 18:28:07"
1885,"H31.05.02.H31.09.2010.852","3 bản (DELETED_SUCCESS)","Hồ sơ về việc tham gia ý kiến thẩm định thiết kế bản vẽ thi công; công trình: Cải tạo nhà lớp học 12 phòng - Trường Trung học Phổ thông Nam Phù Cừ tại xã Tam Đa, huyện Phù Cừ, tỉnh Hưng Yên","Đã xóa trùng (Thành công) - Đã xóa thành công 2 bản trùng thừa, giữ lại bản chính #1","2026-09-19 18:28:21"
1886,"H31.05.02.H31.09.2010.851","3 bản (DELETED_SUCCESS)","Hồ sơ về việc tham gia ý kiến thẩm định nhiệm vụ thiết kế; công trình Cải tạo sửa chữa nhà lớp học 12 phòng - Trường Trung học Phổ thông Nam Phù Cừ tại xã Tam Đa, huyện Phù Cừ, tỉnh Hưng Yên","Đã xóa trùng (Thành công) - Đã xóa thành công 2 bản trùng thừa, giữ lại bản chính #1","2026-09-19 18:28:35"
1887,"H31.05.02.H31.09.2009.850","3 bản (DELETED_SUCCESS)","Hồ sơ phương án đền bù cho 2 hộ, bồi thường tài sản để giải phóng mặt bằng quốc lộ 38B (dự án WB4) địa phận xã Đoàn Đào, huyện Phù Cừ, tỉnh Hưng Yên","Đã xóa trùng (Thành công) - Đã xóa thành công 2 bản trùng thừa, giữ lại bản chính #1","2026-09-19 18:28:49"
1888,"H31.05.02.H31.09.2009.849","3 bản (DELETED_SUCCESS)","Phương án đền bù cho 4 hộ gia đình kinh phí bồi thường, hỗ trợ tài sản, cây cối hoa màu để giải phóng mặt bằng thực hiện dự án mở rộng Quốc lộ 38B (WB4) tại xã Đoàn Đào, huyện Phù Cừ, tỉnh Hưng Yên.","Đã xóa trùng (Thành công) - Đã xóa thành công 2 bản trùng thừa, giữ lại bản chính #1","2026-09-19 18:29:03"
1889,"H31.05.02.H31.09.2009.848","3 bản (DELETED_SUCCESS)","Phương án đền bù cho 2 hộ kinh phí bồi thường, hỗ trợ tài sản, cây cối hoa màu để giải phóng mặt bằng thực hiện dự án mở rộng Quốc lộ 38B (WB4) tại Thị trấn Trần Cao, huyện Phù Cừ, tỉnh Hưng Yên.","Đã xóa trùng (Thành công) - Đã xóa thành công 2 bản trùng thừa, giữ lại bản chính #1","2026-09-19 18:29:17"
1890,"H31.05.02.H31.09.2009.847","3 bản (DELETED_SUCCESS)","Phương án đền bù cho 28 hộ kinh phí bồi thường, hỗ trợ đất để giải phóng mặt bằng thực hiện dự án mở rộng Quốc lộ 38B (WB4) tại xã Đoàn Đào, huyện Phù Cừ, tỉnh Hưng Yên.","Đã xóa trùng (Thành công) - Đã xóa thành công 2 bản trùng thừa, giữ lại bản chính #1","2026-09-19 18:29:31"
1891,"H31.05.02.H31.09.2005-2008.846","3 bản (DELETED_SUCCESS)","Về phương án bồi thường giải phóng mặt bằng để thi công nâng cấp mở rộng Quốc lộ 38, dự án WB4, đoạn qua huyện Phù Cừ.","Đã xóa trùng (Thành công) - Đã xóa thành công 2 bản trùng thừa, giữ lại bản chính #1","2026-09-19 18:29:45"
1892,"H31.05.02.H31.09.2009.836","3 bản (DELETED_SUCCESS)","Về việc thẩm định thiết kế kỹ thuật cơ sở hạ tầng làng nghề tại xã Đình Cao, huyện Phù Cừ","Đã xóa trùng (Thành công) - Đã xóa thành công 2 bản trùng thừa, giữ lại bản chính #1","2026-09-19 18:29:59"
1893,"H31.05.02.H31.09.2008.834","3 bản (DELETED_SUCCESS)","Về việc thẩm định dự toán điều chỉnh quy hoạch chung xây dựng tại thị trấn Trần Cao, huyện Phù Cừ","Đã xóa trùng (Thành công) - Đã xóa thành công 2 bản trùng thừa, giữ lại bản chính #1","2026-09-19 18:30:13"
1894,"H31.05.02.H31.09.2007.833","3 bản (DELETED_SUCCESS)","Về việc thẩm định bổ sung thiết kế bản vẽ thi công, dự toán công trình hạng mục: Móng cọc bê tông cốt thép nhà lớp học 3 tầng trường THCS Phù Cừ tại thị trấn Trần Cao, huyện Phù Cừ","Đã xóa trùng (Thành công) - Đã xóa thành công 2 bản trùng thừa, giữ lại bản chính #1","2026-09-19 18:30:28"
1895,"H31.05.02.H31.09.2009.845","3 bản (DELETED_SUCCESS)","Hồ sơ về phương án bồi thường GPMB để thi công nâng cấp mở rộng quốc lộ 38 dự án WBA, đoạn qua huyện Phù Cừ, xã Đoàn Đào","Đã xóa trùng (Thành công) - Đã xóa thành công 2 bản trùng thừa, giữ lại bản chính #1","2026-09-19 18:30:42"
1896,"H31.05.02.H31.09.2009.844","3 bản (DELETED_SUCCESS)","Hồ sơ về phương án đền bù cho 9 hộ gia đình kinh phí bồi thường hỗ trợ tài sản cây cối hoa màu để GPMB thực hiện dự án án mở rộng QL 38B (WB4) tại thị trấn Trần Cao, huyện Phù Cừ","Đã xóa trùng (Thành công) - Đã xóa thành công 2 bản trùng thừa, giữ lại bản chính #1","2026-09-19 18:30:57"
1897,"H31.05.02.H31.09.2009.843","3 bản (DELETED_SUCCESS)","Hồ sơ về phương án đền bù cho 12 hộ gia đình kinh phí bồi thường, hỗ trợ tài sản, cây cối hoa màu để GPMB thực hiện dự án mở rộng QL38B (WB4) tại thị trấn Trần Cao, huyện Phù Cừ","Đã xóa trùng (Thành công) - Đã xóa thành công 2 bản trùng thừa, giữ lại bản chính #1","2026-09-19 18:31:11"
1898,"H31.05.02.H31.09.2009.842","3 bản (DELETED_SUCCESS)","Hồ sơ về phương án đền bù cho 2 hộ gia đình tại xã Trần Cao, huyện Phù Cừ","Đã xóa trùng (Thành công) - Đã xóa thành công 2 bản trùng thừa, giữ lại bản chính #1","2026-09-19 18:31:25"
1899,"H31.05.02.H31.09.2009.841","3 bản (DELETED_SUCCESS)","Về phương án đền bù 21 hộ kinh phí bồi thường, hỗ trợ tài sản, cây cối hoa màu để GPMB thực hiện dự án mở rộng QL38B (WB4) tại thị trấn Trần Cao, huyện Phù Cừ","Đã xóa trùng (Thành công) - Đã xóa thành công 2 bản trùng thừa, giữ lại bản chính #1","2026-09-19 18:31:39"
1900,"H31.05.02.H31.09.2009.840","3 bản (DELETED_SUCCESS)","Về phương án đền bù cho 30 hộ kinh phí bồi thường đất để GPMB thực hiện dự án mở rộng QL38B (WB4) tại xã Đoàn Đào, huyện Phù Cừ","Đã xóa trùng (Thành công) - Đã xóa thành công 2 bản trùng thừa, giữ lại bản chính #1","2026-09-19 18:31:53"
1901,"H31.05.02.H31.09.2009.839","3 bản (DELETED_SUCCESS)","Về phương án đền bù 1 hộ kinh phí bồi thường, hỗ trợ đất để GPMB thực hiện dự án mở rộng QL 38B (WB4) tại thị trấn Trần Cao, huyện Phù Cừ","Đã xóa trùng (Thành công) - Đã xóa thành công 2 bản trùng thừa, giữ lại bản chính #1","2026-09-19 18:32:08"
1902,"H31.05.02.H31.09.2009.838","3 bản (DELETED_SUCCESS)","Về phương án đền bù 16 hộ kinh phí bồi thường, hỗ trợ tài sản, cây cối hoa màu để GPMB thực hiện dự án mở rộng QL 38B (WB4) đoạn Hải Dương - Hưng Yên địa phận xã Đoàn Đào, huyện Phù Cừ","Đã xóa trùng (Thành công) - Đã xóa thành công 2 bản trùng thừa, giữ lại bản chính #1","2026-09-19 18:32:22"
1903,"H31.05.02.H31.09.2009.837","3 bản (DELETED_SUCCESS)","Về phương án đền bù 6 hộ kinh phí bồi thường, hỗ trợ tài sản cây cối, hoa màu để GPMB thực hiện dự án mở rộng QL 38B (WB4) địa phân xã Quang Hưng, huyện Phú Cừ","Đã xóa trùng (Thành công) - Đã xóa thành công 2 bản trùng thừa, giữ lại bản chính #1","2026-09-19 18:32:36"
1904,"H31.05.02.H31.09.2008.835","3 bản (DELETED_SUCCESS)","Về việc tham gia ý kiến thẩm định nhiệm vụ thiết kế công trình Bến xe khách La Tiến tại xã Nguyên Hòa, huyện Phù Cừ.","Đã xóa trùng (Thành công) - Đã xóa thành công 2 bản trùng thừa, giữ lại bản chính #1","2026-09-19 18:32:50"
1905,"H31.05.02.H31.09.2015.831","3 bản (DELETED_SUCCESS)","Về việc thẩm định báo cáo kinh tế kỹ thuật công trình sửa chữa cải tạo trần kho A1, A2, Kho dự trữ Ba Lăm, Chi cục Dự trữ Nhà nước Mỹ Văn, xã Phùng Chí Kiên, huyện Mỹ Hào","Đã xóa trùng (Thành công) - Đã xóa thành công 2 bản trùng thừa, giữ lại bản chính #1","2026-09-19 18:33:04"
1906,"H31.05.02.H31.09.2014.830","3 bản (DELETED_SUCCESS)","Về việc thẩm tra thiết kế bản vẽ thi công - dự toán công trình nhà lớp học 2 tầng Trường Tiểu học Nhân Hòa tại xã Nhân Hòa, huyện Mỹ Hào, tỉnh Hưng Yên.","Đã xóa trùng (Thành công) - Đã xóa thành công 2 bản trùng thừa, giữ lại bản chính #1","2026-09-19 18:33:18"
1907,"H31.05.02.H31.09.2006.832","3 bản (DELETED_SUCCESS)","Về việc thiết kế cơ sở chợ đầu mối lâm sản huyện Phù Cừ tại thị trấn Trần Cao","Đã xóa trùng (Thành công) - Đã xóa thành công 2 bản trùng thừa, giữ lại bản chính #1","2026-09-19 18:33:33"
1908,"H31.05.02.H31.09.2013.822","3 bản (DELETED_SUCCESS)","Về việc thẩm tra thiết kế bản vẽ thi công dự toán Công trình Nhà thí nghiệm thực hành trường THPT Triệu Quang Phục tại xã Yên Phú, huyện Yên Mỹ","Đã xóa trùng (Thành công) - Đã xóa thành công 2 bản trùng thừa, giữ lại bản chính #1","2026-09-19 18:33:47"
1909,"H31.05.02.H31.09.2011.824","3 bản (DELETED_SUCCESS)","Về nhiệm vụ thiết kế Công trình: Cải tạo mở rộng trụ sở làm việc Ban Quản lý các khu công nghiệp tỉnh, tại thị trấn Bần Yên Nhân, huyện Mỹ Hào.","Đã xóa trùng (Thành công) - Đã xóa thành công 2 bản trùng thừa, giữ lại bản chính #1","2026-09-19 18:34:02"
1910,"H31.05.02.H31.09.2011.823","3 bản (DELETED_SUCCESS)","Về nhiệm vụ thiết kế công trình cải tạo mở rộng trụ sở làm việc Ban quản lý các khu công nghiệp tỉnh Hưng Yên tại thị trấn Bần Yên Nhân, huyện Mỹ Hào.","Đã xóa trùng (Thành công) - Đã xóa thành công 2 bản trùng thừa, giữ lại bản chính #1","2026-09-19 18:34:18"
1911,"H31.05.02.H31.09.2012.821","3 bản (DELETED_SUCCESS)","Về việc cấp giấy phép xây dựng công trình Trường THPT Hồng Đức tại xã Nhân Hòa, huyện Mỹ Hào.","Đã xóa trùng (Thành công) - Đã xóa thành công 2 bản trùng thừa, giữ lại bản chính #1","2026-09-19 18:34:32"
1912,"H31.05.02.H31.09.2012.820","3 bản (DELETED_SUCCESS)","Về việc cấp giấy phép xây dựng nhà máy sản xuất phụ tùng ô tô của Keumhan Việt Nam tại xã Ngọc Lâm, huyện Mỹ Hào.","Đã xóa trùng (Thành công) - Đã xóa thành công 2 bản trùng thừa, giữ lại bản chính #1","2026-09-19 18:34:46"
1913,"H31.05.02.H31.09.2011-2012.819","3 bản (DELETED_SUCCESS)","Về việc cấp giấy phép xây dựng công trình nhà máy sản xuất hóa mỹ phẩm Công ty TNHH Liên doanh Laver Việt Nam tại xã Minh Đức, huyện Mỹ Hào.","Đã xóa trùng (Thành công) - Đã xóa thành công 2 bản trùng thừa, giữ lại bản chính #1","2026-09-19 18:35:00"
1914,"H31.05.02.H31.09.2012.818","3 bản (DELETED_SUCCESS)","Về giấy phép xây dựng công trình Nhà máy sản xuất đồ gỗ cao cấp Thành Huy, hạng mục kết cấu thép và bao che tôn tại Km24+230 - QL5, xã Dị Sử, huyện Mỹ Hào","Đã xóa trùng (Thành công) - Đã xóa thành công 2 bản trùng thừa, giữ lại bản chính #1","2026-09-19 18:35:14"
1915,"H31.05.02.H31.09.2012.817","3 bản (DELETED_SUCCESS)","Về việc giấy phép xây dựng công trình nhà hành chính phục vụ của trụ sở ngân hàng TMCP công thương Việt Nam - Chi nhánh Mỹ Hào, thị trấn Bần Yên Nhân, huyện Mỹ Hào","Đã xóa trùng (Thành công) - Đã xóa thành công 2 bản trùng thừa, giữ lại bản chính #1","2026-09-19 18:35:29"
1916,"H31.05.02.H31.09.2012.816","3 bản (DELETED_SUCCESS)","Về việc cấp giấy phép xây dựng công trình Nhà máy sản xuất chăn ga gối đệm cao cấp Phương Đông tại xã Bạch Sam, huyện Mỹ Hào","Đã xóa trùng (Thành công) - Đã xóa thành công 2 bản trùng thừa, giữ lại bản chính #1","2026-09-19 18:35:43"
1917,"H31.05.02.H31.09.2012.815","3 bản (DELETED_SUCCESS)","Về việc đề xuất cơ sở công trình ký túc xá sinh viên 5 tầng Trường Đại học Sư phạm Kỹ thuật Hưng Yên tại xã Nhân Hòa, huyện Mỹ Hào.","Đã xóa trùng (Thành công) - Đã xóa thành công 2 bản trùng thừa, giữ lại bản chính #1","2026-09-19 18:35:57"
1918,"H31.05.02.H31.09.2011.814","3 bản (DELETED_SUCCESS)","Về kết quả thẩm tra dự toán lập quy hoạch chi tiết tỷ lệ 1/500 Trường Đại học Sư phạm Kỹ thuật Hưng Yên cơ sở II xã Nhân Hòa, huyện Mỹ Hào, tỉnh Hưng Yên","Đã xóa trùng (Thành công) - Đã xóa thành công 2 bản trùng thừa, giữ lại bản chính #1","2026-09-19 18:36:11"
1919,"H31.05.02.H31.09.2009.813","3 bản (DELETED_SUCCESS)","Về việc tham gia ý kiến thẩm định thiết kế cơ sở công trình ký túc xá sinh viên Trường Đại học Sư phạm kỹ thuật Hưng Yên tại xã Nhân Hòa, huyện Yên Mỹ (Tập 2)","Đã xóa trùng (Thành công) - Đã xóa thành công 2 bản trùng thừa, giữ lại bản chính #1","2026-09-19 18:36:25"
1920,"H31.05.02.H31.09.2008.811","3 bản (DELETED_SUCCESS)","Về việc thẩm định dự toán công trình Nhà thư viên 4 tầng Trường Đại học Sư Phạn kỹ thuật Hưng Yên tại xã Nhân Hòa, huyện Mỹ Hào","Đã xóa trùng (Thành công) - Đã xóa thành công 2 bản trùng thừa, giữ lại bản chính #1","2026-09-19 18:36:39"
1921,"H31.05.02.H31.09.2008.810","3 bản (DELETED_SUCCESS)","Về việc thiết kế cơ sở công trình thư viện 4 tầng - trường ĐHSP kỹ thuật Hưng yên tại huyện Mỹ Hào","Đã xóa trùng (Thành công) - Đã xóa thành công 2 bản trùng thừa, giữ lại bản chính #1","2026-09-19 18:36:53"
1922,"H31.05.02.H31.09.2007-2008.809","3 bản (DELETED_SUCCESS)","Về việc thực hiện phương án bồi thường thiệt hại tài sản trên đất thu hồi để phục vụ dự án đầu tư xây dựng và mở rộng trường đại học sư phạm kỹ thuật từng yên tại xã Nhân Hoà Huyện Mỹ Hào","Đã xóa trùng (Thành công) - Đã xóa thành công 2 bản trùng thừa, giữ lại bản chính #1","2026-09-19 18:37:08"
1923,"H31.05.02.H31.09.2012.732","3 bản (DELETED_SUCCESS)","Hồ sơ cấp giấy phép xây dựng công trình Nhà máy chế biên nông sản thực phẩm tại thị trấn Lương Bằng, huyện Kim Động","Đã xóa trùng (Thành công) - Đã xóa thành công 2 bản trùng thừa, giữ lại bản chính #1","2026-09-19 18:37:22"
1924,"H31.05.02.H31.09.2012.731","3 bản (DELETED_SUCCESS)","Hồ sơ báo cáo kinh tế kỹ thuật công trình Nhà tập đa năng trường Trung học phổ thông Kim Động tại thị trấn Lương Bằng, huyện Kim Động.","Đã xóa trùng (Thành công) - Đã xóa thành công 2 bản trùng thừa, giữ lại bản chính #1","2026-09-19 18:37:36"
1925,"H31.05.02.H31.09.2010-2011.730","3 bản (DELETED_SUCCESS)","Hồ sơ tham gia ý kiến chấp thuận phương án móng công trình: Nhà lớp học bộ môn Trường THPT Kim Động tại thị trấn Lương Bằng, huyện Kim Động","Đã xóa trùng (Thành công) - Đã xóa thành công 2 bản trùng thừa, giữ lại bản chính #1","2026-09-19 18:37:50"
1926,"H31.05.02.H31.09.2010.729","3 bản (DELETED_SUCCESS)","Về việc thẩm định phê duyệt báo cáo kinh tế kỹ thuật công trình: Cải tạo, nâng cấp Trường THPT Kim Động tại thị trấn Lương Bằng, huyện Kim Động","Đã xóa trùng (Thành công) - Đã xóa thành công 2 bản trùng thừa, giữ lại bản chính #1","2026-09-19 18:38:04"
1927,"H31.05.02.H31.09.2010.728","3 bản (DELETED_SUCCESS)","Hồ sơ thẩm định nhiệm vụ thiết kế cải tạo nâng cấp Trường THPT Kim Động","Đã xóa trùng (Thành công) - Đã xóa thành công 2 bản trùng thừa, giữ lại bản chính #1","2026-09-19 18:38:18"
1928,"H31.05.02.H31.09.2011.727","3 bản (DELETED_SUCCESS)","Tham gia ý kiến thẩm định thiết kế bản vẽ thi công Bệnh viện sản nhi Hưng Yên tại xã Hiệp Cường, huyện Kim Động.","Đã xóa trùng (Thành công) - Đã xóa thành công 2 bản trùng thừa, giữ lại bản chính #1","2026-09-19 18:38:32"
1929,"H31.05.02.H31.09.2009.726","2 bản (DELETED_SUCCESS)","Nhiệm vụ thiết kế xây dựng Công trình: Bệnh viện sản nhi tại xã Toàn Thắng huyện Kim Động","Đã xóa trùng (Thành công) - Đã xóa thành công 1 bản trùng thừa, giữ lại bản chính #1","2026-09-19 18:38:40"
1930,"H31.05.02.H31.09.2011.724","3 bản (DELETED_SUCCESS)","Hồ sơ cấp giấy phép xây dựng trạm BTS loại I tại xã Mai Động, huyện Kim Động","Đã xóa trùng (Thành công) - Đã xóa thành công 2 bản trùng thừa, giữ lại bản chính #1","2026-09-19 18:38:55"
1931,"H31.05.02.H31.09.2011.723","3 bản (DELETED_SUCCESS)","Giấy phép xây dựng công trình: Di chuyển và nâng cấp bến xe Triều Dương xã Hùng An, huyện Kim Động.","Đã xóa trùng (Thành công) - Đã xóa thành công 2 bản trùng thừa, giữ lại bản chính #1","2026-09-19 18:39:09"
1932,"H31.05.02.H31.09.2011.722","3 bản (DELETED_SUCCESS)","Hồ sơ cấp giấy phép xây dựng tạm công trình: Hạng mục trung tâm thương mại thuộc nhà máy dệt áo len và may xuất khẩu Rồng Vàng tại thị trấn Lương Bằng, huyện Kim Động","Đã xóa trùng (Thành công) - Đã xóa thành công 2 bản trùng thừa, giữ lại bản chính #1","2026-09-19 18:39:23"
1933,"H31.05.02.H31.09.2010-2011.725","3 bản (DELETED_SUCCESS)","Hồ sơ cấp giấy phép xây dựng công trình Nhà máy sản xuất thuốc thú y và thức ăn dinh dưỡng phát triển chăn nuôi xã Vũ Xã, huyện Kim Động.","Đã xóa trùng (Thành công) - Đã xóa thành công 2 bản trùng thừa, giữ lại bản chính #1","2026-09-19 18:39:37"
1934,"H31.05.02.H31.09.2010.721","3 bản (DELETED_SUCCESS)","Hồ sơ cấp giấy phép xây dựng công trình Nhà máy dệt may áo len và xuất khẩu Rồng Vàng tại thị trấn Lương Bằng, huyện Kim Động.","Đã xóa trùng (Thành công) - Đã xóa thành công 2 bản trùng thừa, giữ lại bản chính #1","2026-09-19 18:39:51"
1935,"H31.05.02.H31.09.2009.716","2 bản (DELETED_SUCCESS)","Hồ sơ thiết kế bản vẽ thi công báo cáo kinh tế kỹ thuật bệnh viện tâm thần kinh giai đoạn III, xã Song Mai, huyện Kim Động","Đã xóa trùng (Thành công) - Đã xóa thành công 1 bản trùng thừa, giữ lại bản chính #1","2026-09-19 18:40:00"
1936,"H31.05.02.H31.09.2009.715","2 bản (DELETED_SUCCESS)","Hồ sơ tham gia ý kiến thẩm định nhiệm vụ thiết kế công trình Bệnh viện tâm thần kinh (giai đoạn 3) tại xã Song Mai, huyện Kim Động","Đã xóa trùng (Thành công) - Đã xóa thành công 1 bản trùng thừa, giữ lại bản chính #1","2026-09-19 18:40:08"
1937,"H31.05.02.H31.09.2014.682","3 bản (DELETED_SUCCESS)","Thẩm tra thiết kế bản vẽ thi công dự toán công trình nhà lớp học 2 tầng, 8 phòng Trường mầm non thôn Thông Quan Hạ tại thị trấn Khoái Châu, huyện Khoái Châu","Đã xóa trùng (Thành công) - Đã xóa thành công 2 bản trùng thừa, giữ lại bản chính #1","2026-09-19 18:40:22"
1938,"H31.05.02.H31.09.2014.681","3 bản (DELETED_SUCCESS)","Về việc thẩm tra thiết kế bản vẽ thi công và dự toán công trình nhà lớp học 2 tầng 6 phòng trường tiểu học thị trấn Khoái Châu, chủ đầu tư là Ủy ban nhân dân huyện Khoái Châu.","Đã xóa trùng (Thành công) - Đã xóa thành công 2 bản trùng thừa, giữ lại bản chính #1","2026-09-19 18:40:36"
1939,"H31.05.02.H31.09.2013-2014.680","3 bản (DELETED_SUCCESS)","Về việc thẩm tra thiết kế bản vẽ thi công và dự toán công trình nhà đa năng trường Trung học cơ sở Nguyễn Thiện Thuật tại thị trấn Khoái Châu huyện Khoái Châu tỉnh Hưng Yên.","Đã xóa trùng (Thành công) - Đã xóa thành công 2 bản trùng thừa, giữ lại bản chính #1","2026-09-19 18:40:50"
1940,"H31.05.02.H31.09.2009.638","2 bản (DELETED_SUCCESS)","Hồ sơ về việc kết quả thẩm định dự toán chi phí khảo sát địa chất công trình: Nhà thi đấu đa năng huyện Khoái Châu","Đã xóa trùng (Thành công) - Đã xóa thành công 1 bản trùng thừa, giữ lại bản chính #1","2026-09-19 18:40:58"
1941,"H31.05.02.H31.09.2008.634","3 bản (DELETED_SUCCESS)","Về việc thẩm định thiết kế cơ sở công trình cải tạo, nâng cấp trung tâm y tế huyện Khoái Châu","Đã xóa trùng (Thành công) - Đã xóa thành công 2 bản trùng thừa, giữ lại bản chính #1","2026-09-19 18:41:12"
1942,"H31.05.02.H31.09.2009.635","2 bản (DELETED_SUCCESS)","Về công trình hệ thống bao che lò đốt rác trung tâm y tế huyện Khoái Châu","Đã xóa trùng (Thành công) - Đã xóa thành công 1 bản trùng thừa, giữ lại bản chính #1","2026-09-19 18:41:20"
1943,"H31.05.02.H31.09.2008.636","3 bản (DELETED_SUCCESS)","Về việc thiết kế cơ sở công trình: Trung tâm thể thao huyện Ân Thi (giai đoạn II) tại thị trấn Khoái Châu, huyện Khoái Châu","Đã xóa trùng (Thành công) - Đã xóa thành công 2 bản trùng thừa, giữ lại bản chính #1","2026-09-19 18:41:35"
1944,"H31.05.02.H31.09.2007-2008.637","3 bản (DELETED_SUCCESS)","Về việc thiết kế bản vẽ thi công công trình: Nhà thi đấu đa năng Trung tâm thể dục thể thao huyện Khoái Châu. tại thị trấn Khoái Châu","Đã xóa trùng (Thành công) - Đã xóa thành công 2 bản trùng thừa, giữ lại bản chính #1","2026-09-19 18:41:49"
1945,"H31.05.02.H31.09.2008.633","3 bản (DELETED_SUCCESS)","Về việc thiết kế cơ sở công trình: Cải tạo, nâng cấp Trung tâm y tế huyện Khoái Châu","Đã xóa trùng (Thành công) - Đã xóa thành công 2 bản trùng thừa, giữ lại bản chính #1","2026-09-19 18:42:03"
1946,"H31.05.02.H31.09.2015.623","3 bản (DELETED_SUCCESS)","Về việc thẩm định báo cáo kinh tế kỹ thuật công trình Nhà lớp học 2 tầng, 8 phòng, trường Trung học cơ sở Phù Ủng tại xã Phù Ủng, huyện Ân Thi","Đã xóa trùng (Thành công) - Đã xóa thành công 2 bản trùng thừa, giữ lại bản chính #1","2026-09-19 18:42:18"
1947,"H31.05.02.H31.09.2015.622","3 bản (DELETED_SUCCESS)","Về việc thẩm định báo cáo kinh tế kỹ thuật công trình các phòng học chức năng Trường Tiểu học xã Hồng Quang, huyện Ân Thi","Đã xóa trùng (Thành công) - Đã xóa thành công 2 bản trùng thừa, giữ lại bản chính #1","2026-09-19 18:42:32"
1948,"H31.05.02.H31.09.2015.621","3 bản (DELETED_SUCCESS)","Về việc thẩm định báo cáo kinh tế kỹ thuật công tình nhà chức năng Trường trung học cơ sở xã Hồng Quang, huyện Ân Thi","Đã xóa trùng (Thành công) - Đã xóa thành công 2 bản trùng thừa, giữ lại bản chính #1","2026-09-19 18:42:46"
1949,"H31.05.02.H31.09.2014.616","3 bản (DELETED_SUCCESS)","Về việc thẩm tra thiết kế bản vẽ thi công - dự toán công trình: Cải tạo, sửa chữa nghĩa trang liệt sỹ tại xã Tân Phúc, huyện Ân Thi","Đã xóa trùng (Thành công) - Đã xóa thành công 2 bản trùng thừa, giữ lại bản chính #1","2026-09-19 18:43:01"
1950,"H31.05.02.H31.09.2014.615","3 bản (DELETED_SUCCESS)","Về việc thẩm tra thiết kế bản vẽ thi công - dự toán công trình nhà hiệu bộ trường tiểu học Phù Ủng tại xã Phù Ủng - huyện Ân Thi","Đã xóa trùng (Thành công) - Đã xóa thành công 2 bản trùng thừa, giữ lại bản chính #1","2026-09-19 18:43:15"
1951,"H31.05.02.H31.09.2014.614","3 bản (DELETED_SUCCESS)","Về việc thẩm tra thiết kế bản vẽ thi công - dự toán công trình: Trạm y tế xã Phù Ủng tại xã Phù Ủng, huyện Ân Thi","Đã xóa trùng (Thành công) - Đã xóa thành công 2 bản trùng thừa, giữ lại bản chính #1","2026-09-19 18:43:29"
1952,"H31.05.02.H31.09.2011.609","3 bản (DELETED_SUCCESS)","Hồ sơ về việc thẩm định và phê duyệt báo cáo kinh tế kỹ thuật công trình Nhà làm việc khối đoàn thể huyện Ân Thi","Đã xóa trùng (Thành công) - Đã xóa thành công 2 bản trùng thừa, giữ lại bản chính #1","2026-09-19 18:43:43"
1953,"H31.05.02.H31.09.2011.610","3 bản (DELETED_SUCCESS)","Hồ sơ về báo cáo kinh tế kỹ thuật xây dựng công trình nhà xưởng thực hành kiêm phòng lý thuyết Trung tâm kỹ thuật tổng hợp hướng nghiệp và dạy nghề huyện Ân Thi","Đã xóa trùng (Thành công) - Đã xóa thành công 2 bản trùng thừa, giữ lại bản chính #1","2026-09-19 18:43:58"
1954,"H31.05.02.H31.09.2011.608","3 bản (DELETED_SUCCESS)","Về việc tham gia ý kiến chấp thuận về tổng thể mặt bằng phương án tính toán kè cao, cầu qua mương công trình cải tạo, nâng cấp trường THPT Ân Thi (giai đoạn II) tại thị trấn Ân Thi, huyện Ân Thi","Đã xóa trùng (Thành công) - Đã xóa thành công 2 bản trùng thừa, giữ lại bản chính #1","2026-09-19 18:44:12"
1955,"H31.05.02.H31.09.2011.607","3 bản (DELETED_SUCCESS)","Về việc thực hiện nhiệm vụ thiết kế công trình trụ sở làm việc Đảng ủy Hội đồng nhân dân - Ủy ban nhân dân và Tiền Phong, huyện Ân Thi, tỉnh Hưng Yên","Đã xóa trùng (Thành công) - Đã xóa thành công 2 bản trùng thừa, giữ lại bản chính #1","2026-09-19 18:44:26"
1956,"H31.05.02.H31.09.2011.606","3 bản (DELETED_SUCCESS)","Về việc đã tham gia ý kiến thẩm định nhiệm vụ thiết kế công trình trụ sở làm việc Đảng uỷ HĐND-UBND xã Quang Vinh, huyện Ân Thi","Đã xóa trùng (Thành công) - Đã xóa thành công 2 bản trùng thừa, giữ lại bản chính #1","2026-09-19 18:44:41"
1957,"H31.05.02.H31.09.2011.605","3 bản (DELETED_SUCCESS)","Về việc tham gia ý kiến thẩm định nhiệm vụ thiết kế Công trình: Trụ sở làm việc Đảng ủy - HĐND - UBND xã Vân Du - Huyện Ân Thi","Đã xóa trùng (Thành công) - Đã xóa thành công 2 bản trùng thừa, giữ lại bản chính #1","2026-09-19 18:44:55"
1958,"H31.05.02.H31.09.2011.598","3 bản (DELETED_SUCCESS)","Về việc tham gia ý kiến thẩm định nhiệm vụ thiết kế Công tình: Cải tạo, nâng cấp nhà làm việc khối đoàn thể huyện Ân Thi tại thị trấn Ân Thi.","Đã xóa trùng (Thành công) - Đã xóa thành công 2 bản trùng thừa, giữ lại bản chính #1","2026-09-19 18:45:09"
1959,"H31.05.02.H31.09.2007-2010.597","3 bản (DELETED_SUCCESS)","Về việc tham gia ý kiến thẩm định thiết kế bản vẽ thi công Công trình: Nhà văn hóa huyện Ân Thi tại thị Trấn Ân Thi, huyện Ân Thi","Đã xóa trùng (Thành công) - Đã xóa thành công 2 bản trùng thừa, giữ lại bản chính #1","2026-09-19 18:45:23"
1960,"H31.05.02.H31.09.2010.590","3 bản (DELETED_SUCCESS)","Về việc thẩm định nhiệm vụ thiết kế công trình khu di dân, tái định cư vùng nguy cơ sạt ở tại xã Văn Nhuệ huyện Ân Thi (gđ II)","Đã xóa trùng (Thành công) - Đã xóa thành công 2 bản trùng thừa, giữ lại bản chính #1","2026-09-19 18:45:37"
1961,"H31.05.02.H31.09.2010.588","3 bản (DELETED_SUCCESS)","Về việc cấp giấy phép xây dựng trạm thu phát sóng BTS tại xã Nguyễn Trãi, huyện Ân Thi","Đã xóa trùng (Thành công) - Đã xóa thành công 2 bản trùng thừa, giữ lại bản chính #1","2026-09-19 18:45:52"
1962,"H31.05.02.H31.09.2010.587","3 bản (DELETED_SUCCESS)","Về việc cấp giấy phép xây dựng trạm thu phát sóng BTS tại xã Quảng Lãng, huyện Ân Thi","Đã xóa trùng (Thành công) - Đã xóa thành công 2 bản trùng thừa, giữ lại bản chính #1","2026-09-19 18:46:06"
1963,"H31.05.02.H31.09.2010.586","3 bản (DELETED_SUCCESS)","Về việc cấp giấy phép xây dựng trạm thu phát sóng BTS tại xã Quang Vinh, huyện Ân Thi","Đã xóa trùng (Thành công) - Đã xóa thành công 2 bản trùng thừa, giữ lại bản chính #1","2026-09-19 18:46:20"
1964,"H31.05.02.H31.09.2010.585","3 bản (DELETED_SUCCESS)","Về việc cấp giấy phép xây dựng cho trung tâm di động Vietnam Mobile Chi nhánh Công ty Cổ phần Viễn thông Hà Nội xây dựng trạm BTS loại I tại xã Quang Vinh, huyện Ân Thi","Đã xóa trùng (Thành công) - Đã xóa thành công 2 bản trùng thừa, giữ lại bản chính #1","2026-09-19 18:46:34"
1965,"H31.05.02.H31.09.2010.584","3 bản (DELETED_SUCCESS)","Về việc cấp giấy phép xây dựng công trình trạm BTS loại I cho  Trung tâm thông tin di động Vietnam Mobile - Chi nhánh Công ty Cổ phần viễn thông Hà Nội tại xã Hồng Quang, huyện Ân Thi","Đã xóa trùng (Thành công) - Đã xóa thành công 2 bản trùng thừa, giữ lại bản chính #1","2026-09-19 18:46:48"
1966,"H31.05.02.H31.09.2010.589","3 bản (DELETED_SUCCESS)","Về việc tham gia ý kiến phương án thiết kế công trình Trường mầm non thôn Ninh Thôn, xã Cẩm Ninh, huyện Ân Thi và đường bê tông vào đền tưởng niệm bà Hoàng Thị Loan","Đã xóa trùng (Thành công) - Đã xóa thành công 2 bản trùng thừa, giữ lại bản chính #1","2026-09-19 18:47:03"
1967,"H31.05.02.H31.09.2008.575","2 bản (DELETED_SUCCESS)","Về việc thiết kế bản vẽ thi công công trình nhà lớp học Trường THPT Nguyễn Trung Ngạn tại xã Hồ Tùng Mậu, huyện Ân Thi","Đã xóa trùng (Thành công) - Đã xóa thành công 1 bản trùng thừa, giữ lại bản chính #1","2026-09-19 18:47:11"
1968,"H31.05.02.H31.09.2008.574","2 bản (DELETED_SUCCESS)","Về việc thiết kế cơ sở công trình Trụ sở làm việc Huyện ủy Ân Thi tại Thị trấn Ân Thi, huyện Ân Thi","Đã xóa trùng (Thành công) - Đã xóa thành công 1 bản trùng thừa, giữ lại bản chính #1","2026-09-19 18:47:19"
1969,"H31.05.02.H31.09.2005.569","3 bản (DELETED_SUCCESS)","Hồ sơ về việc thẩm định thiết kế bản vẽ thi công công trình trụ sở làm việc hạt giao thông huyện Ân Thi","Đã xóa trùng (Thành công) - Đã xóa thành công 2 bản trùng thừa, giữ lại bản chính #1","2026-09-19 18:47:34"
1970,"H31.05.02.H31.09.2008.573","3 bản (DELETED_SUCCESS)","Về việc tham gia ý kiến thẩm định thiết kế cơ sở dự án cải tạo nâng cấp trung tâm y tế huyện Ân Thi tại thị trấn Ân Thi, huyện Ân Thi","Đã xóa trùng (Thành công) - Đã xóa thành công 2 bản trùng thừa, giữ lại bản chính #1","2026-09-19 18:47:48"
1971,"H31.05.02.H31.09.2008.572","3 bản (DELETED_SUCCESS)","Về việc tham gia ý kiến thẩm định nhiệm vụ thiết kế công trình Trường THPT Nguyễn Trung Ngạn tại xã Hồ Tùng Mậu, huyện Ân Thi","Đã xóa trùng (Thành công) - Đã xóa thành công 2 bản trùng thừa, giữ lại bản chính #1","2026-09-19 18:48:02"
1972,"H31.05.02.H31.09.2008.571","3 bản (DELETED_SUCCESS)","Về việc tham gia ý kiến thẩm định nhiệm vụ thiết kế công trình Trung tâm bồi dưỡng chính trị huyện Ân Thi tại TT Ân Thi - huyện Ân Thi","Đã xóa trùng (Thành công) - Đã xóa thành công 2 bản trùng thừa, giữ lại bản chính #1","2026-09-19 18:48:16"
1973,"H31.05.02.H31.09.2008.570","3 bản (DELETED_SUCCESS)","Về việc tham gia ý kiến thẩm định nhiệm vụ thiết kế công trình: Nhà bia lưu niệm nơi thành lập Ban tỉnh uỷ lâm thời tỉnh Hưng Yên tại xã Cẩm Ninh - huyện Ân Thi","Đã xóa trùng (Thành công) - Đã xóa thành công 2 bản trùng thừa, giữ lại bản chính #1","2026-09-19 18:48:30"
1974,"H31.05.02.H31.09.2005-2011.564","3 bản (DELETED_SUCCESS)","Về việc tham gia thẩm định thiết kế cơ sở dự án đầu tư xây dựng công trình: Trung tâm tin học dự phòng và phát triển tin học ngân hàng phát triển Việt Nam tại phường Hiến Nam - thành phố Hưng Yên (tập 1)","Đã xóa trùng (Thành công) - Đã xóa thành công 2 bản trùng thừa, giữ lại bản chính #1","2026-09-19 18:48:44"
1975,"H31.05.02.H31.09.2010-2011.563","3 bản (DELETED_SUCCESS)","Về việc thẩm định thiết kế cơ sở nhà ở sinh viên cụm trường khu vực thành phố Hưng Yên tại phường Lam Sơn, thành phố Hưng Yên","Đã xóa trùng (Thành công) - Đã xóa thành công 2 bản trùng thừa, giữ lại bản chính #1","2026-09-19 18:48:58"
1976,"H31.05.02.H31.09.2011.551","3 bản (DELETED_SUCCESS)","Về báo cáo kinh tế kỹ thuật công trình Trường THPT Hưng Yên (giai đoạn II) tại thành phố Hưng Yên","Đã xóa trùng (Thành công) - Đã xóa thành công 2 bản trùng thừa, giữ lại bản chính #1","2026-09-19 18:49:12"
1977,"H31.05.02.H31.09.2013.1189","3 bản (DELETED_SUCCESS)","Về việc đầu tư xây dựng công trình nhà phụ trợ huyện uỷ Yên Mỹ tại xã Tân Lập, huyện Yên Mỹ (Tập 2)","Đã xóa trùng (Thành công) - Đã xóa thành công 2 bản trùng thừa, giữ lại bản chính #1","2026-09-19 18:49:26"
1978,"H31.05.02.H31.09.2013.1188","3 bản (DELETED_SUCCESS)","Về việc đầu tư xây dựng công trình nhà Phụ trợ huyện uỷ Yên Mỹ tại xã Tân Lập, huyện Yên Mỹ (Tập 1)","Đã xóa trùng (Thành công) - Đã xóa thành công 2 bản trùng thừa, giữ lại bản chính #1","2026-09-19 18:49:40"
1979,"H31.05.02.H31.09.2011.1168","3 bản (DELETED_SUCCESS)","Hồ sơ về việc cấp giấy phép thầu thi công và xây dựng hệ thống HVAC - công ty TNHH Tanebe engingeering Corporation, Nhật Bản tại khu công nghiệp Thăng Long II, huyện Yên Mỹ","Đã xóa trùng (Thành công) - Đã xóa thành công 2 bản trùng thừa, giữ lại bản chính #1","2026-09-19 18:49:54"
1980,"H31.05.02.H31.09.2011.1163","3 bản (DELETED_SUCCESS)","Hồ sơ về việc thi công các hạng mục nhà xưởng trong công trình xây dựng nhà máy Sóc Việt Nam, tại Lô G7, Khu Công Nghiệp Thăng Long II, huyện Yên Mỹ","Đã xóa trùng (Thành công) - Đã xóa thành công 2 bản trùng thừa, giữ lại bản chính #1","2026-09-19 18:50:09"
1981,"H31.05.02.H31.09.2011.1162","3 bản (DELETED_SUCCESS)","Hồ sơ về việc xây dựng Nhà máy Vietinal thuộc dự án ""Nhà máy Công ty Vietinak tại lô 5, khu công nghiệp Thăng Long II, huyện Yên Mỹ""","Đã xóa trùng (Thành công) - Đã xóa thành công 2 bản trùng thừa, giữ lại bản chính #1","2026-09-19 18:50:23"
1982,"H31.05.02.H31.09.2010.1138","3 bản (DELETED_SUCCESS)","Hồ sơ về việc cấp giấy phép thầu xây dựng Nhà máy DENYO VN của Công ty TNHH DENYO VN tại Khu công nghiệp Thăng Long II, Huyện Yên Mỹ","Đã xóa trùng (Thành công) - Đã xóa thành công 2 bản trùng thừa, giữ lại bản chính #1","2026-09-19 18:50:37"
1983,"H31.05.02.H31.09.2010.1137","3 bản (DELETED_SUCCESS)","Về việc cấp phép xây dựng trạm thu phát sóng BTS tại xã Yên Hòa, huyện Yên Mỹ","Đã xóa trùng (Thành công) - Đã xóa thành công 2 bản trùng thừa, giữ lại bản chính #1","2026-09-19 18:50:51"
1984,"H31.05.02.H31.09.2010.1136","3 bản (DELETED_SUCCESS)","Về việc xin cấp phép xây dựng trạm thu phát sóng BTS tại xã Yên Phú, huyện Yên Mỹ.","Đã xóa trùng (Thành công) - Đã xóa thành công 2 bản trùng thừa, giữ lại bản chính #1","2026-09-19 18:51:06"
1985,"H31.05.02.H31.09.2015.1100","3 bản (DELETED_SUCCESS)","Về việc thẩm định báo cáo kinh tế, kỹ thuật Công trình Cải tạo sửa chữa nhà làm việc 3 tầng và các hạng mục UBND huyện Văn Lâm tại thị trấn Như Quỳnh, Văn Lâm. Năm 2015","Đã xóa trùng (Thành công) - Đã xóa thành công 2 bản trùng thừa, giữ lại bản chính #1","2026-09-19 18:51:20"
1986,"H31.05.02.H31.09.2015.1099","3 bản (DELETED_SUCCESS)","Về việc thẩm định báo cáo kinh tế kỹ thuật Công trình: Nhà lớp học và hành chính trường mầm non khu Trung tâm xã Lạc Đạo, huyện Văn Lâm","Đã xóa trùng (Thành công) - Đã xóa thành công 2 bản trùng thừa, giữ lại bản chính #1","2026-09-19 18:51:34"
1987,"H31.05.02.H31.09.2014.1098","3 bản (DELETED_SUCCESS)","Về việc thẩm tra thiết kế bản vẽ thi công - dự toán công trình nhà lớp  học bộ môn trường THPT Trưng Vương tại xã Trưng Trắc, huyện Văn Lâm","Đã xóa trùng (Thành công) - Đã xóa thành công 2 bản trùng thừa, giữ lại bản chính #1","2026-09-19 18:51:48"
1988,"H31.05.02.H31.09.2012.1093","3 bản (DELETED_SUCCESS)","Về việc cấp giấy phép xây dựng dự án siêu thị Thanh Thủy tại xã Trưng trắc, huyện Văn Lâm","Đã xóa trùng (Thành công) - Đã xóa thành công 2 bản trùng thừa, giữ lại bản chính #1","2026-09-19 18:52:03"
1989,"H31.05.02.H31.09.2014.1094","3 bản (DELETED_SUCCESS)","Hồ sơ về việc thiết kế cơ sở công trình trụ sở làm việc Bảo hiểm xã hội huyện Văn Lâm tại thị trấn Như Quỳnh, huyện Văn Lâm","Đã xóa trùng (Thành công) - Đã xóa thành công 2 bản trùng thừa, giữ lại bản chính #1","2026-09-19 18:52:17"
1990,"H31.05.02.H31.09.2012.1090","3 bản (DELETED_SUCCESS)","Hồ sơ về việc xin cấp phép nhà thầu cho công ty TNHH điện tử Canon Việt Nam thực hiện dự án xây dựng nhà máy số 3 tại khu công nghiệp Phố Nối A, huyện Văn Lâm","Đã xóa trùng (Thành công) - Đã xóa thành công 2 bản trùng thừa, giữ lại bản chính #1","2026-09-19 18:52:31"
1991,"H31.05.02.H31.09.2012.1089","3 bản (DELETED_SUCCESS)","Về việc xin giấy phép nhà thầu chính cho dự án xây dựng nhà máy số 3 cho Công ty TNHH điện tử Canon Việt Nam tại Khu công nghiệp Phố Nối A, tại huyện Văn Lâm","Đã xóa trùng (Thành công) - Đã xóa thành công 2 bản trùng thừa, giữ lại bản chính #1","2026-09-19 18:52:45"
1992,"H31.05.02.H31.09.2012.1086","3 bản (DELETED_SUCCESS)","Về việc thiết kế cơ sở công trình nhà làm việc Chi cục thuế huyện Văn Lâm","Đã xóa trùng (Thành công) - Đã xóa thành công 2 bản trùng thừa, giữ lại bản chính #1","2026-09-19 18:53:00"
1993,"H31.05.02.H31.09.2009.1044","3 bản (DELETED_SUCCESS)","Về việc tham gia ý kiến thẩm định thiết kế cơ sở công trình: Nhà làm việc và các hạng mục phụ trợ Ngân hàng Nông nghiệp và Phát triển nông thôn huyện Văn Lâm tại thị trấn Như Quỳnh, huyện Văn Lâm","Đã xóa trùng (Thành công) - Đã xóa thành công 2 bản trùng thừa, giữ lại bản chính #1","2026-09-19 18:53:14"
1994,"H31.05.02.H31.09.2009.1043","3 bản (DELETED_SUCCESS)","Về công trình hệ thống bao che lò đốt rác Trung tâm Y tế huyện Văn Lâm","Đã xóa trùng (Thành công) - Đã xóa thành công 2 bản trùng thừa, giữ lại bản chính #1","2026-09-19 18:53:28"
1995,"H31.05.02.H31.09.2009.1041","3 bản (DELETED_SUCCESS)","Về việc tham gia ý kiến thẩm định nhiệm vụ thiết kế công trình Trường THPT Văn Lâm, Nhà lớp học 3 tầng, 15 phòng tại xã Lạc Đạo, huyện Văn Lâm","Đã xóa trùng (Thành công) - Đã xóa thành công 2 bản trùng thừa, giữ lại bản chính #1","2026-09-19 18:53:42"
1996,"H31.05.02.H31.09.2008-2009.1042","3 bản (DELETED_SUCCESS)","Về việc thiết kế cơ sở Nhà văn hóa huyện Văn Lâm tại Thị trấn Như Quỳnh, huyện Văn Lâm","Đã xóa trùng (Thành công) - Đã xóa thành công 2 bản trùng thừa, giữ lại bản chính #1","2026-09-19 18:53:57"
1997,"H31.05.02.H31.09.2008.1040","3 bản (DELETED_SUCCESS)","Hồ sơ về việc thiết kế cơ sở công trình sửa chữa cải tạo cơ sở làm việc liên đoàn bản đồ địa chất miền Bắc tại xã Tân Quang, huyện Văn Lâm","Đã xóa trùng (Thành công) - Đã xóa thành công 2 bản trùng thừa, giữ lại bản chính #1","2026-09-19 18:54:11"
1998,"H31.05.02.H31.09.2008.1039","3 bản (DELETED_SUCCESS)","Về việc thẩm định hồ sơ bổ sung phương án bồi thường hỗ trợ thiệt hại tài sản trên đất thu hồi để thi công đường dây 500kV Quảng Ninh - Thường Tín trên địa bàn xã Việt Hưng, Đại Đồng, Lạc Đạo, Đình Dù, Lạc Hồng huyện Văn Lâm","Đã xóa trùng (Thành công) - Đã xóa thành công 2 bản trùng thừa, giữ lại bản chính #1","2026-09-19 18:54:25"
1999,"H31.05.02.H31.09.2015.1038","3 bản (DELETED_SUCCESS)","Về việc thiết kế cơ sở công trình cải tạo, nâng cấp trung tâm y tế huyện Văn Lâm tại xã Lạc Đạo, huyện Văn Lâm","Đã xóa trùng (Thành công) - Đã xóa thành công 2 bản trùng thừa, giữ lại bản chính #1","2026-09-19 18:54:40"
2000,"H31.05.02.H31.09.2007-2008.1037","3 bản (DELETED_SUCCESS)","Về việc thiết kế cơ sở công trình khu công nghiệp làng nghề tái chế nhựa tại xã Minh Khai, huyện Văn Lâm","Đã xóa trùng (Thành công) - Đã xóa thành công 2 bản trùng thừa, giữ lại bản chính #1","2026-09-19 18:54:54"
2001,"H31.05.02.H31.09.2006.1034","3 bản (DELETED_SUCCESS)","Về việc thẩm định thiết kế bản vẽ thi công công trình nhà lớp học 2 tầng Trường THCS xã Lương Tài, huyện Văn Lâm","Đã xóa trùng (Thành công) - Đã xóa thành công 2 bản trùng thừa, giữ lại bản chính #1","2026-09-19 18:55:08"
2002,"H31.05.02.H31.09.2006.1033","3 bản (DELETED_SUCCESS)","Về việc thẩm định thiết kế bản vẽ thi công công kính nhà lớp học 2 tầng Trường tiểu học xã Lương Tài, huyện Văn Lâm","Đã xóa trùng (Thành công) - Đã xóa thành công 2 bản trùng thừa, giữ lại bản chính #1","2026-09-19 18:55:23"
2003,"H31.05.02.H31.09.2006.1032","3 bản (DELETED_SUCCESS)","Về việc thẩm định thiết kế bản vẽ thi công công tình hệ thống tiêu thoát nước đường trục chính thôn Hồng Thái, xã Lạc Hồng, huyện Văn Lâm","Đã xóa trùng (Thành công) - Đã xóa thành công 2 bản trùng thừa, giữ lại bản chính #1","2026-09-19 18:55:37"
2004,"H31.05.02.H31.09.2015.1021","3 bản (DELETED_SUCCESS)","Về việc thẩm định thiết kế coq sở dự án 5 mẫu nhà khu biệt thự Mimosa valley và khu nhà ở thảo Nguyên thuộc phân khu 9-12 khu đô thị thương mại và du lịch Văn Giang (Ecopark)","Đã xóa trùng (Thành công) - Đã xóa thành công 2 bản trùng thừa, giữ lại bản chính #1","2026-09-19 18:55:51"
2005,"H31.05.02.H31.09.2012.1020","3 bản (DELETED_SUCCESS)","Về việc tham gia ý kiến thiết kế cơ sở dự án đầu tư xây dựng Khu thương mại kết hợp nhà ở 1B-04 huyện Văn Giang (Tập 2)","Đã xóa trùng (Thành công) - Đã xóa thành công 2 bản trùng thừa, giữ lại bản chính #1","2026-09-19 18:56:05"
2006,"H31.05.02.H31.09.2005-2011.1018","3 bản (DELETED_SUCCESS)","Hồ sơ về việc thiết kế cơ sở công trình dự án nhà Phố 1A-03 khu đô thị Ecopark tại huyện Văn Giang","Đã xóa trùng (Thành công) - Đã xóa thành công 2 bản trùng thừa, giữ lại bản chính #1","2026-09-19 18:56:20"
2007,"H31.05.02.H31.09.2015.1011","3 bản (DELETED_SUCCESS)","Về việc thẩm định báo cáo kinh tế kỹ thuật công trình trường THCS xã Liên Nghĩa. Hạng mục nhà hiệu bộ, phòng học bộ môn và các hạng mục phụ trợ tại xã Liên Nghĩa, huyện Văn Giang năm 2015.","Đã xóa trùng (Thành công) - Đã xóa thành công 2 bản trùng thừa, giữ lại bản chính #1","2026-09-19 18:56:34"
2008,"H31.05.02.H31.09.2008.1012","3 bản (DELETED_SUCCESS)","Phương án bồi thường hỗ trợ tài sản trên đất thu hồi để GPMB dự án xây dựng hạ tầng kỹ thuật khu đô thị thương mại du lịch Văn Giang năm 2008","Đã xóa trùng (Thành công) - Đã xóa thành công 2 bản trùng thừa, giữ lại bản chính #1","2026-09-19 18:56:48"
2009,"H31.05.02.H31.09.2015.1008","3 bản (DELETED_SUCCESS)","Về việc thẩm định thiết kế bản vẽ thi công - dự toán công trình Trụ sở làm việc bảo hiểm xã hội huyện Văn Giang tại thị trấn Văn Giang, huyện Văn Giang năm 2015 (tập 2)","Đã xóa trùng (Thành công) - Đã xóa thành công 2 bản trùng thừa, giữ lại bản chính #1","2026-09-19 18:57:03"
2010,"H31.05.02.H31.09.2015.1007","3 bản (DELETED_SUCCESS)","Về việc thẩm định thiết kế bản vẽ thi công - dự toán công trình Trụ sở làm việc bảo hiểm xã hội huyện Văn Giang tại thị trấn Văn Giang, huyện Văn Giang năm 2015 (tập 1)","Đã xóa trùng (Thành công) - Đã xóa thành công 2 bản trùng thừa, giữ lại bản chính #1","2026-09-19 18:57:17"
2011,"H31.05.02.H31.09.2011.992","2 bản (DELETED_SUCCESS)","Về việc tham gia ý kiến thẩm định nhiệm vụ thiết kế công tình - Nhà lớp học bộ môn và phục vụ học tập một số công trình phụ trợ Trường THPT Văn Giang","Đã xóa trùng (Thành công) - Đã xóa thành công 1 bản trùng thừa, giữ lại bản chính #1","2026-09-19 18:57:26"
2012,"H31.05.02.H31.09.2011.993","2 bản (DELETED_SUCCESS)","Hồ sơ về việc báo cáo kinh tế kỹ thuật công trình: Nhà lớp học bộ môn phục vụ học tập, 1 số công trình phụ trợ trường THPT Văn Giang, huyện Văn Giang","Đã xóa trùng (Thành công) - Đã xóa thành công 1 bản trùng thừa, giữ lại bản chính #1","2026-09-19 18:57:34"
2013,"H31.05.02.H31.09.2014.990","3 bản (DELETED_SUCCESS)","Hồ sơ về việc thẩm tra thiết kế bản vẽ thi công công trình: Cải tạo nhà điều hành sản xuất điện lực Văn Giang tại thị trấn Văn Giang, huyện Văn Giang","Đã xóa trùng (Thành công) - Đã xóa thành công 2 bản trùng thừa, giữ lại bản chính #1","2026-09-19 18:57:48"
2014,"H31.05.02.H31.09.2013.987","3 bản (DELETED_SUCCESS)","Thiết kế cơ sở công trình nhà văn hóa huyện Văn Giang","Đã xóa trùng (Thành công) - Đã xóa thành công 2 bản trùng thừa, giữ lại bản chính #1","2026-09-19 18:58:03"
2015,"H31.05.02.H31.09.2013.988","3 bản (DELETED_SUCCESS)","Báo cáo kinh tế kỹ thuật công trình dịch chuyển và tu bổ di tích Đình Ngu Nhuế, xã Vĩnh Khúc, huyện Văn Giang","Đã xóa trùng (Thành công) - Đã xóa thành công 2 bản trùng thừa, giữ lại bản chính #1","2026-09-19 18:58:17"
2016,"H31.05.02.H31.09.2012.984","3 bản (DELETED_SUCCESS)","Giấy phép xây dựng công trình Nhà máy sản xuất gốm sứ và vật liệu xây dựng Tân Hoàng Hà, xã Xuân Quan, huyện Văn Giang","Đã xóa trùng (Thành công) - Đã xóa thành công 2 bản trùng thừa, giữ lại bản chính #1","2026-09-19 18:58:31"
2017,"H31.05.02.H31.09.2012.983","3 bản (DELETED_SUCCESS)","Giấy phép xây dựng công trình nhà máy bánh kẹo Hải Châu tại xã Vĩnh khúc, huyện Văn Giang","Đã xóa trùng (Thành công) - Đã xóa thành công 2 bản trùng thừa, giữ lại bản chính #1","2026-09-19 18:58:45"
2018,"H31.05.02.H31.09.2011.986","2 bản (DELETED_SUCCESS)","Nhiệm vụ thiết kế Công trình: Nhà văn hóa huyện Văn Giang.","Đã xóa trùng (Thành công) - Đã xóa thành công 1 bản trùng thừa, giữ lại bản chính #1","2026-09-19 18:58:54"
2019,"H31.05.02.H31.09.2010.985","3 bản (DELETED_SUCCESS)","Thỏa thuận nội dung quy hoạch chương trình xây dựng tỉ lệ 1/500 Khu văn hóa Thể dục thể thao huyện Văn Giang.","Đã xóa trùng (Thành công) - Đã xóa thành công 2 bản trùng thừa, giữ lại bản chính #1","2026-09-19 18:59:08"
2020,"H31.05.02.H31.09.2010.971","3 bản (DELETED_SUCCESS)","Về việc cấp phép xây dựng trạm thu phát sóng BTS tại xã Vĩnh Khúc, huyện Văn Giang, tỉnh Hưng Yên","Đã xóa trùng (Thành công) - Đã xóa thành công 2 bản trùng thừa, giữ lại bản chính #1","2026-09-19 18:59:22"
2021,"H31.05.02.H31.09.2010.970","3 bản (DELETED_SUCCESS)","Cấp giấy phép xây dựng hạng mục nhà Xưởng + Văn phòng (Nhà số 2), Nhà xưởng, (nhà số 4), Nhà xưởng sản xuất (nhà số 5), nhà ăn + nghỉ ca công nhân (nhà số 6) của Công ty Cổ phần công nghiệp Viễn Đông, xã Vĩnh Khúc, Văn Giang","Đã xóa trùng (Thành công) - Đã xóa thành công 2 bản trùng thừa, giữ lại bản chính #1","2026-09-19 18:59:36"
2022,"H31.05.02.H31.09.2010-2011.972","3 bản (DELETED_SUCCESS)","Về việc nhiệm vụ thiết kế công trình Nhà tưởng niệm danh nhân Phó Đức Chính tại huyện Văn Giang, tỉnh Hưng Yên","Đã xóa trùng (Thành công) - Đã xóa thành công 2 bản trùng thừa, giữ lại bản chính #1","2026-09-19 18:59:51"
2023,"H31.05.02.H31.09.2010.965","3 bản (DELETED_SUCCESS)","Về việc cấp phép xây dựng trạm thu phát sóng BTS tại xã Long Hưng, huyện Văn Giang, tỉnh Hưng Yên","Đã xóa trùng (Thành công) - Đã xóa thành công 2 bản trùng thừa, giữ lại bản chính #1","2026-09-19 19:00:05"
2024,"H31.05.02.H31.09.2009.963","3 bản (DELETED_SUCCESS)","Về việc gia hạn cấp phép xây dựng công trình: Nhà điều hành, nhà xưởng sản xuất, nhà kho tổng hợp, nhà ăn công nhân - Chủ đầu tư: Công ty Cổ phần bao bì Đồng Phú, xã Vĩnh Khúc, huyện Văn Giang, tỉnh Hưng Yên","Đã xóa trùng (Thành công) - Đã xóa thành công 2 bản trùng thừa, giữ lại bản chính #1","2026-09-19 19:00:19"
2025,"H31.05.02.H31.09.2009.964","3 bản (DELETED_SUCCESS)","Về việc dự toán thiết kế quy hoạch xây dựng điểm dân cư nông thôn xã Xuân Quan, huyện Văn Giang, tỉnh Hưng Yên","Đã xóa trùng (Thành công) - Đã xóa thành công 2 bản trùng thừa, giữ lại bản chính #1","2026-09-19 19:00:33"
2026,"H31.05.02.H31.09.2008-2009.962","3 bản (DELETED_SUCCESS)","Thiết kế cơ sở Nhà máy sản xuất thuốc tân dược đạt tiêu chuẩn GMP-WHO tại xã Tân Tiến - Văn Giang","Đã xóa trùng (Thành công) - Đã xóa thành công 2 bản trùng thừa, giữ lại bản chính #1","2026-09-19 19:00:48"
2027,"H31.05.02.H31.09.2009.961","3 bản (DELETED_SUCCESS)","Hồ sơ Dự toán thiết kế quy hoạch xây dựng điểm dân cư nông thôn xã Phụng Công","Đã xóa trùng (Thành công) - Đã xóa thành công 2 bản trùng thừa, giữ lại bản chính #1","2026-09-19 19:01:02"
2028,"H31.05.02.H31.09.2009.960","3 bản (DELETED_SUCCESS)","Hồ sơ Thiết kế bản vẽ thi công - Báo cáo kinh tế kỹ thuật nhà tập đa năng Trường THPT Dương Quảng Hàm, xã Liên Nghĩa, Huyện Văn Giang","Đã xóa trùng (Thành công) - Đã xóa thành công 2 bản trùng thừa, giữ lại bản chính #1","2026-09-19 19:01:16"
2029,"H31.05.02.H31.09.2015.948","3 bản (DELETED_SUCCESS)","Về việc thẩm định báo cáo kinh tế kỹ thuật công trình: Cải tạo, nâng cấp trạm y tế xã Trung Dũng, huyện Tiên Lữ","Đã xóa trùng (Thành công) - Đã xóa thành công 2 bản trùng thừa, giữ lại bản chính #1","2026-09-19 19:01:30"
2030,"H31.05.02.H31.09.2006.949","3 bản (DELETED_SUCCESS)","Về việc thẩm định thiết kế bản vẽ thi công công trình: Nhà hiệu bộ và các phòng chức năng trường tiểu học xã Thắng Lợi, huyện Văn Giang","Đã xóa trùng (Thành công) - Đã xóa thành công 2 bản trùng thừa, giữ lại bản chính #1","2026-09-19 19:01:45"
2031,"H31.05.02.H31.09.2013.932","3 bản (DELETED_SUCCESS)","Về việc báo cáo kinh tế kỹ thuật công trình: Nhà vệ sinh công cộng, đường vào, kè mái kênh, tường rào, đường bao quanh khu di tích lịch sử Đền Phủ Điềm, huyện Tiên Lữ","Đã xóa trùng (Thành công) - Đã xóa thành công 2 bản trùng thừa, giữ lại bản chính #1","2026-09-19 19:01:59"
2032,"H31.05.02.H31.09.2013.931","3 bản (DELETED_SUCCESS)","Về việc điều chỉnh báo cáo kinh tế kỹ thuật công trình Nhà vệ sinh chung, đường vào và kè mái mương quanh khu di tích lịch sử Đền Đậu An tại huyện Tiên Lữ","Đã xóa trùng (Thành công) - Đã xóa thành công 2 bản trùng thừa, giữ lại bản chính #1","2026-09-19 19:02:13"
2033,"H31.05.02.H31.09.2013.930","3 bản (DELETED_SUCCESS)","Hồ sơ về việc báo cáo kinh tế kỹ thuật công trình nhà vệ sinh chung đường vào và kè mái mương quanh khu di tích lịch sử Đền Đậu An, huyện Tiên Lữ","Đã xóa trùng (Thành công) - Đã xóa thành công 2 bản trùng thừa, giữ lại bản chính #1","2026-09-19 19:02:28"
2034,"H31.05.02.H31.09.2012.933","3 bản (DELETED_SUCCESS)","Hồ sơ về việc Báo cáo kinh tế kỹ thuật Công trình nhà vệ sinh công cộng, đường vào, kè mái kênh, tường rào, đường bao quanh khu di tích lịch sử Phủ Điềm, huyện Tiên Lữ","Đã xóa trùng (Thành công) - Đã xóa thành công 2 bản trùng thừa, giữ lại bản chính #1","2026-09-19 19:02:42"
2035,"H31.05.02.H31.09.2012.928","3 bản (DELETED_SUCCESS)","Về việc cấp giấy phép xây dựng dự án Cửa hàng xăng dầu Hải Nam tại xã Thiện Phiến, huyện Tiên Lữ","Đã xóa trùng (Thành công) - Đã xóa thành công 2 bản trùng thừa, giữ lại bản chính #1","2026-09-19 19:02:56"
2036,"H31.05.02.H31.09.2013.929","3 bản (DELETED_SUCCESS)","Về việc Báo cáo kinh tế kỹ thuật công trình Nhà vệ sinh chung, đường vào và kề mái mương quanh Khu di tích lịch sử đền Đậu An (bộ 02) huyện Tiên Lữ","Đã xóa trùng (Thành công) - Đã xóa thành công 2 bản trùng thừa, giữ lại bản chính #1","2026-09-19 19:03:11"
2037,"H31.05.02.H31.09.2010.855","3 bản (DELETED_SUCCESS)","Về việc cấp giấy phép xây dựng trạm thu phát sóng BTS tại xã Tiên Tiến, huyện Phù Cừ, tỉnh Hưng Yên.","Đã xóa trùng (Thành công) - Đã xóa thành công 2 bản trùng thừa, giữ lại bản chính #1","2026-09-19 19:03:25"
2038,"H31.05.02.H31.09.2012.856","3 bản (DELETED_SUCCESS)","Về việc báo cáo kinh tế kỹ thuật công trình Nhà làm việc cơ quan, huyện ủy Phù Cừ tại thị trấn Trần Cao, huyện Phù Cừ, tỉnh Hưng Yên.","Đã xóa trùng (Thành công) - Đã xóa thành công 2 bản trùng thừa, giữ lại bản chính #1","2026-09-19 19:03:39"
2039,"H31.05.02.H31.09.2014.829","3 bản (DELETED_SUCCESS)","Về việc thẩm tra thiết kế bản vẽ thi công dự toán công trình Trường Trung học cơ sở Hòa Phong tại xã Hòa Phong, huyện Mỹ Hào","Đã xóa trùng (Thành công) - Đã xóa thành công 2 bản trùng thừa, giữ lại bản chính #1","2026-09-19 19:03:53"
2040,"H31.05.02.H31.09.2014.828","3 bản (DELETED_SUCCESS)","Về việc thẩm tra thiết kế bản vẽ thi công - dự toán công trình Trường Trung học cơ sở Hòa Phong tại xã Hòa Phong, huyện Mỹ Hào","Đã xóa trùng (Thành công) - Đã xóa thành công 2 bản trùng thừa, giữ lại bản chính #1","2026-09-19 19:04:07"
2041,"H31.05.02.H31.09.2014.827","3 bản (DELETED_SUCCESS)","Về việc thẩm tra thiết kế bản vẽ thi công - dự toán công trình: Cải tạo, mở rộng trụ sở làm việc Ban quản lý các khu công nghiệp tỉnh Hưng Yên tại Thị trấn Bần Yên Nhân, huyện Mỹ Hào","Đã xóa trùng (Thành công) - Đã xóa thành công 2 bản trùng thừa, giữ lại bản chính #1","2026-09-19 19:04:22"
2042,"H31.05.02.H31.09.2009.812","3 bản (DELETED_SUCCESS)","Về việc tham gia ý kiến thẩm định thiết kế cơ sở công trình ký túc xá sinh viên Trường đại học sư phạm kỹ thuật Hưng Yên tại xã Nhân Hòa, huyện Yên Mỹ (Tập 1)","Đã xóa trùng (Thành công) - Đã xóa thành công 2 bản trùng thừa, giữ lại bản chính #1","2026-09-19 19:04:36"
2043,"H31.05.02.H31.09.2011.806","3 bản (DELETED_SUCCESS)","Về việc thực hiện nhiệm vụ thiết kế công trình chợ bao bì thuộc dự án xây dựng chợ bao bì và khu nhà ở thương mại Phố Nối, huyện Mỹ Hào","Đã xóa trùng (Thành công) - Đã xóa thành công 2 bản trùng thừa, giữ lại bản chính #1","2026-09-19 19:04:50"
2044,"H31.05.02.H31.09.2011.805","3 bản (DELETED_SUCCESS)","Về việc thiết kế cơ sở dự án Trụ sở làm việc Đảng ủy - HĐND - UBND tại Thị trấn Bần Yên Nhân, huyện Mỹ Hào","Đã xóa trùng (Thành công) - Đã xóa thành công 2 bản trùng thừa, giữ lại bản chính #1","2026-09-19 19:05:05"
2045,"H31.05.02.H31.09.2011.803","3 bản (DELETED_SUCCESS)","Về việc giấy phép xây dựng công trình: Nhà máy sản xuất khăn bông cao cấp tại xã Ngọc Lâm, huyện Mỹ Hào","Đã xóa trùng (Thành công) - Đã xóa thành công 2 bản trùng thừa, giữ lại bản chính #1","2026-09-19 19:05:19"
2046,"H31.05.02.H31.09.2011.802","3 bản (DELETED_SUCCESS)","Về cấp giấy phép xây dựng công trình nhà xưởng sản xuất (nhà số 5) dự án mở rộng nhà máy Kwang Jin Việt Nam tại xã Ngọc Lâm, huyện Mỹ Hào","Đã xóa trùng (Thành công) - Đã xóa thành công 2 bản trùng thừa, giữ lại bản chính #1","2026-09-19 19:05:33"
2047,"H31.05.02.H31.09.2011.804","3 bản (DELETED_SUCCESS)","Về việc thực hiện nhiệm vụ thiết kế công trình: Trụ sở làm việc Huyện ủy - HĐND - UBND huyện Mỹ Hào tại thị trấn Bần Yên Nhân, huyện Mỹ Hào","Đã xóa trùng (Thành công) - Đã xóa thành công 2 bản trùng thừa, giữ lại bản chính #1","2026-09-19 19:05:47"
2048,"H31.05.02.H31.09.2011.801","3 bản (DELETED_SUCCESS)","Về việc cấp giấy phép xây dựng tạm BTS loại 2 tại xã Lạc Xá, huyện Mỹ Hào","Đã xóa trùng (Thành công) - Đã xóa thành công 2 bản trùng thừa, giữ lại bản chính #1","2026-09-19 19:06:02"
2049,"H31.05.02.H31.09.2011.800","3 bản (DELETED_SUCCESS)","Hồ sơ về việc cấp giấy phép xây dựng công trình Nhà máy sản xuất gỗ cao cấp Thành Huy tại xã Dị Sử, huyện Mỹ Hào","Đã xóa trùng (Thành công) - Đã xóa thành công 2 bản trùng thừa, giữ lại bản chính #1","2026-09-19 19:06:16"
2050,"H31.05.02.H31.09.2011.799","3 bản (DELETED_SUCCESS)","Về giấy phép xây dựng công trình nhà máy sản xuất bao bì Thái Dương tại xã Bạch Sam, huyện Mỹ Hào","Đã xóa trùng (Thành công) - Đã xóa thành công 2 bản trùng thừa, giữ lại bản chính #1","2026-09-19 19:06:30"
2051,"H31.05.02.H31.09.2011.798","3 bản (DELETED_SUCCESS)","Về việc cấp giấy phép xây dựng công trình phòng Bảo hiểm Bảo Việt Mỹ Hào cho Công ty Bảo hiểm Bảo Việt tại thị trấn Bần Yên Nhân, huyện Mỹ Hào","Đã xóa trùng (Thành công) - Đã xóa thành công 2 bản trùng thừa, giữ lại bản chính #1","2026-09-19 19:06:44"
2052,"H31.05.02.H31.09.2011.797","3 bản (DELETED_SUCCESS)","Về việc gia hạn cấp phép xây dựng công trình trung tâm thương mại I&T tại thị trấn Bần Yên Nhân, huyện Mỹ Hào","Đã xóa trùng (Thành công) - Đã xóa thành công 2 bản trùng thừa, giữ lại bản chính #1","2026-09-19 19:06:59"
2053,"H31.05.02.H31.09.2010.791","2 bản (DELETED_SUCCESS)","Hồ sơ về việc tham gia ý kiến thẩm định báo cáo kinh tế - kỹ thuật xây dựng công trình nhà lớp học bộ môn và phục vụ học tập trường THPT Mỹ Hào tại thị trấn Bần Yên Nhân, huyện Mỹ Hào","Đã xóa trùng (Thành công) - Đã xóa thành công 1 bản trùng thừa, giữ lại bản chính #1","2026-09-19 19:07:07"
2054,"H31.05.02.H31.09.2010.790","2 bản (DELETED_SUCCESS)","Hồ sơ về việc tham gia ý kiến thẩm định thiết kế bản vẽ thi công công trình cải tạo nhà lớp học và các hạng mục phụ trợ trường THPT Mỹ Hào tại thị trấn Bần Yên Nhân, huyện Mỹ Hào","Đã xóa trùng (Thành công) - Đã xóa thành công 1 bản trùng thừa, giữ lại bản chính #1","2026-09-19 19:07:16"
2055,"H31.05.02.H31.09.2010.789","2 bản (DELETED_SUCCESS)","Về việc tham gia ý kiến nhiệm vụ thiết kế cơ sở công trình Nhà lớp học bộ môn Trường THPT Mỹ Hào tại Thi trấn Bần Yên Nhân, huyện Mỹ Hào","Đã xóa trùng (Thành công) - Đã xóa thành công 1 bản trùng thừa, giữ lại bản chính #1","2026-09-19 19:07:24"
2056,"H31.05.02.H31.09.2010.788","2 bản (DELETED_SUCCESS)","Về việc tham gia ý kiến thẩm định nhiệm vụ thiết kế công trình Trường THPT Mỹ Hào tại thị trấn Bần Yên Nhân, huyện Mỹ Hào","Đã xóa trùng (Thành công) - Đã xóa thành công 1 bản trùng thừa, giữ lại bản chính #1","2026-09-19 19:07:32"
2057,"H31.05.02.H31.09.2009.785","3 bản (DELETED_SUCCESS)","Về việc thẩm định dự toán Nhà máy sản xuất đồ gỗ, mỹ nghệ. Hạng mục: Tường rào đặc, nhà làm việc cấp 4 tại xã Nhân Hòa, huyện Mỹ Hào","Đã xóa trùng (Thành công) - Đã xóa thành công 2 bản trùng thừa, giữ lại bản chính #1","2026-09-19 19:07:46"
2058,"H31.05.02.H31.09.2009.784","3 bản (DELETED_SUCCESS)","Về việc thẩm định dự toán công tình: Nhà máy sản xuất thức ăn chăn nuôi Thành Thắng. Hạng mục: San lấp mặt bằng của Công ty Trách nhiệm hữu hạn Thương mại và Sản xuất Thành Thắng tại xã Dị Sử, huyện Mỹ Hào","Đã xóa trùng (Thành công) - Đã xóa thành công 2 bản trùng thừa, giữ lại bản chính #1","2026-09-19 19:08:01"
2059,"H31.05.02.H31.09.2009.787","3 bản (DELETED_SUCCESS)","Về việc thiết kế bản vẽ thi công, báo cáo kinh tế kỹ thuật Công trình: Xây dựng nhà lớp học 15 phòng 3 tầng trường THPT Mỹ Hào tại thị trấn Bần Yên Nhân, huyện Mỹ Hào","Đã xóa trùng (Thành công) - Đã xóa thành công 2 bản trùng thừa, giữ lại bản chính #1","2026-09-19 19:08:15"
2060,"H31.05.02.H31.09.2009.786","3 bản (DELETED_SUCCESS)","Về việc tham gia ý kiến thẩm định nhiệm vụ thiết kế công trình Trường Trung học phổ thông Mỹ Hào tại thị trấn Bần Yên Nhân, huyện Mỹ Hào","Đã xóa trùng (Thành công) - Đã xóa thành công 2 bản trùng thừa, giữ lại bản chính #1","2026-09-19 19:08:29"
2061,"H31.05.02.H31.09.2009.783","3 bản (DELETED_SUCCESS)","Về công trình hệ thống bao che lò đốt rác Trung tâm Y tế huyện Mỹ Hào","Đã xóa trùng (Thành công) - Đã xóa thành công 2 bản trùng thừa, giữ lại bản chính #1","2026-09-19 19:08:43"
2062,"H31.05.02.H31.09.2009.782","3 bản (DELETED_SUCCESS)","Về việc thực hiện phương án bồi thường tài sản, hoa màu phục vụ giải phóng mặt bằng khu công nghiệp Minh Đức, huyện Mỹ Hào","Đã xóa trùng (Thành công) - Đã xóa thành công 2 bản trùng thừa, giữ lại bản chính #1","2026-09-19 19:08:58"
2063,"H31.05.02.H31.09.2009.780","3 bản (DELETED_SUCCESS)","Về việc thiết kế cơ sở công trình: Trung tâm thương mại, chung cư và văn phòng cho thuê T&T Hưng Yên tại khu đất 5HA, thị trấn Bần Yên Nhân, huyện Mỹ Hào","Đã xóa trùng (Thành công) - Đã xóa thành công 2 bản trùng thừa, giữ lại bản chính #1","2026-09-19 19:09:12"
2064,"H31.05.02.H31.09.2009.779","3 bản (DELETED_SUCCESS)","Về việc thiết kế cơ sở công trình: Trung tâm thương mại, chung cư và văn phòng cho thuê T&T Hưng Yên tại khu đất 5HA, Thị trấn Bần Yên Nhân, huyện Mỹ Hào","Đã xóa trùng (Thành công) - Đã xóa thành công 2 bản trùng thừa, giữ lại bản chính #1","2026-09-19 19:09:27"
2065,"H31.05.02.H31.09.2009.777","3 bản (DELETED_SUCCESS)","Về việc hiết kế bản vẽ thi công công trình hệ thống bao che lò đốt rác của Bệnh viện Đa khoa Phố Nối","Đã xóa trùng (Thành công) - Đã xóa thành công 2 bản trùng thừa, giữ lại bản chính #1","2026-09-19 19:09:41"
2066,"H31.05.02.H31.09.2009.776","3 bản (DELETED_SUCCESS)","Tham gia ý kiến thẩm định bản vẽ thi công công trình nhà kho và xưởng sửa chữa thiết bị tại Bệnh viện Đa khoa Phố Nối, thị trấn Bần Yên Nhân, huyện Mỹ Hào","Đã xóa trùng (Thành công) - Đã xóa thành công 2 bản trùng thừa, giữ lại bản chính #1","2026-09-19 19:09:55"
2067,"H31.05.02.H31.09.2008.775","3 bản (DELETED_SUCCESS)","Hồ sơ về việc thiết kế cơ sở công trình nâng cấp mở rộng bệnh viện đa khoa Phố Nối - Thị trấn Bần Yên Nhân, huyện Mỹ Hào (Tập 3)","Đã xóa trùng (Thành công) - Đã xóa thành công 2 bản trùng thừa, giữ lại bản chính #1","2026-09-19 19:10:09"
2068,"H31.05.02.H31.09.2009.774","3 bản (DELETED_SUCCESS)","Hồ sơ về việc thiết kế cơ sở công trình nâng cấp mở rộng bệnh viện đa khoa Phố Nối - Thị trấn Bần Yên Nhân, huyện Mỹ Hào (tập 2)","Đã xóa trùng (Thành công) - Đã xóa thành công 2 bản trùng thừa, giữ lại bản chính #1","2026-09-19 19:10:24"
2069,"H31.05.02.H31.09.2006.772","3 bản (DELETED_SUCCESS)","Hồ sơ về việc thẩm định điều chỉnh dự toán công trình theo thông tư số 03/2005/TT-BXD khối nhà kỹ thuật bệnh viện Đa khoa II - Phố Nối","Đã xóa trùng (Thành công) - Đã xóa thành công 2 bản trùng thừa, giữ lại bản chính #1","2026-09-19 19:10:38"
2070,"H31.05.02.H31.09.2008.770","3 bản (DELETED_SUCCESS)","Về việc Thiết kế bản vẽ thi công công trình Nhà lớp học Trường THPT Nguyễn Thiện Thuật tại xã Bạch Sam, huyện Mỹ Hào","Đã xóa trùng (Thành công) - Đã xóa thành công 2 bản trùng thừa, giữ lại bản chính #1","2026-09-19 19:10:52"
2071,"H31.05.02.H31.09.2008-2009.771","3 bản (DELETED_SUCCESS)","Về việc lập đề án nâng cấp đô thị Phố Nối tỉnh Hưng Yên lên đô thị loại IV","Đã xóa trùng (Thành công) - Đã xóa thành công 2 bản trùng thừa, giữ lại bản chính #1","2026-09-19 19:11:06"
2072,"H31.05.02.H31.09.2008.769","3 bản (DELETED_SUCCESS)","Hồ sơ về việc tham gia ý kiến thẩm định nhiệm vụ thiết kế công trình Trường THPT Nguyễn Thiện Thuật, xã Bạch Sam, huyện Mỹ Hào","Đã xóa trùng (Thành công) - Đã xóa thành công 2 bản trùng thừa, giữ lại bản chính #1","2026-09-19 19:11:21"
2073,"H31.05.02.H31.09.2008.767","3 bản (DELETED_SUCCESS)","Hồ sơ về việc thiết kế cơ sở cải tạo nâng cấp trung tâm y tế huyện Mỹ Hào tại xã Phùng Chí Khiên, huyện Mỹ Hào","Đã xóa trùng (Thành công) - Đã xóa thành công 2 bản trùng thừa, giữ lại bản chính #1","2026-09-19 19:11:35"
2074,"H31.05.02.H31.09.2008.768","3 bản (DELETED_SUCCESS)","Hồ sơ về việc phê duyệt dự toán đo vẽ bản đồ và thiết kế điều chỉnh quy hoạch chung xây dựng đô thị mới Phố Nối, tỉnh Hưng Yên tại các huyện văn Lâm, huyện Yên Mỹ, huyện Mỹ Hào","Đã xóa trùng (Thành công) - Đã xóa thành công 2 bản trùng thừa, giữ lại bản chính #1","2026-09-19 19:11:50"
2075,"H31.05.02.H31.09.2006-2008.766","3 bản (DELETED_SUCCESS)","Về việc thẩm định điều chỉnh dự án công trình theo Thông tư số 03/2005/TT-BXD và Thông tư số 09/2008/TT-BXD công trình Trường mầm non Liên Cơ, huyện Mỹ Hào","Đã xóa trùng (Thành công) - Đã xóa thành công 2 bản trùng thừa, giữ lại bản chính #1","2026-09-19 19:12:04"
2076,"H31.05.02.H31.09.2008.765","3 bản (DELETED_SUCCESS)","Về việc thiết kế cơ sở trụ sở làm việc chi nhánh ngân hàng Ngoại thương Hưng Yên tại thị trấn Bần Yên Nhân, huyện Mỹ Hào","Đã xóa trùng (Thành công) - Đã xóa thành công 2 bản trùng thừa, giữ lại bản chính #1","2026-09-19 19:12:18"
2077,"H31.05.02.H31.09.2015.759","3 bản (DELETED_SUCCESS)","Hồ sơ về việc thẩm định báo cáo kinh tế kỹ thuật công trình nhà văn hoá thôn Đào Xá, xã Vĩnh Xá, huyện Kim Động","Đã xóa trùng (Thành công) - Đã xóa thành công 2 bản trùng thừa, giữ lại bản chính #1","2026-09-19 19:12:33"
2078,"H31.05.02.H31.09.2015.758","3 bản (DELETED_SUCCESS)","Về việc thẩm định báo cáo kinh tế kỹ thuật công trình nhà khám và chữa bệnh trạm y tế xã Vĩnh Xá, huyện Kim Động.","Đã xóa trùng (Thành công) - Đã xóa thành công 2 bản trùng thừa, giữ lại bản chính #1","2026-09-19 19:12:47"
2079,"H31.05.02.H31.09.2015.757","3 bản (DELETED_SUCCESS)","Về việc thẩm định báo cáo kinh tế kỹ thuật công trình nhà văn hóa thôn Thanh Xuân, xã Song Mai, huyện Kim Động.","Đã xóa trùng (Thành công) - Đã xóa thành công 2 bản trùng thừa, giữ lại bản chính #1","2026-09-19 19:13:01"
2080,"H31.05.02.H31.09.2015.756","3 bản (DELETED_SUCCESS)","Hồ sơ về việc thẩm tra báo cáo kinh tế kỹ thuật công trình các hạng mục phụ trợ Trạm Y tế xã Toàn Thắng, huyện Kim Động","Đã xóa trùng (Thành công) - Đã xóa thành công 2 bản trùng thừa, giữ lại bản chính #1","2026-09-19 19:13:15"
2081,"H31.05.02.H31.09.2015.755","3 bản (DELETED_SUCCESS)","Hồ sơ về việc thẩm tra báo cáo kinh tế kỹ thuật công trình Nhà văn hóa UBND xã Nhân La, huyện Kim Động","Đã xóa trùng (Thành công) - Đã xóa thành công 2 bản trùng thừa, giữ lại bản chính #1","2026-09-19 19:13:30"
2082,"H31.05.02.H31.09.2015.754","3 bản (DELETED_SUCCESS)","Về việc thẩm định báo cáo kinh tế - kỹ thuật công trình Trường mầm non Mai Động, hạng mục: Nhà lớp học 2 tầng","Đã xóa trùng (Thành công) - Đã xóa thành công 2 bản trùng thừa, giữ lại bản chính #1","2026-09-19 19:13:44"
2083,"H31.05.02.H31.09.2015.753","3 bản (DELETED_SUCCESS)","Về việc thẩm tra báo cáo kinh tế kỹ thuật đầu tư xây dựng công trình nhà khám và chữa bệnh Trạm y tế xã Mai Động, huyện Kim Động","Đã xóa trùng (Thành công) - Đã xóa thành công 2 bản trùng thừa, giữ lại bản chính #1","2026-09-19 19:13:58"
2084,"H31.05.02.H31.09.2015.752","3 bản (DELETED_SUCCESS)","Về việc thẩm định báo cáo kinh tế kỹ thuật đầu tư xây dựng công trình Trường THCS Hiệp Cường, huyện Kim Động","Đã xóa trùng (Thành công) - Đã xóa thành công 2 bản trùng thừa, giữ lại bản chính #1","2026-09-19 19:14:13"
2085,"H31.05.02.H31.09.2014.751","3 bản (DELETED_SUCCESS)","Về việc thẩm tra thiết kế bản vẽ thi công - dự toán công trình THCS Hiệp Cường, huyện Kim Động","Đã xóa trùng (Thành công) - Đã xóa thành công 2 bản trùng thừa, giữ lại bản chính #1","2026-09-19 19:14:27"
2086,"H31.05.02.H31.09.2015.750","3 bản (DELETED_SUCCESS)","Hồ sơ về việc thẩm định thiết kế bản vẽ thi công - dự toán công trình nhà lớp học và các phòng chức năng trường tiểu học Hiệp Cường, huyện Kim Động","Đã xóa trùng (Thành công) - Đã xóa thành công 2 bản trùng thừa, giữ lại bản chính #1","2026-09-19 19:14:41"
2087,"H31.05.02.H31.09.2015.749","3 bản (DELETED_SUCCESS)","Hồ sơ về việc thẩm định Báo cáo kinh tế kỹ thuật công trình các hạng mục phụ trợ trạm y tế xã Hiệp Cường - huyện Kim Động","Đã xóa trùng (Thành công) - Đã xóa thành công 2 bản trùng thừa, giữ lại bản chính #1","2026-09-19 19:14:55"
2088,"H31.05.02.H31.09.2015.748","3 bản (DELETED_SUCCESS)","Về việc thẩm định báo cáo kinh tế kỹ thuật Công trình: Các hạng mục phụ trợ trạm Y tế xã Lương Bằng, huyện Kim Động","Đã xóa trùng (Thành công) - Đã xóa thành công 2 bản trùng thừa, giữ lại bản chính #1","2026-09-19 19:15:09"
2089,"H31.05.02.H31.09.2015.747","3 bản (DELETED_SUCCESS)","Về thiết kế bản vẽ thi công Kho bạc Nhà nước Kim Động. Hạng mục: Hạ tầng và các công trình phụ trợ tại huyện Kim Động","Đã xóa trùng (Thành công) - Đã xóa thành công 2 bản trùng thừa, giữ lại bản chính #1","2026-09-19 19:15:24"
2090,"H31.05.02.H31.09.2014-2015.746","3 bản (DELETED_SUCCESS)","Về việc thẩm tra thiết kế bản vẽ thi công - Dự toán Công trình; Trụ sở Kho bạc Nhà nước Kim Động tại thị trấn Lương Bằng, huyện Kim Động","Đã xóa trùng (Thành công) - Đã xóa thành công 2 bản trùng thừa, giữ lại bản chính #1","2026-09-19 19:15:38"
2091,"H31.05.02.H31.09.2014.745","3 bản (DELETED_SUCCESS)","Về việc tham gia ý kiến thiết kế cơ sở dự án trụ sở Kho bạc Nhà nước Kim Động tại thị trấn Lương Bằng, huyện Kim Động.","Đã xóa trùng (Thành công) - Đã xóa thành công 2 bản trùng thừa, giữ lại bản chính #1","2026-09-19 19:15:52"
2092,"H31.05.02.H31.09.2014.744","3 bản (DELETED_SUCCESS)","Hồ sơ về việc thẩm tra thiết kế bản vẽ thi công dự toán công trình phòng học chức năng trường THCS xã Nhân La, huyện Kim Động","Đã xóa trùng (Thành công) - Đã xóa thành công 2 bản trùng thừa, giữ lại bản chính #1","2026-09-19 19:16:06"
2093,"H31.05.02.H31.09.2014.743","3 bản (DELETED_SUCCESS)","Hồ sơ về việc thẩm tra thiết kế bản vẽ thi công - dự toán công trình trường mầm non xã Nhân La, hạng mục: nhà lớp học tại huyện Kim Động","Đã xóa trùng (Thành công) - Đã xóa thành công 2 bản trùng thừa, giữ lại bản chính #1","2026-09-19 19:16:21"
2094,"H31.05.02.H31.09.2014.742","3 bản (DELETED_SUCCESS)","Hồ sơ về việc thẩm tra thiết kế bản vẽ thi công - dự toán công trình Nhà văn hóa UBND xã Hiệp Cường, huyện Kim Động","Đã xóa trùng (Thành công) - Đã xóa thành công 2 bản trùng thừa, giữ lại bản chính #1","2026-09-19 19:16:35"
2095,"H31.05.02.H31.09.2014.740","3 bản (DELETED_SUCCESS)","Về việc tham gia ý kiến thiết kế cơ sở điều chỉnh dự án kho dự trữ Trương Xá tại xã Toàn Thắng, huyện Kim Động (tập 2)","Đã xóa trùng (Thành công) - Đã xóa thành công 2 bản trùng thừa, giữ lại bản chính #1","2026-09-19 19:16:49"
2096,"H31.05.02.H31.09.2014.739","3 bản (DELETED_SUCCESS)","Về việc tham gia ý kiến thiết kế cơ sở điều chỉnh dự án kho dự trữ Trương Xá tại xã Toàn Thắng, huyện Kim Động (tập 1)","Đã xóa trùng (Thành công) - Đã xóa thành công 2 bản trùng thừa, giữ lại bản chính #1","2026-09-19 19:17:03"
2097,"H31.05.02.H31.09.2014.738","3 bản (DELETED_SUCCESS)","Hồ sơ thiết kế cơ sở điều chỉnh dự án kho dự trữ Trương Xá tại xã Toàn Thắng, huyện Kim Động","Đã xóa trùng (Thành công) - Đã xóa thành công 2 bản trùng thừa, giữ lại bản chính #1","2026-09-19 19:17:17"
2098,"H31.05.02.H31.09.2009.737","2 bản (DELETED_SUCCESS)","Hồ sơ tham gia ý kiến thẩm định thiết kế cơ sở công trình kho dự trữ Trương Xá - Hải Hưng tại xã Toàn Thắng, huyện Kim Động","Đã xóa trùng (Thành công) - Đã xóa thành công 1 bản trùng thừa, giữ lại bản chính #1","2026-09-19 19:17:26"
2099,"H31.05.02.H31.09.2013.736","3 bản (DELETED_SUCCESS)","Hồ sơ thiết kế cơ sở công trình: Nhà văn hóa huyện Kim Động, tại thị trấn Lương Bằng, huyện Kim Động","Đã xóa trùng (Thành công) - Đã xóa thành công 2 bản trùng thừa, giữ lại bản chính #1","2026-09-19 19:17:40"
2100,"H31.05.02.H31.09.2010.734","3 bản (DELETED_SUCCESS)","Hồ sơ cấp giấy phép xây dựng: Nhà máy sản xuất các sản phẩm bằng Inox Công ty TNHH Taeyang Hà Nội tại thị trấn Lương Bằng, huyện Kim Động","Đã xóa trùng (Thành công) - Đã xóa thành công 2 bản trùng thừa, giữ lại bản chính #1","2026-09-19 19:17:54"
2101,"H31.05.02.H31.09.2010.733","3 bản (DELETED_SUCCESS)","Hồ sơ về việc cấp giấy phép xây dựng Nhà máy sản xuất các sản phẩm Inox Công ty TNHH Tae Yang Hà Nội tại thị trấn Lương Bằng, huyện Kim Động","Đã xóa trùng (Thành công) - Đã xóa thành công 2 bản trùng thừa, giữ lại bản chính #1","2026-09-19 19:18:09"
2102,"H31.05.02.H31.09.2012.735","3 bản (DELETED_SUCCESS)","Hồ sơ điều chỉnh giấy phép xây dựng nhà máy sản xuất các sản phẩm bằng Inox công trình: Nhà văn phòng tại thị trấn Lương Bằng, huyện Kim Động","Đã xóa trùng (Thành công) - Đã xóa thành công 2 bản trùng thừa, giữ lại bản chính #1","2026-09-19 19:18:23"
2103,"H31.05.02.H31.09.2009-2010.708","3 bản (DELETED_SUCCESS)","Hồ sơ về việc thiết kế bản vẽ thi công công trình nhà lớp học Trường THPT Nguyễn Trung Ngạn tại xã Hồ Tùng Mậu, huyện Ân Thi","Đã xóa trùng (Thành công) - Đã xóa thành công 2 bản trùng thừa, giữ lại bản chính #1","2026-09-19 19:18:37"
2104,"H31.05.02.H31.09.2010.709","3 bản (DELETED_SUCCESS)","Hồ sơ về việc thiết kế bản vẽ thi công công trình nhà lớp học Trường THPT Nguyễn Trung Ngạn tại xã Hồ Tùng Mậu, huyện Ân Thi","Đã xóa trùng (Thành công) - Đã xóa thành công 2 bản trùng thừa, giữ lại bản chính #1","2026-09-19 19:18:52"
2105,"H31.05.02.H31.09.2010.702","3 bản (DELETED_SUCCESS)","Hồ sơ tham gia ý kiến thiết kế cơ sở dự án đầu tư xây dựng công trình. Đến tưởng niệm các anh hùng liệt sỹ tại thị trân Lương Bàng, huyện Kim Động","Đã xóa trùng (Thành công) - Đã xóa thành công 2 bản trùng thừa, giữ lại bản chính #1","2026-09-19 19:19:06"
2106,"H31.05.02.H31.09.2009.701","2 bản (DELETED_SUCCESS)","Nhiệm vụ thiết kế xây dựng công trình Đền thờ các anh hùng liệt sỹ huyện Kim Động, tại thị trấn Lương Bằng","Đã xóa trùng (Thành công) - Đã xóa thành công 1 bản trùng thừa, giữ lại bản chính #1","2026-09-19 19:19:14"
2107,"H31.05.02.H31.09.2009.700","2 bản (DELETED_SUCCESS)","Hồ sơ thiết kế cơ sở Đền tưởng niệm các anh hùng liệt sỹ huyện Kim Động","Đã xóa trùng (Thành công) - Đã xóa thành công 1 bản trùng thừa, giữ lại bản chính #1","2026-09-19 19:19:23"
2108,"H31.05.02.H31.09.2010.699","3 bản (DELETED_SUCCESS)","Hồ sơ thiết kế cơ sở công trình Trung tâm điều dưỡng tâm thần kinh giai đoạn II tại xã Ngọc Thanh, huyện Kim Động","Đã xóa trùng (Thành công) - Đã xóa thành công 2 bản trùng thừa, giữ lại bản chính #1","2026-09-19 19:19:37"
2109,"H31.05.02.H31.09.2010.698","3 bản (DELETED_SUCCESS)","Tham gia ý kiến về thiết kế cơ sở dự án đầu tư xây dựng công trình: Trung tâm điều dưỡng tâm thần kinh (giai đoạn Ⅱ) tại xã Ngọc Thanh, huyện Kim Động","Đã xóa trùng (Thành công) - Đã xóa thành công 2 bản trùng thừa, giữ lại bản chính #1","2026-09-19 19:19:51"
2110,"H31.05.02.H31.09.2008.693","3 bản (DELETED_SUCCESS)","Hồ sơ thiết kế cơ sở công trình nâng cấp mở rộng Trung tâm y tế huyện Kim Động tại thị trấn Lương Bằng, huyện Kim Động","Đã xóa trùng (Thành công) - Đã xóa thành công 2 bản trùng thừa, giữ lại bản chính #1","2026-09-19 19:20:06"
2111,"H31.05.02.H31.09.2008.692","3 bản (DELETED_SUCCESS)","Hồ sơ thiết kế cơ sở nhà lớp học trường THPT Đức Hợp tại xã Đức Hợp, huyện Kim Động","Đã xóa trùng (Thành công) - Đã xóa thành công 2 bản trùng thừa, giữ lại bản chính #1","2026-09-19 19:20:20"
2112,"H31.05.02.H31.09.2008.691","3 bản (DELETED_SUCCESS)","Hồ sơ tham gia ý kiến thẩm định nhiệm vụ thiết kế công trình Trường THPT Đức Hợp, huyện Kim Động","Đã xóa trùng (Thành công) - Đã xóa thành công 2 bản trùng thừa, giữ lại bản chính #1","2026-09-19 19:20:34"
2113,"H31.05.02.H31.09.2006.689","3 bản (DELETED_SUCCESS)","Hồ sơ thẩm định thiết kế - dư toán công trình hạ tầng kỹ thuật khu dân cư mới tại thị trấn Lương Bằng, huyện Kim
Động","Đã xóa trùng (Thành công) - Đã xóa thành công 2 bản trùng thừa, giữ lại bản chính #1","2026-09-19 19:20:49"
2114,"H31.05.02.H31.09.2008.690","3 bản (DELETED_SUCCESS)","Hồ sơ thiết kế cơ sở dự án: Ngân hàng Nông nghiệp và Phát triển nông thôn huyện Kim Động, tại thị trấn Lương Bằng, huyện Kim Động","Đã xóa trùng (Thành công) - Đã xóa thành công 2 bản trùng thừa, giữ lại bản chính #1","2026-09-19 19:21:03"
2115,"H31.05.02.H31.09.2015.688","3 bản (DELETED_SUCCESS)","Về việc thẩm định báo cáo kinh tế, kỹ thuật công trình nhà văn hóa xã Đông Tảo, huyện Khoái Châu","Đã xóa trùng (Thành công) - Đã xóa thành công 2 bản trùng thừa, giữ lại bản chính #1","2026-09-19 19:21:17"
2116,"H31.05.02.H31.09.2015.685","3 bản (DELETED_SUCCESS)","Về việc thẩm định thiết kế bản vẽ thi công - dự toán công trình: Cải tạo, sửa chữa và nâng cấp xưởng điện - điện tử Trường Đại học Sư phạm Kỹ thuật Hưng Yên tại xã Dân Tiến, huyện Khoái Châu, tỉnh Hưng Yên (Tập 1)","Đã xóa trùng (Thành công) - Đã xóa thành công 2 bản trùng thừa, giữ lại bản chính #1","2026-09-19 19:21:32"
2117,"H31.05.02.H31.09.2014.684","3 bản (DELETED_SUCCESS)","Về việc thẩm tra thiết kế thi công dự toán công trình nhà lớp học bộ môn và 1 số phòng hiệu bộ trường THCS xã Thuần Hưng, huyện Khoái Châu","Đã xóa trùng (Thành công) - Đã xóa thành công 2 bản trùng thừa, giữ lại bản chính #1","2026-09-19 19:21:46"
2118,"H31.05.02.H31.09.2013.678","3 bản (DELETED_SUCCESS)","Về việc thẩm tra thiết kế bản vẽ thi công - dự toán công trình Kiên cố hóa trường lớp học 02 tầng và 04 phòng Trường mầm non thôn Phương Trù, huyện Khoái Châu.","Đã xóa trùng (Thành công) - Đã xóa thành công 2 bản trùng thừa, giữ lại bản chính #1","2026-09-19 19:22:00"
2119,"H31.05.02.H31.09.2014.679","3 bản (DELETED_SUCCESS)","Thẩm tra thiết kế bản vẽ thi công dự toán công trình cải tạo, nâng cấp nhà bếp, nhà ăn bán trú trường THCS Nguyễn Thiện Thuật tại thị trấn Khoái Châu, huyện Khoái Châu","Đã xóa trùng (Thành công) - Đã xóa thành công 2 bản trùng thừa, giữ lại bản chính #1","2026-09-19 19:22:14"
2120,"H31.05.02.H31.09.2012.677","3 bản (DELETED_SUCCESS)","Về việc cấp giấy phép xây dựng công trình: Cửa hàng xăng dầu Tùng Trang tại xã Tứ Dân, huyện Khoái Châu","Đã xóa trùng (Thành công) - Đã xóa thành công 2 bản trùng thừa, giữ lại bản chính #1","2026-09-19 19:22:29"
2121,"H31.05.02.H31.09.2012.676","3 bản (DELETED_SUCCESS)","Giấy phép xây dựng công trình Trụ sở làm việc quỹ tín dụng nhân dân An Vỹ, luyện khoái Châu.","Đã xóa trùng (Thành công) - Đã xóa thành công 2 bản trùng thừa, giữ lại bản chính #1","2026-09-19 19:22:43"
2122,"H31.05.02.H31.09.2012.675","3 bản (DELETED_SUCCESS)","Hồ sơ về việc điều chỉnh Báo cáo kinh tế kỹ thuật công trình: Nhà tập đa năng Trường Trung học Phổ thông Khoái Châu","Đã xóa trùng (Thành công) - Đã xóa thành công 2 bản trùng thừa, giữ lại bản chính #1","2026-09-19 19:22:57"
2123,"H31.05.02.H31.09.2012.674","3 bản (DELETED_SUCCESS)","Hồ sơ về việc Báo cáo kinh tế kỹ thuật công trình: Nhà tập đa năng Trường Trung học Phổ thông Khoái Châu, huyện Khoái Châu","Đã xóa trùng (Thành công) - Đã xóa thành công 2 bản trùng thừa, giữ lại bản chính #1","2026-09-19 19:23:12"
2124,"H31.05.02.H31.09.2009.673","2 bản (DELETED_SUCCESS)","Về việc nhiệm vụ thiết kế xây dựng công trình: Cải tạo, sửa chữa nhà hiệu bộ, mái nhà lớp học 2 tầng - Trường THPT Khoái Châu","Đã xóa trùng (Thành công) - Đã xóa thành công 1 bản trùng thừa, giữ lại bản chính #1","2026-09-19 19:23:20"
2125,"H31.05.02.H31.09.2009.672","2 bản (DELETED_SUCCESS)","Về nhiệm vụ thiết kế công trình đầu tư xây dựng cải tạo nâng cấp Trường THPT Khoái Châu tại thị trấn Khoái Châu, huyện Khoái Châu","Đã xóa trùng (Thành công) - Đã xóa thành công 1 bản trùng thừa, giữ lại bản chính #1","2026-09-19 19:23:28"
2126,"H31.05.02.H31.09.2009.671","3 bản (DELETED_SUCCESS)","Về việc tham gia ý kiến thẩm định thiết kế bản vẽ thi công báo cáo kinh tế kỹ thuật công trình cải tạo, nâng cấp Trường THPT Khoái Châu","Đã xóa trùng (Thành công) - Đã xóa thành công 2 bản trùng thừa, giữ lại bản chính #1","2026-09-19 19:23:43"
2127,"H31.05.02.H31.09.2011.668","3 bản (DELETED_SUCCESS)","Về việc cấp giấy phép xây dựng công trình của hàng kinh doanh xăng dầu Thăng Long tại xã Hồng Tiến, huyện Khoái Châu.","Đã xóa trùng (Thành công) - Đã xóa thành công 2 bản trùng thừa, giữ lại bản chính #1","2026-09-19 19:23:57"
2128,"H31.05.02.H31.09.2010-2011.667","3 bản (DELETED_SUCCESS)","Về việc cấp phép xây dựng công trình trạm BTS loại I tại xã Tân Châu huyện Khoái Châu","Đã xóa trùng (Thành công) - Đã xóa thành công 2 bản trùng thừa, giữ lại bản chính #1","2026-09-19 19:24:12"
2129,"H31.05.02.H31.09.2011.670","3 bản (DELETED_SUCCESS)","Về việc tham gia ý kiến thẩm định thiết kế bản vẽ thi công trong báo cáo kinh tế kỹ thuật Công trình: Nhà vệ sinh và đường vào di tích lịch sử đền Đa Hòa, nhà vệ sinh, đường vào và kè mái mương quanh khu di tích lịch sử đền Đậu An.","Đã xóa trùng (Thành công) - Đã xóa thành công 2 bản trùng thừa, giữ lại bản chính #1","2026-09-19 19:24:26"
2130,"H31.05.02.H31.09.2011.669","3 bản (DELETED_SUCCESS)","Về việc tham gia ý kiến thẩm định nhiệm vụ thiết kế công trình: Trung tâm kinh tế tổng hợp hướng nghiệp dạy nghề tại Thị trấn Khoái Châu, huyện Khoái Châu","Đã xóa trùng (Thành công) - Đã xóa thành công 2 bản trùng thừa, giữ lại bản chính #1","2026-09-19 19:24:40"
2131,"H31.05.02.H31.09.2010.652","3 bản (DELETED_SUCCESS)","Về việc thiết kế bản vẽ thi công công trình Trường THPT Nguyễn Siêu (gđ II) tại xã Đông kết huyện Khoái Châu","Đã xóa trùng (Thành công) - Đã xóa thành công 2 bản trùng thừa, giữ lại bản chính #1","2026-09-19 19:24:54"
2132,"H31.05.02.H31.09.2008.653","3 bản (DELETED_SUCCESS)","Về việc thiết kế quy hoạch chi tiết của công trình văn phòng làm việc công ty Bình Ninh và số hạng mục phụ trợ tại xã An Vỹ, huyện Khoái Châu","Đã xóa trùng (Thành công) - Đã xóa thành công 2 bản trùng thừa, giữ lại bản chính #1","2026-09-19 19:25:09"
2133,"H31.05.02.H31.09.2008.651","3 bản (DELETED_SUCCESS)","Về việc tham gia ý kiến thẩm định dự án Trường THPT Nguyễn Siêu (gđ 1) tại xã Đông Kết, huyện Khoái Châu","Đã xóa trùng (Thành công) - Đã xóa thành công 2 bản trùng thừa, giữ lại bản chính #1","2026-09-19 19:25:23"
2134,"H31.05.02.H31.09.2009.643","2 bản (DELETED_SUCCESS)","Hồ sơ về việc tham gia ý kiến thẩm định nhiệm vụ thiết kế công trình Cải tạo nâng cấp trụ sở Hội đồng nhân dân và Ủy ban nhân dân huyện Khoái Châu","Đã xóa trùng (Thành công) - Đã xóa thành công 1 bản trùng thừa, giữ lại bản chính #1","2026-09-19 19:25:31"
2135,"H31.05.02.H31.09.2009.642","2 bản (DELETED_SUCCESS)","Hồ sơ về việc tham gia ý kiến thẩm định nhiệm vụ thiết kế công trình. Công trình: Xây dựng kè bờ và cải tạo nâng cấp đường bao quanh đầm Dạ Trạch, huyện Khoái Châu","Đã xóa trùng (Thành công) - Đã xóa thành công 1 bản trùng thừa, giữ lại bản chính #1","2026-09-19 19:25:39"
2136,"H31.05.02.H31.09.2009.641","3 bản (DELETED_SUCCESS)","Hồ sơ tham gia ý kiến thẩm định thiết kế bản vẽ thi công, Báo cáo Kinh tế Kỹ thuật công trình trường THPT Nam Khoái Châu. Hạng mục: nhà lớp học bộ môn và phục vụ học tập tại xã Đại Hưng, huyện Khoái Châu","Đã xóa trùng (Thành công) - Đã xóa thành công 2 bản trùng thừa, giữ lại bản chính #1","2026-09-19 19:25:54"
2137,"H31.05.02.H31.09.2009.640","3 bản (DELETED_SUCCESS)","Về việc tham gia ý kiến thẩm định nhiệm vụ thiết kế công trình: Nhà lớp học bộ môn - Trường THPT  Nam Khoái Châu","Đã xóa trùng (Thành công) - Đã xóa thành công 2 bản trùng thừa, giữ lại bản chính #1","2026-09-19 19:26:08"
2138,"H31.05.02.H31.09.2010.644","3 bản (DELETED_SUCCESS)","Về việc xác định giá trị thu hồi Trụ sở Hội đồng nhân dân - Ủy ban nhân dân huyện Khoái Châu","Đã xóa trùng (Thành công) - Đã xóa thành công 2 bản trùng thừa, giữ lại bản chính #1","2026-09-19 19:26:22"
2139,"H31.05.02.H31.09.2009.639","3 bản (DELETED_SUCCESS)","Về việc báo cáo kinh tế - kỹ thuật công trình: Đường bê tông vào Trường Phục hồi chức năng Khoái Châu (giai đoạn 3).","Đã xóa trùng (Thành công) - Đã xóa thành công 2 bản trùng thừa, giữ lại bản chính #1","2026-09-19 19:26:36"
2140,"H31.05.02.H31.09.2008.631","3 bản (DELETED_SUCCESS)","Về việc thẩm định dự toán đo vẽ bản đồ phục vụ quy hoạch chi tiết và xây dựng khu dân cư mới xã Tân Dân, huyện Khoái Châu","Đã xóa trùng (Thành công) - Đã xóa thành công 2 bản trùng thừa, giữ lại bản chính #1","2026-09-19 19:26:50"
2141,"H31.05.02.H31.09.2008.630","3 bản (DELETED_SUCCESS)","Về việc thẩm định bổ sung thiết kế dự toán và điều chỉnh dự toán công trình Đường công nghiệp huyện Khoái Châu, Km0-Km1+900 đoạn bến xe Tân Dân (gđ1) tại huyện Khoái Châu","Đã xóa trùng (Thành công) - Đã xóa thành công 2 bản trùng thừa, giữ lại bản chính #1","2026-09-19 19:27:04"
2142,"H31.05.02.H31.09.2008.632","3 bản (DELETED_SUCCESS)","Về việc thiết kế cơ sở công trình Nhà máy sản xuất bê tông ứng lực Petrolimex tại xã Việt Hòa, huyện Khoái Châu","Đã xóa trùng (Thành công) - Đã xóa thành công 2 bản trùng thừa, giữ lại bản chính #1","2026-09-19 19:27:19"
2143,"H31.05.02.H31.09.2008.629","3 bản (DELETED_SUCCESS)","Hồ sơ về việc thiết kế cơ sở công trình Trạm tiếp sóng đài Phát thanh truyền hình Hưng Yên thuộc địa phận xã Tân Dân, huyện Khoái Châu","Đã xóa trùng (Thành công) - Đã xóa thành công 2 bản trùng thừa, giữ lại bản chính #1","2026-09-19 19:27:33"
2144,"H31.05.02.H31.09.2006.626","3 bản (DELETED_SUCCESS)","Về việc thẩm định thiết kế bản vẽ thi công công trình: Nhà hiệu bộ và các phòng chức năng Trường THCS xã Phùng Hưng, huyện Khoái Châu","Đã xóa trùng (Thành công) - Đã xóa thành công 2 bản trùng thừa, giữ lại bản chính #1","2026-09-19 19:27:47"
2145,"H31.05.02.H31.09.2008.628","3 bản (DELETED_SUCCESS)","Về việc thiết kế bản vẽ thi công công trình nhà máy giầy Phùng Hưng tại xã Phùng Hưng, huyện Khoái Châu","Đã xóa trùng (Thành công) - Đã xóa thành công 2 bản trùng thừa, giữ lại bản chính #1","2026-09-19 19:28:01"
2146,"H31.05.02.H31.09.2008.627","3 bản (DELETED_SUCCESS)","Về dự án đầu tư tu bổ tôn tạo di tích đền Đa Hóa tại xã Bình Minh huyện Khoái Châu","Đã xóa trùng (Thành công) - Đã xóa thành công 2 bản trùng thừa, giữ lại bản chính #1","2026-09-19 19:28:16"
2147,"H31.05.02.H31.09.2015.624","3 bản (DELETED_SUCCESS)","Về việc thẩm định báo cáo kinh tế kỹ thuật công trình Trạm y tế xã Quảng Lãng. Hạng mục: Nhà làm việc và các phòng chức năng tại xã Quảng Lãng, huyện Ân Thi","Đã xóa trùng (Thành công) - Đã xóa thành công 2 bản trùng thừa, giữ lại bản chính #1","2026-09-19 19:28:30"
2148,"H31.05.02.H31.09.2006.625","3 bản (DELETED_SUCCESS)","Về việc thiết kế cơ sở dự án đầu tư xây dựng khu dân cư mới tại xã An Vỹ, huyện Khoái Châu","Đã xóa trùng (Thành công) - Đã xóa thành công 2 bản trùng thừa, giữ lại bản chính #1","2026-09-19 19:28:44"
2149,"H31.05.02.H31.09.2014.618","3 bản (DELETED_SUCCESS)","Về việc thẩm định thiết kế bản vẽ thi công - dự toán công trình nhà khách huyện Ân Thi tại thị trấn Ân Thi - huyện Ân Thi","Đã xóa trùng (Thành công) - Đã xóa thành công 2 bản trùng thừa, giữ lại bản chính #1","2026-09-19 19:28:58"
2150,"H31.05.02.H31.09.2014.617","3 bản (DELETED_SUCCESS)","Về việc thẩm tra thiết kế bản vẽ thi công - dự toán công trình: Cải tạo, sửa chữa, chỉnh trang, nghĩa trang liệt sỹ xã Xuân Trúc, huyện Ân Thi","Đã xóa trùng (Thành công) - Đã xóa thành công 2 bản trùng thừa, giữ lại bản chính #1","2026-09-19 19:29:12"
2151,"H31.05.02.H31.09.2011-2012.612","3 bản (DELETED_SUCCESS)","Về việc thiết kế cơ sở công trình Trường THCS Phan Huy Thông tại Thị trấn Ân Thi, huyện Ân Thi","Đã xóa trùng (Thành công) - Đã xóa thành công 2 bản trùng thừa, giữ lại bản chính #1","2026-09-19 19:29:26"
2152,"H31.05.02.H31.09.2012.611","3 bản (DELETED_SUCCESS)","Hồ sơ về việc báo cáo kinh tế kỹ thuật công trình Nhà tập thể đa năng trường THPT Ân Thi tại thị trấn Ân Thi, huyện Ân Thi","Đã xóa trùng (Thành công) - Đã xóa thành công 2 bản trùng thừa, giữ lại bản chính #1","2026-09-19 19:29:40"
2153,"H31.05.02.H31.09.2011.604","3 bản (DELETED_SUCCESS)","Về việc tham gia ý kiến thẩm định nhiệm vụ thiết kế trụ sở làm việc của Đảng ủy - Hội đồng nhân dân - Ủy ban nhân dân xã Hồng Vân, huyện Ân Thi","Đã xóa trùng (Thành công) - Đã xóa thành công 2 bản trùng thừa, giữ lại bản chính #1","2026-09-19 19:29:55"
2154,"H31.05.02.H31.09.2011.603","3 bản (DELETED_SUCCESS)","Về việc tham gia ý kiến thẩm định nhiệm vụ thiết kế công trình: Trụ sở làm việc của Đảng ủy - Hội đồng nhân dân - Ủy ban nhân dân xã Hồ Tùng Mậu, huyện Ân Thi","Đã xóa trùng (Thành công) - Đã xóa thành công 2 bản trùng thừa, giữ lại bản chính #1","2026-09-19 19:30:09"
2155,"H31.05.02.H31.09.2011.602","3 bản (DELETED_SUCCESS)","Về việc tham gia ý kiến thẩm định nhiệm vụ thiết kế công trình: Trụ sở làm việc của Đảng ủy - Hội đồng nhân dân - Ủy ban nhân dân xã Hoàng Hoa Thám, huyện Ân Thi","Đã xóa trùng (Thành công) - Đã xóa thành công 2 bản trùng thừa, giữ lại bản chính #1","2026-09-19 19:30:23"
2156,"H31.05.02.H31.09.2011.601","3 bản (DELETED_SUCCESS)","Hồ sơ về việc tham gia ý kiến thẩm định nhiệm vụ thiết kế công trình trụ sở làm việc Đảng ủy, Hội đồng nhân dân, Ủy ban nhân dân xã Đặng Lẽ, huyện An Thị, tỉnh Hưng Yên","Đã xóa trùng (Thành công) - Đã xóa thành công 2 bản trùng thừa, giữ lại bản chính #1","2026-09-19 19:30:37"
2157,"H31.05.02.H31.09.2011.600","3 bản (DELETED_SUCCESS)","Hồ sơ về việc tham gia ý kiến thâm định nhiệm vụ thiết là công trình trường trung học cơ sở Phạm Huy Thông tại thị thần Ân Thị - huyện Ấn Thi","Đã xóa trùng (Thành công) - Đã xóa thành công 2 bản trùng thừa, giữ lại bản chính #1","2026-09-19 19:30:52"
2158,"H31.05.02.H31.09.2011.599","3 bản (DELETED_SUCCESS)","Hồ sơ Về việc tham gia ý kiến chấp thuận phương án móng công trình: Trung tâm bồi dưỡng chính trị huyện Ân Thi tại Thị trấn Ân Thi, huyện Ân Thi","Đã xóa trùng (Thành công) - Đã xóa thành công 2 bản trùng thừa, giữ lại bản chính #1","2026-09-19 19:31:06"
2159,"H31.05.02.H31.09.2011.596","3 bản (DELETED_SUCCESS)","Về việc cấp giấy phép xây dựng Trạm BTS loại I tại xã Vân Du, huyện Ân Thi","Đã xóa trùng (Thành công) - Đã xóa thành công 2 bản trùng thừa, giữ lại bản chính #1","2026-09-19 19:31:20"
2160,"H31.05.02.H31.09.2011.594","3 bản (DELETED_SUCCESS)","Hồ sơ về việc cấp giấy phép xây dựng công trình trạm BTS loại I tại thôn Huệ Lai, xã Phù Ưng, huyện Ân Thi","Đã xóa trùng (Thành công) - Đã xóa thành công 2 bản trùng thừa, giữ lại bản chính #1","2026-09-19 19:31:34"
2161,"H31.05.02.H31.09.2010-2011.595","3 bản (DELETED_SUCCESS)","Hồ sơ về việc cấp giấy phép xây dựng công trình trạm BTS loại I tại xã Quang Vinh, huyện Ân Thi, tỉnh Hưng Yên","Đã xóa trùng (Thành công) - Đã xóa thành công 2 bản trùng thừa, giữ lại bản chính #1","2026-09-19 19:31:49"
2162,"H31.05.02.H31.09.2006-2010.593","3 bản (DELETED_SUCCESS)","Về việc thẩm định nhiệm vụ thiết kế trường THPT Nguyễn Trung Ngạn tại xã Hồ Tùng Mậu - huyện Ân Thi","Đã xóa trùng (Thành công) - Đã xóa thành công 2 bản trùng thừa, giữ lại bản chính #1","2026-09-19 19:32:03"
2163,"H31.05.02.H31.09.2010.592","3 bản (DELETED_SUCCESS)","Về việc tham gia ý kiến thẩm định nhiệm vụ thiết kế công trình: cảo tạo, nâng cấp trường THPT Ân Thi (gđ II) tại Thị trấn Ân Thi, huyện Ân Thi","Đã xóa trùng (Thành công) - Đã xóa thành công 2 bản trùng thừa, giữ lại bản chính #1","2026-09-19 19:32:17"
2164,"H31.05.02.H31.09.2010.591","3 bản (DELETED_SUCCESS)","Về việc tham gia ý kiến thẩm định thiết kế bản vẽ thi công công trình cải tạo, nâng cấp trường THPT Ân Thi (gđ II) tại Thị trấn Ân Thi, huyện Ân Thi","Đã xóa trùng (Thành công) - Đã xóa thành công 2 bản trùng thừa, giữ lại bản chính #1","2026-09-19 19:32:32"
2165,"H31.05.02.H31.09.2010.583","3 bản (DELETED_SUCCESS)","Về việc cấp giấy phép xây dựng công trình: Cửa hàng xăng dầu Tân Phúc Phát. Hang mục nhà che cột bơm, nhà điều hành, nhà phụ trợ + wc tại xã Tân Phúc, huyền An Thi","Đã xóa trùng (Thành công) - Đã xóa thành công 2 bản trùng thừa, giữ lại bản chính #1","2026-09-19 19:32:46"
2166,"H31.05.02.H31.09.2009.582","3 bản (DELETED_SUCCESS)","Về việc thẩm định quy hoạch chi tiết công trình: Khu tái định cư 7 vị trí của 4 xã Vân Du, Đào Dương, Tân Phúc, Bãi Sậy huyện Ân Thi","Đã xóa trùng (Thành công) - Đã xóa thành công 2 bản trùng thừa, giữ lại bản chính #1","2026-09-19 19:33:00"
2167,"H31.05.02.H31.09.2009.580","3 bản (DELETED_SUCCESS)","Về công trình hệ thống bao che lò đốt rác trung tâm y tế huyện Ân Thi","Đã xóa trùng (Thành công) - Đã xóa thành công 2 bản trùng thừa, giữ lại bản chính #1","2026-09-19 19:33:14"
2168,"H31.05.02.H31.09.2008-2009.581","3 bản (DELETED_SUCCESS)","Về việc tham gia ý kiến thiết kế cơ sở công trình Trung tâm bồi dưỡng chính trị huyện Ân Thi tại Thị trấn Ân Thi, huyện Ân Thi","Đã xóa trùng (Thành công) - Đã xóa thành công 2 bản trùng thừa, giữ lại bản chính #1","2026-09-19 19:33:28"
2169,"H31.05.02.H31.09.2008.577","3 bản (DELETED_SUCCESS)","Về việc thẩm định điều chỉnh dự toán công trình nhà ở cán bộ và nhà học viên đang cai nam Trung tâm nhân đạo xã hội tỉnh Hưng Yên tại huyện Ân Thi","Đã xóa trùng (Thành công) - Đã xóa thành công 2 bản trùng thừa, giữ lại bản chính #1","2026-09-19 19:33:43"
2170,"H31.05.02.H31.09.2008.576","3 bản (DELETED_SUCCESS)","Về việc thẩm định dự toán bổ sung công trình trụ sở làm việc Đảng ủy HĐND-UBND xã Bãi Sậy, huyện Ân Thi","Đã xóa trùng (Thành công) - Đã xóa thành công 2 bản trùng thừa, giữ lại bản chính #1","2026-09-19 19:33:57"
2171,"H31.05.02.H31.09.2008.579","3 bản (DELETED_SUCCESS)","Hồ sơ về việc thiết kế cơ sở công trình cải tạo, nâng cấp Trường THPT Ân Thi tại Thị trấn Ân Thi, huyện Ân Thi","Đã xóa trùng (Thành công) - Đã xóa thành công 2 bản trùng thừa, giữ lại bản chính #1","2026-09-19 19:34:11"
2172,"H31.05.02.H31.09.2008.578","3 bản (DELETED_SUCCESS)","Về việc tham gia ý kiến thẩm định nhiệm vụ thiết kế công trình trường THPT Ân Thi, huyện Ân Thi","Đã xóa trùng (Thành công) - Đã xóa thành công 2 bản trùng thừa, giữ lại bản chính #1","2026-09-19 19:34:25"
2173,"H31.05.02.H31.09.2008.539","2 bản (DELETED_SUCCESS)","Về việc tham gia ý kiến thẩm định nhiệm vụ thiết kế công trình trụ sở làm việc tỉnh đoàn thanh niên Hưng Yên tại thị xã Hưng Yên","Đã xóa trùng (Thành công) - Đã xóa thành công 1 bản trùng thừa, giữ lại bản chính #1","2026-09-19 19:34:34"
2174,"H31.05.02.H31.09.2008.538","2 bản (DELETED_SUCCESS)","Về việc tham gia ý kiến thẩm định nhiệm vụ thiết kế công trình: Cải tạo, nâng cấp trụ sở làm việc Sở Nội vụ tỉnh Hưng Yên tại số 6 đường Chùa Chuông, phường Hiến Nam, thanh phố Hưng Yên","Đã xóa trùng (Thành công) - Đã xóa thành công 1 bản trùng thừa, giữ lại bản chính #1","2026-09-19 19:34:42"
2175,"H31.05.02.H31.09.2006-2008.540","3 bản (DELETED_SUCCESS)","Về việc thiết kế cơ sở công trình xây dựng mở rộng trụ sở làm việc Cục thuế tỉnh Hưng Yên. Hạng mục: Quy hoạch tổng thể điện, nước ngoài nhà, nhà làm việc 7 tầng tại thành phố Hưng Yên","Đã xóa trùng (Thành công) - Đã xóa thành công 2 bản trùng thừa, giữ lại bản chính #1","2026-09-19 19:34:56"
2176,"H31.05.02.H31.09.2006.537","3 bản (DELETED_SUCCESS)","Về việc thiết kế kỹ thuật thi công Công trình: Đường ống cấp nước khu dân cư phía Nam đường Đinh Điền, thị xã Hưng Yên","Đã xóa trùng (Thành công) - Đã xóa thành công 2 bản trùng thừa, giữ lại bản chính #1","2026-09-19 19:35:10"
2177,"H31.05.02.H31.09.2015.1206","3 bản (DELETED_SUCCESS)","Về việc thẩm tra thiết kế bản vẽ thi công dự toán điều chỉnh bổ sung công trình Nhà phụ trợ Ủy ban nhân dân huyện Yên Mỹ, tại xã Tân Lập, huyện Yên Mỹ, tỉnh Hưng Yên","Đã xóa trùng (Thành công) - Đã xóa thành công 2 bản trùng thừa, giữ lại bản chính #1","2026-09-19 19:35:24"
2178,"H31.05.02.H31.09.2014.1205","3 bản (DELETED_SUCCESS)","Về việc thẩm tra thiết kế bản vẽ thi công, dự toán công trình: Nhà phụ trợ Ủy ban nhân dân huyện Yên Mỹ tại xã Tân Lập, huyện Yên Mỹ, tỉnh Hưng Yên","Đã xóa trùng (Thành công) - Đã xóa thành công 2 bản trùng thừa, giữ lại bản chính #1","2026-09-19 19:35:38"
2179,"H31.05.02.H31.09.2014.1204","3 bản (DELETED_SUCCESS)","Về việc thẩm tra thiết kế bản vẽ thi công, dự toán công trình: Nhà lớp học bộ môn Trường Trung học cơ sở Yên Phú tại xã Yên Phú, huyện Yên Mỹ, tỉnh Hưng Yên","Đã xóa trùng (Thành công) - Đã xóa thành công 2 bản trùng thừa, giữ lại bản chính #1","2026-09-19 19:35:52"
2180,"H31.05.02.H31.09.2013-2014.1202","3 bản (DELETED_SUCCESS)","Về việc thẩm tra thiết kế bản vẽ thi công - dự toán công trình: Nâng tầng 3 (Nhà lớp học 2 tầng 4 phòng) Trường Trung học cơ sở Thị trấn Yên Mỹ, tại huyện Yên Mỹ, tỉnh Hưng Yên","Đã xóa trùng (Thành công) - Đã xóa thành công 2 bản trùng thừa, giữ lại bản chính #1","2026-09-19 19:36:06"
2181,"H31.05.02.H31.09.2014.1197","3 bản (DELETED_SUCCESS)","Về việc thẩm tra thiết kế bản vẽ thi công - dự toán công trình: Trạm Y tế Tân Lập, huyện Yên Mỹ, tỉnh Hưng Yên","Đã xóa trùng (Thành công) - Đã xóa thành công 2 bản trùng thừa, giữ lại bản chính #1","2026-09-19 19:36:20"
2182,"H31.05.02.H31.09.2014.1195","3 bản (DELETED_SUCCESS)","Về việc thẩm tra thiết kế bản vẽ thi công - dự toán công trình: Trụ sở làm việc Đảng ủy - Hội đồng nhân dân - Ủy ban nhân dân xã Đồng Than, huyện Yên Mỹ, tỉnh Hưng Yên","Đã xóa trùng (Thành công) - Đã xóa thành công 2 bản trùng thừa, giữ lại bản chính #1","2026-09-19 19:36:34"
2183,"H31.05.02.H31.09.2014.1194","3 bản (DELETED_SUCCESS)","Về việc thẩm tra thiết kế bản vẽ thi công - dự toán công trình cải tạo, mở rộng trụ sở làm việc Chi cục Thuế huyện Yên Mỹ tại thị trấn Yên Mỹ, huyện Yên Hưng (Tập 3)","Đã xóa trùng (Thành công) - Đã xóa thành công 2 bản trùng thừa, giữ lại bản chính #1","2026-09-19 19:36:48"
2184,"H31.05.02.H31.09.2014.1192","3 bản (DELETED_SUCCESS)","Về việc thẩm tra thiết kế bản vẽ thi công dự toán công trình cải tạo, mở rộng trụ sở làm việc Chi cục Thuế huyện Yên Mỹ tại thị trấn Yên Mỹ, huyện Yên Mỹ (Tập 1)","Đã xóa trùng (Thành công) - Đã xóa thành công 2 bản trùng thừa, giữ lại bản chính #1","2026-09-19 19:37:02"
2185,"H31.05.02.H31.09.2012.1187","2 bản (DELETED_SUCCESS)","Về việc cấp giấy phép xây dựng công trình trạm BTS loại I, xã Tân Việt, huyện Yên Mỹ","Đã xóa trùng (Thành công) - Đã xóa thành công 1 bản trùng thừa, giữ lại bản chính #1","2026-09-19 19:37:11"
2186,"H31.05.02.H31.09.2012.1186","2 bản (DELETED_SUCCESS)","Về việc đăng ký văn phòng điều hành Công ty Tanabe Engineering Corporation thi công và xây dựng hệ thống HVAC Công ty Nakano Copporation, Công ty Zenitaka Corporation tại KCN Thăng Long II, huyện Yên Mỹ","Đã xóa trùng (Thành công) - Đã xóa thành công 1 bản trùng thừa, giữ lại bản chính #1","2026-09-19 19:37:19"
2187,"H31.05.02.H31.09.2012.1185","3 bản (DELETED_SUCCESS)","Về việc cấp giấy phép thầu dự án Nhà máy Niksio Việt Nam giai đoạn II của Công ty TNHH Nikksio Việt Nam tại Khu Công nghiệp Thăng Long II, huyện Yên Mỹ","Đã xóa trùng (Thành công) - Đã xóa thành công 2 bản trùng thừa, giữ lại bản chính #1","2026-09-19 19:37:33"
2188,"H31.05.02.H31.09.2012.1184","3 bản (DELETED_SUCCESS)","Về việc cấp giấy phép thầu cho Công ty xây dựng Nishimatsu để thực hiện dự án: Công tác xây lắp tại Nhà máy Panasonic Appliances Việt Nam Chi nhánh Hưng Yên tại Khu Công nghiệp Thăng Long II, huyện Yên Mỹ","Đã xóa trùng (Thành công) - Đã xóa thành công 2 bản trùng thừa, giữ lại bản chính #1","2026-09-19 19:37:47"
2189,"H31.05.02.H31.09.2012.1183","3 bản (DELETED_SUCCESS)","Về việc cấp giấy phép thầu cho Công ty xây dựng Sumitomo Mitsui thực hiện dự án nhà máy Kawakin Core-Tech Việt Nam tại Lô F2, Khu công nghiệp Thăng Long II, huyện Yên Mỹ","Đã xóa trùng (Thành công) - Đã xóa thành công 2 bản trùng thừa, giữ lại bản chính #1","2026-09-19 19:38:01"
2190,"H31.05.02.H31.09.2012.1182","3 bản (DELETED_SUCCESS)","Về việc cấp giấy phép thầu dự án mở rộng nhà máy HaMaDin Việt Nam tại Khu công nghiệp Thăng Long II tại huyện Yên Mỹ","Đã xóa trùng (Thành công) - Đã xóa thành công 2 bản trùng thừa, giữ lại bản chính #1","2026-09-19 19:38:15"
2191,"H31.05.02.H31.09.2012.1181","3 bản (DELETED_SUCCESS)","Về việc cấp giấy phép thầu xây dựng nhà máy PHAV Thăng Long II của Công ty TNHH Panasonic Việt Nam huyện Yên Mỹ","Đã xóa trùng (Thành công) - Đã xóa thành công 2 bản trùng thừa, giữ lại bản chính #1","2026-09-19 19:38:29"
2192,"H31.05.02.H31.09.2012.1180","3 bản (DELETED_SUCCESS)","Về việc cấp giấy phép thầu xây dựng nhà máy cho thuê 4, 5, 6 - Công ty TNHH Khu công nghiệp Thăng Long II.","Đã xóa trùng (Thành công) - Đã xóa thành công 2 bản trùng thừa, giữ lại bản chính #1","2026-09-19 19:38:43"
2193,"H31.05.02.H31.09.2010-2012.1179","3 bản (DELETED_SUCCESS)","Về việc thẩm định thiết kế bản vẽ thi công công trình: Nhà ăn Trường Cao đẳng công nghiệp Hưng Yên tại xã Giai Phạm, huyện Yên Mỹ","Đã xóa trùng (Thành công) - Đã xóa thành công 2 bản trùng thừa, giữ lại bản chính #1","2026-09-19 19:38:57"
2194,"H31.05.02.H31.09.2010.1173","3 bản (DELETED_SUCCESS)","Về việc tham gia ý kiến thẩm định nhiệm vụ thiết kế công trình nhà lớp học bộ môn và phục vụ học tập trường THPT Yên Mỹ.","Đã xóa trùng (Thành công) - Đã xóa thành công 2 bản trùng thừa, giữ lại bản chính #1","2026-09-19 19:39:12"
2195,"H31.05.02.H31.09.2010.1172","3 bản (DELETED_SUCCESS)","Về việc tham gia ý kiến thiết kế bản vẽ thi công dự án đầu tư xây dựng công trình: Nhà lớp học bộ môn -  Trường THPT Yên Mỹ năm 2010","Đã xóa trùng (Thành công) - Đã xóa thành công 2 bản trùng thừa, giữ lại bản chính #1","2026-09-19 19:39:26"
2196,"H31.05.02.H31.09.2011.1167","3 bản (DELETED_SUCCESS)","Về việc cấp giấy phép thầu dự án :""Nhà máy KEIHIN Việt Nam tại Khu Công nghiệp Thăng Long II, huyện Yên Mỹ""","Đã xóa trùng (Thành công) - Đã xóa thành công 2 bản trùng thừa, giữ lại bản chính #1","2026-09-19 19:39:40"
2197,"H31.05.02.H31.09.2011.1166","3 bản (DELETED_SUCCESS)","Về việc cấp giấy phép thầu thiết kế và xây dựng ""Nhà máy thiết bị công nghiệp TOYOTA Việt Nam"" tại Khu Công Nghiệp Thăng Long Ⅱ, huyện Yên Mỹ","Đã xóa trùng (Thành công) - Đã xóa thành công 2 bản trùng thừa, giữ lại bản chính #1","2026-09-19 19:39:54"
2198,"H31.05.02.H31.09.2011.1165","3 bản (DELETED_SUCCESS)","Về việc đăng ký văn phòng điều hành nhận thiết kế và xây dựng ""Nhà máy thiết bị TOYOTA VN” thầu phụ thực hiện công việc điện và cơ cho ""Nhà máy dây cáp điện ô tô Sumiden VN” thi công công trình điện ""Nhà máy điện từ Canon VN"" tại Khu Công Nghiệp Thăng Long II, huyện Yên Mỹ.","Đã xóa trùng (Thành công) - Đã xóa thành công 2 bản trùng thừa, giữ lại bản chính #1","2026-09-19 19:40:08"
2199,"H31.05.02.H31.09.2011.1164","3 bản (DELETED_SUCCESS)","Về việc thực hiện công việc điện và cơ cho nhà máy dây cáp điện Ô tô Sumiden Việt Nam tại lô E-7, E-8, khu Công nghiệp Thăng Long 2, huyện Yên Mỹ.","Đã xóa trùng (Thành công) - Đã xóa thành công 2 bản trùng thừa, giữ lại bản chính #1","2026-09-19 19:40:22"
2200,"H31.05.02.H31.09.2011.1161","3 bản (DELETED_SUCCESS)","Về việc cấp giấy phép thầu cho tập đoàn Shimizu Corporation Nhật Bản thực hiện dự án xây dựng công trình nhà máy thuốc thú y tại Lô F6, khu công nghiệp Thăng Long II, huyện Yên Mỹ","Đã xóa trùng (Thành công) - Đã xóa thành công 2 bản trùng thừa, giữ lại bản chính #1","2026-09-19 19:40:36"
2201,"H31.05.02.H31.09.2011.1160","3 bản (DELETED_SUCCESS)","Về việc cấp giấy phép thầu cho công ty xây dựng Nishimatsu Nhật Bản thực hiện công trình nhà xưởng cho thuê số 3 tại Lô D8 khu Công nghiệp Thăng Long II, huyện Yên Mỹ","Đã xóa trùng (Thành công) - Đã xóa thành công 2 bản trùng thừa, giữ lại bản chính #1","2026-09-19 19:40:50"
2202,"H31.05.02.H31.09.2011.1159","3 bản (DELETED_SUCCESS)","Về việc cấp giấy phép thầu cho Công ty xây dựng Nishimatsu Nhật Bản thực hiện dự án Nhà máy Topy Fasteners Việt Nam tại lô F1, Khu Công nghiệp Thăng Long II, huyện Yên Mỹ.","Đã xóa trùng (Thành công) - Đã xóa thành công 2 bản trùng thừa, giữ lại bản chính #1","2026-09-19 19:41:04"
2203,"H31.05.02.H31.09.2011.1158","3 bản (DELETED_SUCCESS)","Về việc xây dựng nhà máy TAKAGI Việt Nam số 2 tại Khu công nghiệp Thăng Long 2, huyện Yên Mỹ","Đã xóa trùng (Thành công) - Đã xóa thành công 2 bản trùng thừa, giữ lại bản chính #1","2026-09-19 19:41:18"
2204,"H31.05.02.H31.09.2008-2011.1157","3 bản (DELETED_SUCCESS)","Giấy phép xây dựng công trình: Nhà xưởng chính + kho: Nhà điều hành dự án, Nhà máy sản xuất và xây lắp nhà khung thép nhẹ Gensis, xã Trung Hưng, Huyện Yên Mỹ.","Đã xóa trùng (Thành công) - Đã xóa thành công 2 bản trùng thừa, giữ lại bản chính #1","2026-09-19 19:41:33"
2205,"H31.05.02.H31.09.2011.1156","3 bản (DELETED_SUCCESS)","Hồ sơ nhiệm vụ thiết kế công trình: Trụ sở làm việc Đảng ủy - HĐND - UBND xã Thanh Long, Huyện Yên Mỹ","Đã xóa trùng (Thành công) - Đã xóa thành công 2 bản trùng thừa, giữ lại bản chính #1","2026-09-19 19:41:47"
2206,"H31.05.02.H31.09.2011.1155","3 bản (DELETED_SUCCESS)","Hồ sơ nhiệm vụ thiết kế công trình: Trụ sở làm việc Đảng ủy - HĐND - UBND xã Tân Việt, huyện Yên Mỹ","Đã xóa trùng (Thành công) - Đã xóa thành công 2 bản trùng thừa, giữ lại bản chính #1","2026-09-19 19:42:01"
2207,"H31.05.02.H31.09.2011.1154","3 bản (DELETED_SUCCESS)","Hồ sơ về việc cấp phép xây dựng trạm thu phát sóng BTS tại xã Lý Thường Kiệt, Huyện Yên Mỹ","Đã xóa trùng (Thành công) - Đã xóa thành công 2 bản trùng thừa, giữ lại bản chính #1","2026-09-19 19:42:15"
2208,"H31.05.02.H31.09.2011.1153","3 bản (DELETED_SUCCESS)","Hồ sơ về việc thiết kế cơ sở công trình khu nhà ở A - LK 14, 15, 16 thấp tầng tại xã Liêu Xá, huyện Yên Mỹ","Đã xóa trùng (Thành công) - Đã xóa thành công 2 bản trùng thừa, giữ lại bản chính #1","2026-09-19 19:42:29"
2209,"H31.05.02.H31.09.2011.1152","3 bản (DELETED_SUCCESS)","Hồ sơ về việc thiết kế cơ sở công trình khu nhà ở A - LK 14, 15, 16 thấp tầng tại xã Liêu Xá, huyện Yên Mỹ","Đã xóa trùng (Thành công) - Đã xóa thành công 2 bản trùng thừa, giữ lại bản chính #1","2026-09-19 19:42:43"
2210,"H31.05.02.H31.09.2010.1150","3 bản (DELETED_SUCCESS)","Hồ sơ kết quả thẩm tra thiết kế bản vẽ thi công và dự toán công trình: Trường THPT Minh Châu (giai đoạn I) xã Minh Châu, huyện Yên Mỹ","Đã xóa trùng (Thành công) - Đã xóa thành công 2 bản trùng thừa, giữ lại bản chính #1","2026-09-19 19:42:57"
2211,"H31.05.02.H31.09.2009.1148","3 bản (DELETED_SUCCESS)","Hồ sơ kết quả thẩm định thiết kế bản vẽ thi công - dự toán công trình Trường THPT Minh Châu hạng mục: San nền, hàng rào huyện Yên Mỹ","Đã xóa trùng (Thành công) - Đã xóa thành công 2 bản trùng thừa, giữ lại bản chính #1","2026-09-19 19:43:12"
2212,"H31.05.02.H31.09.2008.1147","3 bản (DELETED_SUCCESS)","Hồ sơ về việc thẩm định thiết kế cơ sở Trường THPT Minh Châu","Đã xóa trùng (Thành công) - Đã xóa thành công 2 bản trùng thừa, giữ lại bản chính #1","2026-09-19 19:43:26"
2213,"H31.05.02.H31.09.2009.1149","3 bản (DELETED_SUCCESS)","Hồ sơ chấp thuận phương án móng nhà lớp học 3 tầng Trường THPT Minh Châu Huyện Yên Mỹ","Đã xóa trùng (Thành công) - Đã xóa thành công 2 bản trùng thừa, giữ lại bản chính #1","2026-09-19 19:43:40"
2214,"H31.05.02.H31.09.2010.1142","3 bản (DELETED_SUCCESS)","Hồ sơ về việc cấp giấy phép thầu dự án: Nhà máy mới Công ty TNHH Sew Components V.N tại khu công nghiệp Thăng Long II, huyện Yên Mỹ","Đã xóa trùng (Thành công) - Đã xóa thành công 2 bản trùng thừa, giữ lại bản chính #1","2026-09-19 19:43:54"
2215,"H31.05.02.H31.09.2010.1141","3 bản (DELETED_SUCCESS)","Hồ sơ về việc cấp giấy phép thầu dự án: ""Nhà máy Hamaden VN"" tại khu công nghiệp Thăng Long II, huyện Yên Mỹ","Đã xóa trùng (Thành công) - Đã xóa thành công 2 bản trùng thừa, giữ lại bản chính #1","2026-09-19 19:44:09"
2216,"H31.05.02.H31.09.2010.1140","3 bản (DELETED_SUCCESS)","Hồ sơ về việc cấp giấy phép thầu dự án ""Nhà máy Mikasa V.N"" của Công ty TNHH Mikasa V.N tại khu công nghiệp Thăng Long II, huyện Yên Mỹ","Đã xóa trùng (Thành công) - Đã xóa thành công 2 bản trùng thừa, giữ lại bản chính #1","2026-09-19 19:44:23"
2217,"H31.05.02.H31.09.2010.1135","3 bản (DELETED_SUCCESS)","Hồ sơ giấy phép xây dựng công trình nhà máy sản xuất các sản phẩm chuyên dụng trong khách sạn xã Yên Phú, huyện Yên Mỹ","Đã xóa trùng (Thành công) - Đã xóa thành công 2 bản trùng thừa, giữ lại bản chính #1","2026-09-19 19:44:37"
2218,"H31.05.02.H31.09.2010.1134","3 bản (DELETED_SUCCESS)","Hồ sơ về việc cấp phép xây dựng trạm thu phát sóng BTS tại xã Trung Hưng - huyện Yên Mỹ","Đã xóa trùng (Thành công) - Đã xóa thành công 2 bản trùng thừa, giữ lại bản chính #1","2026-09-19 19:44:52"
2219,"H31.05.02.H31.09.2010.1133","3 bản (DELETED_SUCCESS)","Hồ sơ về việc cấp phép xây dựng trạm thu phát sóng BTS tại xã Trung Hòa - huyện Yên Mỹ","Đã xóa trùng (Thành công) - Đã xóa thành công 2 bản trùng thừa, giữ lại bản chính #1","2026-09-19 19:45:06"
2220,"H31.05.02.H31.09.2010.1132","3 bản (DELETED_SUCCESS)","Hồ sơ về việc cấp phép xây dựng trạm thu phát sóng BTS tại xã Tân Lập - huyện Yên Mỹ","Đã xóa trùng (Thành công) - Đã xóa thành công 2 bản trùng thừa, giữ lại bản chính #1","2026-09-19 19:45:20"
2221,"H31.05.02.H31.09.2010.1131","3 bản (DELETED_SUCCESS)","Hồ sơ giấy phép xây dựng công trình trung tâm thương mại dịch vụ Phố Nối xã Nghĩa Hiệp, huyện Yên Mỹ","Đã xóa trùng (Thành công) - Đã xóa thành công 2 bản trùng thừa, giữ lại bản chính #1","2026-09-19 19:45:34"
2222,"H31.05.02.H31.09.2010.1130","3 bản (DELETED_SUCCESS)","Hồ sơ cấp giấy phép xây dựng công trình khách sạn Phú Mỹ tại xã Nghĩa Hiệp, huyện Yên Mỹ","Đã xóa trùng (Thành công) - Đã xóa thành công 2 bản trùng thừa, giữ lại bản chính #1","2026-09-19 19:45:49"
2223,"H31.05.02.H31.09.2009.1129","3 bản (DELETED_SUCCESS)","Hồ sơ giấy phép xây dựng công trình trạm BTS loại I, tại xã Ngọc Long, huyện Yên Mỹ","Đã xóa trùng (Thành công) - Đã xóa thành công 2 bản trùng thừa, giữ lại bản chính #1","2026-09-19 19:46:03"
2224,"H31.05.02.H31.09.2009.1128","3 bản (DELETED_SUCCESS)","Hồ sơ về việc thẩm định thiết kế bản vẽ thi công Báo cáo kinh tế kỹ thuật phương án xử lý móng công trình nhà lớp học lý thuyết - Trung tâm giáo dục thường xuyên Phố Nối xã Siêu Xá, huyện Yên Mỹ","Đã xóa trùng (Thành công) - Đã xóa thành công 2 bản trùng thừa, giữ lại bản chính #1","2026-09-19 19:46:17"
2225,"H31.05.02.H31.09.2009.1127","3 bản (DELETED_SUCCESS)","Hồ sơ về việc tham gia ý kiến thiết kế cơ sở công trình Trung tâm Giáo dục thường xuyên Phố Nối xã Liêu Xá, huyện Yên Mỹ","Đã xóa trùng (Thành công) - Đã xóa thành công 2 bản trùng thừa, giữ lại bản chính #1","2026-09-19 19:46:32"
2226,"H31.05.02.H31.09.2009.1126","3 bản (DELETED_SUCCESS)","Hồ sơ về việc thực hiện nhiệm vụ thiết kế xây dựng công trình: Trung tâm giáo dục thường xuyên Phố Nối (giai đoạn I) tại xã Liêu Xá, huyện Yên Mỹ","Đã xóa trùng (Thành công) - Đã xóa thành công 2 bản trùng thừa, giữ lại bản chính #1","2026-09-19 19:46:46"
2227,"H31.05.02.H31.09.2007-2010.1120","3 bản (DELETED_SUCCESS)","Hồ sơ về việc thẩm định dự toán điều chỉnh giá trị gói thầu xây lắp công trình: San nền, đường giao thông nội bộ khu dân cư mới thị trấn Yên Mỹ","Đã xóa trùng (Thành công) - Đã xóa thành công 2 bản trùng thừa, giữ lại bản chính #1","2026-09-19 19:47:00"
2228,"H31.05.02.H31.09.2010.1119","3 bản (DELETED_SUCCESS)","Hồ sơ về việc tham gia ý kiến nhiệm vụ thiết kế công trình hệ thống chất lỏng y tế - Trung tâm y tế Phù Cừ, Khoái Châu, Văn Giang, Trung tâm y tế dự phòng bệnh viện Y học cổ truyền, trung tâm phòng chống HIV/AIDS Bệnh viện Đa khoa Phố Nối","Đã xóa trùng (Thành công) - Đã xóa thành công 2 bản trùng thừa, giữ lại bản chính #1","2026-09-19 19:47:15"
2229,"H31.05.02.H31.09.2010.1118","3 bản (DELETED_SUCCESS)","Hồ sơ tham gia ý kiến nhiệm vụ thiết kế công trình Hệ thống chất lỏng y tế Trung tâm y tế huyện Kim Động, Tiên Lữ, Yên Mỹ, Ân Thi, Mỹ Hào, Văn Lâm, Bệnh viện Mắt Hưng Yên, Trung tâm y tế thành phố Hưng Yên","Đã xóa trùng (Thành công) - Đã xóa thành công 2 bản trùng thừa, giữ lại bản chính #1","2026-09-19 19:47:29"
2230,"H31.05.02.H31.09.2009.1112","3 bản (DELETED_SUCCESS)","Hồ sơ về việc tham gia ý kiến về Thiết kế cơ sở dự án đầu tư xây dựng công trình Chợ và Khu nhà ở thương mại Yên Mỹ","Đã xóa trùng (Thành công) - Đã xóa thành công 2 bản trùng thừa, giữ lại bản chính #1","2026-09-19 19:47:43"
2231,"H31.05.02.H31.09.2009.1109","3 bản (DELETED_SUCCESS)","Hồ sơ về công trình hệ thống bao che lò đốt rác Trung tâm y tế huyện Yên Mỹ","Đã xóa trùng (Thành công) - Đã xóa thành công 2 bản trùng thừa, giữ lại bản chính #1","2026-09-19 19:47:58"
2232,"H31.05.02.H31.09.2008.1108","3 bản (DELETED_SUCCESS)","Hồ sơ về việc thiết kế cơ sở công trình Cải tạo, nâng cấp Trung tâm y tế huyện Yên Mỹ","Đã xóa trùng (Thành công) - Đã xóa thành công 2 bản trùng thừa, giữ lại bản chính #1","2026-09-19 19:48:12"
2233,"H31.05.02.H31.09.2008.1106","3 bản (DELETED_SUCCESS)","Hồ sơ về việc thẩm định dự toán Ủy ban nhân dân huyện Yên Mỹ","Đã xóa trùng (Thành công) - Đã xóa thành công 2 bản trùng thừa, giữ lại bản chính #1","2026-09-19 19:48:26"
2234,"H31.05.02.H31.09.2007.1107","3 bản (DELETED_SUCCESS)","Hồ sơ về việc thẩm định thiết kế bản vẽ thi công công trình hệ thống thoát nước và vệ sinh thị trấn Yên Mỹ, huyện Yên Mỹ","Đã xóa trùng (Thành công) - Đã xóa thành công 2 bản trùng thừa, giữ lại bản chính #1","2026-09-19 19:48:41"
2235,"H31.05.02.H31.09.2006.1104","3 bản (DELETED_SUCCESS)","Hồ sơ về việc thiết kế bản vẽ thi công công trình tu bổ, tôn tạo khi di tích lịch sử đại danh y Hải Thượng Lãn Ông tại xã Liêu Xá, huyện Yên Mỹ","Đã xóa trùng (Thành công) - Đã xóa thành công 2 bản trùng thừa, giữ lại bản chính #1","2026-09-19 19:48:55"
2236,"H31.05.02.H31.09.2015.1102","3 bản (DELETED_SUCCESS)","Hồ sơ về việc thẩm định báo cáo thiết kế kỹ thuật đầu tư xây dựng công trình nhà văn hóa thôn Ngọc Đà, xã Tân Quang, huyện Văn Lâm","Đã xóa trùng (Thành công) - Đã xóa thành công 2 bản trùng thừa, giữ lại bản chính #1","2026-09-19 19:49:10"
2237,"H31.05.02.H31.09.2014.1095","3 bản (DELETED_SUCCESS)","Hồ sơ về việc thẩm tra thiết kế bản vẽ thi công - dự toán công trình nà làm việc 2 tầng và các hạng mục phụ trợ trụ sở Đảng ủy - HĐND - UBND xã Lạc Hồng, huyện Văn Lâm","Đã xóa trùng (Thành công) - Đã xóa thành công 2 bản trùng thừa, giữ lại bản chính #1","2026-09-19 19:49:24"
2238,"H31.05.02.H31.09.2012.1092","3 bản (DELETED_SUCCESS)","Hồ sơ về việc cấp giấy phép xây dựng công trình nhà máy sản xuất lắp ráp xe tải nông dụng, xe khách, xe máy và sản xuất phụ tùng ô tô xe máy tại xã Tân Quang, huyện Văn Lâm","Đã xóa trùng (Thành công) - Đã xóa thành công 2 bản trùng thừa, giữ lại bản chính #1","2026-09-19 19:49:38"
2239,"H31.05.02.H31.09.2012.1091","3 bản (DELETED_SUCCESS)","Hồ sơ về việc cấp phép xây dựng công trình nhà xưởng sản xuất thuộc dự án nhà máy sản xuất cao su của công ty TNHH KTC (Hà Nội) tại xã Tân Quang, huyện Văn Lâm","Đã xóa trùng (Thành công) - Đã xóa thành công 2 bản trùng thừa, giữ lại bản chính #1","2026-09-19 19:49:53"
2240,"H31.05.02.H31.09.2012.1088","3 bản (DELETED_SUCCESS)","Hồ sơ về việc cấp giấy phép thầu xây dựng cho dự án cải tạo nhà máy của Công ty TNHH Shoei Việt Nam của nhà thầu Nakano Corporation tại Khu công nghiệp Phố Nối A, huyện Văn Lâm","Đã xóa trùng (Thành công) - Đã xóa thành công 2 bản trùng thừa, giữ lại bản chính #1","2026-09-19 19:50:07"
2241,"H31.05.02.H31.09.2012.1087","3 bản (DELETED_SUCCESS)","Hồ sơ về việc cấp giấy phép xây dựng dự án nhà máy sản xuất bao bì và PE+BOPP, hạng mục nhà điều hành 3 tầng xã Lạc Đạo, huyện Văn Lâm","Đã xóa trùng (Thành công) - Đã xóa thành công 2 bản trùng thừa, giữ lại bản chính #1","2026-09-19 19:50:21"
2242,"H31.05.02.H31.09.2010-2011.1085","3 bản (DELETED_SUCCESS)","Hồ sơ về việc cấp phép xây dựng công trình trạm BTS loại I tại xã Việt Hưng, huyện Văn Lâm","Đã xóa trùng (Thành công) - Đã xóa thành công 2 bản trùng thừa, giữ lại bản chính #1","2026-09-19 19:50:35"
2243,"H31.05.02.H31.09.2010-2011.1084","3 bản (DELETED_SUCCESS)","Hồ sơ về việc cấp giấy phép xây dựng công trình trạm BTS loại I tại thôn Ngọc Lịch, xã Trưng Trắc, huyện Văn Lâm năm 2011","Đã xóa trùng (Thành công) - Đã xóa thành công 2 bản trùng thừa, giữ lại bản chính #1","2026-09-19 19:50:49"
2244,"H31.05.02.H31.09.2010-2011.1083","3 bản (DELETED_SUCCESS)","Hồ sơ về việc cấp giấy phép xây dựng công trình: mở rộng Nhà máy dây và cáp điện Ngọc Khánh tại xã Trưng Trắc, huyện Văn Lâm","Đã xóa trùng (Thành công) - Đã xóa thành công 2 bản trùng thừa, giữ lại bản chính #1","2026-09-19 19:51:03"
2245,"H31.05.02.H31.09.2011.1081","2 bản (DELETED_SUCCESS)","Hồ sơ về việc cấp giấy phép xây dựng công trình trạm BTS loại I tại xã Tân Quang huyện Văn Lâm","Đã xóa trùng (Thành công) - Đã xóa thành công 1 bản trùng thừa, giữ lại bản chính #1","2026-09-19 19:51:11"
2246,"H31.05.02.H31.09.2011.1079","2 bản (DELETED_SUCCESS)","Hồ sơ về việc cấp phép xây dựng trạm thu phát sóng BTS tại xã Tân Quang, huyện Văn Lâm năm 2010","Đã xóa trùng (Thành công) - Đã xóa thành công 1 bản trùng thừa, giữ lại bản chính #1","2026-09-19 19:51:20"
2247,"H31.05.02.H31.09.2008-2011.1080","3 bản (DELETED_SUCCESS)","Hồ sơ về việc cấp giấy phép xây dựng công trình trạm BTS loại 1 - Văn Lâm 17 của Trung tâm thông tin di động khu vực V tại xã Tân Quang, huyện Văn Lâm","Đã xóa trùng (Thành công) - Đã xóa thành công 2 bản trùng thừa, giữ lại bản chính #1","2026-09-19 19:51:34"
2248,"H31.05.02.H31.09.2007-2011.1078","3 bản (DELETED_SUCCESS)","Hồ sơ về việc cấp giấy phép xây dựng hạng mục: Nhà xưởng, nhà điều hành thuộc Công ty CP EVERPIA Việt Nam tại xã Tân Quang, huyện Văn Lâm","Đã xóa trùng (Thành công) - Đã xóa thành công 2 bản trùng thừa, giữ lại bản chính #1","2026-09-19 19:51:48"
2249,"H31.05.02.H31.09.2011.1077","2 bản (DELETED_SUCCESS)","Hồ sơ về việc cấp giấy phép xây dựng công trình nhà kho số 5&6: Nhà máy sản xuất lắp ráp xe máy của Công ty CP Phương Đông tại xã Tân Quang, huyện Văn Lâm","Đã xóa trùng (Thành công) - Đã xóa thành công 1 bản trùng thừa, giữ lại bản chính #1","2026-09-19 19:51:57"
2250,"H31.05.02.H31.09.2011.1076","3 bản (DELETED_SUCCESS)","Hồ sơ về việc cấp giấy phép xây dựng công trình xây mới Nhà máy sản xuất và văn phòng làm việc của Công ty TNHH Lavie tại Thị trấn Như Quỳnh, huyện Văn Lâm","Đã xóa trùng (Thành công) - Đã xóa thành công 2 bản trùng thừa, giữ lại bản chính #1","2026-09-19 19:52:11"
2251,"H31.05.02.H31.09.2011.1074","3 bản (DELETED_SUCCESS)","Về việc điều chỉnh giấy phép xây dựng công trình nhà xưởng may thuộc dự án nhà máy may Như Quỳnh tại thị trấn Như Quỳnh, huyện Văn Lâm","Đã xóa trùng (Thành công) - Đã xóa thành công 2 bản trùng thừa, giữ lại bản chính #1","2026-09-19 19:52:25"
2252,"H31.05.02.H31.09.2011.1073","3 bản (DELETED_SUCCESS)","Về việc cấp giấy phép thầu dự án xưởng đúc số 1 của công ty TNHH sản xuất phụ tùng ô tô xe máy Việt Nam tại thị trấn Như Quỳnh, huyện Văn Lâm","Đã xóa trùng (Thành công) - Đã xóa thành công 2 bản trùng thừa, giữ lại bản chính #1","2026-09-19 19:52:40"
2253,"H31.05.02.H31.09.2011.1072","3 bản (DELETED_SUCCESS)","Về việc cấp phép xây dựng trạm thu phát sóng BTS tại xã Lạc Hồng - huyện Văn Lâm","Đã xóa trùng (Thành công) - Đã xóa thành công 2 bản trùng thừa, giữ lại bản chính #1","2026-09-19 19:52:54"
2254,"H31.05.02.H31.09.2011.1071","3 bản (DELETED_SUCCESS)","Về việc cấp phép xây dựng trạm thu phát sóng BTS tại xã Lạc Đạo - huyện Văn Lâm","Đã xóa trùng (Thành công) - Đã xóa thành công 2 bản trùng thừa, giữ lại bản chính #1","2026-09-19 19:53:08"
2255,"H31.05.02.H31.09.2011.1070","3 bản (DELETED_SUCCESS)","Về việc cấp giấy phép xây dựng công trình nhà máy sản xuất sứ INAX 627 tại xã Lạc Đạo, huyện Văn Lâm","Đã xóa trùng (Thành công) - Đã xóa thành công 2 bản trùng thừa, giữ lại bản chính #1","2026-09-19 19:53:23"
2256,"H31.05.02.H31.09.2011.1069","2 bản (DELETED_SUCCESS)","Về việc tham gia ý kiến thẩm định thiết kế bản vẽ thi công công trình: nhà máy INAX 627: Các công trình phụ trợ INAX 627 Fatory - Auliliary Constructions tại xã Lạc Đạo, huyện Văn Lâm","Đã xóa trùng (Thành công) - Đã xóa thành công 1 bản trùng thừa, giữ lại bản chính #1","2026-09-19 19:53:31"
2257,"H31.05.02.H31.09.2010.1051","3 bản (DELETED_SUCCESS)","Về việc tham gia ý kiến thẩm định thiết kế bản vẽ thi công công trình nhà lớp học 15 phòng Trường THPT Văn Lâm tại xã Lạc Đạo, huyện Văn Lâm","Đã xóa trùng (Thành công) - Đã xóa thành công 2 bản trùng thừa, giữ lại bản chính #1","2026-09-19 19:53:45"
2258,"H31.05.02.H31.09.2006-2008.1036","3 bản (DELETED_SUCCESS)","Về việc thẩm định thiết kế bản vẽ thi công công trình Trường THCS xã Đình Dù, huyện Văn Lâm","Đã xóa trùng (Thành công) - Đã xóa thành công 2 bản trùng thừa, giữ lại bản chính #1","2026-09-19 19:54:00"
2259,"H31.05.02.H31.09.2006.1035","3 bản (DELETED_SUCCESS)","Về việc thiết kế cơ sở công trình xây dựng hạ tầng kỹ thuật khu dân cư mới xã Đình Dù và xã Trưng Tắc, huyện Văn Lâm","Đã xóa trùng (Thành công) - Đã xóa thành công 2 bản trùng thừa, giữ lại bản chính #1","2026-09-19 19:54:14"
2260,"H31.05.02.H31.09.2015.1028","3 bản (DELETED_SUCCESS)","Về việc thẩm định thiết kế bản vẽ thi công công trình Trường Đại học Y khoa Tokyo Việt Nam tại Khu đô thị Ecopark, huyện Văn Giang (tập 2)","Đã xóa trùng (Thành công) - Đã xóa thành công 2 bản trùng thừa, giữ lại bản chính #1","2026-09-19 19:54:29"
2261,"H31.05.02.H31.09.2012.1023","3 bản (DELETED_SUCCESS)","Về việc thiết kế cơ sở dự án trường tiểu học, trung học cơ sở, trung học phổ thông Ecopark-Đoàn Thị Điểm tại huyện Văn Giang ( tập 2 )","Đã xóa trùng (Thành công) - Đã xóa thành công 2 bản trùng thừa, giữ lại bản chính #1","2026-09-19 19:54:43"
2262,"H31.05.02.H31.09.2012.1022","3 bản (DELETED_SUCCESS)","Về việc thiết kế cơ sở dự án trường tiểu học, trung học cơ sở, trung học phổ thông Ecopark - Đoàn Thị Điểm tại huyện Văn Giang (tập 1)","Đã xóa trùng (Thành công) - Đã xóa thành công 2 bản trùng thừa, giữ lại bản chính #1","2026-09-19 19:54:57"
2263,"H31.05.02.H31.09.2015.1010","3 bản (DELETED_SUCCESS)","Về việc thẩm định Báo cáo kinh tế - kỹ thuật công trình cải tạo, nâng cấp một số hạng mục trong khu vực Trạm Y tế xã Điện Nghĩa, huyện Văn Giang năm 2015","Đã xóa trùng (Thành công) - Đã xóa thành công 2 bản trùng thừa, giữ lại bản chính #1","2026-09-19 19:55:11"
2264,"H31.05.02.H31.09.2015.1009","3 bản (DELETED_SUCCESS)","Về việc thẩm định thiết kế bản vẽ thi công - dự toán công trình Trụ sở làm việc bảo hiểm xã hội huyện Văn Giang tại thị trấn Văn Giang, huyện Văn Giang năm 2015 (tập 3)","Đã xóa trùng (Thành công) - Đã xóa thành công 2 bản trùng thừa, giữ lại bản chính #1","2026-09-19 19:55:26"
2265,"H31.05.02.H31.09.2014.1006","3 bản (DELETED_SUCCESS)","Về việc tham gia ý kiến thiết kế cơ sở công trình: Trụ sở làm việc bảo hiểm xã hội huyện Văn Giang tại thị trấn Văn Giang, huyện Văn Giang","Đã xóa trùng (Thành công) - Đã xóa thành công 2 bản trùng thừa, giữ lại bản chính #1","2026-09-19 19:55:40"
2266,"H31.05.02.H31.09.2014-2015.1005","3 bản (DELETED_SUCCESS)","Về việc thẩm định báo cáo kinh tế kỹ thuật đầu tư xây dựng công trình Nhà làm việc một cửa UBND huyện Văn Giang tại thị trấn Văn Giang, huyện Văn Giang, năm 2015","Đã xóa trùng (Thành công) - Đã xóa thành công 2 bản trùng thừa, giữ lại bản chính #1","2026-09-19 19:55:54"
2267,"H31.05.02.H31.09.2014.1001","3 bản (DELETED_SUCCESS)","Về việc thẩm tra thiết kế bản vẽ thi công - dự toán công trình nhà văn hóa thôn Dương Thượng tại xã Thắng Lợi, huyện Văn Giang","Đã xóa trùng (Thành công) - Đã xóa thành công 2 bản trùng thừa, giữ lại bản chính #1","2026-09-19 19:56:09"
2268,"H31.05.02.H31.09.2014.1000","3 bản (DELETED_SUCCESS)","Về việc thẩm tra thiết kế bản vẽ thi công, dự toán công trình nhà văn hóa thôn Phú Đình tại xã Thắng Lợi, huyện Văn Giang","Đã xóa trùng (Thành công) - Đã xóa thành công 2 bản trùng thừa, giữ lại bản chính #1","2026-09-19 19:56:23"
2269,"H31.05.02.H31.09.2011.1002","2 bản (DELETED_SUCCESS)","Về báo cáo kinh tế kỹ thuật và hoàn thiện báo cáo kinh tế kỹ thuật công trình: cải tạo, sửa chữa, nâng cấp trụ sở HĐND - UBND huyện Văn Giang (tập 1)","Đã xóa trùng (Thành công) - Đã xóa thành công 1 bản trùng thừa, giữ lại bản chính #1","2026-09-19 19:56:31"
2270,"H31.05.02.H31.09.2014.997","3 bản (DELETED_SUCCESS)","Về việc thẩm định báo cáo kinh tế kỹ thuật công trình Trường Mầm non xã Nghĩa Trụ, phân hiệu 2 tại xã Nghĩa Trụ, huyện Văn Giang","Đã xóa trùng (Thành công) - Đã xóa thành công 2 bản trùng thừa, giữ lại bản chính #1","2026-09-19 19:56:45"
2271,"H31.05.02.H31.09.2011.996","3 bản (DELETED_SUCCESS)","Về việc tham gia ý kiến thẩm định báo cáo kinh tế kỹ thuật công trình cải tạo sửa chữa nhà tưởng niệm Lê Văn Lương xã Nghĩa Trụ, huyện Văn Giang","Đã xóa trùng (Thành công) - Đã xóa thành công 2 bản trùng thừa, giữ lại bản chính #1","2026-09-19 19:56:59"
2272,"H31.05.02.H31.09.2011.982","2 bản (DELETED_SUCCESS)","Giấy phép xây dựng công trình phân xưởng sản xuất muối, dự án nhà máy bánh kẹo Hải Châu tại xã Vĩnh Khúc, huyện Văn Giang","Đã xóa trùng (Thành công) - Đã xóa thành công 1 bản trùng thừa, giữ lại bản chính #1","2026-09-19 19:57:08"
2273,"H31.05.02.H31.09.2010.981","3 bản (DELETED_SUCCESS)","Giấy phép xây dựng nhà máy bánh kẹo Hải Châu, hạng mục kho của công ty cổ phần bánh kẹo Hải Châu tại xã Vĩnh Khúc, huyện Văn Giang","Đã xóa trùng (Thành công) - Đã xóa thành công 2 bản trùng thừa, giữ lại bản chính #1","2026-09-19 19:57:22"
2274,"H31.05.02.H31.09.2011.979","2 bản (DELETED_SUCCESS)","Về việc cấp phép xây dựng trạm thu phát sóng BTS tại xã Vĩnh Khúc, huyện Văn Giang","Đã xóa trùng (Thành công) - Đã xóa thành công 1 bản trùng thừa, giữ lại bản chính #1","2026-09-19 19:57:31"
2275,"H31.05.02.H31.09.2010.980","3 bản (DELETED_SUCCESS)","Giấy phép xây dựng công trình nhà máy bánh kẹo Hải Châu, hạng mục: nhà vệ sinh chung, nhà nồi hơi tại xã Vĩnh Khúc, huyện Văn Giang","Đã xóa trùng (Thành công) - Đã xóa thành công 2 bản trùng thừa, giữ lại bản chính #1","2026-09-19 19:57:45"
2276,"H31.05.02.H31.09.2008-2011.978","3 bản (DELETED_SUCCESS)","Giấy phép xây dựng công trình: trạm BTS loại I - Văn Giang 10 tại xã Thắng Lợi, huyện Văn Giang của Trung tâm thông tin di động khu vực V","Đã xóa trùng (Thành công) - Đã xóa thành công 2 bản trùng thừa, giữ lại bản chính #1","2026-09-19 19:57:59"
2277,"H31.05.02.H31.09.2011.977","2 bản (DELETED_SUCCESS)","Giấy phép xây dựng Công trình: Trạm BTS loại I dự án tại thôn Phú Thượng, xã thắng Lợi, huyện Văn Giang của Trung tâm Thông tin di động khu vực V","Đã xóa trùng (Thành công) - Đã xóa thành công 1 bản trùng thừa, giữ lại bản chính #1","2026-09-19 19:58:08"
2278,"H31.05.02.H31.09.2011.976","3 bản (DELETED_SUCCESS)","Về việc cấp phép xây dựng trạm phát sóng BTS tại xã Tân Tiến, huyện Văn Giang","Đã xóa trùng (Thành công) - Đã xóa thành công 2 bản trùng thừa, giữ lại bản chính #1","2026-09-19 19:58:22"
2279,"H31.05.02.H31.09.2011.975","3 bản (DELETED_SUCCESS)","Nhiệm vụ thiết kế thi công: nhà xưởng thực hành chiều cao 1 tầng móng 3 tầng Trung tâm giáo dục thường xuyên huyện Văn Giang tại thị trần Văn Giang","Đã xóa trùng (Thành công) - Đã xóa thành công 2 bản trùng thừa, giữ lại bản chính #1","2026-09-19 19:58:36"
2280,"H31.05.02.H31.09.2011.974","3 bản (DELETED_SUCCESS)","Tham gia ý kiến thẩm định thiết kế bản vẽ thi công công trình nhà tưởng niệm danh nhân Phó Đức Chính","Đã xóa trùng (Thành công) - Đã xóa thành công 2 bản trùng thừa, giữ lại bản chính #1","2026-09-19 19:58:50"
2281,"H31.05.02.H31.09.2010.969","3 bản (DELETED_SUCCESS)","Cấp giấy phép xây dựng hạng mục kho bãi trung chuyển hàng kho ngoại quan và phân phối hàng hóa Công ty cổ phần Logistics tương lai Việt Nam xã Vĩnh Khúc, huyện Văn Giang.","Đã xóa trùng (Thành công) - Đã xóa thành công 2 bản trùng thừa, giữ lại bản chính #1","2026-09-19 19:59:04"
2282,"H31.05.02.H31.09.2010.968","3 bản (DELETED_SUCCESS)","Về việc giấy chứng nhận xây dựng công trình: Nhà máy sản xuất; lắp ráp động cơ Diesel và máy công cụ Công ty cổ phần Nam Cường Hà Nội tại xã Tân Tiến, huyện Văn Giang, tỉnh Hưng Yên","Đã xóa trùng (Thành công) - Đã xóa thành công 2 bản trùng thừa, giữ lại bản chính #1","2026-09-19 19:59:19"
2283,"H31.05.02.H31.09.2010.967","3 bản (DELETED_SUCCESS)","Về việc xin cấp phép xây dựng trạm phát sóng BTS tại xã Liên Nghĩa, huyện Văn Giang","Đã xóa trùng (Thành công) - Đã xóa thành công 2 bản trùng thừa, giữ lại bản chính #1","2026-09-19 19:59:33"
2284,"H31.05.02.H31.09.2009-2010.966","3 bản (DELETED_SUCCESS)","Về việc giấy phép xây dựng hạng mục Trạm BTS loại I, xã Liên Nghĩa - huyện Văn Giang; Chủ đầu tư: Công ty Cổ phần Viễn thông Di động Toàn cầu Gtel Mobile","Đã xóa trùng (Thành công) - Đã xóa thành công 2 bản trùng thừa, giữ lại bản chính #1","2026-09-19 19:59:47"
2285,"H31.05.02.H31.09.2009.959","3 bản (DELETED_SUCCESS)","Tham gia ý kiên thẩm định nhiệm vụ thiết kế công trình: Trường THPT Dương Quảng Hàm hạng mục Nhà đa năng và các công trình phụ trợ","Đã xóa trùng (Thành công) - Đã xóa thành công 2 bản trùng thừa, giữ lại bản chính #1","2026-09-19 20:00:01"
2286,"H31.05.02.H31.09.2009.958","3 bản (DELETED_SUCCESS)","Tham gia ý kiến thẩm định bản vẽ thi công công trình phòng chuẩn bị thực hành thí nghiệm và cải tạo nâng cấp 2 phòng cấp 4 thành thư viện - Phòng thí nghiệm trường THPT Dương Quảng Hàm xã Liên Nghĩa, huyện Văn Giang.","Đã xóa trùng (Thành công) - Đã xóa thành công 2 bản trùng thừa, giữ lại bản chính #1","2026-09-19 20:00:15"
2287,"H31.05.02.H31.09.2009.956","3 bản (DELETED_SUCCESS)","Về công trình hệ thống bao che lò đốt rác Trung tâm y tế huyện Văn Giang","Đã xóa trùng (Thành công) - Đã xóa thành công 2 bản trùng thừa, giữ lại bản chính #1","2026-09-19 20:00:29"
2288,"H31.05.02.H31.09.2008-2009.957","3 bản (DELETED_SUCCESS)","Dự án thiết kế xây dựng điểm dân cư nông thôn xã Cửu Cao, huyện Văn Giang","Đã xóa trùng (Thành công) - Đã xóa thành công 2 bản trùng thừa, giữ lại bản chính #1","2026-09-19 20:00:43"
2289,"H31.05.02.H31.09.2008.955","3 bản (DELETED_SUCCESS)","Về việc thiết kế cơ sở công trình cải tạo, nâng cấp trung tâm y tế huyện Văn Giang (tập 2)","Đã xóa trùng (Thành công) - Đã xóa thành công 2 bản trùng thừa, giữ lại bản chính #1","2026-09-19 20:00:57"
2290,"H31.05.02.H31.09.2008.952","3 bản (DELETED_SUCCESS)","Về việc thẩm định dự án công trình cụm công nghiệp sạch phía Tây đường giao thông liên tỉnh Hưng Yên tại xã Tân Tiến, huyện Văn Giang.","Đã xóa trùng (Thành công) - Đã xóa thành công 2 bản trùng thừa, giữ lại bản chính #1","2026-09-19 20:01:12"
2291,"H31.05.02.H31.09.2008.951","3 bản (DELETED_SUCCESS)","Về việc thẩm định dự án đo vẽ bản đồ phục vụ quy hoạch chi tiết và quy hoạch chi tiết tỷ lệ 1/2000 cụm công nghiệp tại xã Tân Tiến, huyện Văn Giang.","Đã xóa trùng (Thành công) - Đã xóa thành công 2 bản trùng thừa, giữ lại bản chính #1","2026-09-19 20:01:26"
2292,"H31.05.02.H31.09.2008.953","3 bản (DELETED_SUCCESS)","Về việc thiết kế cơ sở công trình xí nghiệp in tạp chí cộng sản chi nhánh Hưng Yên của Công ty In Tạp chí cộng sản tại xã Tân Tiến, huyện Văn Giang.","Đã xóa trùng (Thành công) - Đã xóa thành công 2 bản trùng thừa, giữ lại bản chính #1","2026-09-19 20:01:40"
2293,"H31.05.02.H31.09.2008.950","3 bản (DELETED_SUCCESS)","Về việc tổng hợp phương án bồi thường đất nông nghiệp, hoa màu, cây cối, tài sản, hỗ trợ chuyển nghề, hỗ trợ ổn định đời sống để giải phóng mặt bằng dự án giao thông liên tỉnh Hà Nội - Hưng Yên thuộc địa phận xã Phụng Công, huyện Văn Giang","Đã xóa trùng (Thành công) - Đã xóa thành công 2 bản trùng thừa, giữ lại bản chính #1","2026-09-19 20:01:54"
2294,"H31.05.02.H31.09.2015.947","3 bản (DELETED_SUCCESS)","Về việc thẩm định báo cáo kinh tế kỹ thuật công trình Nhà các phòng chức năng Trường tiểu học Lệ Xá tại xã Lệ Xá, huyện Tiên Lữ, tỉnh Hưng Yên","Đã xóa trùng (Thành công) - Đã xóa thành công 2 bản trùng thừa, giữ lại bản chính #1","2026-09-19 20:02:08"
2295,"H31.05.02.H31.09.2015.946","3 bản (DELETED_SUCCESS)","Hồ sơ về việc thẩm định báo cáo kinh tế kỹ thuật công trình nhà lớp học 2 tầng 6 phòng - Trường mầm non Lệ Xá, huyện Tiên Lữ, tỉnh Hưng Yên","Đã xóa trùng (Thành công) - Đã xóa thành công 2 bản trùng thừa, giữ lại bản chính #1","2026-09-19 20:02:22"
2296,"H31.05.02.H31.09.2015.945","3 bản (DELETED_SUCCESS)","Hồ sơ về việc thẩm định báo cáo kinh tế kỹ thuật công trình Nhà lớp học 2 tầng 10 phòng trường Trung học cơ sở xã Dị Chế, huyện Tiên Lữ, tỉnh Hưng Yên","Đã xóa trùng (Thành công) - Đã xóa thành công 2 bản trùng thừa, giữ lại bản chính #1","2026-09-19 20:02:37"
2297,"H31.05.02.H31.09.2015.944","3 bản (DELETED_SUCCESS)","Về việc thẩm định báo cáo kinh tế kỹ thuật công trình Nhà lớp học 2 tầng 10 phòng - Trường Tiểu học xã Hải Triều, huyện Tiên Lữ, tỉnh Hưng Yên","Đã xóa trùng (Thành công) - Đã xóa thành công 2 bản trùng thừa, giữ lại bản chính #1","2026-09-19 20:02:51"
2298,"H31.05.02.H31.09.2015.943","3 bản (DELETED_SUCCESS)","Về việc thẩm định dự toán điều chỉnh bổ sung công trình xây dựng nhà lớp học lý thuyết, san nền, tường rào và các công trình phụ trợ - Trường Trung học Phổ thông Trần Hưng Đạo tại xã Thiện Phiến, huyện Tiên Lữ, tỉnh Hưng Yên","Đã xóa trùng (Thành công) - Đã xóa thành công 2 bản trùng thừa, giữ lại bản chính #1","2026-09-19 20:03:05"
2299,"H31.05.02.H31.09.2012.942","3 bản (DELETED_SUCCESS)","Về việc báo cáo kinh tế kỹ thuật công trình nhà học lý thuyết san nền; tường rào và công trình phụ trợ - Trường Trung học phổ thông Trần Hưng Đạo, tại xã Thiện Phiến, huyện Tiên Lữ","Đã xóa trùng (Thành công) - Đã xóa thành công 2 bản trùng thừa, giữ lại bản chính #1","2026-09-19 20:03:19"
2300,"H31.05.02.H31.09.2012-2013.941","3 bản (DELETED_SUCCESS)","Xây dựng nhà lớp học lý thuyết, san nền, tường rào và công trình phụ trợ của trường THPT Trần Hưng Đạo tại xã Thiện Phiến, huyện Tiên Lữ năm 2013","Đã xóa trùng (Thành công) - Đã xóa thành công 2 bản trùng thừa, giữ lại bản chính #1","2026-09-19 20:03:34"
2301,"H31.05.02.H31.09.2011.940","2 bản (DELETED_SUCCESS)","Báo cáo kinh tế kỹ thuật xây dựng công trình nhà lớp học lý thuyết, san nền, tường rào và công trình phụ trợ trường THPT Trần Hưng Đạo tại xã Thiện Phiến, huyện Tiên Lữ","Đã xóa trùng (Thành công) - Đã xóa thành công 1 bản trùng thừa, giữ lại bản chính #1","2026-09-19 20:03:42"
2302,"H31.05.02.H31.09.2011.939","2 bản (DELETED_SUCCESS)","Nhiệm vụ thiết kế công trình Nhà lớp học 15 phòng, san nền, tường rào và công trình phụ trợ của Trường THPT Trần Hưng Đạo huyện Tiên Lữ","Đã xóa trùng (Thành công) - Đã xóa thành công 1 bản trùng thừa, giữ lại bản chính #1","2026-09-19 20:03:50"
2303,"H31.05.02.H31.09.2010.938","3 bản (DELETED_SUCCESS)","Tham gia ý kiến thiết kế bạn vẽ thi công công trình nhà lớp học bộ môn giai đoạn I trường THPT Trân Hưng Đạo xã Thiên Phiến, huyên Tiên Lữ","Đã xóa trùng (Thành công) - Đã xóa thành công 2 bản trùng thừa, giữ lại bản chính #1","2026-09-19 20:04:05"
2304,"H31.05.02.H31.09.2014.936","3 bản (DELETED_SUCCESS)","Tham gia ý kiến thiết kế cơ sở dự án Trụ sở làm việc Kho bạc Nhà nước Tiên Lữ tại thị trấn Vương, huyện Tiên Lữ (tập 2)","Đã xóa trùng (Thành công) - Đã xóa thành công 2 bản trùng thừa, giữ lại bản chính #1","2026-09-19 20:04:19"
2305,"H31.05.02.H31.09.2010.937","3 bản (DELETED_SUCCESS)","Tham gia ý kiến thẩm định Báo cáo kinh tế kỹ thuật công trình: Nhà lớp học bộ môn giai đoạn I, Trường THPT Trần Hưng Đạo, xã Thiện Phiến, huyện Tiên Lữ.","Đã xóa trùng (Thành công) - Đã xóa thành công 2 bản trùng thừa, giữ lại bản chính #1","2026-09-19 20:04:33"
2306,"H31.05.02.H31.09.2010.924","3 bản (DELETED_SUCCESS)","Về việc cấp phép xây dựng trạm thu phát sóng BTS tại các huyện Tiên Lữ, Phù Cừ và thành phố Hưng Yên năm 2010","Đã xóa trùng (Thành công) - Đã xóa thành công 2 bản trùng thừa, giữ lại bản chính #1","2026-09-19 20:04:47"
2307,"H31.05.02.H31.09.2010.923","3 bản (DELETED_SUCCESS)","Về việc cấp giấy phép xây dựng trạm thu phát sóng BTS tại các huyện Văn Giang, Văn Lâm, Mỹ Hào, Yên Mỹ năm 2010","Đã xóa trùng (Thành công) - Đã xóa thành công 2 bản trùng thừa, giữ lại bản chính #1","2026-09-19 20:05:01"
2308,"H31.05.02.H31.09.2010.922","3 bản (DELETED_SUCCESS)","Về việc cấp phép xây dựng trạm thu phát sóng BTS trên địa bàn các huyện Kim Động, Khoái Châu, Ân Thi năm 2010","Đã xóa trùng (Thành công) - Đã xóa thành công 2 bản trùng thừa, giữ lại bản chính #1","2026-09-19 20:05:15"
2309,"H31.05.02.H31.09.2010.921","3 bản (DELETED_SUCCESS)","Về việc xin cấp phép xây dựng trạm thu phát sóng BTS tại xã Nhật Tân, huyện Tiên Lữ năm 2010","Đã xóa trùng (Thành công) - Đã xóa thành công 2 bản trùng thừa, giữ lại bản chính #1","2026-09-19 20:05:30"
2310,"H31.05.02.H31.09.2010.920","3 bản (DELETED_SUCCESS)","Về việc xin cấp phép xây dựng trạm thu phát sóng BTS tại xã An Viên, huyện Tiên Lữ, tỉnh Hưng Yên năm 2010","Đã xóa trùng (Thành công) - Đã xóa thành công 2 bản trùng thừa, giữ lại bản chính #1","2026-09-19 20:05:44"
2311,"H31.05.02.H31.09.2011.927","2 bản (DELETED_SUCCESS)","Về việc tham gia ý kiến về báo cáo kinh tế kỹ thuật sân vận động thể dục thể thao Hải Triều, huyện Tiên Lữ","Đã xóa trùng (Thành công) - Đã xóa thành công 1 bản trùng thừa, giữ lại bản chính #1","2026-09-19 20:05:52"
2312,"H31.05.02.H31.09.2011.926","2 bản (DELETED_SUCCESS)","Nhiệm vụ thiết kế công trình sân vận động thể dục thể thao xã Hải Triều, huyện Tiên Lữ năm 2011","Đã xóa trùng (Thành công) - Đã xóa thành công 1 bản trùng thừa, giữ lại bản chính #1","2026-09-19 20:06:00"
2313,"H31.05.02.H31.09.2011.925","3 bản (DELETED_SUCCESS)","Báo cáo kinh tế kỹ thuật xây dựng công trình xây dựng nhà xưởng thực hành kiêm phòng lý thuyết Trung tâm Kỹ thuật tổng hợp hướng nghiệp và dạy nghề huyện Tiên Lữ năm 2011","Đã xóa trùng (Thành công) - Đã xóa thành công 2 bản trùng thừa, giữ lại bản chính #1","2026-09-19 20:06:14"
2314,"H31.05.02.H31.09.2010.919","3 bản (DELETED_SUCCESS)","Về việc xin cấp phép xây dựng trạm thu phát sóng BTS tại xã Thiện Phiến, huyện Tiên Lữ năm 2010","Đã xóa trùng (Thành công) - Đã xóa thành công 2 bản trùng thừa, giữ lại bản chính #1","2026-09-19 20:06:28"
2315,"H31.05.02.H31.09.2010.918","3 bản (DELETED_SUCCESS)","Báo cáo kinh tế  kỹ thuật cải tạo, nâng cấp Trường Trung học phổ thông Tiên Lữ, hạng mục nhà lớp học bộ môn 3 tầng tại thị trấn Vương, huyện Tiên Lữ năm 2010","Đã xóa trùng (Thành công) - Đã xóa thành công 2 bản trùng thừa, giữ lại bản chính #1","2026-09-19 20:06:43"
2316,"H31.05.02.H31.09.2014.911","3 bản (DELETED_SUCCESS)","Thẩm tra TKBVTC - dự toán công trình nhà làm việc số 2 các phòng chức năng UBND huyện Tiên Lữ tại thị trấn Vương, huyện Tiên Lữ năm 2014","Đã xóa trùng (Thành công) - Đã xóa thành công 2 bản trùng thừa, giữ lại bản chính #1","2026-09-19 20:06:57"
2317,"H31.05.02.H31.09.2009.904","3 bản (DELETED_SUCCESS)","Về việc tham gia ý kiến thiết kế cơ sở chi cục thuế huyện Tiên Lữ năm 2009","Đã xóa trùng (Thành công) - Đã xóa thành công 2 bản trùng thừa, giữ lại bản chính #1","2026-09-19 20:07:11"
2318,"H31.05.02.H31.09.2009.903","3 bản (DELETED_SUCCESS)","Về phương án đền bù 14 hộ (kiểm kê bắt buộc), kinh phí bồi thường, hỗ trợ di chuyển tài sản để giải phóng mặt bằng nâng cấp, mở rộng Quốc lộ 38B đoạn Thung Yên – Hải Dương (WB4) và mở rộng nút giao thông ngã tư Phố Giác thuộc địa phận thị trấn Vương, huyện Tiên Lữ, năm 2009.","Đã xóa trùng (Thành công) - Đã xóa thành công 2 bản trùng thừa, giữ lại bản chính #1","2026-09-19 20:07:25"
2319,"H31.05.02.H31.09.2009.902","3 bản (DELETED_SUCCESS)","Về phương án đền bù 1 hộ cây xăng, kinh phí bồi thường, hỗ trợ tài sản để thực hiện Dự án Quốc lộ 38B (WB4) đoạn Hưng Yên – Hải Dương, thuộc địa phận thị trấn Vương, huyện Tiên Lữ năm 2009.","Đã xóa trùng (Thành công) - Đã xóa thành công 2 bản trùng thừa, giữ lại bản chính #1","2026-09-19 20:07:39"
2320,"H31.05.02.H31.09.2009.901","3 bản (DELETED_SUCCESS)","Về phương án đền bù 03 hộ, kinh phí bồi thường, hỗ trợ tài sản để giải phóng mặt bằng phục vụ Dự án nâng cấp, mở rộng Quốc lộ 38B (DAWB4), địa phận thị trấn Vương, huyện Tiên Lữ, năm 2009.","Đã xóa trùng (Thành công) - Đã xóa thành công 2 bản trùng thừa, giữ lại bản chính #1","2026-09-19 20:07:53"
2321,"H31.05.02.H31.09.2014.875","3 bản (DELETED_SUCCESS)","Về việc thẩm tra thiết kế bản vẽ thi công, dự toán công trình Nhà văn hóa xã Tiên Tiến, huyện Phù Cừ","Đã xóa trùng (Thành công) - Đã xóa thành công 2 bản trùng thừa, giữ lại bản chính #1","2026-09-19 20:08:07"
2322,"H31.05.02.H31.09.2011.877","3 bản (DELETED_SUCCESS)","Về việc thiết kế công trình nhà lớp học 8 phòng Trường Trung học phổ thông Phù Cừ tại xã Tống Phan, huyện Phù Cừ, tỉnh Hưng Yên.","Đã xóa trùng (Thành công) - Đã xóa thành công 2 bản trùng thừa, giữ lại bản chính #1","2026-09-19 20:08:21"
2323,"H31.05.02.H31.09.2009.876","3 bản (DELETED_SUCCESS)","Về việc nhiệm vụ thiết kế xây dựng công trình Cải tạo, sửa chữa nhà lớp học số 1 và nhà lớp học số 2 Trường Trung học phổ thông Phù Cừ tại xã Tống Phan, huyện Phù Cừ, tỉnh Hưng Yên.","Đã xóa trùng (Thành công) - Đã xóa thành công 2 bản trùng thừa, giữ lại bản chính #1","2026-09-19 20:08:35"
2324,"H31.05.02.H31.09.2011.878","3 bản (DELETED_SUCCESS)","Báo cáo kinh tế kỹ thuật công trình Nhà lớp học 8 phòng Trường Trung học phổ thông Phù Cừ tại xã Tống Phan, huyện Phù Cừ.","Đã xóa trùng (Thành công) - Đã xóa thành công 2 bản trùng thừa, giữ lại bản chính #1","2026-09-19 20:08:49"
2325,"H31.05.02.H31.09.2014.865","3 bản (DELETED_SUCCESS)","Về việc thẩm tra thiết kế bản vẽ thi công - dự toán công trình Cải tạo, mở rộng trụ sở làm việc Chi cục Thuế huyện Phù Cừ, tỉnh Hưng Yên (tập 1)","Đã xóa trùng (Thành công) - Đã xóa thành công 2 bản trùng thừa, giữ lại bản chính #1","2026-09-19 20:09:04"
2326,"H31.05.02.H31.09.2014.864","3 bản (DELETED_SUCCESS)","Về việc thiết kế bản vẽ thi công công trình Nhà bếp ăn Ủy ban nhân dân huyện Phù Cừ tại thị trấn Trần Cao, huyện Phù Cừ, tỉnh Hưng Yên.","Đã xóa trùng (Thành công) - Đã xóa thành công 2 bản trùng thừa, giữ lại bản chính #1","2026-09-19 20:09:18"
2327,"H31.05.02.H31.09.2014.826","3 bản (DELETED_SUCCESS)","Về việc báo cáo kinh tế kỹ thuật điều chỉnh công trình Cải tạo, mở rộng trụ sở làm việc Ban Quản lý các khu công nghiệp tỉnh Hưng Yên tại thị trấn Bần Yên Nhân, huyện Mỹ Hào, tỉnh Hưng Yên.","Đã xóa trùng (Thành công) - Đã xóa thành công 2 bản trùng thừa, giữ lại bản chính #1","2026-09-19 20:09:32"
2328,"H31.05.02.H31.09.2011-2014.825","3 bản (DELETED_SUCCESS)","Về việc Báo cáo kinh tế kỹ thuật xây dựng công trình Cải tạo, mở rộng trụ sở làm việc Ban Quản lý các khu công nghiệp tỉnh Hưng Yên tại thị trấn Bần Yên Nhân, huyện Mỹ Hào, tỉnh Hưng Yên.","Đã xóa trùng (Thành công) - Đã xóa thành công 2 bản trùng thừa, giữ lại bản chính #1","2026-09-19 20:09:46"
2329,"H31.05.02.H31.09.2011.794","3 bản (DELETED_SUCCESS)","Cấp phép xây dựng trụ sở Chi nhánh Vietcombank Hưng Yên tại thị trấn Bần Yên Nhân, huyện Mỹ Hào (Tập 1).","Đã xóa trùng (Thành công) - Đã xóa thành công 2 bản trùng thừa, giữ lại bản chính #1","2026-09-19 20:10:00"
2330,"H31.05.02.H31.09.2014.741","3 bản (DELETED_SUCCESS)","Về việc tham gia ý kiến thiết kế cơ sở điều chỉnh dự án Trường THCS xã Toàn Thắng, huyện Kim Động (Tập 3).","Đã xóa trùng (Thành công) - Đã xóa thành công 2 bản trùng thừa, giữ lại bản chính #1","2026-09-19 20:10:14"
2331,"H31.05.02.H31.09.2010.707","3 bản (DELETED_SUCCESS)","Về việc cấp giấy phép xây dựng trạm thu phát sóng BTS tại xã Hùng An, huyện Kim Động","Đã xóa trùng (Thành công) - Đã xóa thành công 2 bản trùng thừa, giữ lại bản chính #1","2026-09-19 20:10:28"
2332,"H31.05.02.H31.09.2008.703","3 bản (DELETED_SUCCESS)","Hồ sơ tham gia ý kiến thẩm định nhiệm vụ thiết kế công trình Trường THPT Nghĩa Dân huyện Kim Động","Đã xóa trùng (Thành công) - Đã xóa thành công 2 bản trùng thừa, giữ lại bản chính #1","2026-09-19 20:10:42"
2333,"H31.05.02.H31.09.2011.665","3 bản (DELETED_SUCCESS)","Về việc cấp giấy phép xây dựng công trình Bến khách ngang sông tại xã Đông Ninh, huyện Khoái Châu.","Đã xóa trùng (Thành công) - Đã xóa thành công 2 bản trùng thừa, giữ lại bản chính #1","2026-09-19 20:10:56"
2334,"H31.05.02.H31.09.2010.664","3 bản (DELETED_SUCCESS)","Về việc tham gia ý kiến thẩm định nhiệm vụ thiết kế công trình cải tạo, nâng cấp Trạm Y tế xã Bình Minh huyện Khoái Châu.","Đã xóa trùng (Thành công) - Đã xóa thành công 2 bản trùng thừa, giữ lại bản chính #1","2026-09-19 20:11:10"
2335,"H31.05.02.H31.09.2010.663","3 bản (DELETED_SUCCESS)","Về việc cấp giấy phép xây dựng trạm thu phát sóng BTS tại xã Đông Kết, huyện Khoái Châu","Đã xóa trùng (Thành công) - Đã xóa thành công 2 bản trùng thừa, giữ lại bản chính #1","2026-09-19 20:11:24"
2336,"H31.05.02.H31.09.2010.662","3 bản (DELETED_SUCCESS)","Về việc cấp giấy phép xây dựng trạm thu phát sóng BTS tại xã Đông Tảo, huyện Khoái Châu.","Đã xóa trùng (Thành công) - Đã xóa thành công 2 bản trùng thừa, giữ lại bản chính #1","2026-09-19 20:11:38"
2337,"H31.05.02.H31.09.2010.661","3 bản (DELETED_SUCCESS)","Về việc cấp giấy phép xây dựng trạm thu phát sóng BTS tại xã Phùng Hưng, huyện Khoái Châu.","Đã xóa trùng (Thành công) - Đã xóa thành công 2 bản trùng thừa, giữ lại bản chính #1","2026-09-19 20:11:52"
2338,"H31.05.02.H31.09.2010.660","3 bản (DELETED_SUCCESS)","Về việc cấp giấy phép xây dựng trạm thu phát sóng BTS tại xã Liên Khê, huyện Khoái Châu.","Đã xóa trùng (Thành công) - Đã xóa thành công 2 bản trùng thừa, giữ lại bản chính #1","2026-09-19 20:12:06"
2339,"H31.05.02.H31.09.2009-2010.659","3 bản (DELETED_SUCCESS)","Về việc cấp giấy phép xây dựng công trình trạm BTS loại I của Trung tâm CP Viễn thông Di động Toàn Cầu Gtel Mobile tại xã Đông Kết, huyện Khoái Châu","Đã xóa trùng (Thành công) - Đã xóa thành công 2 bản trùng thừa, giữ lại bản chính #1","2026-09-19 20:12:20"
2340,"H31.05.02.H31.09.2009-2010.658","3 bản (DELETED_SUCCESS)","Về việc cấp giấy phép xây dựng công trình trạm BTS loại I của Công ty Cổ phần Viễn thông Di động Toàn Cầu (GTEL Mobile) tại xã Bình Minh, huyện Khoái Châu.","Đã xóa trùng (Thành công) - Đã xóa thành công 2 bản trùng thừa, giữ lại bản chính #1","2026-09-19 20:12:35"
2341,"H31.05.02.H31.09.2008-2011.666","3 bản (DELETED_SUCCESS)","Về việc cấp giấy phép xây dựng công trình văn phòng Bình Minh và một số hạng mục công trình hạ tầng kỹ thuật tại xã An Vỹ, huyện Khoái Châu.","Đã xóa trùng (Thành công) - Đã xóa thành công 2 bản trùng thừa, giữ lại bản chính #1","2026-09-19 20:12:49"
2342,"H31.05.02.H31.09.2010.649","3 bản (DELETED_SUCCESS)","Về việc tham gia ý kiến thẩm định thiết kế bản vẽ thi công công trình thủy lợi Thủy Tuyết - Trường THPT Trần Quang Khải tại xã Dạ Trạch, huyện Khoái Châu.","Đã xóa trùng (Thành công) - Đã xóa thành công 2 bản trùng thừa, giữ lại bản chính #1","2026-09-19 20:13:03"
2343,"H31.05.02.H31.09.2008.650","3 bản (DELETED_SUCCESS)","Về việc tham gia ý kiến thẩm định nhiệm vụ thiết kế công trình Trường Trung học Phổ thông Nguyễn Siêu, huyện Khoái Châu.","Đã xóa trùng (Thành công) - Đã xóa thành công 2 bản trùng thừa, giữ lại bản chính #1","2026-09-19 20:13:17"
2344,"H31.05.02.H31.09.2015.620","3 bản (DELETED_SUCCESS)","Về việc thẩm định báo cáo kinh tế - kỹ thuật công trình Nhà văn hóa xã An Hạ Lễ, huyện Ân Thi.","Đã xóa trùng (Thành công) - Đã xóa thành công 2 bản trùng thừa, giữ lại bản chính #1","2026-09-19 20:13:32"
2345,"H31.05.02.H31.09.2014.619","3 bản (DELETED_SUCCESS)","Về việc thẩm tra thiết kế bản vẽ thi công - dự toán công trình Nhà lớp học lý thuyết Trường THPT Phan Đình Phùng tại xã Tân Phúc, huyện Ân Thi","Đã xóa trùng (Thành công) - Đã xóa thành công 2 bản trùng thừa, giữ lại bản chính #1","2026-09-19 20:13:46"
2346,"H31.05.02.H31.09.2012.613","3 bản (DELETED_SUCCESS)","Về việc cấp giấy phép xây dựng công trình trung tâm giống tinh heo ARROW GENETICS Hưng Yên tại xã Nguyễn Trãi, huyện Ân Thi","Đã xóa trùng (Thành công) - Đã xóa thành công 2 bản trùng thừa, giữ lại bản chính #1","2026-09-19 20:14:00"
2347,"H31.05.02.H31.09.2014.1200","3 bản (DELETED_SUCCESS)","Hồ sơ về việc thẩm tra thiết kế bản vẽ thi công - dự toán công trình: Trường mầm non Thị trấn Yên Mỹ, hạng mục: Nhà hiệu bộ; nhà bếp ăn; nhà bảo vệ; lán xe tại Thị trấn Yên Mỹ, tỉnh Hưng Yên","Đã xóa trùng (Thành công) - Đã xóa thành công 2 bản trùng thừa, giữ lại bản chính #1","2026-09-19 20:14:14"
2348,"H31.05.02.H31.09.2014.1198","3 bản (DELETED_SUCCESS)","Về việc thẩm tra thiết kế bản vẽ thi công - dự toán công trình nhà lớp học, nhà bếp ăn và các hạng mục phụ trợ Trường mầm non thôn Đạo Khê tại xã Trung Hưng, huyện Yên Mỹ, tỉnh Hưng Yên.","Đã xóa trùng (Thành công) - Đã xóa thành công 2 bản trùng thừa, giữ lại bản chính #1","2026-09-19 20:14:28"
2349,"H31.05.02.H31.09.2014.1193","3 bản (DELETED_SUCCESS)","Về việc thẩm tra thiết kế bản vẽ thi công - dự toán công trình cải tạo, mở rộng trụ sở làm việc Chi cục thuế huyện Yên Mỹ, tại thị trấn Yên Mỹ, huyện Yên Mỹ.","Đã xóa trùng (Thành công) - Đã xóa thành công 2 bản trùng thừa, giữ lại bản chính #1","2026-09-19 20:14:42"
2350,"H31.05.02.H31.09.2013.1191","3 bản (DELETED_SUCCESS)","Về việc thiết kế cơ sở công trình: cải tạo mở rộng trụ sở làm việc Chi Cục Thuế huyện Yên Mỹ.","Đã xóa trùng (Thành công) - Đã xóa thành công 2 bản trùng thừa, giữ lại bản chính #1","2026-09-19 20:14:56"
2351,"H31.05.02.H31.09.2013.1190","3 bản (DELETED_SUCCESS)","Về việc tham gia ý kiến thiết kế cơ sở công trình Cải tạo, mở rộng trụ sở làm việc Chi Cục Thuế huyện Yên Mỹ, tại thị trấn Yên Mỹ.","Đã xóa trùng (Thành công) - Đã xóa thành công 2 bản trùng thừa, giữ lại bản chính #1","2026-09-19 20:15:11"
2352,"H31.05.02.H31.09.2007-2009.1177","3 bản (DELETED_SUCCESS)","Hồ sơ về việc xây dựng khu ký túc xá sinh viên Trường Cao đẳng Công nghiệp Hưng Yên hạng mục: Nhà ký thúc xá K1, K2, K3 tại xã Giai Phạm, huyện Yên Mỹ (tập 1)","Đã xóa trùng (Thành công) - Đã xóa thành công 2 bản trùng thừa, giữ lại bản chính #1","2026-09-19 20:15:25"
2353,"H31.05.02.H31.09.2011.1169","3 bản (DELETED_SUCCESS)","Về việc tham gia ý kiến thẩm định thiết kế cơ sở dự án đầu tư xây dựng công trình khu nhà ở A - LK 14, A - KK15, A-LK16 thấp tầng thuộc khu đô thị phía bắc đường trục trung tâm khu đô thị phía Nam quốc lộ 5 khu đô thị Phố Nối tỉnh Hưng Yên.","Đã xóa trùng (Thành công) - Đã xóa thành công 2 bản trùng thừa, giữ lại bản chính #1","2026-09-19 20:24:04"
2354,"H31.05.02.H31.09.2010-2011.1151","3 bản (DELETED_SUCCESS)","Tham gia ý kiến thẩm định thiết kế bản vẽ thi công trong báo cáo kinh tế kỹ thuật công trình Trường THPT Minh Châu (giai đoạn I) huyện Yên Mỹ.","Đã xóa trùng (Thành công) - Đã xóa thành công 2 bản trùng thừa, giữ lại bản chính #1","2026-09-19 20:24:18"
2355,"H31.05.02.H31.09.2010.1144","3 bản (DELETED_SUCCESS)","Giấy phép thầu Công ty TNHH MuShaShi Auta Parts VN thực hiện thiết. kế và xây dựng Nhà máy MuShaShi Auto Parts VN tại khu công nghiệp Thăng Long I, huyện Yên Mỹ.","Đã xóa trùng (Thành công) - Đã xóa thành công 2 bản trùng thừa, giữ lại bản chính #1","2026-09-19 20:24:32"
2356,"H31.05.02.H31.09.2010.1143","3 bản (DELETED_SUCCESS)","Giấy phép thầu xây dựng hệ thống hạ tầng cho Khu công nghiệp Thăng Long II Công ty xây dựng Nishimatsu huyện Yên Mỹ","Đã xóa trùng (Thành công) - Đã xóa thành công 2 bản trùng thừa, giữ lại bản chính #1","2026-09-19 20:24:46"
2357,"H31.05.02.H31.09.2010-2011.1145","3 bản (DELETED_SUCCESS)","Nhiệm vụ thiết kế công trình Trụ sở làm việc Đảng Uỷ - HĐND- UBND xã Minh Châu.","Đã xóa trùng (Thành công) - Đã xóa thành công 2 bản trùng thừa, giữ lại bản chính #1","2026-09-19 20:25:00"
2358,"H31.05.02.H31.09.2009.1116","3 bản (DELETED_SUCCESS)","Về công trình trường cao đẳng nghề kỹ thuật công nghệ - LOD tại xã Trung Hòa, huyện Yên Mỹ (Tập 2).","Đã xóa trùng (Thành công) - Đã xóa thành công 2 bản trùng thừa, giữ lại bản chính #1","2026-09-19 20:25:15"
2359,"H31.05.02.H31.09.2009.1115","3 bản (DELETED_SUCCESS)","Về công trình trường Cao đẳng nghề kỹ thuật công nghệ - LOD tại xã Trung Hòa, huyện Yên Mỹ (tập 1).","Đã xóa trùng (Thành công) - Đã xóa thành công 2 bản trùng thừa, giữ lại bản chính #1","2026-09-19 20:25:29"
2360,"H31.05.02.H31.09.2015.1101","3 bản (DELETED_SUCCESS)","Về việc thẩm định thiết kế cơ sở cho dự án chợ và hạ tầng kỹ thuật khu nhà ở thương mại Như Quỳnh tại thị trấn Như Quỳnh, huyện Văn Lâm.","Đã xóa trùng (Thành công) - Đã xóa thành công 2 bản trùng thừa, giữ lại bản chính #1","2026-09-19 20:25:43"
2361,"H31.05.02.H31.09.2014.1097","3 bản (DELETED_SUCCESS)","Về việc thẩm tra thiết kế bản vẽ thi công - dự toán công trình nhà lớp học bộ môn và các hạng mục phụ trợ trường THPT Văn Lâm, tại xã Lạc Đạo, huyện Văn Lâm.","Đã xóa trùng (Thành công) - Đã xóa thành công 2 bản trùng thừa, giữ lại bản chính #1","2026-09-19 20:25:58"
2362,"H31.05.02.H31.09.2014.1096","3 bản (DELETED_SUCCESS)","Về việc thẩm tra thiết kế bản vẽ thi công - dự toán công trình nhà lớp học bộ môn và các hạng mục phụ trợ trường THPT Văn Lâm, tại xã Lạc Đạo, huyện Văn Lâm.","Đã xóa trùng (Thành công) - Đã xóa thành công 2 bản trùng thừa, giữ lại bản chính #1","2026-09-19 20:26:12"
2363,"H31.05.02.H31.09.2011.1067","2 bản (DELETED_SUCCESS)","Về việc cấp giấy phép thầu cho tập đoàn Shimizu Corporation Nhật Bản thực hiện dự án Nhà máy sứ Vinax, hạng mục: Hạ tầng kỹ thuật - xưởng lắp ráp tại xã Lạc Đạo, huyện Văn Lâm.","Đã xóa trùng (Thành công) - Đã xóa thành công 1 bản trùng thừa, giữ lại bản chính #1","2026-09-19 20:26:20"
2364,"H31.05.02.H31.09.2011.1066","3 bản (DELETED_SUCCESS)","Về việc cấp phép xây dựng công trình Nhà máy sản xuất sứ Vinax Việt Nam tại khu công nghiệp Phố Nối A, huyện Văn Lâm.","Đã xóa trùng (Thành công) - Đã xóa thành công 2 bản trùng thừa, giữ lại bản chính #1","2026-09-19 20:26:35"
2365,"H31.05.02.H31.09.2011.1064","3 bản (DELETED_SUCCESS)","Về việc xin cấp giấy phép thầu xây dựng cho dự án xây dựng nhà máy điện tử Canon Việt Nam giai đoạn II tại đường 206, khu B, khu đô thị phố Nối A, huyện Văn Lâm","Đã xóa trùng (Thành công) - Đã xóa thành công 2 bản trùng thừa, giữ lại bản chính #1","2026-09-19 20:26:49"
2366,"H31.05.02.H31.09.2011.1065","3 bản (DELETED_SUCCESS)","Về việc tham gia ý kiến thẩm định báo cáo kết quả thẩm tra công trình đo vẽ bản đồ địa hình lập quy hoach bảo tồn tôn tạo và phát huy giá trị quần thể","Đã xóa trùng (Thành công) - Đã xóa thành công 2 bản trùng thừa, giữ lại bản chính #1","2026-09-19 20:27:04"
2367,"H31.05.02.H31.09.2011.1063","3 bản (DELETED_SUCCESS)","Về việc cấp giấy phép xây dựng công trình Trụ sở ngân hàng nông nghiệp và phát triển nông thôn huyện Văn Lâm tại Thị trấn Như Quỳnh, huyện Văn Lâm.","Đã xóa trùng (Thành công) - Đã xóa thành công 2 bản trùng thừa, giữ lại bản chính #1","2026-09-19 20:27:18"
2368,"H31.05.02.H31.09.2007-2008.1057","3 bản (DELETED_SUCCESS)","Về việc thẩm định thiết kế cơ sở dự án mở rộng khuôn viên và xây dựng nhà lớp học 3 tầng trường THPT Trưng Vương tại xã Trưng Trắc, huyện Văn Lâm","Đã xóa trùng (Thành công) - Đã xóa thành công 2 bản trùng thừa, giữ lại bản chính #1","2026-09-19 20:27:32"
2369,"H31.05.02.H31.09.2008.1058","3 bản (DELETED_SUCCESS)","Về việc tham gia ý kiến thẩm định thiết kế bản vẽ thi công công trình mở rộng khuôn viên và xây dựng nhà lớp học trường THPT Trưng Vương tại xã Trưng Trắc, huyện Văn Lâm.","Đã xóa trùng (Thành công) - Đã xóa thành công 2 bản trùng thừa, giữ lại bản chính #1","2026-09-19 20:27:47"
2370,"H31.05.02.H31.09.2010.1055","3 bản (DELETED_SUCCESS)","Về việc cấp giấy phép xây dựng hạng mục nhà xưởng sản xuất Nhà kho của Công ty TNHH Lavie - chi nhánh Hưng Yên tại thị trấn Như Quỳnh, huyện Văn Lâm.","Đã xóa trùng (Thành công) - Đã xóa thành công 2 bản trùng thừa, giữ lại bản chính #1","2026-09-19 20:28:01"
2371,"H31.05.02.H31.09.2009-2010.1056","3 bản (DELETED_SUCCESS)","Về việc thẩm định dự toán công trình khu công nghiệp Tân Quang tại xã Tân Quang, huyện Văn Lâm","Đã xóa trùng (Thành công) - Đã xóa thành công 2 bản trùng thừa, giữ lại bản chính #1","2026-09-19 20:28:15"
2372,"H31.05.02.H31.09.2009-2010.1054","3 bản (DELETED_SUCCESS)","Về việc cấp giấy phép xây dựng hạng mục xưởng đúc số 3 - Công ty TNHH sản xuất phụ tùng ô tô xe máy Việt Nam tại thị trấn Như Quỳnh, huyện Văn Lâm.","Đã xóa trùng (Thành công) - Đã xóa thành công 2 bản trùng thừa, giữ lại bản chính #1","2026-09-19 20:28:30"
2373,"H31.05.02.H31.09.2015.1027","3 bản (DELETED_SUCCESS)","Về việc thẩm định thiết kế bản vẽ thi công công trình: Trường Đại học y khoa Tokyo Việt Nam tại Khu đô thị Ecorpark, huyện Văn Giang. Tập 1","Đã xóa trùng (Thành công) - Đã xóa thành công 2 bản trùng thừa, giữ lại bản chính #1","2026-09-19 20:28:44"
2374,"H31.05.02.H31.09.2012.1019","3 bản (DELETED_SUCCESS)","Về việc tham gia ý kiến thiết kế cơ sở dự án đầu tư xây dựng Khu thương mại kết hợp nhà ở 1B-04, huyện Văn Giang (Tập 1)","Đã xóa trùng (Thành công) - Đã xóa thành công 2 bản trùng thừa, giữ lại bản chính #1","2026-09-19 20:28:58"
2375,"H31.05.02.H31.09.2012.1004","3 bản (DELETED_SUCCESS)","Về việc điều chỉnh báo cáo kinh tế kỹ thuật công trình: Cải tạo, sửa chữa nâng cấp mở rộng trụ sở HĐND, UBND huyện Văn Giang năm 2012.","Đã xóa trùng (Thành công) - Đã xóa thành công 2 bản trùng thừa, giữ lại bản chính #1","2026-09-19 20:29:12"
2376,"H31.05.02.H31.09.2012.1003","3 bản (DELETED_SUCCESS)","Về việc báo cáo kinh tế kỹ thuật và hoàn thiện báo cáo kinh tế kỹ thuật công trình: Cải tạo, sửa chữa nâng cấp mở rộng trụ sở HĐND, UBND huyện Văn Giang (tập 2)","Đã xóa trùng (Thành công) - Đã xóa thành công 2 bản trùng thừa, giữ lại bản chính #1","2026-09-19 20:29:26"
2377,"H31.05.02.H31.09.2014.995","3 bản (DELETED_SUCCESS)","Về việc thẩm tra thiết kế bản vẽ thi công - dự toán công trình: Nhà hiệu bộ Trường THPT Văn Giang tại thị trấn Văn Giang","Đã xóa trùng (Thành công) - Đã xóa thành công 2 bản trùng thừa, giữ lại bản chính #1","2026-09-19 20:29:40"
2378,"H31.05.02.H31.09.2014.994","3 bản (DELETED_SUCCESS)","Về việc thẩm tra thiết kế bản vẽ thi công, dự toán công trình: Nhà lớp học bộ môn và phục vụ học tập, 1 số công trình phụ trợ Trường THPT Văn Giang tại xã Cửu Cao, huyện Văn Giang","Đã xóa trùng (Thành công) - Đã xóa thành công 2 bản trùng thừa, giữ lại bản chính #1","2026-09-19 20:29:54"
2379,"H31.05.02.H31.09.2014.991","3 bản (DELETED_SUCCESS)","Về việc tham gia ý kiến thiết kế cơ sở công trình: Cải tạo, mở rộng trụ sở làm việc Chi cục Thuế huyện Văn Giang tại thị trấn Văn Giang, huyện Văn Giang","Đã xóa trùng (Thành công) - Đã xóa thành công 2 bản trùng thừa, giữ lại bản chính #1","2026-09-19 20:30:08"
2380,"H31.05.02.H31.09.2014.934","3 bản (DELETED_SUCCESS)","Thẩm tra thiết kế bản vẽ thi công, dự toán công trình cải tạo Trạm Y tế xã Hưng Đạo, huyện Tiên Lữ","Đã xóa trùng (Thành công) - Đã xóa thành công 2 bản trùng thừa, giữ lại bản chính #1","2026-09-19 20:30:23"
2381,"H31.05.02.H31.09.2014.935","3 bản (DELETED_SUCCESS)","Tham gia ý kiến thiết kế cơ sở dự án trụ sở làm việc Kho bạc Nhà nước Tiên Lữ tại thị trấn Vương, huyện Tiên Lữ (tập 1)","Đã xóa trùng (Thành công) - Đã xóa thành công 2 bản trùng thừa, giữ lại bản chính #1","2026-09-19 20:30:36"
2382,"H31.05.02.H31.09.2010.914","3 bản (DELETED_SUCCESS)","Về việc tham gia ý kiến thẩm định nhiệm vụ thiết kế công trình: Cải tạo, nâng cấp nhà nội trú và xây mới nhà xưởng may - Trường phục hồi chức năng Tiên Lữ năm 2010","Đã xóa trùng (Thành công) - Đã xóa thành công 2 bản trùng thừa, giữ lại bản chính #1","2026-09-19 20:30:51"
2383,"H31.05.02.H31.09.2009.913","3 bản (DELETED_SUCCESS)","Về công trình hệ thống bao che lò đốt rác Trung tâm Y tế huyện Tiên Lữ năm 2009","Đã xóa trùng (Thành công) - Đã xóa thành công 2 bản trùng thừa, giữ lại bản chính #1","2026-09-19 20:31:05"
2384,"H31.05.02.H31.09.2008.912","3 bản (DELETED_SUCCESS)","Thiết kế cơ sở công trình cải tạo, nâng cấp Trung tâm Y tế huyện Tiên Lữ tại thị trấn Vương, huyện Tiên Lữ năm 2008","Đã xóa trùng (Thành công) - Đã xóa thành công 2 bản trùng thừa, giữ lại bản chính #1","2026-09-19 20:31:19"
2385,"H31.05.02.H31.09.2010.906","3 bản (DELETED_SUCCESS)","Giấy phép xây dựng công trình nâng cấp mở rộng bến xếp dỡ hàng hóa Triều Dương và sản xuất vật liệu xây dựng Công ty CP đầu tư và vật liệu xây dựng Đông Anh - 8 tại xã Hải Triều huyện Tiên Lữ năm 2010","Đã xóa trùng (Thành công) - Đã xóa thành công 2 bản trùng thừa, giữ lại bản chính #1","2026-09-19 20:31:33"
2386,"H31.05.02.H31.09.2008-2010.908","3 bản (DELETED_SUCCESS)","Giấy phép xây dựng công trình Nhà máy sản xuất sợi và bao đay Công ty Cổ phần Đay Hoàng Đạt, xã Thiện Phiến, huyện Tiên Lữ năm 2010.","Đã xóa trùng (Thành công) - Đã xóa thành công 2 bản trùng thừa, giữ lại bản chính #1","2026-09-19 20:31:47"
2387,"H31.05.02.H31.09.2008-2010.907","3 bản (DELETED_SUCCESS)","Giấy phép xây dựng Công trình: Trạm BTS loại I tại xã Nhật Tân, huyện Tiên Lữ. Chủ đầu tư: Trung tâm di động Vietnam Mobile  năm 2010","Đã xóa trùng (Thành công) - Đã xóa thành công 2 bản trùng thừa, giữ lại bản chính #1","2026-09-19 20:32:01"
2388,"H31.05.02.H31.09.2009.905","3 bản (DELETED_SUCCESS)","Thiết kế cơ sở dự án đầu tư xây dựng Công trình: Nhà máy sản xuất gạch Tuynel Triều Dương tại xã Hải Triều, huyện Tiên Lữ năm 2009","Đã xóa trùng (Thành công) - Đã xóa thành công 2 bản trùng thừa, giữ lại bản chính #1","2026-09-19 20:32:15"
2389,"H31.05.02.H31.09.2013.869","3 bản (DELETED_SUCCESS)","Về việc thiết kế cơ sở công trình cải tạo, mở rộng trụ sở làm việc Chi cục Thuế huyện Phù Cừ tại thị trấn Trần Cao, huyện Phù Cừ, tỉnh Hưng Yên","Đã xóa trùng (Thành công) - Đã xóa thành công 2 bản trùng thừa, giữ lại bản chính #1","2026-09-19 20:32:29"
2390,"H31.05.02.H31.09.2013.868","3 bản (DELETED_SUCCESS)","Về việc tham gia ý kiến thiết kế cơ sở công trình cải tạo, mở rộng trụ sở làm việc Chi cục Thuế huyện Phù Cừ tại xã Trần Cao, huyện Phù Cừ, tỉnh Hưng Yên","Đã xóa trùng (Thành công) - Đã xóa thành công 2 bản trùng thừa, giữ lại bản chính #1","2026-09-19 20:32:44"
2391,"H31.05.02.H31.09.2014.867","3 bản (DELETED_SUCCESS)","Về việc thẩm tra thiết kế bản vẽ thi công - dự toán công trình cải tạo, mở rộng trụ sở làm việc Chi cục Thuế huyện Phù Cừ, tỉnh Hưng Yên","Đã xóa trùng (Thành công) - Đã xóa thành công 2 bản trùng thừa, giữ lại bản chính #1","2026-09-19 20:32:58"
2392,"H31.05.02.H31.09.2010.795","3 bản (DELETED_SUCCESS)","Về việc cấp phép xây dựng trụ sở chi nhánh Viettcombank Hưng yên tại thị trấn Bần Yên Nhân, huyện Mỹ Hào (tập 2)","Đã xóa trùng (Thành công) - Đã xóa thành công 2 bản trùng thừa, giữ lại bản chính #1","2026-09-19 20:33:12"
2393,"H31.05.02.H31.09.2006.761","3 bản (DELETED_SUCCESS)","Về việc thiết kế kỹ thuật thi công, dự toán công trình san nền hè hồ, tường chắn đất đô thị phía Bắc đường trục trung tâm khu đô thị phía Nam Quốc lộ 5 thuộc khu đô thị Phố Nối","Đã xóa trùng (Thành công) - Đã xóa thành công 2 bản trùng thừa, giữ lại bản chính #1","2026-09-19 20:33:26"
2394,"H31.05.02.H31.09.2013-2014.683","3 bản (DELETED_SUCCESS)","Về việc thẩm tra thiết kế bản vẽ thi công dự toán công trình kiên cố hóa trường lớp lực 2 tầng 6 phòng huyện Khoái Châu, hạng mục nhà lớp học 2 tầng 6 phòng - Trường mầm non Minh Khai, xã Tân Lập huyện Khoái Châu","Đã xóa trùng (Thành công) - Đã xóa thành công 2 bản trùng thừa, giữ lại bản chính #1","2026-09-19 20:33:40"
2395,"H31.05.02.H31.09.2010.657","3 bản (DELETED_SUCCESS)","Về việc cấp Giấy phép xây dựng công trình Nhà máy may sản phẩm dệt kim chất lượng cao của Công ty TNHH MTV Dệt kim Đông Xuân tại xã Tân Dân, huyện Khoái Châu","Đã xóa trùng (Thành công) - Đã xóa thành công 2 bản trùng thừa, giữ lại bản chính #1","2026-09-19 20:33:55"
2396,"H31.05.02.H31.09.2010.648","3 bản (DELETED_SUCCESS)","Về nhiệm vụ thiết kế công trình: Cải tạo, nâng cấp Trường THPT Trần Quang Khải tại xã Dạ Trạch, huyện Khoái Châu","Đã xóa trùng (Thành công) - Đã xóa thành công 2 bản trùng thừa, giữ lại bản chính #1","2026-09-19 20:34:09"
2397,"H31.05.02.H31.09.2010.647","3 bản (DELETED_SUCCESS)","Về việc tham gia ý kiến thiết kế cơ sở dự án đầu tư xây dựng công trình: Trụ sở chi cục thuế huyện khoái Châu","Đã xóa trùng (Thành công) - Đã xóa thành công 2 bản trùng thừa, giữ lại bản chính #1","2026-09-19 20:34:23"
2398,"H31.05.02.H31.09.2009-2010.645","3 bản (DELETED_SUCCESS)","Về việc tham gia thẩm định Báo cáo kinh tế - kỹ thuật công trình cải tạo, nâng cấp Trụ sở HĐND - UBND huyện Khoái Châu tại thị trấn Khoái Châu, huyện Khoái Châu.","Đã xóa trùng (Thành công) - Đã xóa thành công 2 bản trùng thừa, giữ lại bản chính #1","2026-09-19 20:34:37"
2399,"H31.05.02.H31.09.2015.1211","3 bản (DELETED_SUCCESS)","Về việc thẩm định Báo cáo kinh tế - kỹ thuật công trình cải tạo sân trường và hệ thống thoát nước ngoài nhà Trường Trung học phổ thông Triệu Quang Phục tại xã Yên Phú, huyện Yên Mỹ, tỉnh Hưng Yên","Đã xóa trùng (Thành công) - Đã xóa thành công 2 bản trùng thừa, giữ lại bản chính #1","2026-09-19 20:34:51"
2400,"H31.05.02.H31.09.2014.1210","3 bản (DELETED_SUCCESS)","Về việc thẩm tra thiết kế bản vẽ thi công - dự toán công trình Nhà thí nghiệm thực hành Trường Bổ túc phổ thông Triệu Quang Phục tại xã Yên Phú, huyện Yên Mỹ, tỉnh Hưng Yên","Đã xóa trùng (Thành công) - Đã xóa thành công 2 bản trùng thừa, giữ lại bản chính #1","2026-09-19 20:35:05"
2401,"H31.05.02.H31.09.2013.1209","3 bản (DELETED_SUCCESS)","Về việc Báo cáo kinh tế - kỹ thuật công trình Nhà thí nghiệm thực hành Trường Trung học phổ thông Triệu Quang Phục tại huyện Yên Mỹ, tỉnh Hưng Yên.","Đã xóa trùng (Thành công) - Đã xóa thành công 2 bản trùng thừa, giữ lại bản chính #1","2026-09-19 20:35:20"
2402,"H31.05.02.H31.09.2013-2014.1201","3 bản (DELETED_SUCCESS)","Về việc thẩm tra thiết kế bản vẽ thi công - dự toán công trình Nhà tầng 2 (Nhà lớp học 4 phòng), Trường Tiểu học II tại thị trấn Yên Mỹ, huyện Yên Mỹ, tỉnh Hưng Yên.","Đã xóa trùng (Thành công) - Đã xóa thành công 2 bản trùng thừa, giữ lại bản chính #1","2026-09-19 20:35:34"
2403,"H31.05.02.H31.09.2014.1199","3 bản (DELETED_SUCCESS)","Văn bản về việc thẩm tra thiết kế bản vẽ thi công - dự toán công trình Trạm Y tế xã Yên Hòa tại huyện Yên Mỹ, tỉnh Hưng Yên.","Đã xóa trùng (Thành công) - Đã xóa thành công 2 bản trùng thừa, giữ lại bản chính #1","2026-09-19 20:35:48"
2404,"H31.05.02.H31.09.2012.1174","2 bản (DELETED_SUCCESS)","Về việc thẩm định thiết kế cơ sở công trình nhà lớp học lý thuyết và một số công trình phụ trợ Trường THPT Yên Mỹ.","Đã xóa trùng (Thành công) - Đã xóa thành công 1 bản trùng thừa, giữ lại bản chính #1","2026-09-19 20:35:56"
2405,"H31.05.02.H31.09.2007.1175","3 bản (DELETED_SUCCESS)","Về việc thiết kế cơ sở công trình trường quản lý kinh tế công nghiệp tại xã Giai Phạm, huyện Yên Mỹ","Đã xóa trùng (Thành công) - Đã xóa thành công 2 bản trùng thừa, giữ lại bản chính #1","2026-09-19 20:36:10"
2406,"H31.05.02.H31.09.2009-2010.1124","3 bản (DELETED_SUCCESS)","Về việc thẩm định dự toán các hạng mục công trình Nhà máy sản xuất kết cấu thép và phụ tùng ô tô tại xã Giai Phạm, huyện Yên Mỹ năm 2009-2010","Đã xóa trùng (Thành công) - Đã xóa thành công 2 bản trùng thừa, giữ lại bản chính #1","2026-09-19 20:36:24"
2407,"H31.05.02.H31.09.2009.1122","3 bản (DELETED_SUCCESS)","Nhiệm vụ thiết kế công trình Đền tưởng niệm các anh hùng liệt sĩ huyện Yên Mỹ.","Đã xóa trùng (Thành công) - Đã xóa thành công 2 bản trùng thừa, giữ lại bản chính #1","2026-09-19 20:36:38"
2408,"H31.05.02.H31.09.2010.1047","3 bản (DELETED_SUCCESS)","Về việc cấp giấy phép thầu xây dựng công trình nhà máy sứ VINAX Số 617 của công ty TNHH Sứ TMAX Việt Nam tại khu công nghiệp phố Nối A, huyện Văn Lâm","Đã xóa trùng (Thành công) - Đã xóa thành công 2 bản trùng thừa, giữ lại bản chính #1","2026-09-19 20:36:52"
2409,"H31.05.02.H31.09.2009.1046","3 bản (DELETED_SUCCESS)","Về kết quả đầu định dự toán khảo sát hiện trạng công trình Công ty TNHH Cao Cường tại xã Trưng Trắc, huyện Văn Lâm","Đã xóa trùng (Thành công) - Đã xóa thành công 2 bản trùng thừa, giữ lại bản chính #1","2026-09-19 20:37:06"
2410,"H31.05.02.H31.09.2009.1045","3 bản (DELETED_SUCCESS)","Về việc thiết kế cơ sở Nhà làm việc và các hạng mục phụ trợ Chi nhánh Ngân hàng Nông nghiệp và Phát triển Nông thôn tại thị trấn Như Quỳnh, huyện Văn Lâm.","Đã xóa trùng (Thành công) - Đã xóa thành công 2 bản trùng thừa, giữ lại bản chính #1","2026-09-19 20:37:20"
2411,"H31.05.02.H31.09.2008-2010.712","3 bản (DELETED_SUCCESS)","Về việc tham gia ý kiến thiết kế có sở dự án làng nghề du lịch sinh thái Vũ Hưng tại xã Hiệp Cường, huyện Kim Động","Đã xóa trùng (Thành công) - Đã xóa thành công 2 bản trùng thừa, giữ lại bản chính #1","2026-09-19 20:37:35"
2412,"H31.05.02.H31.09.2011.553","3 bản (DELETED_SUCCESS)","Về việc cấp giấy phép thầu cho Công ty SD Partners Architect và Engineers theo quy hoạch phân khu tỷ lệ 1/2000, khu Đại học phố Hiến thuộc thành phố Hưng Yên.","Đã xóa trùng (Thành công) - Đã xóa thành công 2 bản trùng thừa, giữ lại bản chính #1","2026-09-19 20:37:49"
2413,"H31.05.02.H31.09.2010-2011.552","3 bản (DELETED_SUCCESS)","Về việc cấp phép xây dựng công trình trạm BTS loại I tại đường Chùa Đông, phường Điện Nam, thành phố Hưng Yên.","Đã xóa trùng (Thành công) - Đã xóa thành công 2 bản trùng thừa, giữ lại bản chính #1","2026-09-19 20:38:03"
2414,"H31.05.02.H31.09.2009.1117","3 bản (DELETED_SUCCESS)","Về công trình Trường Cao đẳng nghề kỹ thuật công nghệ - LOD tại xã Trung Hòa, huyện Yên Mỹ (tập 3)","Đã xóa trùng (Thành công) - Đã xóa thành công 2 bản trùng thừa, giữ lại bản chính #1","2026-09-19 20:38:18"
2415,"H31.05.02.H31.09.2013-2016.1026","3 bản (DELETED_SUCCESS)","Về việc tham gia ý kiến cơ sở công trình: Trường tiểu học, THCS, THPT Đoàn Thị Điểm tại Khu đô thị Ecopark, huyện Văn Giang (Tập 2)","Đã xóa trùng (Thành công) - Đã xóa thành công 2 bản trùng thừa, giữ lại bản chính #1","2026-09-19 20:38:32"
2416,"H31.05.02.H31.09.2009.646","3 bản (DELETED_SUCCESS)","Hồ sơ về việc tham gia thẩm định báo cáo kinh tế kỹ thuật công trình cải tạo, nâng cấp trụ sở HĐND - UBND huyện Khoái Châu, tại thị trấn Khoái Châu","Đã xóa trùng (Thành công) - Đã xóa thành công 2 bản trùng thừa, giữ lại bản chính #1","2026-09-19 20:38:46"
2417,"H31.05.02.H31.09.2010-2013.567","3 bản (DELETED_SUCCESS)","Hồ sơ về việc thiết kế cơ sở công trình khối nhà phục vụ Trung tâm hội nghị tỉnh tại thị xã Hưng Yên (tập 1)","Đã xóa trùng (Thành công) - Đã xóa thành công 2 bản trùng thừa, giữ lại bản chính #1","2026-09-19 20:39:01"
2418,"H31.05.02.H31.09.2007.566","3 bản (DELETED_SUCCESS)","Hồ sơ về việc thiết kế kỹ thuật thi công công trình giảng đường 200 chỗ trường Cao đẳng Sư phạm Hưng Yên tại đường Chu Văn An, thị xã Hưng Yên","Đã xóa trùng (Thành công) - Đã xóa thành công 2 bản trùng thừa, giữ lại bản chính #1","2026-09-19 20:39:15"
2419,"H31.05.02.H31.09.2005.565","3 bản (DELETED_SUCCESS)","Hồ sơ về việc tham gia thẩm định thiết kế cơ sở dự án đầu tư xây dựng công trình Trung tâm tin học dự phòng và phát triển tin học Ngân hàng phát triển Việt Nam tại phường Hiến Nam, thành phố Hưng Yên (tập 2)","Đã xóa trùng (Thành công) - Đã xóa thành công 2 bản trùng thừa, giữ lại bản chính #1","2026-09-19 20:39:29"
2420,"H31.05.02.H31.09.2009.1178","3 bản (DELETED_SUCCESS)","Về việc xây dựng khu ký túc xá sinh viên trường cao đẳng công nghiệp Hưng Yên; Hạng mục: Nhà ký túc xá K1, K2, K3 tại xã Giai Phạm, huyện Yên Mỹ (tập 2)","Đã xóa trùng (Thành công) - Đã xóa thành công 2 bản trùng thừa, giữ lại bản chính #1","2026-09-19 20:39:44"
2421,"H31.05.02.H31.09.2008.1146","3 bản (DELETED_SUCCESS)","Thiết kế cơ sở trường trung học phổ thông Minh Châu tại xã Minh Châu, huyện Yên Mỹ","Đã xóa trùng (Thành công) - Đã xóa thành công 2 bản trùng thừa, giữ lại bản chính #1","2026-09-19 20:39:58"
2422,"H31.05.02.H31.09.2015.1103","3 bản (DELETED_SUCCESS)","Về việc thẩm định báo cáo kinh tế kỹ thuật công trình cải tạo nhà làm việc (cơ sở 1) trường đại học tài chính quản trị kinh doanh tại xã Trưng Trắc, huyện Văn Lâm","Đã xóa trùng (Thành công) - Đã xóa thành công 2 bản trùng thừa, giữ lại bản chính #1","2026-09-19 20:40:13"
2423,"H31.05.02.H31.09.2011.1075","3 bản (DELETED_SUCCESS)","Về việc cấp phép xây dựng công trình cải tạo xưởng đúc số 1 của Công ty TNHH sản xuất phụ tùng ô tô xe máy Việt Nam tại thị trấn Như Quỳnh, huyện Văn Lâm","Đã xóa trùng (Thành công) - Đã xóa thành công 2 bản trùng thừa, giữ lại bản chính #1","2026-09-19 20:40:27"
2424,"H31.05.02.H31.09.2011.1062","3 bản (DELETED_SUCCESS)","Về việc tham gia ý kiến chấp thuận phương án xử lý nền móng Công trình: Khối Nhà văn hoa  huyện Văn Lâm","Đã xóa trùng (Thành công) - Đã xóa thành công 2 bản trùng thừa, giữ lại bản chính #1","2026-09-19 20:40:41"
2425,"H31.05.02.H31.09.2010.1052","3 bản (DELETED_SUCCESS)","Về việc tham gia ý kiến thiết thể cơ sở dự án đầu tư xây dựng công trình: Trung  lưu trữ tài liệu; tài sản Ngân hàng đầu tư và phát kiến Việt Nam Chi nhánh Hưng Yên tai huyện Văn Lâm","Đã xóa trùng (Thành công) - Đã xóa thành công 2 bản trùng thừa, giữ lại bản chính #1","2026-09-19 20:40:56"
2426,"H31.05.02.H31.09.2012.1024","3 bản (DELETED_SUCCESS)","Về việc thiết kế cơ sở dự án trường tiểu học, trung học cơ sở, trung học phổ thông Eco Park Đoàn Thị Điểm tại huyện Văn Giang (Tập 3)","Đã xóa trùng (Thành công) - Đã xóa thành công 2 bản trùng thừa, giữ lại bản chính #1","2026-09-19 20:41:10"
2427,"H31.05.02.H31.09.2010.1015","3 bản (DELETED_SUCCESS)","Về việc tham gia ý kiến thiết kế cơ sở dự án đầu tư xây dựng công trình Khu nhà ở thấp tầng thuộc dự án thành phần 1A-01 phân kỳ 1 khu đô thị thương mại và du lịch Văn Giang năm 2010.","Đã xóa trùng (Thành công) - Đã xóa thành công 2 bản trùng thừa, giữ lại bản chính #1","2026-09-19 20:41:24"
2428,"H31.05.02.H31.09.2014.999","3 bản (DELETED_SUCCESS)","Về việc cấp giấy phép xây dựng dự án Nhà máy sản xuất thuốc Đông dược và thực phẩm chức năng của Công ty cổ phần An Vy tại xã Tân Tiến, huyện Văn Giang (tập 2)","Đã xóa trùng (Thành công) - Đã xóa thành công 2 bản trùng thừa, giữ lại bản chính #1","2026-09-19 20:41:39"
2429,"H31.05.02.H31.09.2010.796","3 bản (DELETED_SUCCESS)","Về việc cấp phép xây dựng trụ sở chi nhánh Vietcombank Hưng Yên tại thị trấn Bần Yên Nhân, huyện Mỹ Hào (tập 3)","Đã xóa trùng (Thành công) - Đã xóa thành công 2 bản trùng thừa, giữ lại bản chính #1","2026-09-19 20:41:53"
2430,"H31.05.02.H31.09.2010.793","3 bản (DELETED_SUCCESS)","Giấy phép xây dựng hạng mục trụ sở làm việc, nhà nghỉ, nhà khách chi nhánh Ngân hàng nông nghiệp & phát triển nông thôn Mỹ Hào tại thị trấn Bần Yên Nhân, huyện Mỹ Hào","Đã xóa trùng (Thành công) - Đã xóa thành công 2 bản trùng thừa, giữ lại bản chính #1","2026-09-19 20:42:08"
2431,"H31.05.02.H31.09.2009.792","3 bản (DELETED_SUCCESS)","Về việc thiết kế cơ sở công trình: Nhà làm việc và các hạng mục phụ trợ ngân hàng nông nghiệp và phát triển nông thôn tại thị trấn Bần Yên Nhân, huyện Mỹ Hào","Đã xóa trùng (Thành công) - Đã xóa thành công 2 bản trùng thừa, giữ lại bản chính #1","2026-09-19 20:42:22"
2432,"H31.05.02.H31.09.2009.781","3 bản (DELETED_SUCCESS)","Về việc thiết kế cơ sở công trình Trung tâm thương mại, chung cư và văn phòng cho thuê T&T Hưng Yên tại khu đất 5ha, thị trấn Bần Yên Nhân, huyện Mỹ Hào.","Đã xóa trùng (Thành công) - Đã xóa thành công 2 bản trùng thừa, giữ lại bản chính #1","2026-09-19 20:42:37"
2433,"H31.05.02.H31.09.2010.656","3 bản (DELETED_SUCCESS)","Về việc thiết kế bản vẽ thi công Công trình Văn phòng làm việc công ty Bình Mình và 1 số hạng mục công trình hạ tầng kỹ thuật tại xã An Vỹ, huyện khoái Châu","Đã xóa trùng (Thành công) - Đã xóa thành công 2 bản trùng thừa, giữ lại bản chính #1","2026-09-19 20:42:51"
2434,"H31.05.02.H31.09.2009-2010.562","3 bản (DELETED_SUCCESS)","Về việc tham gia ý kiến thiết kế bản vẽ thi công và dự toán Công trình Nhà ở sinh viên giai đoạn I khu vực thành phố Hưng Yên. Hạng mục: Nhà ở số 3 và phòng chống mối tại phường Lam Sơn, thành phố Hưng Yên","Đã xóa trùng (Thành công) - Đã xóa thành công 2 bản trùng thừa, giữ lại bản chính #1","2026-09-19 20:43:05"
2435,"H31.05.02.H31.09.2009-2010.561","3 bản (DELETED_SUCCESS)","Về việc tham gia ý kiến thẩm định thiết kế bản vẽ thi công - dự toán công trình xây dựng nhà ở sinh viên cụm trường khu vực thành phố Hưng Yên, tại phường Lam Sơn, thành phố Hưng Yên","Đã xóa trùng (Thành công) - Đã xóa thành công 2 bản trùng thừa, giữ lại bản chính #1","2026-09-19 20:43:20"
2436,"H31.05.02.H31.09.2009-2010.560","3 bản (DELETED_SUCCESS)","Về việc thiết kế bản vẽ thi công dự án Nhà ở sinh viên Hưng Yên; Hạng mục: Nhà ăn, nhà dịch vụ tại phường Lam Sơn, thành phố Hưng Yên","Đã xóa trùng (Thành công) - Đã xóa thành công 2 bản trùng thừa, giữ lại bản chính #1","2026-09-19 20:43:35"
2437,"H31.05.02.H31.09.2011.555","3 bản (DELETED_SUCCESS)","Về việc thiết kế cơ sở dự án đầu tư xây dựng chợ Phố Hiến tại phường Lê Lợi, thành phố Hưng Yên (tập 1)","Đã xóa trùng (Thành công) - Đã xóa thành công 2 bản trùng thừa, giữ lại bản chính #1","2026-09-19 20:43:49"
2438,"H31.05.02.H31.09.2010.556","3 bản (DELETED_SUCCESS)","Về việc thiết kế cơ sở dự án đầu tư xây dựng chợ Phố Hiến tại phường Lê Lợi, thành phố Hưng Yên (tập 2)","Đã xóa trùng (Thành công) - Đã xóa thành công 2 bản trùng thừa, giữ lại bản chính #1","2026-09-19 20:44:03"
2439,"H31.05.02.H31.09.2015.1208","3 bản (DELETED_SUCCESS)","Về việc thẩm định thiết kế bản vẽ thi công, dự toán điều chỉnh dự án: Đền tưởng niệm các anh hùng liệt sỹ huyện Yên Mỹ tại xã Tân Lập, huyện Yên Mỹ, tỉnh Hưng Yên","Đã xóa trùng (Thành công) - Đã xóa thành công 2 bản trùng thừa, giữ lại bản chính #1","2026-09-19 20:44:18"
2440,"H31.05.02.H31.09.2015.1207","3 bản (DELETED_SUCCESS)","Về việc thẩm định thiết kế bản vẽ thi công dự toán công trình: Nhà dịch vụ Bưu điện huyện Yên Mỹ, tại xã Tân Lập, huyện Yên Mỹ, tỉnh Hưng Yên","Đã xóa trùng (Thành công) - Đã xóa thành công 2 bản trùng thừa, giữ lại bản chính #1","2026-09-19 20:44:32"
2441,"H31.05.02.H31.09.2012.1171","2 bản (DELETED_SUCCESS)","Về việc thiết kế cơ sở công trình nhà hiệu bộ thuộc dự án đầu tư xây dựng, mở rộng trường Cao Đẳng Công Nghiệp Hưng Yên - Giai đoạn 2 (huyện Yên Mỹ)","Đã xóa trùng (Thành công) - Đã xóa thành công 1 bản trùng thừa, giữ lại bản chính #1","2026-09-19 20:44:40"
2442,"H31.05.02.H31.09.2010.1170","3 bản (DELETED_SUCCESS)","Về việc thiết kế cơ sở công trình nhà ăn và các hạng mục phụ trợ thuộc dự án đầu tư xây dựng công trình ký túc xá Trường Cao Đẳng Công nghiệp Hưng Yên","Đã xóa trùng (Thành công) - Đã xóa thành công 2 bản trùng thừa, giữ lại bản chính #1","2026-09-19 20:44:55"
2443,"H31.05.02.H31.09.2010.1121","3 bản (DELETED_SUCCESS)","Về việc tham gia ý kiến thiết kế cơ sở dự án đầu tư xây dựng Công trình Đền tưởng niệm các anh hùng liệt sĩ huyện Yên Mỹ.","Đã xóa trùng (Thành công) - Đã xóa thành công 2 bản trùng thừa, giữ lại bản chính #1","2026-09-19 20:45:09"
2444,"H31.05.02.H31.09.2009.1111","3 bản (DELETED_SUCCESS)","Về việc tham gia ý kiến về thiết kế cơ sở dự án đầu tư xây dựng Công trình: Chợ và khu nhà ở thương mại Yên Mỹ (tập 1)","Đã xóa trùng (Thành công) - Đã xóa thành công 2 bản trùng thừa, giữ lại bản chính #1","2026-09-19 20:45:24"
2445,"H31.05.02.H31.09.2008-2009.1110","3 bản (DELETED_SUCCESS)","Về việc thiết kế cơ sở dự án đầu tư xây dựng công trình: Cải tạo nâng cấp Trung tâm y tế huyện Yên Mỹ","Đã xóa trùng (Thành công) - Đã xóa thành công 2 bản trùng thừa, giữ lại bản chính #1","2026-09-19 20:45:38"
2446,"H31.05.02.H31.09.2011.1082","2 bản (DELETED_SUCCESS)","Về việc tham gia thiết kế cơ sở dự án nhà máy Everpia Việt Nam tại xã Tân Quang, huyện Văn Lâm","Đã xóa trùng (Thành công) - Đã xóa thành công 1 bản trùng thừa, giữ lại bản chính #1","2026-09-19 20:45:46"
2447,"H31.05.02.H31.09.2010.1050","3 bản (DELETED_SUCCESS)","Hồ sơ về việc cấp phép xây dựng hạng mục nhà sản xuất chính thuộc Công ty TNHH sử INAX Việt Nam tại xã Lạc Đạo, huyện Văn Lâm","Đã xóa trùng (Thành công) - Đã xóa thành công 2 bản trùng thừa, giữ lại bản chính #1","2026-09-19 20:46:01"
2448,"H31.05.02.H31.09.2008-2010.1049","3 bản (DELETED_SUCCESS)","Hồ sơ về việc cấp giấy phép xây dựng cho các hạng mục thuộc dự án siêu thị Minh Phương mở rộng tại Thị trấn Như Quỳnh và xã Đình Dù huyện Văn Lâm","Đã xóa trùng (Thành công) - Đã xóa thành công 2 bản trùng thừa, giữ lại bản chính #1","2026-09-19 20:46:15"
2449,"H31.05.02.H31.09.2010.1048","3 bản (DELETED_SUCCESS)","Hồ sơ về việc tham gia ý kiến thẩm định dự toán khảo sát hiện trạng của công trình: Công ty liên hiệp khoa học sản xuất quang hóa điện tử, hạng mục San lấp mặt bằng và móng kề đá tại xã Chỉ Đạo, huyện Văn Lâm","Đã xóa trùng (Thành công) - Đã xóa thành công 2 bản trùng thừa, giữ lại bản chính #1","2026-09-19 20:46:29"
2450,"H31.05.02.H31.09.2015.1029","3 bản (DELETED_SUCCESS)","Thẩm định thiết kế cơ sở dự án Trường đại học y khoa Tokyo Việt Nam (giai đoạn I) tại Khu đô thị Ecorpark Huyện Văn Giang","Đã xóa trùng (Thành công) - Đã xóa thành công 2 bản trùng thừa, giữ lại bản chính #1","2026-09-19 20:46:44"
2451,"H31.05.02.H31.09.2008.954","3 bản (DELETED_SUCCESS)","Về việc thiết kế cơ sở công trình cải tạo, nâng cấp Trung tâm y tế huyện Văn Giang (tập 1)","Đã xóa trùng (Thành công) - Đã xóa thành công 2 bản trùng thừa, giữ lại bản chính #1","2026-09-19 20:46:58"
2452,"H31.05.02.H31.09.2009.773","3 bản (DELETED_SUCCESS)","Về việc thiết kế cơ sở công trình nâng cấp mở rộng bênh viện đa khoa Phố Nối, thị trấn Bần Yên Nhân, huyện Mỹ Hào (tập 1)","Đã xóa trùng (Thành công) - Đã xóa thành công 2 bản trùng thừa, giữ lại bản chính #1","2026-09-19 20:47:12"
2453,"H31.05.02.H31.09.2012.763","3 bản (DELETED_SUCCESS)","Giấy phép xây dựng công trình: Chi nhánh cấp I và kho Ngân hàng thương mại cổ phần Á Châu tại thị trấn Bần Yên Nhân, huyện Mỹ Hào","Đã xóa trùng (Thành công) - Đã xóa thành công 2 bản trùng thừa, giữ lại bản chính #1","2026-09-19 20:47:26"
2454,"H31.05.02.H31.09.2005-2006.760","3 bản (DELETED_SUCCESS)","Về việc thẩm định thiết kế bản vẽ thi công Công trình: Xây dựng cơ sở hạ tầng khu di dân Phố Nối, huyện Mỹ Hào","Đã xóa trùng (Thành công) - Đã xóa thành công 2 bản trùng thừa, giữ lại bản chính #1","2026-09-19 20:47:40"
2455,"H31.05.02.H31.09.2011.720","3 bản (DELETED_SUCCESS)","Hồ sơ xin cấp giấy phép xây dựng dự án: Nhà máy sản xuất thức ăn chăn nuôi gia súc Thành Lợi tại thị trấn Lương Bằng, huyện Kim Động","Đã xóa trùng (Thành công) - Đã xóa thành công 2 bản trùng thừa, giữ lại bản chính #1","2026-09-19 20:47:54"
2456,"H31.05.02.H31.09.2011.717","3 bản (DELETED_SUCCESS)","Hồ sơ nhiệm vụ thiết kế công trình cải tạo, sửa chữa nhà làm việc Bệnh viện Tâm thần kinh Hưng Yên tại xã Song Mai, huyện Kim Động","Đã xóa trùng (Thành công) - Đã xóa thành công 2 bản trùng thừa, giữ lại bản chính #1","2026-09-19 20:48:09"
2457,"H31.05.02.H31.09.2011.719","3 bản (DELETED_SUCCESS)","Hồ sơ báo cáo kinh tế kỹ thuật xây dựng công trình nhà xưởng thực hành kiêm phòng học lý thuyết Trung tâm giáo dục thường xuyên, huyện Kim Động","Đã xóa trùng (Thành công) - Đã xóa thành công 2 bản trùng thừa, giữ lại bản chính #1","2026-09-19 20:48:23"
2458,"H31.05.02.H31.09.2011.718","3 bản (DELETED_SUCCESS)","Hồ sơ báo cáo kinh tế kỹ thuật công trình: Cải tạo nhà làm việc Bệnh viện Tâm thần kinh Hưng Yên, tại xã Song Mai, huyện Kim Động.","Đã xóa trùng (Thành công) - Đã xóa thành công 2 bản trùng thừa, giữ lại bản chính #1","2026-09-19 20:48:37"
2459,"H31.05.02.H31.09.2010.697","3 bản (DELETED_SUCCESS)","Hồ sơ thẩm định nhiệm vụ thiết kế trung tâm điều dưỡng tâm thần kinh giai đoạn II, tại xã Ngọc Thanh, huyện. Kim Động","Đã xóa trùng (Thành công) - Đã xóa thành công 2 bản trùng thừa, giữ lại bản chính #1","2026-09-19 20:48:51"
2460,"H31.05.02.H31.09.2009.695","2 bản (DELETED_SUCCESS)","Hồ sơ kết quả thẩm định dự toán khảo sát hiện trạng theo khối lượng thực tế. thi công thời điểm quý II/2009 công trình xây dựng Công ty TNHH Hor dar dụng cụ  Kiếm Độ tại thị trấn Lương Bằng, huyện Kim Động","Đã xóa trùng (Thành công) - Đã xóa thành công 1 bản trùng thừa, giữ lại bản chính #1","2026-09-19 20:49:00"
2461,"H31.05.02.H31.09.2009.696","2 bản (DELETED_SUCCESS)","Hồ sơ tham gia ý kiến thiết kế cơ sở dự án đầu tư xây dựng công trình Nhà máy gạch TUYNEL Công ty cổ phần Cầu Đuống Hưng Yên tại xã Ngọc Thanh, huyện Kim Động","Đã xóa trùng (Thành công) - Đã xóa thành công 1 bản trùng thừa, giữ lại bản chính #1","2026-09-19 20:49:08"
2462,"H31.05.02.H31.09.2010.655","3 bản (DELETED_SUCCESS)","Về việc thiết kế cơ sở công trình văn phòng làm việc công ty Bình Ninh và các hạng mục phụ trợ tại xã An Vỹ, huyện Khoái Châu (tập 2)","Đã xóa trùng (Thành công) - Đã xóa thành công 2 bản trùng thừa, giữ lại bản chính #1","2026-09-19 20:49:22"
2463,"H31.05.02.H31.09.2009.654","2 bản (DELETED_SUCCESS)","Về việc thiết kế cơ sở Công trình Văn phòng làm việc công ty Bình Minh và các hạng mục phụ trợ tại xã An Vỹ, huyện khái Châu (tập 1)","Đã xóa trùng (Thành công) - Đã xóa thành công 1 bản trùng thừa, giữ lại bản chính #1","2026-09-19 20:49:31"
2464,"H31.05.02.H31.09.2013-2014.1203","3 bản (DELETED_SUCCESS)","Về việc thẩm tra thiết kế bản vẽ thi công dự toán Công trình: Nhà lớp học 2 tầng 16 phòng - Trường Tiểu học Yên Phú II tại xã Yên Phú, huyện Yên Mỹ, tỉnh Hưng Yên","Đã xóa trùng (Thành công) - Đã xóa thành công 2 bản trùng thừa, giữ lại bản chính #1","2026-09-19 20:49:45"
2465,"H31.05.02.H31.09.2009.1114","3 bản (DELETED_SUCCESS)","Kết qủa thẩm định dự án đo vẽ bản đồ địa hình tỷ lệ 1/500 phục vụ điều chỉnh quy hoạch chi tiết và điều chỉnh quy hoạch chi tiết khu di tích lịch sử Đại danh y Hải Thượng Lãn Ông - Lê Hữu Trác, tại xã Liêu Xá, huyện Yên Mỹ","Đã xóa trùng (Thành công) - Đã xóa thành công 2 bản trùng thừa, giữ lại bản chính #1","2026-09-19 20:49:59"
2466,"H31.05.02.H31.09.2009.1113","3 bản (DELETED_SUCCESS)","Về việc tham gia ý kiến thiết kế cơ sở dự án đầu tư xây dựng công trình nhà trung tâm thương mại thuộc dự án chợ trung tâm mua săm Tiến Đạt xã Giai Phạm. huyện Yên Mỹ","Đã xóa trùng (Thành công) - Đã xóa thành công 2 bản trùng thừa, giữ lại bản chính #1","2026-09-19 20:50:13"
2467,"H31.05.02.H31.09.2010.1061","3 bản (DELETED_SUCCESS)","Về việc cấp giấy phép xây dựng hạng mục: Cột bơm xăng, nhà bán hàng Công ty CP xây lắp I - Petolimex tại xã Trưng Trắc, huyện Văn Lâm","Đã xóa trùng (Thành công) - Đã xóa thành công 2 bản trùng thừa, giữ lại bản chính #1","2026-09-19 20:50:27"
2468,"H31.05.02.H31.09.2010.1060","3 bản (DELETED_SUCCESS)","Về việc thẩm định nhiệm vụ thiết kế cải tạo nâng cấp Trường THPT Trưng Vương tại xã Trưng Trắc, huyện Văn Lâm","Đã xóa trùng (Thành công) - Đã xóa thành công 2 bản trùng thừa, giữ lại bản chính #1","2026-09-19 20:50:42"
2469,"H31.05.02.H31.09.2010.1059","3 bản (DELETED_SUCCESS)","Về việc thẩm định thiết kế bản vẽ thi công, báo cáo kinh tế kỹ thuật phương án xử lý móng Công trình: Cải tạo nhà lớp học, nhà hiệu bộ và các hạng mục phụ trợ Trường THPT Trưng Vương tại xã Trưng Trắc, huyện Văn Lâm","Đã xóa trùng (Thành công) - Đã xóa thành công 2 bản trùng thừa, giữ lại bản chính #1","2026-09-19 20:50:56"
2470,"H31.05.02.H31.09.2013.989","3 bản (DELETED_SUCCESS)","Hồ sơ thiết kế cơ sở công trình tu bổ tôn tạo di tích Đình Triệu Đà tại xã Xuân Quan, huyện Văn Giang năm 2012 - 2013","Đã xóa trùng (Thành công) - Đã xóa thành công 2 bản trùng thừa, giữ lại bản chính #1","2026-09-19 20:51:11"
2471,"H31.05.02.H31.09.2009.778","3 bản (DELETED_SUCCESS)","Hồ sơ về việc thiết kế cơ sở công trình trung tâm thương mại, chung cư và văn phòng cho thuê T & T Hưng Yên tại thị trấn Bần Yên Nhân - huyện Mỹ Hào","Đã xóa trùng (Thành công) - Đã xóa thành công 2 bản trùng thừa, giữ lại bản chính #1","2026-09-19 20:51:25"
2472,"H31.05.02.H31.09.2015.687","3 bản (DELETED_SUCCESS)","Hồ sơ thẩm tra thiết kế bản vẽ thi công dự toán công trình xây dựng trạm BTS Cẩm Ninh - Ân Thi và Vinh Quang huyện Khoái Châu","Đã xóa trùng (Thành công) - Đã xóa thành công 2 bản trùng thừa, giữ lại bản chính #1","2026-09-19 20:51:39"
2473,"H31.05.02.H31.09.2015.686","3 bản (DELETED_SUCCESS)","Về việc thẩm định thiết kế bản vẽ thi công - dự toán công trình. Cải tạo, sửa chữa và nâng cấp Xưởng điện - Điện tử Trường Đại học Sư phạm kỹ thuật Hưng Yên tại xã Dân Tiến, huyện Khoái Châu, tỉnh Hưng Yên","Đã xóa trùng (Thành công) - Đã xóa thành công 2 bản trùng thừa, giữ lại bản chính #1","2026-09-19 20:51:54"
2474,"H31.05.02.H31.09.2010.568","3 bản (DELETED_SUCCESS)","Về việc thiết kế cơ sở công trình khối nhà phục vụ trung tâm Hội nghị tỉnh, tại thị xã Hưng Yên (tập 2)","Đã xóa trùng (Thành công) - Đã xóa thành công 2 bản trùng thừa, giữ lại bản chính #1","2026-09-19 20:52:08"
2475,"H31.05.02.H31.09.2009.558","3 bản (DELETED_SUCCESS)","Về việc thiết kế bản vẽ thi công dự án: Nhà ở sinh viên Hưng Yên. Hang muc M2 tại phường Lam Sơn, thành phố Hưng Yên","Đã xóa trùng (Thành công) - Đã xóa thành công 2 bản trùng thừa, giữ lại bản chính #1","2026-09-19 20:52:22"
2476,"H31.05.02.H31.09.2009.557","3 bản (DELETED_SUCCESS)","Về việc thiết thể bản vẽ thi công dự án: Nhà ở sinh viên Hưng Yên. Hang muc nhà ở số 3 tại phường Lam Sơn, thành phố Hưng Yên","Đã xóa trùng (Thành công) - Đã xóa thành công 2 bản trùng thừa, giữ lại bản chính #1","2026-09-19 20:52:37"
2477,"H31.05.02.H31.09.2010.550","3 bản (DELETED_SUCCESS)","Về việc cấp phép xây dựng trạm thu phát sóng BTS tải xã Quảng Châu - thành phố Hưng Yên","Đã xóa trùng (Thành công) - Đã xóa thành công 2 bản trùng thừa, giữ lại bản chính #1","2026-09-19 20:52:51"
2478,"H31.05.02.H31.09.2010.549","3 bản (DELETED_SUCCESS)","Về việc cấp phép xây dựng Trạm thu phát sóng BTS tại xã Liên Phương, thành phố Hưng Yên","Đã xóa trùng (Thành công) - Đã xóa thành công 2 bản trùng thừa, giữ lại bản chính #1","2026-09-19 20:53:05"
2479,"H31.05.02.H31.09.2010.548","3 bản (DELETED_SUCCESS)","Về việc cấp giấy phép xây dựng Trạm thu phát sóng BTS tại phường An Tảo, thành phố Hưng Yên","Đã xóa trùng (Thành công) - Đã xóa thành công 2 bản trùng thừa, giữ lại bản chính #1","2026-09-19 20:53:20"
2480,"H31.05.02.H31.09.2009.547","3 bản (DELETED_SUCCESS)","Về việc thiết kế cơ sở công trình cải tạo, nâng cấp Bệnh viện mắt Hưng Yên, tại đường An Vũ, thị xã Hưng Yên","Đã xóa trùng (Thành công) - Đã xóa thành công 2 bản trùng thừa, giữ lại bản chính #1","2026-09-19 20:53:34"
2481,"H31.05.02.H31.09.2008.546","2 bản (DELETED_SUCCESS)","Về việc thẩm định thiết kế cơ sở công trình Siêu thị sách Công ty cổ phần sách và thiết bị trường học Hưng Yên tại Nguyễn Văn Linh, thành phố Hưng Yên","Đã xóa trùng (Thành công) - Đã xóa thành công 1 bản trùng thừa, giữ lại bản chính #1","2026-09-19 20:53:42"
2482,"H31.05.02.H31.09.2008.545","2 bản (DELETED_SUCCESS)","Về việc tham gia ý kiến thẩm định tiểu dự án: Đền bù giải phóng mặt bằng, tái định cư thuộc dự án bảo tồn, tôn tạo quần thể di tích Phố Hiến (Giai đoạn II) - Văn Miếu Xích Đằng tại phường Lam Sơn, thị xã Hưng Yên","Đã xóa trùng (Thành công) - Đã xóa thành công 1 bản trùng thừa, giữ lại bản chính #1","2026-09-19 20:53:50"
2483,"H31.05.02.H31.09.2008.544","3 bản (DELETED_SUCCESS)","Về việc tham gia ý kiến thẩm định nhiệm vụ thiết kế Công trình: Cải tạo nâng cấp Trung tâm Y tế thị xã Hưng Yên","Đã xóa trùng (Thành công) - Đã xóa thành công 2 bản trùng thừa, giữ lại bản chính #1","2026-09-19 20:54:05"
2484,"H31.05.02.H31.09.2008.543","3 bản (DELETED_SUCCESS)","Về việc tham gia thẩm định nhiệm vụ thiết kế Công trình: Nhà học các khoa xã hội, mần non, nhạc họa, bồi dưỡng giáo viên và chuẩn hóa giáo viên của Trường Cao đẳng Sư phạm Hưng Yên tại phường An Tảo, thị xã Hưng Yên","Đã xóa trùng (Thành công) - Đã xóa thành công 2 bản trùng thừa, giữ lại bản chính #1","2026-09-19 20:54:20"
2485,"H31.05.02.H31.09.2008.542","3 bản (DELETED_SUCCESS)","Hồ sơ về việc tham gia ý kiến thẩm định nhiệm vụ thiết kế công trình trung tâm truyền thông giáo dục sức khỏe, tinh thần Hưng Yên tại phường Lam Sơn, thị xã Hưng Yên","Đã xóa trùng (Thành công) - Đã xóa thành công 2 bản trùng thừa, giữ lại bản chính #1","2026-09-19 20:54:34"
2486,"H31.05.02.H31.09.2007.541","3 bản (DELETED_SUCCESS)","Hồ sơ về việc thiết kế bản vẽ thi công trụ sở ban quản lý các khu công nghiệp tỉnh Hưng Yên tại thị xã Hưng Yên","Đã xóa trùng (Thành công) - Đã xóa thành công 2 bản trùng thừa, giữ lại bản chính #1","2026-09-19 20:54:48"
2487,"H31.05.02.H31.09.2006.536","3 bản (DELETED_SUCCESS)","Hồ sơ công trình nhà máy nước số II công suất 5000 m³/ngày đêm tại thị xã Hưng Yên","Đã xóa trùng (Thành công) - Đã xóa thành công 2 bản trùng thừa, giữ lại bản chính #1","2026-09-19 20:55:03"
2488,"H31.05.02.H31.09.2005.534","3 bản (DELETED_SUCCESS)","Về việc thiết kế kỹ thuật thi công công trình Khách sạn Hoàng Hiệp tại thị xã Hưng Yên","Đã xóa trùng (Thành công) - Đã xóa thành công 2 bản trùng thừa, giữ lại bản chính #1","2026-09-19 20:55:17"
2489,"H31.05.02.H31.09.2015.1025","3 bản (DELETED_SUCCESS)","Về việc tham gia ý kiến thiết kế cơ sở công trình: Trường tiểu học Trung học cơ sở cho học, THPT Đoàn Thị Điểm tại khu đô thị Ecopark, huyện Văn Giang (Tập 1)","Đã xóa trùng (Thành công) - Đã xóa thành công 2 bản trùng thừa, giữ lại bản chính #1","2026-09-19 20:55:32"
2490,"H31.05.02.H31.09.2006-2014.998","3 bản (DELETED_SUCCESS)","Về việc cấp giấy phép xây dựng dự án: Nhà máy sản xuất thuốc đông dược và thực phẩm chức năng của Công ty cổ phần An Vy tại xã Tân Tiến, huyện Văn Giang (tập 1)","Đã xóa trùng (Thành công) - Đã xóa thành công 2 bản trùng thừa, giữ lại bản chính #1","2026-09-19 20:55:46"
2491,"H31.05.02.H31.09.2010-2011.807","3 bản (DELETED_SUCCESS)","Về việc tham gia ý kiến thẩm định thiết kế cơ sở công trình chợ bao bì thuộc dự án xây dựng chợ bao bì và khu nhà ở thương mại Phố Nối tại huyện Mỹ Hào","Đã xóa trùng (Thành công) - Đã xóa thành công 2 bản trùng thừa, giữ lại bản chính #1","2026-09-19 20:56:01"
2492,"H31.05.02.H31.09.2009-2010.713","3 bản (DELETED_SUCCESS)","Hồ sơ thiết kế cơ sở dự án làng du lịch sinh thái Vũ Hưng tại xã Hiệp Cường và xã Ngọc Thanh, huyện Kim Động (Tập 1)","Đã xóa trùng (Thành công) - Đã xóa thành công 2 bản trùng thừa, giữ lại bản chính #1","2026-09-19 20:56:15"
2493,"H31.05.02.H31.09.2009.559","3 bản (DELETED_SUCCESS)","Về việc thiết kế bản vẽ thi công nhà ở sinh viên Hưng Yên. Hang mục: M2, M4, M5 tại phường Lam Sơn, thành phố Hưng Yên","Đã xóa trùng (Thành công) - Đã xóa thành công 2 bản trùng thừa, giữ lại bản chính #1","2026-09-19 20:56:30"
2494,"H31.05.02.H31.09.2014.1196","3 bản (DELETED_SUCCESS)","Về việc thiết kế hạng mục: Khối hội trường, kho, khu để xe, khối nhà học tập phương án cổng chính, cổng phụ thuộc dự án đầu tư xây dựng Trường Hải quan Việt Nam tại xã Hưng Phú và Hưng Long, huyện Yên Mỹ, tỉnh Hưng Yên","Đã xóa trùng (Thành công) - Đã xóa thành công 2 bản trùng thừa, giữ lại bản chính #1","2026-09-19 20:56:44"
2495,"H31.05.02.H31.09.2009.1176","3 bản (DELETED_SUCCESS)","Về việc thiết kế cơ sở công trình ký túc xá K2 + K3 trường Cao đẳng công nghiệp Hưng Yên tại xã Giai Phạm, huyện Yên Mỹ","Đã xóa trùng (Thành công) - Đã xóa thành công 2 bản trùng thừa, giữ lại bản chính #1","2026-09-19 20:56:58"
2496,"H31.05.02.H31.09.2006-2007.1105","3 bản (DELETED_SUCCESS)","Về việc thẩm định thiết kế kỹ thuật thi công - dự toán công trình Khu dân cư mới 10 Ha tại khu đất số 1,2 tại thị trấn Yên Mỹ - huyện Yên Mỹ","Đã xóa trùng (Thành công) - Đã xóa thành công 2 bản trùng thừa, giữ lại bản chính #1","2026-09-19 20:57:13"
2497,"H31.05.02.H31.09.2010.1014","3 bản (DELETED_SUCCESS)","Về thiết kế cơ sở công trình: Khu nhà ở thấp tầng thuộc dự án thành phần 1B-01-Phân kỳ 1 - Khu đô thị thương mại và du lịch Văn Giang (Ecopark)","Đã xóa trùng (Thành công) - Đã xóa thành công 2 bản trùng thừa, giữ lại bản chính #1","2026-09-19 20:57:27"
2498,"H31.05.02.H31.09.2009-2010.1013","3 bản (DELETED_SUCCESS)","Bản vẽ thiết kế cơ sở công trình Mẫu biệt thự Khu thương mại và du lịch Văn Giang","Đã xóa trùng (Thành công) - Đã xóa thành công 2 bản trùng thừa, giữ lại bản chính #1","2026-09-19 20:57:41"
2499,"H31.05.02.H31.09.2009.859","3 bản (DELETED_SUCCESS)","Về việc chấp thuận phương án móng nhà nội trú số 4, Trung tâm Y tế huyện Phù Cừ tại thị trấn Trần Cao, huyện Phù Cừ, tỉnh Hưng Yên","Đã xóa trùng (Thành công) - Đã xóa thành công 2 bản trùng thừa, giữ lại bản chính #1","2026-09-19 20:57:55"
2500,"H31.05.02.H31.09.2011.808","3 bản (DELETED_SUCCESS)","Về việc thiết kế cơ sở khu nhà ở công nhân, nhà ở thương mại Lạc Hồng - Phố Nối. Hạng mục: Phần hạ tầng kỹ thuật tại xã Nhân Hòa, huyện Mỹ Hào","Đã xóa trùng (Thành công) - Đã xóa thành công 2 bản trùng thừa, giữ lại bản chính #1","2026-09-19 20:58:09"
2501,"H31.05.02.H31.09.2006.764","3 bản (DELETED_SUCCESS)","Về việc dự án đầu tư xây dựng Khu dân cư mới 10 Ha tại thị trấn Bần Yên Nhân, huyện Mỹ Hào","Đã xóa trùng (Thành công) - Đã xóa thành công 2 bản trùng thừa, giữ lại bản chính #1","2026-09-19 20:58:23"
2502,"H31.05.02.H31.09.2009.714","3 bản (DELETED_SUCCESS)","Hồ sơ thiết kế cơ sở dự án làng du lịch sinh thái Vũ Hưng tại xã Hiệp Cường và xã Ngọc Thanh, huyện Kim Động (tập 2)","Đã xóa trùng (Thành công) - Đã xóa thành công 2 bản trùng thừa, giữ lại bản chính #1","2026-09-19 20:58:37"
2503,"H31.05.02.H31.09.2025.106","3 bản (DELETED_SUCCESS)","Tập lưu Hướng dẫn của Sở Xây dựng tỉnh Hưng Yên từ số 20, 76 năm 2025","Đã xóa trùng (Thành công) - Đã xóa thành công 2 bản trùng thừa, giữ lại bản chính #1","2026-09-19 20:58:51"
2504,"H31.05.02.H31.09.2025.105","3 bản (DELETED_SUCCESS)","Tập lưu Báo cáo của Sở Xây dựng tỉnh Hưng Yên từ số 01 đến số 97 (thiểu số: 10, 16, 20, 33, 34, 36, 48, 49, 53-55, 60, 65, 66, 73, 75, 76, 83, 86,90) tháng 01-02 năm 2025","Đã xóa trùng (Thành công) - Đã xóa thành công 2 bản trùng thừa, giữ lại bản chính #1","2026-09-19 20:59:05"
2505,"H31.05.02.H31.09.2025.104","3 bản (DELETED_SUCCESS)","Tập lưu Quyết định của Sở Xây dựng tỉnh Hưng Yên từ số 01 đến số 22 (thiếu số 06, 12, 19; trùng số: 02, 03, 08, 09, 20, 22) tháng 01 - 02 năm 2025","Đã xóa trùng (Thành công) - Đã xóa thành công 2 bản trùng thừa, giữ lại bản chính #1","2026-09-19 20:59:20"
2506,"H31.05.02.H31.09.2024.103","3 bản (DELETED_SUCCESS)","Tập lưu Báo cáo của Sở Xây dựng tỉnh Hưng Yên từ số 500 đến số 572 (thiêu số: 546, 553, 559, 562, 571; trùng ""số: 511, 513, 534, 565) tháng 12 năm 2024","Đã xóa trùng (Thành công) - Đã xóa thành công 2 bản trùng thừa, giữ lại bản chính #1","2026-09-19 20:59:34"
2507,"H31.05.02.H31.09.2024.102","3 bản (DELETED_SUCCESS)","Tập lưu Báo cáo của Sở Xây dựng tỉnh Hưng Yên từ số 441 đến số 499 (thiêu số: 482, 483, 486) tháng 11 năm 2024","Đã xóa trùng (Thành công) - Đã xóa thành công 2 bản trùng thừa, giữ lại bản chính #1","2026-09-19 20:59:49"
2508,"H31.05.02.H31.09.2024.99","3 bản (DELETED_SUCCESS)","Tập Lưu Báo cáo của Sở xây dựng tỉnh Hưng Yên từ số  đến số 244 (thiếu số 153, 154, 157, 163, 164, 218) tháng 5-6 năm 2024","Đã xóa trùng (Thành công) - Đã xóa thành công 2 bản trùng thừa, giữ lại bản chính #1","2026-09-19 21:00:03"
2509,"H31.05.02.H31.09.2024.101","3 bản (DELETED_SUCCESS)","Tập lưu Báo cáo của Sở Xây dựng tỉnh Hưng Yên từ số 333 đến số 340 (thiêu số: 344, 352, 356, 357, 420, 421; trùng số: 336, 359) tháng 9-10 năm 2024","Đã xóa trùng (Thành công) - Đã xóa thành công 2 bản trùng thừa, giữ lại bản chính #1","2026-09-19 21:00:18"
2510,"H31.05.02.H31.09.2024.100","3 bản (DELETED_SUCCESS)","Tập lưu Báo cáo của Sở Xây dựng tỉnh Hưng Yên từ số 244 đến số 332 (thiểu số: 267, 312, 323, 328, 331) tháng 7-8-năm-2024","Đã xóa trùng (Thành công) - Đã xóa thành công 2 bản trùng thừa, giữ lại bản chính #1","2026-09-19 21:00:32"
2511,"H31.05.02.H31.09.2024.98","3 bản (DELETED_SUCCESS)","Hồ sơ Tập lưu Báo cáo của Sở Xây dựng tỉnh Hưng Yên từ số 83 đến số 151 (thiếu số: 86, 89, 90, 93, 105, 109, 129, 132, 135, 146) tháng 3-4 năm 2024","Đã xóa trùng (Thành công) - Đã xóa thành công 2 bản trùng thừa, giữ lại bản chính #1","2026-09-19 21:00:46"
2512,"H31.05.02.H31.09.2024.97","3 bản (DELETED_SUCCESS)","Tập lưu Báo cáo của Sở Xây dựng tỉnh Hưng Yên từ số 04 đên số 82 (thiếu số: 05, 08, 14, 15, 26-28, 41, 44, 45, 47, 52, 53, 58-61) tháng 01-02 năm 2024","Đã xóa trùng (Thành công) - Đã xóa thành công 2 bản trùng thừa, giữ lại bản chính #1","2026-09-19 21:01:00"
2513,"H31.05.02.H31.09.2024.96","3 bản (DELETED_SUCCESS)","Tập lưu Quyết định của Sở Xây dựng tỉnh Hưng Yên từ số 127 đến số 193 (trùng số: 127, 171, 189) tháng 11-12 năm 2024","Đã xóa trùng (Thành công) - Đã xóa thành công 2 bản trùng thừa, giữ lại bản chính #1","2026-09-19 21:01:14"
2514,"H31.05.02.H31.09.2024.95","3 bản (DELETED_SUCCESS)","Tập lưu Quyết định của Sở Xây dựng tỉnh Hưng Yên từ số 46 đến số 126 (thiếu số: 107, 108; trùng số: 118, 123), tháng 6-10 năm 2024","Đã xóa trùng (Thành công) - Đã xóa thành công 2 bản trùng thừa, giữ lại bản chính #1","2026-09-19 21:01:29"
2515,"H31.05.02.H31.09.2024.94","3 bản (DELETED_SUCCESS)","Tập lưu Quyết định của Sở Xây dựng tỉnh Hưng Yên từ số 01 đến số 45 (thiếu số: 09; trùng số: 01, 06, 08, 14, 23) tháng 01-05 năm 2024","Đã xóa trùng (Thành công) - Đã xóa thành công 2 bản trùng thừa, giữ lại bản chính #1","2026-09-19 21:01:43"
2516,"H31.05.02.H31.09.2023.93","3 bản (DELETED_SUCCESS)","Quy chế Sở Xây dựng tỉnh Hưng Yên năm 2023","Đã xóa trùng (Thành công) - Đã xóa thành công 2 bản trùng thừa, giữ lại bản chính #1","2026-09-19 21:01:57"
2517,"H31.05.02.H31.09.2023.92","3 bản (DELETED_SUCCESS)","Tập lưu Hướng dẫn của Sở Xây dựng tỉnh Hưng Yên từ 166, 198, 229 năm 2023","Đã xóa trùng (Thành công) - Đã xóa thành công 2 bản trùng thừa, giữ lại bản chính #1","2026-09-19 21:02:12"
2518,"H31.05.02.H31.09.2023.91","3 bản (DELETED_SUCCESS)","Tập lưu Báo cáo của Sở Xây dựng tỉnh Hưng Yên từ số 337 đến số 424 (thiếu số: 346, 347, 384, 393, 405, 415, 416) tháng 11-12 năm 2013","Đã xóa trùng (Thành công) - Đã xóa thành công 2 bản trùng thừa, giữ lại bản chính #1","2026-09-19 21:02:28"
2519,"H31.05.02.H31.09.2023.90","3 bản (DELETED_SUCCESS)","Tập lưu Báo cáo của Sở Xây dựng tỉnh Hưng Yên từ số 288 đên số 336 (thiêu số: 290, 324, trùng số 334) tháng 10 năm 2023.","Đã xóa trùng (Thành công) - Đã xóa thành công 2 bản trùng thừa, giữ lại bản chính #1","2026-09-19 21:02:42"
2520,"H31.05.02.H31.09.2023.89","3 bản (DELETED_SUCCESS)","Tập lưu Báo cáo của Sở Xây dựng tỉnh Hưng Yên từ số 256 đến đến số 287 (thiểu số: 257, 260) tháng 9 năm 2023","Đã xóa trùng (Thành công) - Đã xóa thành công 2 bản trùng thừa, giữ lại bản chính #1","2026-09-19 21:02:56"
2521,"H31.05.02.H31.09.2023.88","3 bản (DELETED_SUCCESS)","Tập lưu Báo cáo của Sở Xây dựng tỉnh Hưng Yên từ số 190 đến số 255 (thiếu số: 192, 198, 201, 203, 205, 207, 208, 226, 229, 232, 233, 241, 253, trùng số: 228) tháng 7-8 năm 2023","Đã xóa trùng (Thành công) - Đã xóa thành công 2 bản trùng thừa, giữ lại bản chính #1","2026-09-19 21:03:11"
2522,"H31.05.02.H31.09.2023.87","3 bản (DELETED_SUCCESS)","Tập lưu Báo cáo của Sở Xây dựng tỉnh Hưng Yên từ số 107 đến số 188 (thiếu số: 122, 124, 127, 131, 147, 148, 167; trùng số: 138, 164, 166) tháng 5-6 năm 2023","Đã xóa trùng (Thành công) - Đã xóa thành công 2 bản trùng thừa, giữ lại bản chính #1","2026-09-19 21:03:25"
2523,"H31.05.02.H31.09.2023.86","3 bản (DELETED_SUCCESS)","Tập lưu Báo cáo của Sở Xây dựng tỉnh Hưng Yên từ số 79 đến số 106 (trùng số: 81, 84, 88, 90, 92, 94, 96) tháng 4 năm 2023","Đã xóa trùng (Thành công) - Đã xóa thành công 2 bản trùng thừa, giữ lại bản chính #1","2026-09-19 21:03:39"
2524,"H31.05.02.H31.09.2023.85","3 bản (DELETED_SUCCESS)","Tập lưu Báo cáo của Sở Xây dựng tỉnh Hưng Yên từ số 46 đến số 78 (thiếu số 47, trùng số 49, 57, 62, 67, 68, 73) tháng 3 năm 2023","Đã xóa trùng (Thành công) - Đã xóa thành công 2 bản trùng thừa, giữ lại bản chính #1","2026-09-19 21:03:53"
2525,"H31.05.02.H31.09.2023.84","3 bản (DELETED_SUCCESS)","Tập lưu Báo cáo của Sở Xây dựng tỉnh Hưng Yên từ số 21 đến số 45 (thiếu số: 27, 28, 31, 33-37, 39, 42) tháng 02 năm 2023","Đã xóa trùng (Thành công) - Đã xóa thành công 2 bản trùng thừa, giữ lại bản chính #1","2026-09-19 21:04:07"
2526,"H31.05.02.H31.09.2023.83","3 bản (DELETED_SUCCESS)","Tập lưu Báo cáo của Sở Xây dựng tỉnh Hưng Yên từ số 01 đến số 18 (thiểu số: 06, 14) tháng 01 năm 2023","Đã xóa trùng (Thành công) - Đã xóa thành công 2 bản trùng thừa, giữ lại bản chính #1","2026-09-19 21:04:22"
2527,"H31.05.02.H31.09.2023.82","3 bản (DELETED_SUCCESS)","Quyết định của Sở Xây dựng về việc cấp giấy phép hoạt động xây dựng cho nhà thầu nước ngoài năm 2023","Đã xóa trùng (Thành công) - Đã xóa thành công 2 bản trùng thừa, giữ lại bản chính #1","2026-09-19 21:04:36"
2528,"H31.05.02.H31.09.2023.81","3 bản (DELETED_SUCCESS)","Tập lưu Quyết định của Sở Xây dựng tỉnh Hưng Yên từ số 70 đến số 135 (thiếu số: 81, 111, 133, 134; trùng số: 70, 72, 75, 99) tháng 7-12 năm 2023","Đã xóa trùng (Thành công) - Đã xóa thành công 2 bản trùng thừa, giữ lại bản chính #1","2026-09-19 21:04:50"
2529,"H31.05.02.H31.09.2023.80","3 bản (DELETED_SUCCESS)","Tập lưu Quyết định của Sở Xây dựng tỉnh Hưng Yên từ số 01 đến số 69 (thiếu số: 45, 47, 49; trùng số: 23, 40, 62, 66; số a: 30a) tháng 01-06 năm 2023","Đã xóa trùng (Thành công) - Đã xóa thành công 2 bản trùng thừa, giữ lại bản chính #1","2026-09-19 21:05:04"
2530,"H31.05.02.H31.09.2022.79","3 bản (DELETED_SUCCESS)","Tập lưu Báo cáo của Sở Xây dựng tỉnh Hưng Yên từ số 209 đên số 234 (thiêu số: 233; trùng số: 210, 216) tháng 12 năm 2022.","Đã xóa trùng (Thành công) - Đã xóa thành công 2 bản trùng thừa, giữ lại bản chính #1","2026-09-19 21:05:18"
2531,"H31.05.02.H31.09.2022.78","3 bản (DELETED_SUCCESS)","Tập lưu Báo cáo của Sở Xây dựng tỉnh Hưng Yên từ số 184 đến số 209 (thiểu số: 189) tháng 11 năm 2022","Đã xóa trùng (Thành công) - Đã xóa thành công 2 bản trùng thừa, giữ lại bản chính #1","2026-09-19 21:05:33"
2532,"H31.05.02.H31.09.2022.77","3 bản (DELETED_SUCCESS)","Tập lưu Báo cáo của Sở Xây dụng tỉnh Hưng Yên từ số 75 đến số 96 (trùng số: 92) tháng 6 năm 2021","Đã xóa trùng (Thành công) - Đã xóa thành công 2 bản trùng thừa, giữ lại bản chính #1","2026-09-19 21:05:47"
2533,"H31.05.02.H31.09.2022.76","3 bản (DELETED_SUCCESS)","Hồ sơ tập lưu Báo cáo của Sở Xây dựng tỉnh Hưng Yên từ số 122 đến số 153 (thiếu số: 145, 148; trùng số: 122, 125, 130) tháng 7-8 năm 2022","Đã xóa trùng (Thành công) - Đã xóa thành công 2 bản trùng thừa, giữ lại bản chính #1","2026-09-19 21:06:01"
2534,"H31.05.02.H31.09.2022.75","3 bản (DELETED_SUCCESS)","Tập lưu Báo cáo của Sở Xây dựng tỉnh Hưng Yên từ số 77 đến số 121, 376 (thiếu số: 86, 107, 117; trùng số: 82, 102) tháng 5-6 năm 2022","Đã xóa trùng (Thành công) - Đã xóa thành công 2 bản trùng thừa, giữ lại bản chính #1","2026-09-19 21:06:16"
2535,"H31.05.02.H31.09.2022.74","3 bản (DELETED_SUCCESS)","Tập lưu Báo cáo của Sở Xây dựng tỉnh Hưng Yên từ số 37 đến số 76 (thiếu số 38, 45, 46, 51, 62, 63, 64, 66, 71, 72, 74) tháng 3-4 năm 2022","Đã xóa trùng (Thành công) - Đã xóa thành công 2 bản trùng thừa, giữ lại bản chính #1","2026-09-19 21:06:30"
2536,"H31.05.02.H31.09.2022.73","3 bản (DELETED_SUCCESS)","Tập lưu Báo cáo của Sở Xây dựng tỉnh Hưng Yên từ số 01 đến số 35 (thiểu số: 05, 06, 12, 17-20, 23-26, 30, 34) ""tháng 01-02 năm 2022","Đã xóa trùng (Thành công) - Đã xóa thành công 2 bản trùng thừa, giữ lại bản chính #1","2026-09-19 21:06:44"
2537,"H31.05.02.H31.09.2022.72","3 bản (DELETED_SUCCESS)","Quyết định của Sở Xây dựng về việc cấp giấy phép hoạt động xây dựng cho nhà thầu nước ngoài năm 2022","Đã xóa trùng (Thành công) - Đã xóa thành công 2 bản trùng thừa, giữ lại bản chính #1","2026-09-19 21:06:59"
2538,"H31.05.02.H31.09.2022.71","3 bản (DELETED_SUCCESS)","Quyết định của Sở Xây dựng tỉnh Hưng Yên về việc công bố chỉ số giá tháng 4-6, quý II năm 2022","Đã xóa trùng (Thành công) - Đã xóa thành công 2 bản trùng thừa, giữ lại bản chính #1","2026-09-19 21:07:13"
2539,"H31.05.02.H31.09.2022.70","3 bản (DELETED_SUCCESS)","Tập lưu quyết định của Sở Xây dựng tỉnh Hưng Yên từ số 01 đến số 96 (thiếu số 31, 50, 84; trùng số 04, 07, 23, 29, 46, 59, 80, 85, 86) tháng 01-12 năm 2022","Đã xóa trùng (Thành công) - Đã xóa thành công 2 bản trùng thừa, giữ lại bản chính #1","2026-09-19 21:07:28"
2540,"H31.05.02.H31.09.2021.69","3 bản (DELETED_SUCCESS)","Tập lưu Báo cáo của Sở Xây dựng tỉnh Hưng Yên từ số 213 đến số 247 (thiếu số 214; trùng số 225) tháng 12 năm 2021","Đã xóa trùng (Thành công) - Đã xóa thành công 2 bản trùng thừa, giữ lại bản chính #1","2026-09-19 21:07:42"
2541,"H31.05.02.H31.09.2021.68","3 bản (DELETED_SUCCESS)","Tập lưu Báo cáo của Sở Xây dựng tỉnh Hưng Yên từ số 181 đến số 212 (thiếu số 192; trùng số 182, 190, 212) tháng 11 năm 2021","Đã xóa trùng (Thành công) - Đã xóa thành công 2 bản trùng thừa, giữ lại bản chính #1","2026-09-19 21:07:56"
2542,"H31.05.02.H31.09.2021.67","3 bản (DELETED_SUCCESS)","Tập lưu Báo cáo của Sở Xây dựng tỉnh Hưng Yên từ số 164 đến số 180 (thiếu số: 176, 179; trùng số: 174) tháng 10 năm 2021","Đã xóa trùng (Thành công) - Đã xóa thành công 2 bản trùng thừa, giữ lại bản chính #1","2026-09-19 21:08:10"
2543,"H31.05.02.H31.09.2021.66","3 bản (DELETED_SUCCESS)","Tập lưu Báo cáo của Sở Xây dựng tỉnh Hưng Yên từ số 143 đến số 162 (thiếu số 149, 150, 155-157, 159; trùng số 152, 161) tháng 9 năm 2021","Đã xóa trùng (Thành công) - Đã xóa thành công 2 bản trùng thừa, giữ lại bản chính #1","2026-09-19 21:08:24"
2544,"H31.05.02.H31.09.2021.65","3 bản (DELETED_SUCCESS)","Tập lưu Báo cáo Sở Xây dựng tỉnh Hưng Yên từ số 122 đến số 142 (thiếu số 124, 140) tháng 8 năm 2021","Đã xóa trùng (Thành công) - Đã xóa thành công 2 bản trùng thừa, giữ lại bản chính #1","2026-09-19 21:08:39"
2545,"H31.05.02.H31.09.2021.64","3 bản (DELETED_SUCCESS)","Tập lưu Báo cáo Sở Xây dựng tỉnh Hưng Yên từ số 97 đến số 121 (trùng số 110) tháng 7 năm 2021","Đã xóa trùng (Thành công) - Đã xóa thành công 2 bản trùng thừa, giữ lại bản chính #1","2026-09-19 21:08:53"
2546,"H31.05.02.H31.09.2021.63","3 bản (DELETED_SUCCESS)","Tập lưu Báo cáo của Sở Xây dựng tỉnh Hưng Yên từ số 75 đến số 96 (trùng số: 92) tháng 6 năm 2021","Đã xóa trùng (Thành công) - Đã xóa thành công 2 bản trùng thừa, giữ lại bản chính #1","2026-09-19 21:09:07"
2547,"H31.05.02.H31.09.2021.62","3 bản (DELETED_SUCCESS)","Tập lưu Báo cáo của Sở Xây dựng tỉnh Hưng Yên từ số 29 đến số 74 (thiếu số: 31-33, 39, 40, 43-44, 56, 62, 63; trùng số: 58, 69) tháng 3-5 năm 2021","Đã xóa trùng (Thành công) - Đã xóa thành công 2 bản trùng thừa, giữ lại bản chính #1","2026-09-19 21:09:21"
2548,"H31.05.02.H31.09.2021.61","3 bản (DELETED_SUCCESS)","Tập lưu Báo cáo của Sở Xây dựng tỉnh Hưng Yên từ số 01 đến số 27 (thiểu số: 02, 06, 12, 16, 18, 19, 22, 23) tháng 01-02 năm 2021","Đã xóa trùng (Thành công) - Đã xóa thành công 2 bản trùng thừa, giữ lại bản chính #1","2026-09-19 21:09:35"
2549,"H31.05.02.H31.09.2021.60","3 bản (DELETED_SUCCESS)","Quyết định của Sở Xây dựng tỉnh Hưng Yên về việc công bố chỉ số giá tháng 4-12, quý II-IV năm 2021","Đã xóa trùng (Thành công) - Đã xóa thành công 2 bản trùng thừa, giữ lại bản chính #1","2026-09-19 21:09:49"
2550,"H31.05.02.H31.09.2021.59","3 bản (DELETED_SUCCESS)","Quyết định của Sở Xây dựng tỉnh Hưng Yên về việc công bố đơn giá nhân công xây dựng năm 2021 trên địa bàn tỉnh Hưng Yên năm 2021","Đã xóa trùng (Thành công) - Đã xóa thành công 2 bản trùng thừa, giữ lại bản chính #1","2026-09-19 21:10:03"
2551,"H31.05.02.H31.09.2021.58","3 bản (DELETED_SUCCESS)","Tập lưu Quyết định của Sở Xây dựng tỉnh Hưng Yên từ số 46 đên số 110 (thiếu số: 105, trùng số: 55, 79, 80, 82, 83, 88, 93, 96) tháng 7-12 năm 2021","Đã xóa trùng (Thành công) - Đã xóa thành công 2 bản trùng thừa, giữ lại bản chính #1","2026-09-19 21:10:17"
2552,"H31.05.02.H31.09.2021.57","3 bản (DELETED_SUCCESS)","Tập lưu Quyết định của Sở Xây dựng tỉnh Hưng Yên từ số 01 đến số 45 (trùng số: 11, 15, 17-20, 21, 23-25, 41) tháng 01-6 năm 2021","Đã xóa trùng (Thành công) - Đã xóa thành công 2 bản trùng thừa, giữ lại bản chính #1","2026-09-19 21:10:31"
2553,"H31.05.02.H31.09.2020.56","3 bản (DELETED_SUCCESS)","Sổ đăng ký Quyết định, Báo cáo của Văn phòng Sở Xây dựng tỉnh Hưng Yên năm 2020","Đã xóa trùng (Thành công) - Đã xóa thành công 2 bản trùng thừa, giữ lại bản chính #1","2026-09-19 21:10:46"
2554,"H31.05.02.H31.09.2020.55","3 bản (DELETED_SUCCESS)","Hồ sơ hướng dẫn của Sở Xây dựng tỉnh Hưng Yên về việc tổ chức lập đề án công nhận, nâng loại đô thị trên địa bàn tỉnh Hưng Yên năm 2020","Đã xóa trùng (Thành công) - Đã xóa thành công 2 bản trùng thừa, giữ lại bản chính #1","2026-09-19 21:11:00"
2555,"H31.05.02.H31.09.2020.54","3 bản (DELETED_SUCCESS)","Tập lưu Báo cáo của Sở Xây dựng tỉnh Hưng Yên từ số 282 đến số 316 (thiếu số 283, 292, 294, 308; trùng số 316) tháng 12 năm 2020","Đã xóa trùng (Thành công) - Đã xóa thành công 2 bản trùng thừa, giữ lại bản chính #1","2026-09-19 21:11:15"
2556,"H31.05.02.H31.09.2020.53","3 bản (DELETED_SUCCESS)","Tập lưu Báo cáo của Sở Xây dựng tỉnh Hưng Yên từ số 233 đến số 281 (thiếu số 236, 247, 251, 260, 272-274, 277; trùng số 265) tháng 10-11 năm 2020","Đã xóa trùng (Thành công) - Đã xóa thành công 2 bản trùng thừa, giữ lại bản chính #1","2026-09-19 21:11:29"
2557,"H31.05.02.H31.09.2020.52","3 bản (DELETED_SUCCESS)","Tập lưu Báo cáo của Sở Xây dựng tỉnh Hưng Yên từ số 203 đến số 232 (thiếu số 209; trùng số 225, 228) tháng 9 năm 2020","Đã xóa trùng (Thành công) - Đã xóa thành công 2 bản trùng thừa, giữ lại bản chính #1","2026-09-19 21:11:43"
2558,"H31.05.02.H31.09.2020.51","3 bản (DELETED_SUCCESS)","Tập lưu Báo cáo của Sở Xây dựng tỉnh Hưng Yên từ số 181 đến số 202 (thiếu số 201) tháng 8 năm 2020","Đã xóa trùng (Thành công) - Đã xóa thành công 2 bản trùng thừa, giữ lại bản chính #1","2026-09-19 21:11:58"
2559,"H31.05.02.H31.09.2020.50","3 bản (DELETED_SUCCESS)","Tập lưu Báo cáo của Sở Xây dựng tỉnh Hưng Yên từ số 142 đến số 180 (thiểu số: 143) tháng 7 năm 2020.","Đã xóa trùng (Thành công) - Đã xóa thành công 2 bản trùng thừa, giữ lại bản chính #1","2026-09-19 21:12:12"
2560,"H31.05.02.H31.09.2020.49","3 bản (DELETED_SUCCESS)","Tập lưu Báo cáo của Sở Xây dựng tỉnh Hưng Yên từ số 116 đến số 141 (thiểu số: 137) tháng 6 năm 2020","Đã xóa trùng (Thành công) - Đã xóa thành công 2 bản trùng thừa, giữ lại bản chính #1","2026-09-19 21:12:26"
2561,"H31.05.02.H31.09.2020.48","3 bản (DELETED_SUCCESS)","Tập lưu Báo cáo của Sở Xây dựng tỉnh Hưng Yên từ số 102 đên số 115 (thiêu sô: 109; trùng số: 107, 108) tháng 5 пăm 2020.","Đã xóa trùng (Thành công) - Đã xóa thành công 2 bản trùng thừa, giữ lại bản chính #1","2026-09-19 21:12:41"
2562,"H31.05.02.H31.09.2020.47","3 bản (DELETED_SUCCESS)","Tập lưu Báo cáo của Sở Xây dựng tỉnh Hưng Yên từ số 47 đến số 101 (thiếu số: 54, 64, 67, 71, 72, 90, 94, 99; trùng số: 62, 78) tháng 3-4 năm 2020","Đã xóa trùng (Thành công) - Đã xóa thành công 2 bản trùng thừa, giữ lại bản chính #1","2026-09-19 21:12:55"
2563,"H31.05.02.H31.09.2020.46","3 bản (DELETED_SUCCESS)","Tập lưu Báo cáo của Sở Xây dựng tỉnh Hưng Yên từ số 02 đến số 47 (thiếu số: 04, 23; trùng số: 13, 14, 30, 31, 32, 34-37,39, 40) tháng 01-02 năm 2020","Đã xóa trùng (Thành công) - Đã xóa thành công 2 bản trùng thừa, giữ lại bản chính #1","2026-09-19 21:13:10"
2564,"H31.05.02.H31.09.2020.45","3 bản (DELETED_SUCCESS)","Hồ sơ Tập lưu Quyết định của Sở Xây dựng tỉnh Hưng Yên về việc công bố chỉ số giá năm 2020","Đã xóa trùng (Thành công) - Đã xóa thành công 2 bản trùng thừa, giữ lại bản chính #1","2026-09-19 21:13:24"
2565,"H31.05.02.H31.09.2020.44","3 bản (DELETED_SUCCESS)","Hồ sơ Tập lưu Quyết định của Sở Xây dựng tỉnh Hưng Yên về việc cấp giấy phép hoạt động xây dựng cho nhà thầu nước ngoài từ số 01 đến số 05 năm 2020","Đã xóa trùng (Thành công) - Đã xóa thành công 2 bản trùng thừa, giữ lại bản chính #1","2026-09-19 21:13:38"
2566,"H31.05.02.H31.09.2020.43","3 bản (DELETED_SUCCESS)","Tập lưu quyết định của Sở Xây dựng tỉnh Hưng Yên từ số 01 đến số 92 (thiếu số: 08, 59, 68; trùng số: 01, 20, 27b, 36, 46, 52, 56, 58, 62, 63, 67, 75, 77, 79, 89, 92) từ tháng 01 đến tháng 12 năm 2020","Đã xóa trùng (Thành công) - Đã xóa thành công 2 bản trùng thừa, giữ lại bản chính #1","2026-09-19 21:13:52"
2567,"H31.05.02.H31.09.2019.42","3 bản (DELETED_SUCCESS)","Tập lưu Báo cáo Sở Xây dựng tỉnh Hưng Yên từ số 222 đến số 243 (thiếu số 226,  229, 242) tháng 12 năm 2019","Đã xóa trùng (Thành công) - Đã xóa thành công 2 bản trùng thừa, giữ lại bản chính #1","2026-09-19 21:14:06"
2568,"H31.05.02.H31.09.2019.41","3 bản (DELETED_SUCCESS)","Tập lưu Báo cáo Sở Xây dựng tỉnh Hưng Yên từ số 194 đến số 121 (thiếu số 195, 200, 206-208; trùng số 201) tháng 11 năm 2019","Đã xóa trùng (Thành công) - Đã xóa thành công 2 bản trùng thừa, giữ lại bản chính #1","2026-09-19 21:14:20"
2569,"H31.05.02.H31.09.2019.40","3 bản (DELETED_SUCCESS)","Tập Lưu Báo cáo của Sở Xây dựng tỉnh Hưng Yên từ số 97, 169 đến số 193 (thiếu số 172, 184) tháng 10 năm 2019","Đã xóa trùng (Thành công) - Đã xóa thành công 2 bản trùng thừa, giữ lại bản chính #1","2026-09-19 21:14:34"
2570,"H31.05.02.H31.09.2019.39","3 bản (DELETED_SUCCESS)","Tập lưu Báo cáo của Sở Xây dựng tỉnh Hưng Yên từ số 133 đến số 168 (thiếu số 144, 155, 159, 161, 162; trùng số 165) tháng 8-9 năm 2019","Đã xóa trùng (Thành công) - Đã xóa thành công 2 bản trùng thừa, giữ lại bản chính #1","2026-09-19 21:14:49"
2571,"H31.05.02.H31.09.2019.38","3 bản (DELETED_SUCCESS)","Tập lưu Báo cáo Sở Xây dựng tỉnh Hưng Yên từ số 108 đến số 132 (thiếu số 109) tháng 7 năm 2019","Đã xóa trùng (Thành công) - Đã xóa thành công 2 bản trùng thừa, giữ lại bản chính #1","2026-09-19 21:15:03"
2572,"H31.05.02.H31.09.2019.37","3 bản (DELETED_SUCCESS)","Tập lưu Báo cáo của Sở Xây dựng tỉnh Hưng Yên từ số 86 đến số 107 (thiểu số: 103, trùng 101) tháng 6 năm 2019.","Đã xóa trùng (Thành công) - Đã xóa thành công 2 bản trùng thừa, giữ lại bản chính #1","2026-09-19 21:15:17"
2573,"H31.05.02.H31.09.2019.36","3 bản (DELETED_SUCCESS)","Tập lưu Báo cáo của Sở Xây dựng tỉnh Hưng Yên từ số 51 đến số 85 (thiếu số: 84) tháng 4-5 năm 2019.","Đã xóa trùng (Thành công) - Đã xóa thành công 2 bản trùng thừa, giữ lại bản chính #1","2026-09-19 21:15:31"
2574,"H31.05.02.H31.09.2019.35","3 bản (DELETED_SUCCESS)","Tập lưu Báo cáo của Sở Xây dựng tỉnh Hưng Yên từ số 01 đến số 51 (trùng số: 40) tháng 01-3 năm 2019","Đã xóa trùng (Thành công) - Đã xóa thành công 2 bản trùng thừa, giữ lại bản chính #1","2026-09-19 21:15:45"
2575,"H31.05.02.H31.09.2019.34","3 bản (DELETED_SUCCESS)","Tập Quyết định của Sở Xây dựng tỉnh Hưng Yên về việc cấp giây phép hoạt động xây dựng cho nhà thầu nước ngoài từ số 01 đến số 05 năm 2019","Đã xóa trùng (Thành công) - Đã xóa thành công 2 bản trùng thừa, giữ lại bản chính #1","2026-09-19 21:15:59"
2576,"H31.05.02.H31.09.2019.33","3 bản (DELETED_SUCCESS)","Tập lưu Quyết định của Sở Xây dựng tỉnh Hưng Yên từ số 01 đến số 92 (thiếu số: 16, trùng số: 03, 35, 36, 40, 41, 42, 43, 44, 47, 49, 66, 67, 75, 81, 90) tháng 01-12 năm 2019","Đã xóa trùng (Thành công) - Đã xóa thành công 2 bản trùng thừa, giữ lại bản chính #1","2026-09-19 21:16:13"
2577,"H31.05.02.H31.09.2018.32","3 bản (DELETED_SUCCESS)","Tập Sổ đăng ký Quyết định của Văn phòng Sở Xây dựng tỉnh Hưng Yên năm 2018","Đã xóa trùng (Thành công) - Đã xóa thành công 2 bản trùng thừa, giữ lại bản chính #1","2026-09-19 21:16:27"
2578,"H31.05.02.H31.09.2018.31","3 bản (DELETED_SUCCESS)","Hướng dẫn của Sở Xây dựng tỉnh Hưng Yên năm 2018","Đã xóa trùng (Thành công) - Đã xóa thành công 2 bản trùng thừa, giữ lại bản chính #1","2026-09-19 21:16:41"
2579,"H31.05.02.H31.09.2018.30","3 bản (DELETED_SUCCESS)","Tập lưu Báo cáo của Sở Xây dụng tỉnh Hưng Yên từ số 197 đến số 244 (thiêu số: 210, 217, trùng số: 238) tháng 11-12 năm 2018.","Đã xóa trùng (Thành công) - Đã xóa thành công 2 bản trùng thừa, giữ lại bản chính #1","2026-09-19 21:16:56"
2580,"H31.05.02.H31.09.2018.29","3 bản (DELETED_SUCCESS)","Tập lưu Báo cáo của Sở Xây dựng tỉnh Hưng Yên từ số 149 đến số 196 (thiếu số 164, 167) tháng 9-10 năm 2018","Đã xóa trùng (Thành công) - Đã xóa thành công 2 bản trùng thừa, giữ lại bản chính #1","2026-09-19 21:17:10"
2581,"H31.05.02.H31.09.2018.28","3 bản (DELETED_SUCCESS)","Tập Lưu Báo cáo Sở Xây dựng tỉnh Hưng Yên từ số 115, 117 đến số 148 (thiếu số 121, 131, 142-144) tháng 7-8 năm 2018","Đã xóa trùng (Thành công) - Đã xóa thành công 2 bản trùng thừa, giữ lại bản chính #1","2026-09-19 21:17:24"
2582,"H31.05.02.H31.09.2018.27","3 bản (DELETED_SUCCESS)","Tập lưu Báo cáo của Sở Xây dựng tỉnh Hưng Yên từ số 71 đến số 114 (thiếu số: 72, 75, 77, 80, 90, 93, trùng số: 73, 80) tháng 5-6 năm 2018","Đã xóa trùng (Thành công) - Đã xóa thành công 2 bản trùng thừa, giữ lại bản chính #1","2026-09-19 21:17:38"
2583,"H31.05.02.H31.09.2018.26","3 bản (DELETED_SUCCESS)","Tập lưu báo cáo của Sở Xây dựng tỉnh Hưng Yên từ số 33 đến số 70 (thiếu số: 36, 37, 38, 42, trùng số: 42) tháng 3-4 năm 2018","Đã xóa trùng (Thành công) - Đã xóa thành công 2 bản trùng thừa, giữ lại bản chính #1","2026-09-19 21:17:52"
2584,"H31.05.02.H31.09.2018.25","3 bản (DELETED_SUCCESS)","Tập lưu Báo cáo của Sở Xây dựng tỉnh Hưng Yên từ số 01 đến số 27, 32 (thiêu số: 06, 11, 14, 16, 17, 21, 23-26, trùng số: 04, 10, 13, 23) tháng 01-02 năm 2018","Đã xóa trùng (Thành công) - Đã xóa thành công 2 bản trùng thừa, giữ lại bản chính #1","2026-09-19 21:18:06"
2585,"H31.05.02.H31.09.2018.24","50 bản (ERROR_SKIPPED)","Về việc cho ý kiến thẩm định dự án của các doanh nghiệp trên địa bàn xã Yên Phú và xã Yên Hòa, huyện Yên Mỹ năm 2018","Bỏ qua (Lỗi máy chủ) - Đã thử gửi lệnh xóa nhưng máy chủ Vinasynet không cập nhật (bản ghi bị khóa)","2026-09-19 21:18:21"
2586,"H31.05.02.H31.09.2018.23","50 bản (ERROR_SKIPPED)","Về việc chấp thuận mặt bằng quy hoạch tổng thể cộng phương án kiến trúc công trình: Trường mầm non tập trung thị trấn Trần Cao, huyện Phù Cừ năm 2018","Bỏ qua (Lỗi máy chủ) - Đã thử gửi lệnh xóa nhưng máy chủ Vinasynet không cập nhật (bản ghi bị khóa)","2026-09-19 21:18:35"
2587,"H31.05.02.H31.09.2018.22","50 bản (ERROR_SKIPPED)","Phê duyệt nhiệm vụ quy hoạch chi tiết tỷ lệ 1/500 dự án tổ hợp thương mại, dịch vụ nhà ở cao cấp LAVIDA CTREEN tại xã Nghĩa Hiệp, huyện Yên Mỹ","Bỏ qua (Lỗi máy chủ) - Đã thử gửi lệnh xóa nhưng máy chủ Vinasynet không cập nhật (bản ghi bị khóa)","2026-09-19 21:18:50"
2588,"H31.05.02.H31.09.2017.21","50 bản (ERROR_SKIPPED)","Phương án thiết kế kiến trúc điều chỉnh, bổ sung các mẫu nhà của dự án khu biệt thự Thủy Nguyên, thuộc phân khu 9-12 khu đô thị thương mại và du lịch Văn Giang (Ecopark).","Bỏ qua (Lỗi máy chủ) - Đã thử gửi lệnh xóa nhưng máy chủ Vinasynet không cập nhật (bản ghi bị khóa)","2026-09-19 21:19:04"
2589,"H31.05.02.H31.09.2017.20","50 bản (ERROR_SKIPPED)","Về việc chấp thuận điều chỉnh Mặt bằng quy hoạch tổng thể dự án đầu tư xây dựng tòa nhà hỗn hợp cao tầng và khu nhà ở để bán tại thị trấn Bần Yên Nhân, huyện Mỹ Hào","Bỏ qua (Lỗi máy chủ) - Đã thử gửi lệnh xóa nhưng máy chủ Vinasynet không cập nhật (bản ghi bị khóa)","2026-09-19 21:19:19"
2590,"H31.05.02.H31.09.2017.19","13 bản (ERROR_SKIPPED)","Điều chỉnh quy hoạch chi tiết xây dựng tỷ lệ 1\2000 hồ An Vũ số 2 và An Vũ số 3, thành phố Hưng Yên, tỉnh Hưng Yên (tập 2)","Bỏ qua (Lỗi máy chủ) - Đã thử gửi lệnh xóa nhưng máy chủ Vinasynet không cập nhật (bản ghi bị khóa)","2026-09-19 21:19:34"
2591,"H31.05.02.H31.09.2017.18","12 bản (ERROR_SKIPPED)","Quy hoạch phân khu tỷ lệ 1\2000 Khu Đại học Phố Hiến - tỉnh Hưng Yên (tập 5)","Bỏ qua (Lỗi máy chủ) - Đã thử gửi lệnh xóa nhưng máy chủ Vinasynet không cập nhật (bản ghi bị khóa)","2026-09-19 21:19:48"
2592,"H31.05.02.H31.09.2017.17","9 bản (ERROR_SKIPPED)","Quy hoạch chung xây dựng dọc tuyến đương bộ nối 2 đường cao tốc Hà Nội Hải Phòng và Cầu Giẽ - Ninh Bình đến năm 2025, định hướng đến năm 2035 (tập 2)","Bỏ qua (Lỗi máy chủ) - Đã thử gửi lệnh xóa nhưng máy chủ Vinasynet không cập nhật (bản ghi bị khóa)","2026-09-19 21:20:02"
2593,"H31.05.02.H31.09.2017.16","3 bản (DELETED_SUCCESS)","Tập lưu báo cáo của Sở Xây dựng tỉnh Hưng Yên từ số 01-03, 06, 09, 14, 14, 18, 19, 21-25, 27, 29, 30, 32-34, 37, 38, 42 tháng 01-3 năm 2017","Đã xóa trùng (Thành công) - Đã xóa thành công 2 bản trùng thừa, giữ lại bản chính #1","2026-09-19 21:20:16"
2594,"H31.05.02.H31.09.2017.15","3 bản (DELETED_SUCCESS)","Tập lưu Quyết định của Sở Xây dựng tỉnh Hưng Yên về việc cấp phép hoạt động xây dựng cho nhà thầu nước ngoài từ số 01 đến số 06 năm 2017","Đã xóa trùng (Thành công) - Đã xóa thành công 2 bản trùng thừa, giữ lại bản chính #1","2026-09-19 21:20:30"
2595,"H31.05.02.H31.09.2017.14","50 bản (ERROR_SKIPPED)","Tập lưu Quyết định của Sở Xây dựng tỉnh Hưng Yên từ số 01 đến số 89 (thiếu số: 36, 75, trùng số: 11, 15, 21, 35, 47, 49, 64, số a: 19a, 23, 24, 25a, 48, 50, 51, 52, 54a, 55a, 56a, 59a, 60a, 63a) tháng 01-12 năm 2017","Bỏ qua (Lỗi máy chủ) - Đã thử gửi lệnh xóa nhưng máy chủ Vinasynet không cập nhật (bản ghi bị khóa)","2026-09-19 21:20:45"
2596,"H31.05.02.H31.09.2016.13","50 bản (ERROR_SKIPPED)","Sổ đăng ký Quyết định, Báo cáo của Văn phòng Sở Xây dựng tỉnh Hưng Yên năm 2016","Bỏ qua (Lỗi máy chủ) - Đã thử gửi lệnh xóa nhưng máy chủ Vinasynet không cập nhật (bản ghi bị khóa)","2026-09-19 21:20:59"
2597,"H31.05.02.H31.09.2016.12","50 bản (ERROR_SKIPPED)","Tập lưu Báo cáo Sở Xây dựng tỉnh Hưng Yên từ số 75 đến số 99 (thiếu số 93, 94) tháng 12 năm 2016","Bỏ qua (Lỗi máy chủ) - Đã thử gửi lệnh xóa nhưng máy chủ Vinasynet không cập nhật (bản ghi bị khóa)","2026-09-19 21:21:14"
2598,"H31.05.02.H31.09.2016.11","3 bản (DELETED_SUCCESS)","Tập lưu Báo cáo của Sở Xây dựng tỉnh Hưng Yên từ số 32 đến số 74 (thiếu số 59, trùng số 74) tháng 7-11 năm 2016","Đã xóa trùng (Thành công) - Đã xóa thành công 2 bản trùng thừa, giữ lại bản chính #1","2026-09-19 21:21:28"
2599,"H31.05.02.H31.09.2016.10","3 bản (DELETED_SUCCESS)","Tập lưu Báo cáo của Sở Xây dựng tỉnh Hưng Yên từ số 01 đến số 31 (trùng số 24) tháng 01-6 năm 2016","Đã xóa trùng (Thành công) - Đã xóa thành công 2 bản trùng thừa, giữ lại bản chính #1","2026-09-19 21:21:43"
2600,"H31.05.02.H31.09.2016.09","3 bản (DELETED_SUCCESS)","Tập Quyết định của Sở Xây dựng tỉnh Hưng Yên về việc cấp phép hoạt động xây dựng cho nhà thầu nước ngoài năm 2016","Đã xóa trùng (Thành công) - Đã xóa thành công 2 bản trùng thừa, giữ lại bản chính #1","2026-09-19 21:21:57"
2601,"H31.05.02.H31.09.2016.08","3 bản (DELETED_SUCCESS)","Tập lưu Quyết định của Sở Xây dựng tỉnh Hưng Yên từ số 01 đến số 84 (thiếu số: 44, trùng số: 06, 09, 11, 12, 20, 23, 24, 25, 28, 29, 30, 48, 49, 51, 53, 54, 63, 66, 74) tháng 01-12 năm 2016.","Đã xóa trùng (Thành công) - Đã xóa thành công 2 bản trùng thừa, giữ lại bản chính #1","2026-09-19 21:22:11"
2602,"H31.05.02.H31.09.2015.07","3 bản (DELETED_SUCCESS)","Sổ đăng ký Quyết định, Báo cáo của Văn phòng Sở Xây dựng tỉnh Hưng Yên năm 2015","Đã xóa trùng (Thành công) - Đã xóa thành công 2 bản trùng thừa, giữ lại bản chính #1","2026-09-19 21:22:26"
2603,"H31.05.02.H31.09.2015.06","3 bản (DELETED_SUCCESS)","Tập Quyết định của Sở Xây dựng tỉnh Hưng Yên về việc cấp giấy phép thầu cho nhà thầu nước ngoài từ số 01 đến số 13 năm 2015","Đã xóa trùng (Thành công) - Đã xóa thành công 2 bản trùng thừa, giữ lại bản chính #1","2026-09-19 21:22:40"
2604,"H31.05.02.H31.09.2013.05","3 bản (DELETED_SUCCESS)","Sổ đăng ký Quyết định, Báo cáo của Văn phòng Sở Xây dựng tỉnh Hưng Yên năm 2013","Đã xóa trùng (Thành công) - Đã xóa thành công 2 bản trùng thừa, giữ lại bản chính #1","2026-09-19 21:22:55"
2605,"H31.05.02.H31.09.2012.04","3 bản (DELETED_SUCCESS)","Tập Sổ đăng ký Báo cáo của Văn phòng Sở Xây dựng tỉnh Hưng Yên năm 2012","Đã xóa trùng (Thành công) - Đã xóa thành công 2 bản trùng thừa, giữ lại bản chính #1","2026-09-19 21:23:09"
2606,"H31.05.02.H31.09.2011.03","3 bản (DELETED_SUCCESS)","Sổ đăng ký Quyết định của Văn phòng Sở Xây dựng tỉnh Hưng Yên năm 2011","Đã xóa trùng (Thành công) - Đã xóa thành công 2 bản trùng thừa, giữ lại bản chính #1","2026-09-19 21:23:23"
2607,"H31.05.02.H31.09.2011.02","3 bản (DELETED_SUCCESS)","Tập Sổ đăng ký Báo cáo của Văn phòng Sở Xây dựng tỉnh Hưng Yên năm 2011","Đã xóa trùng (Thành công) - Đã xóa thành công 2 bản trùng thừa, giữ lại bản chính #1","2026-09-19 21:23:37"
2608,"H31.05.02.H31.09.2010.01","3 bản (DELETED_SUCCESS)","Sổ đăng ký Báo cáo Sở Xây dựng tỉnh Hưng Yên năm 2010","Đã xóa trùng (Thành công) - Đã xóa thành công 2 bản trùng thừa, giữ lại bản chính #1","2026-09-19 21:23:51"
2609,"H31.05.02.H31.09.2025.01","3 bản (DELETED_SUCCESS)","Tập lưu Quyết định của Sở Xây dựng tỉnh Hưng Yên từ số 01 đến số 99 (thiếu số: 13, 67, trùng số: 38, 70) tháng 3-4 năm 2025","Đã xóa trùng (Thành công) - Đã xóa thành công 2 bản trùng thừa, giữ lại bản chính #1","2026-09-19 21:24:06"
2610,"H31.05.02.H31.09.2025.02","3 bản (DELETED_SUCCESS)","Tập lưu Quyết định của Sở Xây dựng tỉnh Hưng Yên từ số 100 đến 169 (thiếu số 164, 165, trùng số 114, 163) tháng 5 năm 2025","Đã xóa trùng (Thành công) - Đã xóa thành công 2 bản trùng thừa, giữ lại bản chính #1","2026-09-19 21:24:20"
2611,"H31.05.02.H31.09.2025.03","3 bản (DELETED_SUCCESS)","Tập lưu Quyết định của Sở Xây dựng tỉnh Hưng Yên từ số 170 đến số 262 (thiếu số: 220, trùng số: 222, 233) tháng 6 năm 2025","Đã xóa trùng (Thành công) - Đã xóa thành công 2 bản trùng thừa, giữ lại bản chính #1","2026-09-19 21:24:34"
2612,"H31.05.02.H31.09.2025.04","3 bản (DELETED_SUCCESS)","Tập lưu Báo cáo của Sở Xây dựng tỉnh Hưng Yên từ số 01 đến số 59 (thiếu số: 07, 16, 17, 22, 30) tháng 3 năm 2025","Đã xóa trùng (Thành công) - Đã xóa thành công 2 bản trùng thừa, giữ lại bản chính #1","2026-09-19 21:24:48"
2613,"H31.05.02.H31.09.2025.05","3 bản (DELETED_SUCCESS)","Tập lưu Báo cáo của Sở Xây dựng tỉnh Hưng Yên từ số 60 đến số 98 (thiếu số: 72, 76, 85, 88, 91) tháng 4 năm 2025","Đã xóa trùng (Thành công) - Đã xóa thành công 2 bản trùng thừa, giữ lại bản chính #1","2026-09-19 21:25:03"
2614,"H31.05.02.H31.09.2025.06","3 bản (DELETED_SUCCESS)","Tập lưu Báo cáo của Sở Xây dựng tỉnh Hưng Yên từ số 99 đến số 131 (thiếu số: 104, 115, 126, 129) tháng 4 năm 2025","Đã xóa trùng (Thành công) - Đã xóa thành công 2 bản trùng thừa, giữ lại bản chính #1","2026-09-19 21:25:17"
2615,"H31.05.02.H31.09.2025.07","3 bản (DELETED_SUCCESS)","Tập lưu Báo cáo của Sở Xây dựng tỉnh Hưng Yên từ số 132 đến số 204 (thiếu số: 142, 163, 180, 181, 184, 194; trùng số: 197) tháng 5 năm 2025","Đã xóa trùng (Thành công) - Đã xóa thành công 2 bản trùng thừa, giữ lại bản chính #1","2026-09-19 21:25:31"
2616,"H31.05.02.H31.09.2025.08","3 bản (DELETED_SUCCESS)","Tập lưu Báo cáo của Sở Xây dựng tỉnh Hưng Yên từ số 205 đến số 245 (thiếu số: 214, 217, 225, 236) tháng 6 năm 2005...","Đã xóa trùng (Thành công) - Đã xóa thành công 2 bản trùng thừa, giữ lại bản chính #1","2026-09-19 21:25:45"
2617,"H31.05.02.H31.09.2025.09","3 bản (DELETED_SUCCESS)","Tập lưu Báo cáo của Sở Xây dựng tỉnh Hưng Yên từ số 245 đến số 290 (thiếu số: 258, 276; trùng số: 273, 275) tháng 6 năm 2025","Đã xóa trùng (Thành công) - Đã xóa thành công 2 bản trùng thừa, giữ lại bản chính #1","2026-09-19 21:25:59"
2618,"H31.05.02.H31.09.2018.1483","3 bản (DELETED_SUCCESS)","Thẩm định báo cáo kinh tế kỹ thuật: Cải tạo nâng cấp thư viện theo mô hình thân thiện, hiện đại năm 2018 tại 26 trường Tiểu học trên địa bàn tỉnh Hưng Yên","Đã xóa trùng (Thành công) - Đã xóa thành công 2 bản trùng thừa, giữ lại bản chính #1","2026-09-19 21:26:13"
2619,"H31.05.02.H31.09.2017.1482","2 bản (DELETED_SUCCESS)","Thẩm định thiết kế cơ sở - Tòa nhà văn phòng Khu công nghiệp Thăng Long II của Công ty TNHH Khu công nghiệp Thăng Long II tại huyện Yên Mỹ, tỉnh Hưng Yên","Đã xóa trùng (Thành công) - Đã xóa thành công 1 bản trùng thừa, giữ lại bản chính #1","2026-09-19 21:26:22"
2620,"H31.05.02.H31.09.2017.1481","2 bản (DELETED_SUCCESS)","Thẩm định thiết kế bản vẽ thi công và dự toán Khu thương mại và dịch vụ giải trí Massco của Công ty TNHH Quốc tế Massco Việt Nam tại xã Yên Phú, huyện Yên Mỹ","Đã xóa trùng (Thành công) - Đã xóa thành công 1 bản trùng thừa, giữ lại bản chính #1","2026-09-19 21:26:30"
2621,"H31.05.02.H31.09.2017.1480","3 bản (DELETED_SUCCESS)","Về việc thẩm định thiết kế bản vẽ thi công và Dự toán xây dựng nhà máy cung cấp nước sạch kinh doanh bể bơi, Hạng mục: Bể bơi ngoài trời của Công ty TNHH Minh Hoàng tại thị trấn Yên Mỹ, huyện Yên Mỹ","Đã xóa trùng (Thành công) - Đã xóa thành công 2 bản trùng thừa, giữ lại bản chính #1","2026-09-19 21:26:44"
2622,"H31.05.02.H31.09.2017.1479","3 bản (DELETED_SUCCESS)","Thẩm định thiết kế bản vẽ thi công và dự toán Trung tâm gia công công nghệ CNC của Công ty TNHH E Nhất Hưng Yên tại xã Liêu Xá, huyện Yên Mỹ","Đã xóa trùng (Thành công) - Đã xóa thành công 2 bản trùng thừa, giữ lại bản chính #1","2026-09-19 21:26:58"
2623,"H31.05.02.H31.09.2017.1478","3 bản (DELETED_SUCCESS)","Thẩm định thiết kế bản vẽ thi công và dự toán Khách sạn Phú Mỹ của Công ty TNHH Phú Mỹ tại xã Liêu Xá, huyện Yên Mỹ","Đã xóa trùng (Thành công) - Đã xóa thành công 2 bản trùng thừa, giữ lại bản chính #1","2026-09-19 21:27:12"
2624,"H31.05.02.H31.09.2016-2017.1477","3 bản (DELETED_SUCCESS)","Thẩm định thiết kế bản vẽ thi công và dự toán Nhà máy sản xuất bao bì tự hủy túi chân không và biển quảng cáo tấm lớn của Công ty TNHH thương mại và đầu tư tầm nhìn mới tại xã Hoàn Long, huyện Yên Mỹ","Đã xóa trùng (Thành công) - Đã xóa thành công 2 bản trùng thừa, giữ lại bản chính #1","2026-09-19 21:27:27"
2625,"H31.05.02.H31.09.2017.1476","3 bản (DELETED_SUCCESS)","Thẩm định bản vẽ thiết kế thi công dự án Nhà máy cơ khí xây dựng, ống thép và đồ nội thật văn phòng của Công ty TNHH thiết bị xây dựng và chiếu sáng đô thị Tấn Phát tại xã Hoàng Long, huyện Yên Mỹ","Đã xóa trùng (Thành công) - Đã xóa thành công 2 bản trùng thừa, giữ lại bản chính #1","2026-09-19 21:27:41"
2626,"H31.05.02.H31.09.2017.1475","3 bản (DELETED_SUCCESS)","Thẩm định thiết kế cơ sở Nhà máy sản xuất bao bì tự hủy, túi chân không và biển quảng cáo của Công ty TNHH Thương mại và Đầu tư tầm nhìn mới tại xã Hoàng Long, huyện Yên Mỹ (tập 2)","Đã xóa trùng (Thành công) - Đã xóa thành công 2 bản trùng thừa, giữ lại bản chính #1","2026-09-19 21:27:55"
2627,"H31.05.02.H31.09.2017.1474","3 bản (DELETED_SUCCESS)","Thẩm định thiết kế cơ sở - Nhà máy sản xuất bao bì tự hủy, túi chân không và biển quảng cáo của Công ty TNHH Thương mại và Đầu tư tầm nhìn mới tại xã Hoàn Long, huyện Yên Mỹ, tỉnh Hưng Yên (tập 1)","Đã xóa trùng (Thành công) - Đã xóa thành công 2 bản trùng thừa, giữ lại bản chính #1","2026-09-19 21:28:09"
2628,"H31.05.02.H31.09.2017.1473","3 bản (DELETED_SUCCESS)","Thẩm định thiết kế cơ sở - Nhà máy cơ khí xây dựng ống thép và đồ gỗ nội thất văn phòng của Công ty TNHH thiết bị xây dựng và chiếu sáng đô thị Tân Phát tại xã Hoàn Long, huyện Yên Mỹ, tỉnh Hưng Yên","Đã xóa trùng (Thành công) - Đã xóa thành công 2 bản trùng thừa, giữ lại bản chính #1","2026-09-19 21:28:23"
2629,"H31.05.02.H31.09.2017.1472","3 bản (DELETED_SUCCESS)","Thẩm định báo cáo kinh tế kỹ thuật - Trường Trung học cơ sở xã Tân Việt, huyện Yên Mỹ tại xã Tân Việt, huyện Yên Mỹ, tỉnh Hưng Yên","Đã xóa trùng (Thành công) - Đã xóa thành công 2 bản trùng thừa, giữ lại bản chính #1","2026-09-19 21:28:38"
2630,"H31.05.02.H31.09.2017.1471","3 bản (DELETED_SUCCESS)","Thẩm định báo cáo kinh tế kỹ thuật - nhà lớp học 3 tầng 18 phòng trường trung học phổ thông Yên Mỹ tại xã Tân Lập, huyện Yên Mỹ, tỉnh Hưng Yên","Đã xóa trùng (Thành công) - Đã xóa thành công 2 bản trùng thừa, giữ lại bản chính #1","2026-09-19 21:28:52"
2631,"H31.05.02.H31.09.2017.1470","3 bản (DELETED_SUCCESS)","Hồ sơ về việc thẩm định báo cáo kinh tế kỹ thuật - Nhà hội trường xã Tân Lập - huyện Yên Mỹ","Đã xóa trùng (Thành công) - Đã xóa thành công 2 bản trùng thừa, giữ lại bản chính #1","2026-09-19 21:29:07"
2632,"H31.05.02.H31.09.2017.1469","3 bản (DELETED_SUCCESS)","Hồ sơ về việc thẩm định Báo cáo kinh tế kỹ thuật Nhà lớp học hiệu bộ và nhà bếp - trường mầm non Nguyễn Văn Linh tại xã Giai Phạm - huyện Yên Mỹ","Đã xóa trùng (Thành công) - Đã xóa thành công 2 bản trùng thừa, giữ lại bản chính #1","2026-09-19 21:29:21"
2633,"H31.05.02.H31.09.2017.1468","3 bản (DELETED_SUCCESS)","Về việc thẩm định thiết kế bản vẽ thi công và dự toán - Chi nhánh công ty cổ phần Everpia cải tạo xưởng của Công ty có phân Everpia tại KCN Tân Quang, xã Tân Quang, huyện Văn Lâm (tập 2)","Đã xóa trùng (Thành công) - Đã xóa thành công 2 bản trùng thừa, giữ lại bản chính #1","2026-09-19 21:29:35"
2634,"H31.05.02.H31.09.2017.1464","3 bản (DELETED_SUCCESS)","Thẩm định thiết kế bản vẽ thi công và dự toán xưởng sản xuất dự án nhà máy sản xuất các sản phẩm Inox và nhôm gia dụng của công ty trách nhiệm hữu hạn đầu tư Đức Tín xã Tân Quang, huyện Văn Lâm, tỉnh Hưng Yên","Đã xóa trùng (Thành công) - Đã xóa thành công 2 bản trùng thừa, giữ lại bản chính #1","2026-09-19 21:29:49"
2635,"H31.05.02.H31.09.2017.1465","3 bản (DELETED_SUCCESS)","Về việc thẩm định thiết kế cơ sở nhà máy sản xuất bao bì của công ty cổ phần Vạn Phú Gia tại xã Tân Quang, huyện Văn Lâm, tỉnh Hưng Yên (tập 1)","Đã xóa trùng (Thành công) - Đã xóa thành công 2 bản trùng thừa, giữ lại bản chính #1","2026-09-19 21:30:04"
2636,"H31.05.02.H31.09.2017.1463","3 bản (DELETED_SUCCESS)","Thẩm định bản vẽ thiết kế thi công nhà máy sản xuất bao bì và gia công giấy của công ty TNHH giấy và bao bì Hưng Hà Hưng Yên tại xã Tân Quang, huyện Văn Lâm, tỉnh Hưng Yên","Đã xóa trùng (Thành công) - Đã xóa thành công 2 bản trùng thừa, giữ lại bản chính #1","2026-09-19 21:30:18"
2637,"H31.05.02.H31.09.2017.1462","3 bản (DELETED_SUCCESS)","Hồ sơ thẩm định thiết kế cơ sở nhà máy sản xuất kết cấu kim loại và sản xuất bê tông của công ty trách nhiệm hữu hạn Ong Vàng Phố Hiến tại khu công nghiệp Tân Quang, Hưng Yên","Đã xóa trùng (Thành công) - Đã xóa thành công 2 bản trùng thừa, giữ lại bản chính #1","2026-09-19 21:30:32"
2638,"H31.05.02.H31.09.2017.1461","3 bản (DELETED_SUCCESS)","Hồ sơ thẩm định thiết kế bản vẽ thi công và dự toán nhà chợ chính, thuộc dự án chợ và hạ tầng kỹ thuật khu nhà ở TM Như Quỳnh của Công ty THH Phương Anh tại Thị trấn Như Quỳnh, huyện Văn Lâm","Đã xóa trùng (Thành công) - Đã xóa thành công 2 bản trùng thừa, giữ lại bản chính #1","2026-09-19 21:30:46"
2639,"H31.05.02.H31.09.2017.1460","3 bản (DELETED_SUCCESS)","Thẩm định thiết kế xây dựng dựng công trình kho chứa hàng và kinh doanh máy móc thiết bị sản xuất nhựa, hạng mục: Nhà điều hành số 2, kho (số 3) của Công ty TNHH Kim Tuyển Hưng Yên tại thôn Minh Khai, thị trấn Như Quỳnh, huyện Văn Lâm, tỉnh Hưng Yên","Đã xóa trùng (Thành công) - Đã xóa thành công 2 bản trùng thừa, giữ lại bản chính #1","2026-09-19 21:31:01"
2640,"H31.05.02.H31.09.2017.1458","3 bản (DELETED_SUCCESS)","Về việc thẩm định thiết kế xây dựng công trình xưởng chế biến lương thực thực phẩm, hạng mục nhà điều hành (số 2) xưởng sản xuất (số 3), nhà kho (số 4) nhà trưng bày sản phẩm (số 5) của Công ty TNHH lương thực thực phẩm Tân Thịnh Hưng Yên tại xã Chỉ Đạo, huyện Văn Lâm","Đã xóa trùng (Thành công) - Đã xóa thành công 2 bản trùng thừa, giữ lại bản chính #1","2026-09-19 21:31:15"
2641,"H31.05.02.H31.09.2016-2017.1459","3 bản (DELETED_SUCCESS)","Thẩm định báo cáo kinh tế kỹ thuật cải tạo sửa chữa đội thuế Lương Tài - Chi cục thuế huyện Văn Lâm tại xã Lương Tài, huyện Văn Lâm, tỉnh Hưng Yên","Đã xóa trùng (Thành công) - Đã xóa thành công 2 bản trùng thừa, giữ lại bản chính #1","2026-09-19 21:31:29"
2642,"H31.05.02.H31.09.2016.1453","3 bản (DELETED_SUCCESS)","Thẩm định báo cáo kinh tế kỹ thuật - cải tạo nâng cấp nhà ký túc xá C4 (cơ sở 2) Trường ĐH Tài chính - Quản trị kinh doanh tại thị trấn Như Quỳnh, huyện Văn Lâm","Đã xóa trùng (Thành công) - Đã xóa thành công 2 bản trùng thừa, giữ lại bản chính #1","2026-09-19 21:31:44"
2643,"H31.05.02.H31.09.2017.1454","3 bản (DELETED_SUCCESS)","Thẩm định báo cáo kinh tế kỹ thuật - cải tạo sửa chữa ký túc xá C1, C7 cơ sở 2 của Trường Đại học Tài chính Quản trị kinh doanh tại xã Tân Quang, huyện Văn Lâm","Đã xóa trùng (Thành công) - Đã xóa thành công 2 bản trùng thừa, giữ lại bản chính #1","2026-09-19 21:31:58"
2644,"H31.05.02.H31.09.2017.1446","3 bản (DELETED_SUCCESS)","Hồ sơ về việc thẩm định thiết kế bản vẽ thi công và dự toán - Trung tâm đào tạo bóng đá trẻ PVF của Công ty cổ phần bệnh viện đa khoa quốc tế Vinmec tại xã Long Hưng huyện Văn Giang (Tập 3)","Đã xóa trùng (Thành công) - Đã xóa thành công 2 bản trùng thừa, giữ lại bản chính #1","2026-09-19 21:32:12"
2645,"H31.05.02.H31.09.2017.1445","3 bản (DELETED_SUCCESS)","Hồ sơ về việc thẩm định thiết kế bản vẽ thi công và dự toán - Trung tâm đào tạo bóng đá trẻ PVF của Công ty cổ phần Bệnh viện đa khoa quốc tế Vinmec tại xã Long Hưng - Văn Giang (tập 2)","Đã xóa trùng (Thành công) - Đã xóa thành công 2 bản trùng thừa, giữ lại bản chính #1","2026-09-19 21:32:27"
2646,"H31.05.02.H31.09.2017.1444","3 bản (DELETED_SUCCESS)","Hồ sơ về việc thẩm định thiết kế bản vẽ thi công và dự toán - Trung tâm đào tạo bóng đá trẻ PVF của Công ty Cổ phần Bệnh viện đa khoa quốc tế Vinmec tại xã Long Hưng - Văn Giang (tập 1)","Đã xóa trùng (Thành công) - Đã xóa thành công 2 bản trùng thừa, giữ lại bản chính #1","2026-09-19 21:32:41"
2647,"H31.05.02.H31.09.2017.1440","3 bản (DELETED_SUCCESS)","Về việc thẩm định thiết kế bản vẽ thi công và dự toán bảo hiểm xã hội huyện Văn Giang tại huyện Văn Giang.","Đã xóa trùng (Thành công) - Đã xóa thành công 2 bản trùng thừa, giữ lại bản chính #1","2026-09-19 21:32:56"
2648,"H31.05.02.H31.09.2015-2017.1442","3 bản (DELETED_SUCCESS)","Về việc thẩm định thiết kế cơ sở - Nhà câu lạc bộ khu biệt thự Mimosa Valley của Công ty Cổ phần đầu tư và Phát triển đô thị Việt Hưng tại xã Xuân Quan - Văn Giang (tập 2)","Đã xóa trùng (Thành công) - Đã xóa thành công 2 bản trùng thừa, giữ lại bản chính #1","2026-09-19 21:33:10"
2649,"H31.05.02.H31.09.2015-2017.1441","3 bản (DELETED_SUCCESS)","Về việc thẩm định thiết kế cơ sở - Nhà câu lạc bộ khu biệt thự Mimosa Valley của Công ty Cổ phần đầu tư và Phát triển đô thị Việt Hưng tại xã Xuân Quan - Huyện Văn Giang (tập 1)","Đã xóa trùng (Thành công) - Đã xóa thành công 2 bản trùng thừa, giữ lại bản chính #1","2026-09-19 21:33:24"
2650,"H31.05.02.H31.09.2017.1438","3 bản (DELETED_SUCCESS)","Hồ sơ về việc thẩm định báo cáo kinh tế kỹ thuật Trường mầm non Khu Trung tâm xã Ngô Quyền. Hạng mục nhà lớp học 4 phòng tại xã Ngô Quyền, Tiên Lữ","Đã xóa trùng (Thành công) - Đã xóa thành công 2 bản trùng thừa, giữ lại bản chính #1","2026-09-19 21:33:44"
2651,"H31.05.02.H31.09.2017.1437","3 bản (DELETED_SUCCESS)","Hồ sơ về việc thẩm định báo cáo kinh tế kỹ thuật Nhà hiệu bộ trường Tiểu học xã Trung Dũng tại xã Trung Dũng, huyện Tiên Lữ","Đã xóa trùng (Thành công) - Đã xóa thành công 2 bản trùng thừa, giữ lại bản chính #1","2026-09-19 21:34:23"
2652,"H31.05.02.H31.09.2017.1436","3 bản (DELETED_SUCCESS)","Về việc: Thẩm định báo cáo kinh tế kỹ thuật - Trường tiểu học Dị Chế tại xã Dị Chế, huyện Tiên Lữ.","Đã xóa trùng (Thành công) - Đã xóa thành công 2 bản trùng thừa, giữ lại bản chính #1","2026-09-19 21:35:01"
2653,"H31.05.02.H31.09.2017.1435","3 bản (DELETED_SUCCESS)","Về việc thẩm định báo cáo kinh tế kỹ thuật - Trường Mầm non khu trung tâm xã Nhật Tân tại xã Nhật Tân, huyện Tiên Lữ","Đã xóa trùng (Thành công) - Đã xóa thành công 2 bản trùng thừa, giữ lại bản chính #1","2026-09-19 21:35:39"
2654,"H31.05.02.H31.09.2017.1434","3 bản (DELETED_SUCCESS)","Về việc thẩm định báo cáo kinh tế kỹ thuật - tu bổ tôn tạo đền thờ Hoàng Hoa Thám của Sở Văn hóa - Thể thao và Du lịch tại xã Dị Chế, huyện Tiên Lữ","Đã xóa trùng (Thành công) - Đã xóa thành công 2 bản trùng thừa, giữ lại bản chính #1","2026-09-19 21:36:17"
2655,"H31.05.02.H31.09.2017.1433","3 bản (DELETED_SUCCESS)","Về việc thẩm định thiết kế bản vẽ thi công và dự toán - Điều chỉnh xây dựng trụ sở 2 tầng và các hạng mục phụ trợ Phòng giáo dục Tiên Lữ tại thị trấn Vương, huyện Tiên Lữ","Đã xóa trùng (Thành công) - Đã xóa thành công 2 bản trùng thừa, giữ lại bản chính #1","2026-09-19 21:36:55"
2656,"H31.05.02.H31.09.2016-2017.1432","3 bản (DELETED_SUCCESS)","Về việc thẩm định báo cáo kinh tế kỹ thuật - cải tạo sửa chữa đội thuế Thủy Lôi - Chi cục thuế huyện Tiên Lữ tại xã Thụy Lôi, huyện Tiên Lữ","Đã xóa trùng (Thành công) - Đã xóa thành công 2 bản trùng thừa, giữ lại bản chính #1","2026-09-19 21:37:33"
2657,"H31.05.02.H31.09.2017.1431","3 bản (DELETED_SUCCESS)","Về việc thẩm định thiết kế bản vẽ thi công và dự toán Nhà văn hóa huyện Tiên Lữ tại thị trấn Vương, huyện Tiên Lữ","Đã xóa trùng (Thành công) - Đã xóa thành công 2 bản trùng thừa, giữ lại bản chính #1","2026-09-19 21:38:11"
2658,"H31.05.02.H31.09.2017.1430","3 bản (DELETED_SUCCESS)","Về việc thẩm định thiết kế bản vẽ thi công và dự toán - Nhà máy sản xuất gạch Tuynel An Thịnh của Công ty TNHH sản xuất gạch An Thịnh tại xã Tống Trân, huyện Phù Cừ","Đã xóa trùng (Thành công) - Đã xóa thành công 2 bản trùng thừa, giữ lại bản chính #1","2026-09-19 21:38:49"
2659,"H31.05.02.H31.09.2016-2017.1429","3 bản (DELETED_SUCCESS)","Về việc thẩm định báo cáo kinh tế kỹ thuật - cải tạo sửa chữa đội thuế Đình Cao - Chi cục thuế huyện Phù Cừ tại xã Đình Cao huyện Phù Cừ","Đã xóa trùng (Thành công) - Đã xóa thành công 2 bản trùng thừa, giữ lại bản chính #1","2026-09-19 21:39:27"
2660,"H31.05.02.H31.09.2017.1428","3 bản (DELETED_SUCCESS)","Về việc thẩm định thiết kế bản vẽ thi công và dự toán - Trụ sở kho bạc Nhà nước Phù Cừ tại thị trấn Trần Cao - huyện Phù Cừ (tập 2)","Đã xóa trùng (Thành công) - Đã xóa thành công 2 bản trùng thừa, giữ lại bản chính #1","2026-09-19 21:39:56"
2661,"H31.05.02.H31.09.2017.1427","3 bản (DELETED_SUCCESS)","Về việc thẩm định thiết kế bản vẽ thi công và dự toán - Trụ sở kho bạc nhà nước Phù Cừ tại thị trấn Trần Cao, huyện Phù Cừ (tập 1)","Đã xóa trùng (Thành công) - Đã xóa thành công 2 bản trùng thừa, giữ lại bản chính #1","2026-09-19 21:40:30"
2662,"H31.05.02.H31.09.2017.1426","3 bản (DELETED_SUCCESS)","Về việc thẩm định thiết kế bản vẽ thi công và dự toán - trụ sở Bảo hiểm xã hội huyện Phù Cừ (tập 3)","Đã xóa trùng (Thành công) - Đã xóa thành công 2 bản trùng thừa, giữ lại bản chính #1","2026-09-19 21:41:08"
2663,"H31.05.02.H31.09.2017.1425","3 bản (DELETED_SUCCESS)","Về việc thẩm định thiết kế bản vẽ thi công dự toán công trình trụ sở Bảo hiểm xã hội huyện Phù Cừ (tập 2)","Đã xóa trùng (Thành công) - Đã xóa thành công 2 bản trùng thừa, giữ lại bản chính #1","2026-09-19 21:41:46"
2664,"H31.05.02.H31.09.2016-2017.1424","3 bản (DELETED_SUCCESS)","Về việc thẩm định thiết kế bản vẽ thi công và dự toán trụ sở bảo hiểm xã hội huyện Phù Cừ (tập 1)","Đã xóa trùng (Thành công) - Đã xóa thành công 2 bản trùng thừa, giữ lại bản chính #1","2026-09-19 21:42:24"
2665,"H31.05.02.H31.09.2016.1423","3 bản (DELETED_SUCCESS)","Thẩm định thiết kế bản vẽ thi công và dự toán - Nhà máy Fancy Việt Nam - giai đoạn II của Công ty TNHH Công nghiệp Fancy Việt Nam tại khu công nghiệp Phố Nối A, tỉnh Hưng Yên","Đã xóa trùng (Thành công) - Đã xóa thành công 2 bản trùng thừa, giữ lại bản chính #1","2026-09-19 21:43:02"
2666,"H31.05.02.H31.09.2017.1421","3 bản (DELETED_SUCCESS)","Thẩm định thiết kế bản vẽ thi công và dự toán Nhà máy sản xuất bao bì và hàng thủ công mỹ nghệ của Công ty Cổ phần Đức Hiếu tại xã Ngọc Lâm, huyện Mỹ Hào, tỉnh Hưng Yên","Đã xóa trùng (Thành công) - Đã xóa thành công 2 bản trùng thừa, giữ lại bản chính #1","2026-09-19 21:43:40"
2667,"H31.05.02.H31.09.2017.1420","3 bản (DELETED_SUCCESS)","Thẩm định thiết kế bản vẽ thi công và dự toán - Mở rộng nhà máy sản xuất các sản phẩm Inox của Công ty TNHH Sampung Inox tại xã Dị Sử, huyện Mỹ Hào","Đã xóa trùng (Thành công) - Đã xóa thành công 2 bản trùng thừa, giữ lại bản chính #1","2026-09-19 21:44:18"
2668,"H31.05.02.H31.09.2017.1418","3 bản (DELETED_SUCCESS)","Thẩm định báo cáo kinh tế kỹ thuật kết cấu mái của Tòa nhà văn phòng - KCN Thăng Long II của Công ty TNHH KCN Thăng Long II tại KCN Thăng Long II, tỉnh Hưng Yên","Đã xóa trùng (Thành công) - Đã xóa thành công 2 bản trùng thừa, giữ lại bản chính #1","2026-09-19 21:44:56"
2669,"H31.05.02.H31.09.2017.1416","3 bản (DELETED_SUCCESS)","Thẩm định báo cáo kinh tế kỹ thuật - Nhà lớp học 8 phòng và các hạng mục phụ trợ Trường Trung học cơ sở xã Hòa Phong, huyện Mỹ Hào","Đã xóa trùng (Thành công) - Đã xóa thành công 2 bản trùng thừa, giữ lại bản chính #1","2026-09-19 21:45:34"
2670,"H31.05.02.H31.09.2017.1415","3 bản (DELETED_SUCCESS)","Thẩm định thiết kế bản vẽ thi công và dự toán - Cải tạo, sửa chữa Chi cục Hải quan Hưng Yên tại huyện Mỹ Hào - Hưng Yên.","Đã xóa trùng (Thành công) - Đã xóa thành công 2 bản trùng thừa, giữ lại bản chính #1","2026-09-19 21:46:07"
2671,"H31.05.02.H31.09.2017.1413","3 bản (DELETED_SUCCESS)","Thẩm định thiết kế bản vẽ thi công và dự tòa nhà máy sản xuất hàng may mặc xuất khẩu của Công ty cổ phần may xuất khẩu Phú Thịnh tại xã Phú Thịnh, huyện Kim Động","Đã xóa trùng (Thành công) - Đã xóa thành công 2 bản trùng thừa, giữ lại bản chính #1","2026-09-19 21:46:45"
2672,"H31.05.02.H31.09.2017.1414","3 bản (DELETED_SUCCESS)","Thẩm định báo cáo kinh tế kỹ thuật - Cải tạo, nâng cấp Cục Hải quan Hưng Yên tại xã Dị Sử - Huyện Mỹ Hào","Đã xóa trùng (Thành công) - Đã xóa thành công 2 bản trùng thừa, giữ lại bản chính #1","2026-09-19 21:47:23"
2673,"H31.05.02.H31.09.2013-2017.1412","3 bản (DELETED_SUCCESS)","Thẩm định thiết kế cơ sở công trình thuộc dự án nhà máy chế biến thức ăn chăn nuôi của Công ty Cổ phần Mavin Austfeed tại thị trấn Lương Bằng, huyện Kim Động.","Đã xóa trùng (Thành công) - Đã xóa thành công 2 bản trùng thừa, giữ lại bản chính #1","2026-09-19 21:48:01"
2674,"H31.05.02.H31.09.2017.1411","3 bản (DELETED_SUCCESS)","Thẩm định thiết kế bản vẽ thi công và dự toán Nhà máy sản xuất sản phẩm Plastic Thuận Đức của Công ty Cổ phần Thuận Đức Hưng Yên tại thị trấn Lương Bằng, huyện Kim Động","Đã xóa trùng (Thành công) - Đã xóa thành công 2 bản trùng thừa, giữ lại bản chính #1","2026-09-19 21:48:39"
2675,"H31.05.02.H31.09.2017.1410","3 bản (DELETED_SUCCESS)","Thẩm định thiết kế cơ sở - Nhà máy sản xuất sản phẩm Plastic Thuận Đức của Công ty Cổ phần Thuận Đức Hưng Yên tại thị trấn Lương Bằng, huyện Kim Động, tỉnh Hưng Yên","Đã xóa trùng (Thành công) - Đã xóa thành công 2 bản trùng thừa, giữ lại bản chính #1","2026-09-19 21:49:17"
2676,"H31.05.02.H31.09.2017.1409","3 bản (DELETED_SUCCESS)","Thẩm định thiết kế cơ sở - Nhà máy sản xuất hàng may mặc xuất khẩu của Công ty Cổ phần may xuất khẩu Phú Thịnh tại xã Phú Thịnh - huyện Kim Động","Đã xóa trùng (Thành công) - Đã xóa thành công 2 bản trùng thừa, giữ lại bản chính #1","2026-09-19 21:49:55"
2677,"H31.05.02.H31.09.2017.1406","3 bản (DELETED_SUCCESS)","Thẩm định thiết kế bản vẽ thi công và dự toán - Trung tâm Viettel huyện Kim Động tại thị trấn Lương Bằng, huyện Kim Động, tỉnh Hưng Yên (tập 1)","Đã xóa trùng (Thành công) - Đã xóa thành công 2 bản trùng thừa, giữ lại bản chính #1","2026-09-19 21:50:33"
2678,"H31.05.02.H31.09.2017.1405","3 bản (DELETED_SUCCESS)","Thẩm định báo cáo kinh tế kỹ thuật - Cải tạo, sửa chữa Đội thuế Thọ Vinh - Chi cục thuế huyện Kim Động tại xã Thọ Vinh, huyện Kim Động","Đã xóa trùng (Thành công) - Đã xóa thành công 2 bản trùng thừa, giữ lại bản chính #1","2026-09-19 21:51:11"
2679,"H31.05.02.H31.09.2017.1403","3 bản (DELETED_SUCCESS)","Về việc thẩm định thiết kế bản vẽ thi công và dự toán - Nhà máy sản xuất thiết bị sắt thép, thiết bị lọc nước và đồ gỗ nội thất HVC- Giai đoạn 1 của Công ty HVC Hưng Yên tại xã Tân Dân, huyện Khoái Châu","Đã xóa trùng (Thành công) - Đã xóa thành công 2 bản trùng thừa, giữ lại bản chính #1","2026-09-19 21:51:49"
2680,"H31.05.02.H31.09.2017.1404","3 bản (DELETED_SUCCESS)","Thẩm định báo cáo kinh tế kỹ thuật - Cải tạo, sửa chữa đội thuế thọ Vinh - Chi cục thuế huyện Kim Động tại xã Thọ Vinh. huyện Kim Động","Đã xóa trùng (Thành công) - Đã xóa thành công 2 bản trùng thừa, giữ lại bản chính #1","2026-09-19 21:52:27"
2681,"H31.05.02.H31.09.2017.1402","3 bản (DELETED_SUCCESS)","Về việc thẩm định thiết kế cơ sở - Nhà máy sản xuất thiết bị sắt thép, thiết bị lọc xử lý nước và đồ gỗ nội thất HVC của Công ty TNHH HVC HVC Hưng Yên tại xã Tân Dân, huyện Khoái Châu","Đã xóa trùng (Thành công) - Đã xóa thành công 2 bản trùng thừa, giữ lại bản chính #1","2026-09-19 21:53:05"
2682,"H31.05.02.H31.09.2017.1401","3 bản (DELETED_SUCCESS)","Về việc thẩm định thiết kế bản vẽ thi công và dự toán Nhà máy gạch Tuynel Vinh Kiểm Khoái Châu của Công ty TNHH Vinh Kiểm tại xã Tân Châu - huyện Khoái Châu","Đã xóa trùng (Thành công) - Đã xóa thành công 2 bản trùng thừa, giữ lại bản chính #1","2026-09-19 21:53:43"
2683,"H31.05.02.H31.09.2017.1400","3 bản (DELETED_SUCCESS)","Về việc thẩm định dự án tu bổ tôn tạo đền thờ Triệu Việt Vương (Triệu Quang Phục) của Uỷ ban nhân dân huyện Khoái Châu tại xã Dạ Trạch huyện Khoái Châu","Đã xóa trùng (Thành công) - Đã xóa thành công 2 bản trùng thừa, giữ lại bản chính #1","2026-09-19 21:54:21"
2684,"H31.05.02.H31.09.2017.1399","3 bản (DELETED_SUCCESS)","Về việc thẩm định thiết kế bản vẽ thi công và dự toán - Nhà hiệu bộ, phòng ban chức năng, giảng đường của trường đại học sư phạm kỹ thuật Hưng Yên tại xã Dân Tiến, huyện Khoái Châu (tập 3)","Đã xóa trùng (Thành công) - Đã xóa thành công 2 bản trùng thừa, giữ lại bản chính #1","2026-09-19 21:54:59"
2685,"H31.05.02.H31.09.2017.1398","3 bản (DELETED_SUCCESS)","Về việc thẩm định thiết kế bản vẽ thi công và dự toán - Nhà hiệu bộ phòng bạn chức năng, giảng đường của trường đại học sư phạm kỹ thuật Hưng Yên tại xã Dân Tiến, huyện Khoái Châu (tập 2)","Đã xóa trùng (Thành công) - Đã xóa thành công 2 bản trùng thừa, giữ lại bản chính #1","2026-09-19 21:55:37"
2686,"H31.05.02.H31.09.2017.1397","3 bản (DELETED_SUCCESS)","Về việc thẩm định thiết kế bản vẽ thi công và dự toán - Nhà hiệu bộ, phòng ban chức năng, giảng đường của Trường đại học sư phạm kỹ thuật Hưng Yên tại xã Dân Tiến, huyện Khoái Châu  (tập 1)","Đã xóa trùng (Thành công) - Đã xóa thành công 2 bản trùng thừa, giữ lại bản chính #1","2026-09-19 21:56:15"
2687,"H31.05.02.H31.09.2017.1396","3 bản (DELETED_SUCCESS)","Về việc thẩm định báo cáo kinh tế kỹ thuật Cải tạo, sửa chữa Đội thuế Thuần Hưng - Chi cục thuế huyện Văn Lâm tại xã Thuần Hưng, huyện Khoái Châu.","Đã xóa trùng (Thành công) - Đã xóa thành công 2 bản trùng thừa, giữ lại bản chính #1","2026-09-19 21:56:53"
2688,"H31.05.02.H31.09.2016-2017.1395","3 bản (DELETED_SUCCESS)","Về việc thẩm định báo cáo kinh tế Cải tạo, sửa chữa đội thuế Thuần Hưng - Chi cục thuế huyện Khoái Châu tại xã Thuần Hưng, huyện Khoái Châu","Đã xóa trùng (Thành công) - Đã xóa thành công 2 bản trùng thừa, giữ lại bản chính #1","2026-09-19 21:57:31"
2689,"H31.05.02.H31.09.2017.1394","3 bản (DELETED_SUCCESS)","Về việc thẩm định thiết kế bản vẽ thi công và dự toán Kinh doanh vật liệu xây dựng, sản xuất đúc ép cọc bê tông và bê tông thương phẩm của Công ty TNHH bê tông Bình An tại phường Lam Sơn, thành phố Hưng Yên","Đã xóa trùng (Thành công) - Đã xóa thành công 2 bản trùng thừa, giữ lại bản chính #1","2026-09-19 21:58:09"
2690,"H31.05.02.H31.09.2017.1393","3 bản (DELETED_SUCCESS)","Về việc thẩm định thiết kế bản vẽ thi công và dự toán - Trường mầm non Thiên Đức của Công ty TNHH Nhị Kinh Kỳ tại phường An Bảo, Thành phố Hưng Yên","Đã xóa trùng (Thành công) - Đã xóa thành công 2 bản trùng thừa, giữ lại bản chính #1","2026-09-19 21:58:47"
2691,"H31.05.02.H31.09.2016-2017.1392","3 bản (DELETED_SUCCESS)","Về việc thẩm định thiết kế bản vẽ thi công và dự toán - Nhà điều hành Tổng Công ty may Hưng Yên - Công ty cổ phần tại phường Minh Khai, thành phố Hưng Yên","Đã xóa trùng (Thành công) - Đã xóa thành công 2 bản trùng thừa, giữ lại bản chính #1","2026-09-19 21:59:25"
2692,"H31.05.02.H31.09.2014-2017.1390","3 bản (DELETED_SUCCESS)","Về việc thẩm định thiết kế bản vẽ thi công và dự toán - Nhà điều hành - Siêu thị Anh Duy của Công ty TNHH thương mại Anh Dũng tại phường Hiến Nam, thành phố Hưng Yên","Đã xóa trùng (Thành công) - Đã xóa thành công 2 bản trùng thừa, giữ lại bản chính #1","2026-09-19 22:00:03"
2693,"H31.05.02.H31.09.2017.1389","3 bản (DELETED_SUCCESS)","Về việc thẩm định báo cáo kinh tế kỹ thuật công trình tu bổ, tôn tạo Đình An Vũ, phường Hiến Nam, thành phố Hưng Yên","Đã xóa trùng (Thành công) - Đã xóa thành công 2 bản trùng thừa, giữ lại bản chính #1","2026-09-19 22:00:41"
2694,"H31.05.02.H31.09.2017.1388","3 bản (DELETED_SUCCESS)","Về việc thẩm định thiết kế bản vẽ thi công và dự toán điều chỉnh, bổ sung dự toán xây dựng phần còn lại Đền thờ Lạc Long Quân. Hạng mục san nền, tường rào tại thành phố Hưng Yên","Đã xóa trùng (Thành công) - Đã xóa thành công 2 bản trùng thừa, giữ lại bản chính #1","2026-09-19 22:04:24"
2695,"H31.05.02.H31.09.2017.1387","3 bản (DELETED_SUCCESS)","Về việc thẩm định thiết kế bản vẽ thi công Công trình: Nhà điều hành - Trường chất lượng cao Phước Huệ tại phường Lam Sơn, thành phố Hưng Yên","Đã xóa trùng (Thành công) - Đã xóa thành công 2 bản trùng thừa, giữ lại bản chính #1","2026-09-19 22:05:02"
2696,"H31.05.02.H31.09.2017.1386","3 bản (DELETED_SUCCESS)","Về việc thẩm định thiết kế bản vẽ thi công và dự toán - Nhà điều hành - Trường chất lượng cao Phước Huệ (trường mầm non tư thục Sao Sáng) tại phường Lam Sơn, thành phố Hưng Yên","Đã xóa trùng (Thành công) - Đã xóa thành công 2 bản trùng thừa, giữ lại bản chính #1","2026-09-19 22:05:40"
2697,"H31.05.02.H31.09.2016-2017.1385","3 bản (DELETED_SUCCESS)","Về việc thẩm định báo cáo kinh tế kỹ thuật - cải tạo - sửa chữa đội thuế Trung Nghĩa - Chi cục thuế thành phố Hưng Yên","Đã xóa trùng (Thành công) - Đã xóa thành công 2 bản trùng thừa, giữ lại bản chính #1","2026-09-19 22:06:18"
2698,"H31.05.02.H31.09.2017.1384","3 bản (DELETED_SUCCESS)","Về việc thẩm định báo cáo kinh tế kỹ thuật Phòng giao dịch Phố Hiến - Ngân hàng Thương mại Cổ phần Công thương Việt Nam - Chi nhánh Hưng Yên tại phường Quang Trung, thành phố Hưng Yên","Đã xóa trùng (Thành công) - Đã xóa thành công 2 bản trùng thừa, giữ lại bản chính #1","2026-09-19 22:06:56"
2699,"H31.05.02.H31.09.2017.1383","3 bản (DELETED_SUCCESS)","Về việc thẩm định thết kế bản vẽ và dự toán Nhà máy sản xuất sản phẩm nội thất Văn Phú của Công ty Cổ phần sản phẩm nội thất Văn Phú tại xã Phù Ủng huyện Ân Thi (tập 2)","Đã xóa trùng (Thành công) - Đã xóa thành công 2 bản trùng thừa, giữ lại bản chính #1","2026-09-19 22:07:34"
2700,"H31.05.02.H31.09.2017.1382","3 bản (DELETED_SUCCESS)","Về việc thẩm định thiết kế bản vẽ thi công và dự toán - Nhà máy sản xuất sản phẩm nội thất Văn Phú của Công ty cổ phần sản xuất sản phẩm nội thất Văn Phú tại xã Phù Ủng - Ân Thi (tập 1)","Đã xóa trùng (Thành công) - Đã xóa thành công 2 bản trùng thừa, giữ lại bản chính #1","2026-09-19 22:08:12"
2701,"H31.05.02.H31.09.2017.1381","3 bản (DELETED_SUCCESS)","Hồ sơ thẩm định thiết kế bản vẽ thi công và dự toán - Nhà máy sản xuất và chế biến nông sản thực phẩm của Công ty Cổ phần chế biến nông sản thực phẩm Hưng Việt tại xã Quang Vinh, huyện Ân Thi","Đã xóa trùng (Thành công) - Đã xóa thành công 2 bản trùng thừa, giữ lại bản chính #1","2026-09-19 22:08:50"
2702,"H31.05.02.H31.09.2017.1380","3 bản (DELETED_SUCCESS)","Thẩm định thiết kế cơ sở - Nhà máy sản xuất sản phẩm nội thất Văn Phú của Công ty Cổ phần Sản xuất sản phẩm nội thất Văn Phú tại xã Phù Ủng, huyện Ân Thi","Đã xóa trùng (Thành công) - Đã xóa thành công 2 bản trùng thừa, giữ lại bản chính #1","2026-09-19 22:09:28"
2703,"H31.05.02.H31.09.2017.1379","3 bản (DELETED_SUCCESS)","Về việc thẩm định thết kế cơ sở - Nhà máy sản xuất và chế biến nông sản thực phẩm của công ty cổ phần chế biến nông sản thực phẩm Hưng Việt tại xã Quang Vinh, huyện Ân Thi","Đã xóa trùng (Thành công) - Đã xóa thành công 2 bản trùng thừa, giữ lại bản chính #1","2026-09-19 22:10:06"
2704,"H31.05.02.H31.09.2017.1378","3 bản (DELETED_SUCCESS)","Về việc thẩm định báo cáo kinh tế kỹ thuật cải tạo, sửa chữa Đội thuế Hồng Quang, Chi cục thuế Ân Chi tại xã Hồng Quang","Đã xóa trùng (Thành công) - Đã xóa thành công 2 bản trùng thừa, giữ lại bản chính #1","2026-09-19 22:10:44"
2705,"H31.05.02.H31.09.2016-2017.1377","3 bản (DELETED_SUCCESS)","Về việc thẩm định báo cáo kinh tế kỹ thuật Cải tạo, sửa chữa đội thuế Hồng Quang - Chi cục thuế huyện Ân Thi tại xã Hồng Quang, huyện Ân Thi","Đã xóa trùng (Thành công) - Đã xóa thành công 2 bản trùng thừa, giữ lại bản chính #1","2026-09-19 22:11:22"
2706,"H31.05.02.H31.09.2017.1376","3 bản (DELETED_SUCCESS)","Về việc thẩm định Dự án Cải tạo nâng cấp cơ sở điều trị nghiện ma tuý tỉnh Hưng Yên tại xã Xuân Trúc, huyện Ân Thi","Đã xóa trùng (Thành công) - Đã xóa thành công 2 bản trùng thừa, giữ lại bản chính #1","2026-09-19 22:12:00"
2707,"H31.05.02.H31.09.2016.1373","2 bản (DELETED_SUCCESS)","Thẩm định thiết kế bản vẽ thi công và dự toán - khối nhà kỹ thuật nghiệp vụ 2 (N0.03B) dự án ĐTXD nâng cấp, mở rộng Bệnh viện đa khoa Phố Nối (gđ 2) (tập 3)","Đã xóa trùng (Thành công) - Đã xóa thành công 1 bản trùng thừa, giữ lại bản chính #1","2026-09-19 22:12:22"
2708,"H31.05.02.H31.09.2016.1372","2 bản (DELETED_SUCCESS)","Thẩm định thiết kế bản vẽ thi công và dự toán - khối nhà kỹ thuật nghiệp vụ 2 (N.03B) dự án ĐTXD nâng cấp, mở rộng bệnh viện đa khoa Phố Nối (gđ 2) (tập 2)","Đã xóa trùng (Thành công) - Đã xóa thành công 1 bản trùng thừa, giữ lại bản chính #1","2026-09-19 22:12:44"
2709,"H31.05.02.H31.09.2016.1371","3 bản (DELETED_SUCCESS)","Thẩm định thiết kế bản vẽ thi công và dự toán - khối nhà kỹ thuật nghiệp vụ 2 (N.03B) dự án ĐTXD nâng cấp, mở rộng bệnh viện đa khoa Phố Nối (giai đoạn 2) (tập 1)","Đã xóa trùng (Thành công) - Đã xóa thành công 2 bản trùng thừa, giữ lại bản chính #1","2026-09-19 22:13:22"
2710,"H31.05.02.H31.09.2017.1370","3 bản (DELETED_SUCCESS)","Thẩm định thiết kế bản vẽ thi công và dự toán - cải tạo, sửa chữa nhà điều trị tia xạ Bệnh viện Đa khoa tỉnh Hưng Yên","Đã xóa trùng (Thành công) - Đã xóa thành công 2 bản trùng thừa, giữ lại bản chính #1","2026-09-19 22:14:00"
2711,"H31.05.02.H31.09.2013.1369","3 bản (DELETED_SUCCESS)","Thẩm định báo cáo kinh tế kỹ thuật công trình cải tạo sửa chữa nhà điều trị tia xạ bệnh viện đa khoa tỉnh Hương Yên (tập 2)","Đã xóa trùng (Thành công) - Đã xóa thành công 2 bản trùng thừa, giữ lại bản chính #1","2026-09-19 22:14:39"
2712,"H31.05.02.H31.09.2016-2017.1367","3 bản (DELETED_SUCCESS)","Thẩm định báo cáo thiết kế kỹ thuật trụ sở làm việc trung tâm pháp y - tỉnh Hưng Yên (giai đoạn 1)","Đã xóa trùng (Thành công) - Đã xóa thành công 2 bản trùng thừa, giữ lại bản chính #1","2026-09-19 22:15:17"
2713,"H31.05.02.H31.09.2017.1368","3 bản (DELETED_SUCCESS)","Về việc thẩm định báo cáo kinh tế kỹ thuật công trình cải tạo sửa chữa nhà điều trị tia xạ Bệnh vện Đa khoa tỉnh Hưng Yên (tập 1)","Đã xóa trùng (Thành công) - Đã xóa thành công 2 bản trùng thừa, giữ lại bản chính #1","2026-09-19 22:15:55"
2714,"H31.05.02.H31.09.2017.1366","3 bản (DELETED_SUCCESS)","Thẩm định báo cáo kinh tế kỹ thuật sữa chữa nâng cấp đường nội bộ tại đường chính trị Nguyễn Văn Linh","Đã xóa trùng (Thành công) - Đã xóa thành công 2 bản trùng thừa, giữ lại bản chính #1","2026-09-19 22:16:33"
2715,"H31.05.02.H31.09.2017.1365","3 bản (DELETED_SUCCESS)","Về việc cải tạo, sửa chữa nhà để xe để làm phòng họp và bố trí làm việc chỗ làm việc cho các phòng của Ban quản lý dự án chuyên ngành CN - DD tỉnh Hưng Yên","Đã xóa trùng (Thành công) - Đã xóa thành công 2 bản trùng thừa, giữ lại bản chính #1","2026-09-19 22:17:11"
2716,"H31.05.02.H31.09.2017.1364","3 bản (DELETED_SUCCESS)","Thẩm định báo cáo kinh tế kỹ thuật - sửa chữa cải tạo trụ sở làm việc mới cho phù hợp với công năng của Thư viện tỉnh Hưng Yên","Đã xóa trùng (Thành công) - Đã xóa thành công 2 bản trùng thừa, giữ lại bản chính #1","2026-09-19 22:17:49"
2717,"H31.05.02.H31.09.2017.1363","3 bản (DELETED_SUCCESS)","Thẩm định thiết kế bản vẽ thi công và dự toán, cải tạo sửa chữa trụ sở làm việc thư viện tỉnh Hưng Yên","Đã xóa trùng (Thành công) - Đã xóa thành công 2 bản trùng thừa, giữ lại bản chính #1","2026-09-19 22:18:27"
2718,"H31.05.02.H31.09.2017.1362","1 bản (CLEAN_OK)","Thẩm định báo cáo kinh tế kỹ thuật cải tạo, sửa chữa nhà làm việc 4 tầng. Trụ sở làm việc Cục thuế tỉnh Hưng Yên (giai đoạn 2) tại phường Hiến Nam TPHY","Đạt chuẩn (1 bản duy nhất) - Hồ sơ chuẩn, không có bản trùng thừa","2026-09-20 14:27:49"
2719,"H31.05.02.H31.09.2017.1361","3 bản (DELETED_SUCCESS)","Thẩm định báo cáo kinh tế kỹ thuật mở rộng Trụ sở Sở Kế hoạch và Đầu tư tỉnh Hưng Yên năm 2015 (tập 2)","Đã xóa trùng (Thành công) - Đã xóa thành công 2 bản trùng thừa, giữ lại bản chính #1","2026-09-20 14:28:03"
2720,"H31.05.02.H31.09.2015.1360","3 bản (DELETED_SUCCESS)","Thẩm định báo cáo kinh tế kỹ thuật mở rộng Trụ sở Sở kế hoạch và Đầu tư tỉnh Hưng Yên (tập 1)","Đã xóa trùng (Thành công) - Đã xóa thành công 2 bản trùng thừa, giữ lại bản chính #1","2026-09-20 14:28:17"
2721,"H31.05.02.H31.09.2015-2017.1359","3 bản (DELETED_SUCCESS)","Thẩm định báo cáo kinh tế kỹ thuật mở rộng Trụ sở làm việc Sở Kế hoạch và Đầu tư năm 2017","Đã xóa trùng (Thành công) - Đã xóa thành công 2 bản trùng thừa, giữ lại bản chính #1","2026-09-20 14:28:31"
2722,"H31.05.02.H31.09.2017.1358","3 bản (DELETED_SUCCESS)","Thẩm định thiết kế bản vẽ thi công và dự toán xây dựng nhà để máy phát điện Trung tâm hội nghị tỉnh tại phường Hiến Nam, thành phố Hưng Yên","Đã xóa trùng (Thành công) - Đã xóa thành công 2 bản trùng thừa, giữ lại bản chính #1","2026-09-20 14:28:45"
2723,"H31.05.02.H31.09.2016-2017.1357","3 bản (DELETED_SUCCESS)","Thẩm định báo cáo kinh tế kỹ thuật cải tạo sửa chữa cổng tường rào Trụ sở 3 cơ quan Ban Nội chính Tỉnh ủy, Đảng ủy khối cơ quan tỉnh và Đảng ủy khối doanh nghiệp tỉnh Hưng Yên tại phường Minh Khai, thành phố Hưng Yên","Đã xóa trùng (Thành công) - Đã xóa thành công 2 bản trùng thừa, giữ lại bản chính #1","2026-09-20 14:28:59"
2724,"H31.05.02.H31.09.2015-2016.1356","3 bản (DELETED_SUCCESS)","Thẩm định báo cáo kinh tế kỹ thuật điều chỉnh bổ sung Công trình Cải tạo sửa chữa trụ sở Uỷ ban nhân dân tỉnh cũ","Đã xóa trùng (Thành công) - Đã xóa thành công 2 bản trùng thừa, giữ lại bản chính #1","2026-09-20 14:29:13"
2725,"H31.05.02.H31.09.2016.1353","3 bản (DELETED_SUCCESS)","Thẩm định thiết kế bản vẽ thi công và dự toán - Nhà điều hành công ty TNHH sản xuất & thương mại Tân Việt Anh tại xã Nghĩa Hiệp, huyện Yên Mỹ, tỉnh Hưng Yên","Đã xóa trùng (Thành công) - Đã xóa thành công 2 bản trùng thừa, giữ lại bản chính #1","2026-09-20 14:29:27"
2726,"H31.05.02.H31.09.2016.1352","3 bản (DELETED_SUCCESS)","Thấm định báo cáo kinh tế kỹ thuật trường tiểu học Tân Việt tại xã Tân Việt, huyện Yên Mỹ, tỉnh Hưng Yên","Đã xóa trùng (Thành công) - Đã xóa thành công 2 bản trùng thừa, giữ lại bản chính #1","2026-09-20 14:29:42"
2727,"H31.05.02.H31.09.2016.1351","3 bản (DELETED_SUCCESS)","Thẩm định báo cáo kinh tế các hạng mục phụ trợ và nhà lớp học mầm non thôn Liêu Trung, xã Liêu Xá, huyện Yên Mỹ, tỉnh Hưng Yên (tập 2)","Đã xóa trùng (Thành công) - Đã xóa thành công 2 bản trùng thừa, giữ lại bản chính #1","2026-09-20 14:30:20"
2728,"H31.05.02.H31.09.2016.1350","3 bản (DELETED_SUCCESS)","Thẩm định báo cáo kinh tế kỹ thuật các hạng mục phụ trợ và nhà lớp học mầm non thôn Liêu Trung, xã Liêu Xá, huyện Yên Mỹ, tỉnh Hưng Yên (tập 1)","Đã xóa trùng (Thành công) - Đã xóa thành công 2 bản trùng thừa, giữ lại bản chính #1","2026-09-20 14:30:58"
2729,"H31.05.02.H31.09.2016.1349","3 bản (DELETED_SUCCESS)","Thẩm định báo cáo kinh tế kỹ thuật Nhà văn hóa xã Tân Việt tại xã Tân Việt, huyện Yên Mỹ, tỉnh Hưng Yên","Đã xóa trùng (Thành công) - Đã xóa thành công 2 bản trùng thừa, giữ lại bản chính #1","2026-09-20 14:31:36"
2730,"H31.05.02.H31.09.2016.1348","3 bản (DELETED_SUCCESS)","Thẩm định báo cáo kinh tế kỹ thuật Nhà phụ trợ và các hạng mục phụ trợ phòng giao dịch huyện Yên Mỹ tại thị trấn Yên Mỹ, huyện Yên Mỹ, tỉnh Hưng Yên.","Đã xóa trùng (Thành công) - Đã xóa thành công 2 bản trùng thừa, giữ lại bản chính #1","2026-09-20 14:32:14"
2731,"H31.05.02.H31.09.2016.1347","3 bản (DELETED_SUCCESS)","Về việc thẩm định báo cáo kinh tế kỹ thuật nâng cấp nhà phụ trợ 2 tầng và một số hạng mục phụ trợ huyện Ủy Yên Mỹ","Đã xóa trùng (Thành công) - Đã xóa thành công 2 bản trùng thừa, giữ lại bản chính #1","2026-09-20 14:32:52"
2732,"H31.05.02.H31.09.2016.1346","3 bản (DELETED_SUCCESS)","Thẩm định báo cáo kinh tế kỹ - nhà lớp học 3 tầng 9 phòng trường Trung học cơ sở xã Tân Quang tại xã Tân Quang - huyện Văn Lâm - tỉnh Hưng Yên","Đã xóa trùng (Thành công) - Đã xóa thành công 2 bản trùng thừa, giữ lại bản chính #1","2026-09-20 14:33:30"
2733,"H31.05.02.H31.09.2016.1345","3 bản (DELETED_SUCCESS)","Thẩm định báo cáo kinh tế kỹ thuật nhà văn hóa xã Tân Quang tại xã Tân Quang - huyện Văn Lâm - tỉnh Hưng Yên.","Đã xóa trùng (Thành công) - Đã xóa thành công 2 bản trùng thừa, giữ lại bản chính #1","2026-09-20 14:34:08"
2734,"H31.05.02.H31.09.2016.1344","3 bản (DELETED_SUCCESS)","Thẩm định báo cáo kinh tế kỹ thuật trường Trung học cơ sơ xã Tân Lập huyện Yên Mỹ (tập 2) năm 2016","Đã xóa trùng (Thành công) - Đã xóa thành công 2 bản trùng thừa, giữ lại bản chính #1","2026-09-20 14:34:46"
2735,"H31.05.02.H31.09.2016.1342","3 bản (DELETED_SUCCESS)","Thẩm định thiết kế bản vẽ thi công và dự toán mở rộng khuôn viên và xây dựng nhà lớp học bếp Trường Mầm non Như Quỳnh B tại thị trấn Như Quỳnh, huyện Văn Lâm, tỉnh Hưng Yên","Đã xóa trùng (Thành công) - Đã xóa thành công 2 bản trùng thừa, giữ lại bản chính #1","2026-09-20 14:35:24"
2736,"H31.05.02.H31.09.2016.1343","3 bản (DELETED_SUCCESS)","Thẩm định báo cáo thiết kế kỹ thuật Trường Trung học cơ sở xã Tân Lập, huyện Mỹ Hảo, tỉnh Hưng Yên (tập 1)","Đã xóa trùng (Thành công) - Đã xóa thành công 2 bản trùng thừa, giữ lại bản chính #1","2026-09-20 14:36:02"
2737,"H31.05.02.H31.09.2016.1341","3 bản (DELETED_SUCCESS)","Thẩm định báo cáo kinh tế kỹ thuật nhà hiệu bộ và 1 số hạng mục phụ trợ trường Tiểu học Như Quỳnh B (khu B) tại thi trấn Như Quỳnh, huyện Văn Lâm, tỉnh Hưng Yên","Đã xóa trùng (Thành công) - Đã xóa thành công 2 bản trùng thừa, giữ lại bản chính #1","2026-09-20 14:36:40"
2738,"H31.05.02.H31.09.2016.1340","3 bản (DELETED_SUCCESS)","Thẩm định thiết kế bản vẽ thi công công trình nhà lớp học 3 tầng trường Tiểu bọc Như Quỳnh B (khu B), huyện Văn Lâm, tỉnh Hưng Yên","Đã xóa trùng (Thành công) - Đã xóa thành công 2 bản trùng thừa, giữ lại bản chính #1","2026-09-20 14:37:18"
2739,"H31.05.02.H31.09.2016.1338","3 bản (DELETED_SUCCESS)","Thẩm định thiết kế cơ sở trường Trung học phổ thông Hùng Vương tại xã Lạc Đạo - huyện Văn Lâm","Đã xóa trùng (Thành công) - Đã xóa thành công 2 bản trùng thừa, giữ lại bản chính #1","2026-09-20 14:37:56"
2740,"H31.05.02.H31.09.2016.1337","3 bản (DELETED_SUCCESS)","Thẩm định thiết kế bản vẽ thi công và dự toán đầu tư xây dựng Trường trung học phổ thông Hùng Vương tại xã Lạc Đạo, huyện Văn Lâm (tập 2)","Đã xóa trùng (Thành công) - Đã xóa thành công 2 bản trùng thừa, giữ lại bản chính #1","2026-09-20 14:38:34"
2741,"H31.05.02.H31.09.2016.1335","3 bản (DELETED_SUCCESS)","Thẩm định thiết kế bản vẽ thi công và dự toán nhà làm việc huyện Ủy Văn Lâm tại thị trấn Như Quỳnh, huyện Văn Lâm, tỉnh Hưng Yên","Đã xóa trùng (Thành công) - Đã xóa thành công 2 bản trùng thừa, giữ lại bản chính #1","2026-09-20 14:39:12"
2742,"H31.05.02.H31.09.2016.1334","3 bản (DELETED_SUCCESS)","Hồ sơ thẩm định dự án nhà làm việc huyện ủy Văn Lâm tại thị trấn Như Quỳnh huyện Văn Lâm tỉnh Hưng Yên","Đã xóa trùng (Thành công) - Đã xóa thành công 2 bản trùng thừa, giữ lại bản chính #1","2026-09-20 14:39:49"
2743,"H31.05.02.H31.09.2016.1333","3 bản (DELETED_SUCCESS)","Hồ sơ thẩm định báo cáo kinh tế kỹ thuật cải tạo sửa chữa nhà ký túc xã A3 cơ sở 1 của Trường Đại học tài chính - quản trị kinh doanh tại xã Trưng Trắc - huyện Văn Lâm - tỉnh Hưng Yên","Đã xóa trùng (Thành công) - Đã xóa thành công 2 bản trùng thừa, giữ lại bản chính #1","2026-09-20 14:40:25"
2744,"H31.05.02.H31.09.2016.1328","3 bản (DELETED_SUCCESS)","Thẩm định thiết kế bản vẽ thi công và dự toán Nhà thờ Họ Giáo Điềm Xá tại thôn Điềm Tây, xã Minh Phượng, huyện Tiên Lữ, tỉnh Hưng Yên","Đã xóa trùng (Thành công) - Đã xóa thành công 2 bản trùng thừa, giữ lại bản chính #1","2026-09-20 14:41:03"
2745,"H31.05.02.H31.09.2016.1327","3 bản (DELETED_SUCCESS)","Thẩm định thiết kế bản vẽ thi công và dự toán Trung tâm thương mại và nhà hàng XMEN tại thị trấn Vương - Huyện Tiên Lữ - Tỉnh Hưng Yên.","Đã xóa trùng (Thành công) - Đã xóa thành công 2 bản trùng thừa, giữ lại bản chính #1","2026-09-20 14:41:41"
2746,"H31.05.02.H31.09.2016.1326","3 bản (DELETED_SUCCESS)","Thẩm định dự án - Nhà văn hóa huyện Tiên Lữ tại thị trấn Vương, huyện Tiên Lữ, tỉnh Hưng Yên","Đã xóa trùng (Thành công) - Đã xóa thành công 2 bản trùng thừa, giữ lại bản chính #1","2026-09-20 14:42:19"
2747,"H31.05.02.H31.09.2016.1325","3 bản (DELETED_SUCCESS)","Thẩm định báo cáo kinh tế kỹ thuật - Trụ sở làm việc 2 tầng và các hạng mục phụ trợ Phòng Giáo dục Tiên Lữ tại thị trấn Vương, huyện Tiên Lữ, tỉnh Hưng Yên (tập 2)","Đã xóa trùng (Thành công) - Đã xóa thành công 2 bản trùng thừa, giữ lại bản chính #1","2026-09-20 14:42:57"
2748,"H31.05.02.H31.09.2016.1324","3 bản (DELETED_SUCCESS)","Về việc thẩm định báo cáo kinh tế kỹ thuật Trụ sở làm việc 2 tầng và các hạng mục phụ trợ Phòng Giáo dục Tiên Lữ tại thị trấn Vương, huyện Tiên Lữ, tỉnh Hưng Yên (tập 1)","Đã xóa trùng (Thành công) - Đã xóa thành công 2 bản trùng thừa, giữ lại bản chính #1","2026-09-20 14:43:35"
2749,"H31.05.02.H31.09.2016.1323","3 bản (DELETED_SUCCESS)","Thẩm định báo cáo kinh tế kỹ thuật - các hạng mục phụ trợ Trường tiểu học Tống Phan tại xã Tống Phan, huyện Phù Cừ, tỉnh Hưng Yên","Đã xóa trùng (Thành công) - Đã xóa thành công 2 bản trùng thừa, giữ lại bản chính #1","2026-09-20 14:44:13"
2750,"H31.05.02.H31.09.2016.1320","3 bản (DELETED_SUCCESS)","Hồ sơ thẩm định thiết kế cơ sở: nhà máy sản xuất thức ăn chăn nuôi Hưng Gia Nam của công ty cổ phần Hưng Gia Nam tại xã Dị Sử, huyện Mỹ Hào, tỉnh Hưng Yên (tập 1)","Đã xóa trùng (Thành công) - Đã xóa thành công 2 bản trùng thừa, giữ lại bản chính #1","2026-09-20 14:44:51"
2751,"H31.05.02.H31.09.2016.1321","3 bản (DELETED_SUCCESS)","Hồ sơ thẩm định thiết kế cơ sở - nhà máy sản xuất thức ăn chăn nuôi Hưng Gia Nam của công ty cổ phần Hưng Gia Nam tại xã Dị Sử, huyện Mỹ Hào, tỉnh Hưng Yên (tập 2)","Đã xóa trùng (Thành công) - Đã xóa thành công 2 bản trùng thừa, giữ lại bản chính #1","2026-09-20 14:45:29"
2752,"H31.05.02.H31.09.2016.1318","3 bản (DELETED_SUCCESS)","Hồ sơ thẩm định thiết kế bản vẽ thi công nhà máy sản xuất thức ăn chăn nuôi Hưng Gia Nam của công ty cổ phần Hưng Gia Nam tại cụm công nghiệp Dị Sử, thôn Nhân Vinh, xã Dị Sử, huyện Mỹ Hào","Đã xóa trùng (Thành công) - Đã xóa thành công 2 bản trùng thừa, giữ lại bản chính #1","2026-09-20 14:46:07"
2753,"H31.05.02.H31.09.2017.1317","3 bản (DELETED_SUCCESS)","Thẩm định thiết kế cơ sở - nhà máy cho thuê số 10, dự án hạ tầng khu công nghiệp Thăng Long II của công ty trách nhiệm hữu hạn khu CN Thăng Long II tại huyện Mỹ Hào, tỉnh Hưng Yên","Đã xóa trùng (Thành công) - Đã xóa thành công 2 bản trùng thừa, giữ lại bản chính #1","2026-09-20 14:46:45"
2754,"H31.05.02.H31.09.2016.1316","3 bản (DELETED_SUCCESS)","Về việc thẩm định thiết kế cơ sở - nhà điều hành sản xuất điện lực Mỹ Hào của tổng công ty điện lực miền Bắc tại xã Nghĩa Hiệp, huyện Yên Mỹ và xã Yên Nhân, huyện Mỹ Hào (tập 2)","Đã xóa trùng (Thành công) - Đã xóa thành công 2 bản trùng thừa, giữ lại bản chính #1","2026-09-20 14:47:23"
2755,"H31.05.02.H31.09.2015-2016.1315","3 bản (DELETED_SUCCESS)","Thẩm định thiết kế cơ sở - Nhà điều hành sản xuất điện lực Mỹ Hào của Tổng công ty Điện lực miền Bắc tại xã Nghĩa Hiệp,  huyện Yên Mỹ và thị trấn Bần Yên Nhân, huyện Mỹ Hào (tập 1)","Đã xóa trùng (Thành công) - Đã xóa thành công 2 bản trùng thừa, giữ lại bản chính #1","2026-09-20 14:48:01"
2756,"H31.05.02.H31.09.2016.1314","3 bản (DELETED_SUCCESS)","Thẩm định báo cáo kinh tế kỹ thuật nhà lớp học và nhà hiệu bộ trường mầm non tập trung - Tường mầm non thị trấn Bần Yên Nhân tại TT Bần Yên Nhân, huyện Mỹ Hào","Đã xóa trùng (Thành công) - Đã xóa thành công 2 bản trùng thừa, giữ lại bản chính #1","2026-09-20 14:48:39"
2757,"H31.05.02.H31.09.2016.1313","3 bản (DELETED_SUCCESS)","Thẩm định báo cáo kinh tế kỹ thuật - nhà lớp học kết hợp 1 số phòng hành chính Trường tiểu học thị trấn Bần Yên Nhân tại huyện Mỹ Hào, tỉnh Hưng Yên","Đã xóa trùng (Thành công) - Đã xóa thành công 2 bản trùng thừa, giữ lại bản chính #1","2026-09-20 14:49:17"
2758,"H31.05.02.H31.09.2016.1312","3 bản (DELETED_SUCCESS)","Thẩm định thiết kế cơ sở - cải tạo, chỉnh trang HTKT khu vực thôn Văn Nhuế, hạng mục nhà văn hóa thôn Văn Nhuế và điểm trường mầm non thôn Văn Nhuế tại thôn Văn Nhuế, thị trấn Bần Yên Nhân, huyện Mỹ Hào, tỉnh Hưng Yên","Đã xóa trùng (Thành công) - Đã xóa thành công 2 bản trùng thừa, giữ lại bản chính #1","2026-09-20 14:49:55"
2759,"H31.05.02.H31.09.2016.1309","3 bản (DELETED_SUCCESS)","Thẩm định thiết kế cơ sở - tu bổ, tôn tạo Di tích lịch sử đình Phục Lễ tại xã Hùng An - huyện Kim Động","Đã xóa trùng (Thành công) - Đã xóa thành công 2 bản trùng thừa, giữ lại bản chính #1","2026-09-20 14:50:33"
2760,"H31.05.02.H31.09.2016.1310","3 bản (DELETED_SUCCESS)","Thẩm định báo cáo kinh tế kỹ thuật xây dựng mới nhà lớp học 2 tầng 4 phòng trường Trung học cơ sở Hòa Phong tại xã Hòa Phong huyện Mỹ Hào, tỉnh Hưng Yên","Đã xóa trùng (Thành công) - Đã xóa thành công 2 bản trùng thừa, giữ lại bản chính #1","2026-09-20 14:51:11"
2761,"H31.05.02.H31.09.2016.1308","3 bản (DELETED_SUCCESS)","Về việc thẩm định báo cáo kinh tế kỹ thuật Trường mầm non Toàn Thắng, huyện Kim Động, tỉnh Hưng Yên","Đã xóa trùng (Thành công) - Đã xóa thành công 2 bản trùng thừa, giữ lại bản chính #1","2026-09-20 14:51:49"
2762,"H31.05.02.H31.09.2016.1307","3 bản (DELETED_SUCCESS)","Hồ sơ thẩm định báo cáo kinh tế kỹ thuật khối nhà phục vụ học tập, trường Tiểu học xã Thọ Vinh, huyện Kim Động, tỉnh Hưng Yên","Đã xóa trùng (Thành công) - Đã xóa thành công 2 bản trùng thừa, giữ lại bản chính #1","2026-09-20 14:52:27"
2763,"H31.05.02.H31.09.2016.1306","3 bản (DELETED_SUCCESS)","Hồ sơ thẩm định báo cáo kinh tế kỹ thuật nhà lớp học bộ môn trường Trung học cơ sở xã Thọ Vinh, huyện Kim Động, tỉnh Hưng Yên","Đã xóa trùng (Thành công) - Đã xóa thành công 2 bản trùng thừa, giữ lại bản chính #1","2026-09-20 14:53:05"
2764,"H31.05.02.H31.09.2016.1305","3 bản (DELETED_SUCCESS)","Thẩm định báo cáo kinh tế kỹ thuật tế kỹ thuật nhà hiệu bộ và các phòng chức năng trường Trung học cơ sở xã Đồng Thanh, huyện Kim Động","Đã xóa trùng (Thành công) - Đã xóa thành công 2 bản trùng thừa, giữ lại bản chính #1","2026-09-20 14:53:43"
2765,"H31.05.02.H31.09.2016.1304","3 bản (DELETED_SUCCESS)","Thẩm định báo cáo kinh tế kỹ thuật nhà lớp học bộ môn và phục vụ học tập của. Trường THPT Nghĩa Dân tại xã Nghĩa Dân, huyện Kim Động","Đã xóa trùng (Thành công) - Đã xóa thành công 2 bản trùng thừa, giữ lại bản chính #1","2026-09-20 14:54:21"
2766,"H31.05.02.H31.09.2016.1303","3 bản (DELETED_SUCCESS)","Thẩm định báo cáo kinh tế kỹ thuật nhà lớp học lý thuyết và thư viện trường Trung học phổ thông Kim Động tại Lương Bằng - huyện Kim Động - tỉnh Hưng Yên","Đã xóa trùng (Thành công) - Đã xóa thành công 2 bản trùng thừa, giữ lại bản chính #1","2026-09-20 15:15:43"
2767,"H31.05.02.H31.09.2016.1302","3 bản (DELETED_SUCCESS)","Thẩm định dự án - Trụ sở làm việc chi cục thuế huyện Kim Động tại xã Chính Nghĩa - huyện Kim Động - tỉnh Hưng Yên","Đã xóa trùng (Thành công) - Đã xóa thành công 2 bản trùng thừa, giữ lại bản chính #1","2026-09-20 15:16:21"
2768,"H31.05.02.H31.09.2009-2016.1299","3 bản (DELETED_SUCCESS)","Hồ sơ về việc thẩm định thiết kế bản vẽ thi công và dự toán điều chỉnh chi tiết tiết diện cột bê tông cốt thép gói số 3, 4 kho lương thực số 1, 2 dự án kho dự trữ Trường Xá (giai đoạn 1) (tập 1)","Đã xóa trùng (Thành công) - Đã xóa thành công 2 bản trùng thừa, giữ lại bản chính #1","2026-09-20 15:16:59"
2769,"H31.05.02.H31.09.2015-2016.1298","3 bản (DELETED_SUCCESS)","Về việc thẩm định báo cáo kinh tế kỹ thuật - xây dựng đền thờ Triệu Quang Phục (tại khu vực khoanh vùng bảo vệ II của di tích đền Dạ Trạch); Hạng mục: Đền chính, san nền sân tại xã Dạ Trạch - Khoái Châu","Đã xóa trùng (Thành công) - Đã xóa thành công 2 bản trùng thừa, giữ lại bản chính #1","2026-09-20 15:17:37"
2770,"H31.05.02.H31.09.2016.1297","2 bản (DELETED_SUCCESS)","Về việc thẩm định thiết kế cơ sở - bổ sung dự án đầu tư xây dựng trụ sở làm việc Chi cục thuế huyện Khoái Châu","Đã xóa trùng (Thành công) - Đã xóa thành công 1 bản trùng thừa, giữ lại bản chính #1","2026-09-20 15:17:59"
2771,"H31.05.02.H31.09.2016.1296","2 bản (DELETED_SUCCESS)","Về việc thẩm định thiết kế bản vẽ thi công và dự toán Siêu thị sách của Công ty Cổ phần phát hành sách và thiết bị trường học Hưng Yên tại phường An Tảo, thành phố Hưng Yên.","Đã xóa trùng (Thành công) - Đã xóa thành công 1 bản trùng thừa, giữ lại bản chính #1","2026-09-20 15:18:21"
2772,"H31.05.02.H31.09.2015-2016.1295","3 bản (DELETED_SUCCESS)","Về việc thẩm định thiết kế cơ sở Siêu thị sách của Công ty cổ phần phát hành sách và thiết bị trường học Hưng Yên tại phường An Tảo, thành phố Hưng Yên","Đã xóa trùng (Thành công) - Đã xóa thành công 2 bản trùng thừa, giữ lại bản chính #1","2026-09-20 15:18:59"
2773,"H31.05.02.H31.09.2016.1294","3 bản (DELETED_SUCCESS)","Hồ sơ về việc thẩm định báo cáo kinh tế kỹ thuật Trụ sở làm việc Đảng ủy, Hội đồng nhân dân, Ủy ban nhân dân và hội trường - Phường Minh Khai - thành phố Hưng Yên (tập 2)","Đã xóa trùng (Thành công) - Đã xóa thành công 2 bản trùng thừa, giữ lại bản chính #1","2026-09-20 15:19:37"
2774,"H31.05.02.H31.09.2016.1293","3 bản (DELETED_SUCCESS)","Về việc thẩm định báo cáo kinh tế kỹ thuật Trụ sở làm việc Đảng ủy, Hội đồng nhân dân, Ủy ban nhân dân và hội trường phường Minh Khai, phường Minh Khai, thành phố Hưng Yên (tập 1)","Đã xóa trùng (Thành công) - Đã xóa thành công 2 bản trùng thừa, giữ lại bản chính #1","2026-09-20 15:20:15"
2775,"H31.05.02.H31.09.2016.1292","3 bản (DELETED_SUCCESS)","Về việc thẩm định báo cáo kinh tế kỹ thuật nhà lớp học bộ môn Trường Trung học cơ sở Bảo Khê tại xã Bảo Khê, thành phố Hưng Yên","Đã xóa trùng (Thành công) - Đã xóa thành công 2 bản trùng thừa, giữ lại bản chính #1","2026-09-20 15:20:53"
2776,"H31.05.02.H31.09.2016.1291","3 bản (DELETED_SUCCESS)","Về việc thẩm định báo cáo kinh tế kỹ thuật xây mới nhà phụ trợ và các hạng mục phụ trợ Ngân hàng chính sách xã hội Chi nhánh tỉnh Hưng Yên tại thành phố Hưng Yên","Đã xóa trùng (Thành công) - Đã xóa thành công 2 bản trùng thừa, giữ lại bản chính #1","2026-09-20 15:21:31"
2777,"H31.05.02.H31.09.2016.1290","3 bản (DELETED_SUCCESS)","Về việc thẩm định thiết kế bản vẽ thi công và dự toán - Trung tâm kỹ thuật tổng hợp hướng nghiệp thành phố Hưng Yên, hạng mục Cổng hàng rào","Đã xóa trùng (Thành công) - Đã xóa thành công 2 bản trùng thừa, giữ lại bản chính #1","2026-09-20 15:22:09"
2778,"H31.05.02.H31.09.2016.1289","3 bản (DELETED_SUCCESS)","Về việc thẩm định báo cáo kinh tế kỹ thuật cải tạo sửa chữa bảo tồn công trình Nhà Thành của Trung tâm giáo dục thường xuyên tỉnh Hưng Yên tại phường Quang Trung, thành phố Hưng Yên","Đã xóa trùng (Thành công) - Đã xóa thành công 2 bản trùng thừa, giữ lại bản chính #1","2026-09-20 15:22:47"
2779,"H31.05.02.H31.09.2016.1288","3 bản (DELETED_SUCCESS)","Về việc thẩm định thiết kế cơ sở - thẩm định điều chỉnh, bổ sung Trụ sở làm việc Thành ủy, Ủy ban mặt trận tổ quốc và các đoàn thể thành phố Hưng Yên","Đã xóa trùng (Thành công) - Đã xóa thành công 2 bản trùng thừa, giữ lại bản chính #1","2026-09-20 15:23:25"
2780,"H31.05.02.H31.09.2016.1287","3 bản (DELETED_SUCCESS)","Về việc thẩm định thiết kế bản vẽ thi công và dự toán - xây nhà chung giáo xứ Ngọc Châu tại thôn Ngọc Châu, xã Quang Vinh, huyện Ân Thi","Đã xóa trùng (Thành công) - Đã xóa thành công 2 bản trùng thừa, giữ lại bản chính #1","2026-09-20 15:24:03"
2781,"H31.05.02.H31.09.2016.1286","3 bản (DELETED_SUCCESS)","Về việc thẩm định báo cáo kinh tế kỹ thuật nhà phụ trợ và các hạng mục phụ trợ Phòng giao dịch Ngân hàng chính sách xã hội huyện Ân Thi","Đã xóa trùng (Thành công) - Đã xóa thành công 2 bản trùng thừa, giữ lại bản chính #1","2026-09-20 15:24:41"
2782,"H31.05.02.H31.09.2016.1285","3 bản (DELETED_SUCCESS)","Về việc thẩm định báo cáo kinh tế kỹ thuật Nhà lớp học bộ môn và các hạng mục phụ trợ Trường THPT Phạm Ngũ Lão tại xã Tân Phúc, huyện Ân Thi","Đã xóa trùng (Thành công) - Đã xóa thành công 2 bản trùng thừa, giữ lại bản chính #1","2026-09-20 15:25:19"
2783,"H31.05.02.H31.09.2016.1284","3 bản (DELETED_SUCCESS)","Hồ sơ về việc thẩm định thiết kế bản vẽ thi công và dự toán khu trưng bày, giới thiệu sản phẩm và xưởng cơ khí thực hành nghề cho học sinh, sinh viên của Trường cao đẳng nghề kinh tế kỹ thuật Tô Hiệu, Hưng Yên tại xã Tân Tiến Khoái Châu","Đã xóa trùng (Thành công) - Đã xóa thành công 2 bản trùng thừa, giữ lại bản chính #1","2026-09-20 15:25:57"
2784,"H31.05.02.H31.09.2016.1283","3 bản (DELETED_SUCCESS)","Hồ sơ về việc thẩm định thiết kế bản vẽ thi công và dự toán công trình Trung tâm điều dưỡng người có công tỉnh Hưng Yên","Đã xóa trùng (Thành công) - Đã xóa thành công 2 bản trùng thừa, giữ lại bản chính #1","2026-09-20 15:26:35"
2785,"H31.05.02.H31.09.2016.1282","3 bản (DELETED_SUCCESS)","Hồ sơ về việc Thông báo kết quả thẩm định hạng mục phá dỡ Trung tâm Điều dưỡng Tâm thần kinh tỉnh Hưng Yên","Đã xóa trùng (Thành công) - Đã xóa thành công 2 bản trùng thừa, giữ lại bản chính #1","2026-09-20 15:27:13"
2786,"H31.05.02.H31.09.2016.1281","3 bản (DELETED_SUCCESS)","Hồ sơ về việc thẩm định báo cáo kinh tế kỹ thuật - Cải tạo sửa chữa, chỉnh trang và cung cấp thiết bị cho Trung tâm điều dưỡng tâm thần kinh tỉnh Hưng Yên","Đã xóa trùng (Thành công) - Đã xóa thành công 2 bản trùng thừa, giữ lại bản chính #1","2026-09-20 15:27:51"
2787,"H31.05.02.H31.09.2016.1280","3 bản (DELETED_SUCCESS)","Về việc thẩm định dự án - Trung tâm phòng chống HIV/AIDS và các bệnh nhiệt đới, hạng mục: nhà kỹ thuật khoa chống nhiễm khuẩn, khoa dinh dưỡng, nhà đại thể và các hạng mục phụ trợ","Đã xóa trùng (Thành công) - Đã xóa thành công 2 bản trùng thừa, giữ lại bản chính #1","2026-09-20 15:28:29"
2788,"H31.05.02.H31.09.2016.1279","3 bản (DELETED_SUCCESS)","Về việc thẩm định thiết kế cơ sở - Báo cáo nghiên cứu khả thi nâng cấp, mở rộng và mua sắm trang thiết bị Bệnh viện y học cổ truyền Hưng Yên (tập 2)","Đã xóa trùng (Thành công) - Đã xóa thành công 2 bản trùng thừa, giữ lại bản chính #1","2026-09-20 15:29:07"
2789,"H31.05.02.H31.09.2016.1277","3 bản (DELETED_SUCCESS)","Về việc thẩm định thiết kế bản vẽ thi công và dự toán khu xử lý khí nén, hơi cấp cho Trung tâm hấp sấy, nhà để xe và hệ thống sân, đường nội bộ, bồn cây, hoa, hệ thống cấp, thoát nước, phòng cháy chữa cháy, cấp điện (giai đoạn 2) của Bệnh viện sản nhi Hưng Yên","Đã xóa trùng (Thành công) - Đã xóa thành công 2 bản trùng thừa, giữ lại bản chính #1","2026-09-20 15:29:45"
2790,"H31.05.02.H31.09.2016.1278","3 bản (DELETED_SUCCESS)","Về việc thẩm định thiết kế cơ sở - Báo cáo nghiên cứu khả thi nâng cấp, mở rộng và mua sắm trang thiết bị Bệnh viện y học cổ truyền Hưng Yên (tập 1).","Đã xóa trùng (Thành công) - Đã xóa thành công 2 bản trùng thừa, giữ lại bản chính #1","2026-09-20 15:30:23"
2791,"H31.05.02.H31.09.2016.1275A","3 bản (DELETED_SUCCESS)","Thẩm định thiết kế bản vẽ thi công dự toán điều chỉnh công trình bệnh viện Mắt Hưng Yên Gđ 2 thuộc dự án xây dựng công trình cải tạo, nâng cấp mở rộng Bệnh viện Mắt Hưng Yên","Đã xóa trùng (Thành công) - Đã xóa thành công 2 bản trùng thừa, giữ lại bản chính #1","2026-09-20 16:59:57"
2792,"H31.05.02.H31.09.2016.1275","4 bản (ERROR_SKIPPED)","Thẩm định thiết kế bản vẽ thi công dự toán điều chỉnh công trình bệnh viện Mắt Hưng Yên Gđ 2 thuộc dự án xây dựng công trình cải tạo, nâng cấp mở rộng Bệnh viện Mắt Hưng Yên","Bỏ qua (Lỗi máy chủ) - Đã thử gửi lệnh xóa nhưng máy chủ Vinasynet không cập nhật (bản ghi bị khóa)","2026-09-20 17:00:25"
2793,"H31.05.02.H31.09.2016.1274","3 bản (DELETED_SUCCESS)","Về việc thẩm định báo cáo kinh tế kỹ thuật - cải tạo đơn nguyên sơ sinh của Bệnh viện Đa khoa tỉnh, đa khoa Phố Nối và Trung tâm y tế huyện Phù Cừ","Đã xóa trùng (Thành công) - Đã xóa thành công 2 bản trùng thừa, giữ lại bản chính #1","2026-09-20 17:01:03"
2794,"H31.05.02.H31.09.2016.1273","3 bản (DELETED_SUCCESS)","Về việc thẩm định báo cáo kinh tế kỹ thuật - Cải tạo, nâng cấp sân đường, bồn cây và thoát nước mặt, thoát nước thải - Bệnh viện Đa khoa tỉnh Hưng Yên","Đã xóa trùng (Thành công) - Đã xóa thành công 2 bản trùng thừa, giữ lại bản chính #1","2026-09-20 17:01:41"
2795,"H31.05.02.H31.09.2016.1272","3 bản (DELETED_SUCCESS)","Về việc thẩm định báo cáo kinh tế kỹ thuật - Nhà khoa kiểm soát nhiễm khuẩn, phòng vật tư thiết bị y tế Bệnh viện Đa khoa tỉnh Hưng Yên","Đã xóa trùng (Thành công) - Đã xóa thành công 2 bản trùng thừa, giữ lại bản chính #1","2026-09-20 17:02:19"
2796,"H31.05.02.H31.09.2015-2016.1271","3 bản (DELETED_SUCCESS)","Hồ sơ về việc thẩm định thiết kế bản vẽ thi công và dự toán Bệnh viện đa khoa tỉnh Hưng Yên tại khuôn viên Bệnh viện","Đã xóa trùng (Thành công) - Đã xóa thành công 2 bản trùng thừa, giữ lại bản chính #1","2026-09-20 17:02:53"
2797,"H31.05.02.H31.09.2014-2017.1270","3 bản (DELETED_SUCCESS)","Hồ sơ về việc thẩm định báo cáo kinh tế kỹ thuật - cải tạo, sửa chữa nhà làm việc 4 tầng - trụ sở làm việc Cục thuế tỉnh Hưng Yên","Đã xóa trùng (Thành công) - Đã xóa thành công 2 bản trùng thừa, giữ lại bản chính #1","2026-09-20 17:03:31"
2798,"H31.05.02.H31.09.2016.1265","3 bản (DELETED_SUCCESS)","Về việc thẩm định thiết kế bản vẽ thi công các dư toán công trình cải tạo nâng cấp trụ sở làm việc từ 3 tăng lên 4 tầng để làm kho lưu trữ hồ sơ của sở tài nguyên và môi trường tính Hưng Yên","Đã xóa trùng (Thành công) - Đã xóa thành công 2 bản trùng thừa, giữ lại bản chính #1","2026-09-20 17:04:09"
2799,"H31.05.02.H31.09.2016.1264","3 bản (DELETED_SUCCESS)","Về việc thẩm định báo cáo kinh tế kỹ thuật công trình cải tạo sửa chữa đơn nguyên nhà làm việc 3 tầng phía trước và cổng tường rào Thanh tra tỉnh Hưng Yên","Đã xóa trùng (Thành công) - Đã xóa thành công 2 bản trùng thừa, giữ lại bản chính #1","2026-09-20 17:04:47"
2800,"H31.05.02.H31.09.2016.1259","3 bản (DELETED_SUCCESS)","Về việc thẩm định thiết kế bản vẽ thi công và dự toán điều chỉnh móng cọc bê tông cốt thép khối nhà phục vụ Trung tâm hội nghị tỉnh Hưng Yên","Đã xóa trùng (Thành công) - Đã xóa thành công 2 bản trùng thừa, giữ lại bản chính #1","2026-09-20 17:05:26"
2801,"H31.05.02.H31.09.2015-2016.1260","3 bản (DELETED_SUCCESS)","Về việc thẩm định báo cáo kinh tế kỹ thuật sửa chữa, chỉnh trang trụ sở Tỉnh ủy Hưng Yên","Đã xóa trùng (Thành công) - Đã xóa thành công 2 bản trùng thừa, giữ lại bản chính #1","2026-09-20 17:06:04"
2802,"H31.05.02.H31.09.2015.1258","3 bản (DELETED_SUCCESS)","Thẩm định báo cáo kinh tế kỹ thuật - Nhà lớp học 2 tầng 4 phòng và các hạng mục phụ trợ trường mầm non xóm Thượng, thôn Trai Trang tại thị trấn Yên Mỹ, huyện Yên Mỹ","Đã xóa trùng (Thành công) - Đã xóa thành công 2 bản trùng thừa, giữ lại bản chính #1","2026-09-20 17:06:42"
2803,"H31.05.02.H31.09.2015.1257","3 bản (DELETED_SUCCESS)","Thẩm định báo cáo kinh tế kỹ thuật Nhà lớp học 3 tầng 18 phòng Trường Tiểu học I thị trấn Yên Mỹ, huyện Yên Mỹ","Đã xóa trùng (Thành công) - Đã xóa thành công 2 bản trùng thừa, giữ lại bản chính #1","2026-09-20 17:07:20"
2804,"H31.05.02.H31.09.2015.1256","3 bản (DELETED_SUCCESS)","Hồ sơ thẩm định báo cáo kinh tế kỹ thuật - Trang trí quan cảnh khu thị trấn huyện Yên Mỹ tại huyện Yên Mỹ, Hưng Yên","Đã xóa trùng (Thành công) - Đã xóa thành công 2 bản trùng thừa, giữ lại bản chính #1","2026-09-20 17:07:58"
2805,"H31.05.02.H31.09.2015.1255","3 bản (DELETED_SUCCESS)","Hồ sơ thẩm định báo cáo kinh tế kỹ thuật - các hạng mục phụ trợ đền tưởng niệm các anh hùng liệt sỹ huyện Yên Mỹ tại xã Tân Lập, huyện Yên Mỹ","Đã xóa trùng (Thành công) - Đã xóa thành công 2 bản trùng thừa, giữ lại bản chính #1","2026-09-20 17:08:36"
2806,"H31.05.02.H31.09.2015.1254","3 bản (DELETED_SUCCESS)","Thẩm định Báo cáo kinh tế kỹ thuật xây dựng công trình Nhà hiệu bộ trường trung học cơ sở xã Việt Hưng, huyện Văn Lâm, tỉnh Hưng Yên","Đã xóa trùng (Thành công) - Đã xóa thành công 2 bản trùng thừa, giữ lại bản chính #1","2026-09-20 17:09:14"
2807,"H31.05.02.H31.09.2015.1253","3 bản (DELETED_SUCCESS)","Thẩm định báo cáo kinh tế kỹ thuật -  Nhà lớp học 3 tầng 12 phòng Trường Tiểu học xã Tân Quang tại xã Tân Quang, huyện Văn Lâm, tỉnh hưng Yên","Đã xóa trùng (Thành công) - Đã xóa thành công 2 bản trùng thừa, giữ lại bản chính #1","2026-09-20 17:09:52"
2808,"H31.05.02.H31.09.2015.1252","3 bản (DELETED_SUCCESS)","Thẩm định báo cáo kinh tế kỹ thuật Nhà văn hóa xã Minh Hải tại xã Minh Hải, huyện Văn Lâm","Đã xóa trùng (Thành công) - Đã xóa thành công 2 bản trùng thừa, giữ lại bản chính #1","2026-09-20 17:10:30"
2809,"H31.05.02.H31.09.2015.1251","3 bản (DELETED_SUCCESS)","Thẩm định báo cáo kinh tế kỹ thuật Nhà hiệu bộ Trường Trung học cơ sở xã Minh Hải tại xã Minh Hải, huyện Văn Lâm","Đã xóa trùng (Thành công) - Đã xóa thành công 2 bản trùng thừa, giữ lại bản chính #1","2026-09-20 17:11:08"
2810,"H31.05.02.H31.09.2015.1250","3 bản (DELETED_SUCCESS)","Thẩm định báo cáo kinh tế kỹ thuật - Nhà lớp học bộ môn và một số phòng hành chính Trường Trung học cơ sở Lạc Hồng tại xã Lạc Hồng - Văn Lâm","Đã xóa trùng (Thành công) - Đã xóa thành công 2 bản trùng thừa, giữ lại bản chính #1","2026-09-20 17:11:46"
2811,"H31.05.02.H31.09.2015.1249","3 bản (DELETED_SUCCESS)","Thẩm định báo cáo kinh tế kỹ thuật - Nhà lớp học, bếp Trường mầm non Như Quỳnh B tại thị trấn Như Quỳnh, huyện Văn Lâm","Đã xóa trùng (Thành công) - Đã xóa thành công 2 bản trùng thừa, giữ lại bản chính #1","2026-09-20 17:12:24"
2812,"H31.05.02.H31.09.2015.1248","3 bản (DELETED_SUCCESS)","Thẩm định báo cáo kinh tế kỹ thuật xây dựng cổng chào xã Lạc Đạo, huyện Văn Lâm, tỉnh Hưng Yên","Đã xóa trùng (Thành công) - Đã xóa thành công 2 bản trùng thừa, giữ lại bản chính #1","2026-09-20 17:13:02"
2813,"H31.05.02.H31.09.2015.1247","3 bản (DELETED_SUCCESS)","Thẩm tra thiết kế công trình Trụ sở làm việc Bảo hiểm xã hội huyện Văn Lâm (tập 2)","Đã xóa trùng (Thành công) - Đã xóa thành công 2 bản trùng thừa, giữ lại bản chính #1","2026-09-20 17:13:40"
2814,"H31.05.02.H31.09.2015.1246","3 bản (DELETED_SUCCESS)","Thẩm tra thiết kế công trình Trụ sở làm việc Bảo hiểm xã hội huyện Văn Lâm (tập 1)","Đã xóa trùng (Thành công) - Đã xóa thành công 2 bản trùng thừa, giữ lại bản chính #1","2026-09-20 17:14:18"
2815,"H31.05.02.H31.09.2015.1245","3 bản (DELETED_SUCCESS)","Thẩm định báo cáo kinh tế kỹ thuật - Nhà lớp học bộ môn trường trung học phổ thông Dương Quảng Hàm tại xã Liên Nghĩa, huyện Văn Giang, tỉnh Hưng Yên","Đã xóa trùng (Thành công) - Đã xóa thành công 2 bản trùng thừa, giữ lại bản chính #1","2026-09-20 17:14:56"
2816,"H31.05.02.H31.09.2015.1244","3 bản (DELETED_SUCCESS)","Thẩm định thiết kế cơ sở dự án đầu tư xây dựng công trình mở rộng trụ sở làm việc Chi cục thuế huyện Văn Giang tại khu hành chính - huyện Văn Giang (tập 2)","Đã xóa trùng (Thành công) - Đã xóa thành công 2 bản trùng thừa, giữ lại bản chính #1","2026-09-20 17:15:34"
2817,"H31.05.02.H31.09.2014-2015.1243","3 bản (DELETED_SUCCESS)","Thẩm định thiết kế cơ sở dự án đầu tư xây dựng công trình mở rộng trụ sở làm việc Chi cục thuế huyện văn Giang tại khu hành chính - huyện Văn Giang (tập 1)","Đã xóa trùng (Thành công) - Đã xóa thành công 2 bản trùng thừa, giữ lại bản chính #1","2026-09-20 17:16:12"
2818,"H31.05.02.H31.09.2015.1242","3 bản (DELETED_SUCCESS)","Thẩm định báo cáo kinh tế kỹ thuật. Nhà lớp học bộ môn của trường trung học phổ thông Trần Hưng Đạo tại xã Thiện Phiến, huyện Tiên Lữ","Đã xóa trùng (Thành công) - Đã xóa thành công 2 bản trùng thừa, giữ lại bản chính #1","2026-09-20 17:16:50"
2819,"H31.05.02.H31.09.2015.1241","3 bản (DELETED_SUCCESS)","Thẩm định báo cáo kinh tế kỹ thuật Nhà lớp học bộ môn Trường Trung học phổ thông Nam Phù Cừ","Đã xóa trùng (Thành công) - Đã xóa thành công 2 bản trùng thừa, giữ lại bản chính #1","2026-09-20 17:22:54"
2820,"H31.05.02.H31.09.2015.1240","3 bản (DELETED_SUCCESS)","Thẩm định báo cáo kinh tế kỹ thuật - Trường Mầm non Minh Đức tại xã Minh Đức, huyện Mỹ Hào","Đã xóa trùng (Thành công) - Đã xóa thành công 2 bản trùng thừa, giữ lại bản chính #1","2026-09-20 17:23:21"
2821,"H31.05.02.H31.09.2015.1239","3 bản (DELETED_SUCCESS)","Thẩm định báo cáo kinh tế kỹ thuật - Nhà lớp học bộ môn và một số phòng hành chính Trường Tiểu học xã Ngọc Lâm tại xã Ngọc Lâm, huyện Mỹ Hào","Đã xóa trùng (Thành công) - Đã xóa thành công 2 bản trùng thừa, giữ lại bản chính #1","2026-09-20 17:23:35"
2822,"H31.05.02.H31.09.2015.1238","3 bản (DELETED_SUCCESS)","Thẩm định báo cáo kinh tế kỹ thuật công trình Cải tạo, sửa chữa Nhà văn hóa trung tâm huyện Mỹ Hào tại thị trấn Bần Yên Nhân, huyện Mỹ Hào","Đã xóa trùng (Thành công) - Đã xóa thành công 2 bản trùng thừa, giữ lại bản chính #1","2026-09-20 17:23:49"
2823,"H31.05.02.H31.09.2015.1237","3 bản (DELETED_SUCCESS)","Thẩm định báo cáo kinh tế kỹ thuật cải tạo, nâng cấp Nghĩa trang liệt sỹ xã Thọ Vinh, huyện Kim Động, tỉnh Hưng Yên.","Đã xóa trùng (Thành công) - Đã xóa thành công 2 bản trùng thừa, giữ lại bản chính #1","2026-09-20 17:24:03"
2824,"H31.05.02.H31.09.2015.1236","3 bản (DELETED_SUCCESS)","Thẩm định hồ sơ thiết kế bản vẽ thi công dự án cải tạo, nâng cấp Nghĩa trang liệt sỹ xã Phú Thịnh. Hạng mục: Cải tạo, nhà bia, mộ, cổng, tường rào tại xã Phú Thịnh, huyện Kim Động","Đã xóa trùng (Thành công) - Đã xóa thành công 2 bản trùng thừa, giữ lại bản chính #1","2026-09-20 17:24:17"
2825,"H31.05.02.H31.09.2015.1235","3 bản (DELETED_SUCCESS)","Thẩm định báo cáo kinh tế kỹ thuật - Nhà lớp học 3 tầng 12 phòng - Trường Tiểu học xã Nghĩa Dân, huyện Kim Động","Đã xóa trùng (Thành công) - Đã xóa thành công 2 bản trùng thừa, giữ lại bản chính #1","2026-09-20 17:24:31"
2826,"H31.05.02.H31.09.2015.1234","3 bản (DELETED_SUCCESS)","Thẩm định báo cáo kinh tế kỹ thuật trường mầm non xã Đức Hợp tại xã Đức Hợp, huyện Kim Động, tỉnh Hưng Yên (tập 2)","Đã xóa trùng (Thành công) - Đã xóa thành công 2 bản trùng thừa, giữ lại bản chính #1","2026-09-20 17:24:45"
2827,"H31.05.02.H31.09.2015.1231","3 bản (DELETED_SUCCESS)","Thẩm định thiết kế cơ sở chi nhánh Công ty Cổ phần dược phẩm Hưng Yên tại Khoái Châu của Công ty Cổ phần dược Hưng Yên","Đã xóa trùng (Thành công) - Đã xóa thành công 2 bản trùng thừa, giữ lại bản chính #1","2026-09-20 17:24:59"
2828,"H31.05.02.H31.09.2015.1230","3 bản (DELETED_SUCCESS)","Thẩm định Báo cáo kinh tế kỹ thuật - Nhà lớp học + hành chính + bếp nấu và các hạng mục phụ trợ của trường mầm non khu trung tâm xã Đồng Tiến, huyện Khoái Châu","Đã xóa trùng (Thành công) - Đã xóa thành công 2 bản trùng thừa, giữ lại bản chính #1","2026-09-20 17:25:13"
2829,"H31.05.02.H31.09.2015.1229","3 bản (DELETED_SUCCESS)","Về việc thẩm định thiết kế cơ sở - Trụ sở làm việc Huyện uỷ Khoái Châu tại thị trấn Khoái Châu - huyện Khoái Châu","Đã xóa trùng (Thành công) - Đã xóa thành công 2 bản trùng thừa, giữ lại bản chính #1","2026-09-20 17:25:27"
2830,"H31.05.02.H31.09.2015.1226","3 bản (DELETED_SUCCESS)","Thẩm định báo cáo kinh tế kỹ thuật Công trình: Xây dựng, hoàn thiện giai đoạn III Quảng trường trung tâm tỉnh Hưng Yên","Đã xóa trùng (Thành công) - Đã xóa thành công 2 bản trùng thừa, giữ lại bản chính #1","2026-09-20 17:25:41"
2831,"H31.05.02.H31.09.2015.1227","3 bản (DELETED_SUCCESS)","Thẩm định báo cáo kinh tế kỹ thuật Cải tạo, sửa chữa Trường tiểu học An Tảo, phường An Tảo, thành phố thủng Yên.","Đã xóa trùng (Thành công) - Đã xóa thành công 2 bản trùng thừa, giữ lại bản chính #1","2026-09-20 17:25:55"
2832,"H31.05.02.H31.09.2014.1225","3 bản (DELETED_SUCCESS)","Thấm định báo cáo kinh tế kỹ thuật xây dựng Công trình: Xây dựng hoàn thiện giai đoạn III Quảng trường trung tâm thành phố Hưng Yên, tỉnh Hưng Yên (tập 2)","Đã xóa trùng (Thành công) - Đã xóa thành công 2 bản trùng thừa, giữ lại bản chính #1","2026-09-20 17:26:09"
2833,"H31.05.02.H31.09.2014.1224","3 bản (DELETED_SUCCESS)","Thẩm định báo cáo kinh tế kỹ thuật xây dựng Công trình: Xây dựng hoàn thiện giai đoạn III Quảng trường trung tâm thành phố Hưng Yên, tỉnh Hưng Yên (tập 1)","Đã xóa trùng (Thành công) - Đã xóa thành công 2 bản trùng thừa, giữ lại bản chính #1","2026-09-20 17:26:23"
2834,"H31.05.02.H31.09.2015.1223","3 bản (DELETED_SUCCESS)","Thẩm định báo cáo kinh tế kỹ thuật công trình Trạm y tế xã Văn Du, huyện Ân Thi, tỉnh Hưng Yên","Đã xóa trùng (Thành công) - Đã xóa thành công 2 bản trùng thừa, giữ lại bản chính #1","2026-09-20 17:26:37"
2835,"H31.05.02.H31.09.2015.1222","3 bản (DELETED_SUCCESS)","Thẩm tra thiết kế công trình Trụ sở làm việc Bảo hiểm xã hội huyện Ân Thi","Đã xóa trùng (Thành công) - Đã xóa thành công 2 bản trùng thừa, giữ lại bản chính #1","2026-09-20 17:26:51"
2836,"H31.05.02.H31.09.2015.1221","3 bản (DELETED_SUCCESS)","Thẩm định thiết kế bản vẽ thi công, dự toán công trình Trạm cấp khí y tế, Dự án đần tư xây dựng và mua sắm thiết bị y tế Bệnh viện Sản nhi Hưng Yên","Đã xóa trùng (Thành công) - Đã xóa thành công 2 bản trùng thừa, giữ lại bản chính #1","2026-09-20 17:27:05"
2837,"H31.05.02.H31.09.2015.1218","3 bản (DELETED_SUCCESS)","Về việc thẩm định báo cáo kinh tế kỹ thuật Trung tâm Công nghệ thông tin và truyền thông","Đã xóa trùng (Thành công) - Đã xóa thành công 2 bản trùng thừa, giữ lại bản chính #1","2026-09-20 17:27:19"
2838,"H31.05.02.H31.09.2015.1220","3 bản (DELETED_SUCCESS)","Thẩm định thiết kế bản vẽ thi công và dự toán Cải tạo 4 phòng mổ Bệnh viện đa khoa Hưng Yên và 1 phòng mổ Bệnh viện đa khoa tỉnh","Đã xóa trùng (Thành công) - Đã xóa thành công 2 bản trùng thừa, giữ lại bản chính #1","2026-09-20 17:27:33"
2839,"H31.05.02.H31.09.2015.1219","3 bản (DELETED_SUCCESS)","Về việc thẩm định thiết kế bản vẽ thi công dự toán phát sinh Công trình: Cải tạo chỉnh trang ngoại thất trụ sở Tỉnh ủy và trụ sở các Ban Đảng của Tỉnh.","Đã xóa trùng (Thành công) - Đã xóa thành công 2 bản trùng thừa, giữ lại bản chính #1","2026-09-20 17:27:47"
2840,"H31.05.02.H31.09.2014.1216","3 bản (DELETED_SUCCESS)","Thẩm định thiết kế bản vẽ thi công và dự toán Công trình: Nhà làm việc 2 tầng và các hạng mục phụ trợ trụ sở Đảng ủy - HĐND - UBND xã Lạc Hồng, huyện Văn Lâm, tỉnh Hưng Yên","Đã xóa trùng (Thành công) - Đã xóa thành công 2 bản trùng thừa, giữ lại bản chính #1","2026-09-20 17:28:01"
2841,"H31.05.02.H31.09.2014.1213","3 bản (DELETED_SUCCESS)","Về việc báo cáo kinh tế kỹ thuật Nhà lớp học lý thuyết Trường Trung học phổ thông Phạm Ngũ Lão tại xã Tân Phúc, huyện Ân Thi, tỉnh Hưng Yên.","Đã xóa trùng (Thành công) - Đã xóa thành công 2 bản trùng thừa, giữ lại bản chính #1","2026-09-20 17:28:15"
2842,"H31.05.02.H31.09.2014.1217","3 bản (DELETED_SUCCESS)","Về việc thẩm định báo cáo kinh tế kỹ thuật Công trình: Nhà thí nghiệm thực hành Trường Trung học phổ thông Triệu Quang Phục tại xã Yên Phú, huyện Yên Mỹ","Đã xóa trùng (Thành công) - Đã xóa thành công 2 bản trùng thừa, giữ lại bản chính #1","2026-09-20 17:28:29"
2843,"H31.05.02.H31.09.2014.1215","3 bản (DELETED_SUCCESS)","Về việc báo cáo kinh tế kỹ thuật công trình Nhà lớp học bộ môn và hạng mục phụ trợ Trường Trung học phổ thông Văn Lâm tại xã Lạc Đạo, huyện Văn Lâm, tỉnh Hưng Yên","Đã xóa trùng (Thành công) - Đã xóa thành công 2 bản trùng thừa, giữ lại bản chính #1","2026-09-20 17:28:43"
2844,"H31.05.02.H31.09.2014.1214","3 bản (DELETED_SUCCESS)","Về việc báo cáo kinh tế kỹ thuật công trình nhà lớp học bộ môn Trường Trung học phổ thông Trưng Vương tại xã Trưng Trắc, huyện Văn Lâm, tỉnh Hưng Yên","Đã xóa trùng (Thành công) - Đã xóa thành công 2 bản trùng thừa, giữ lại bản chính #1","2026-09-20 17:28:56"
2845,"H31.05.02.H31.09.2014.1212","3 bản (DELETED_SUCCESS)","Về việc thẩm định báo cáo kinh tế kỹ thuật Cải tạo, sửa chữa nghĩa trang liệt sỹ xã Xuân Trúc tại xã Xuân Trúc, huyện Ân Thi, tỉnh Hưng Yên","Đã xóa trùng (Thành công) - Đã xóa thành công 2 bản trùng thừa, giữ lại bản chính #1","2026-09-20 17:29:10"
2846,"H31.05.02.H31.09.2017.1408","3 bản (DELETED_SUCCESS)","Thẩm định thiết kế bản vẽ thi công và dự toán - Nhà máy chế biến nông sản thực phẩm của Công ty Cổ phần xuất nhập khẩu và chế biến nông sản VN tại thị trấn Lương Bằng, Kim Động.","Đã xóa trùng (Thành công) - Đã xóa thành công 2 bản trùng thừa, giữ lại bản chính #1","2026-09-20 17:29:24"
2847,"H31.05.02.H31.09.2017.1407","3 bản (DELETED_SUCCESS)","Thẩm định thiết kế bản vẽ thi công và dự toán - Trung tâm Viettel huyện Kim Động tại thị trấn Lương Bằng, huyện Kim động, tỉnh Hưng Yên (tập 2)","Đã xóa trùng (Thành công) - Đã xóa thành công 2 bản trùng thừa, giữ lại bản chính #1","2026-09-20 17:29:38"
2848,"H31.05.02.H31.09.1354.BIA.PDF","3 bản (DELETED_SUCCESS)","Thẩm định thiết kế cơ sở công ty TNHH dịch vụ phân phối Senko (VN) tại khu công nghiệp Phố Nối B, huyện Yên Mỹ, tính Hưng Yên","Đã xóa trùng (Thành công) - Đã xóa thành công 2 bản trùng thừa, giữ lại bản chính #1","2026-09-20 17:29:52"
2849,"H31.05.02.H31.09.2016-2017.1355","3 bản (DELETED_SUCCESS)","Thẩm định báo cáo kinh tế kỹ thuật - sửa chữa phòng khách tầng 1 trụ sở tỉnh ủy Hưng Yên","Đã xóa trùng (Thành công) - Đã xóa thành công 2 bản trùng thừa, giữ lại bản chính #1","2026-09-20 17:30:06"
2850,"H31.05.02.H31.09.2016.1301","3 bản (DELETED_SUCCESS)","Thẩm định điều chỉnh thiết kế bản vẽ thi công kho dự trữ Trương Xá tại Toàn Thắng, huyện Kim Động, tỉnh Hưng Yên","Đã xóa trùng (Thành công) - Đã xóa thành công 2 bản trùng thừa, giữ lại bản chính #1","2026-09-20 17:30:20"
2851,"H31.05.02.H31.09.2016.1300","3 bản (DELETED_SUCCESS)","Về việc thẩm định thiết kế bản vẽ thi công và dự toán điều chỉnh chỉ tiết tiết diện cột bê tông cốt thép gói số 3,4 kho lương thực số 12 dự án kho dự trữ Trương Xá (giai đoạn 1) (tập 2).","Đã xóa trùng (Thành công) - Đã xóa thành công 2 bản trùng thừa, giữ lại bản chính #1","2026-09-20 17:30:34"
2852,"H31.05.02.H31.09.2015.1276","3 bản (DELETED_SUCCESS)","Về việc thẩm định thiết kế bản vẽ thi công và dự toán khu xử lý khí nén, hơi cấp cho Trung tâm hấp sấy nhà để xe và hệ thông sân, đường nội bộ, bồn cây, bồn hoa, hệ thống cấp, thoát nước, phòng cháy chữa cháy, cấp điện ngoài nhà (qđ 2) của Bệnh viện Sản Nhi Hưng Yên","Đã xóa trùng (Thành công) - Đã xóa thành công 2 bản trùng thừa, giữ lại bản chính #1","2026-09-20 17:30:48"
2853,"H31.05.02.H31.09.2016.1269","3 bản (DELETED_SUCCESS)","Về việc thẩm định báo cáo kinh tế kỹ thuật - Trụ sở làm việc Sở Giáo dục và Đào tạo Hưng Yên","Đã xóa trùng (Thành công) - Đã xóa thành công 2 bản trùng thừa, giữ lại bản chính #1","2026-09-20 17:31:01"
2854,"H31.05.02.H31.09.2016.1268","3 bản (DELETED_SUCCESS)","Hồ sơ về việc thẩm định Báo cáo kinh tế kỹ thuật công trình: Cải tạo, sửa chữa trụ sở làm việc Sở Lao động - Thương binh và Xã hội tỉnh Hưng Yên","Đã xóa trùng (Thành công) - Đã xóa thành công 2 bản trùng thừa, giữ lại bản chính #1","2026-09-20 17:31:15"
2855,"H31.05.02.H31.09.2016.1267","3 bản (DELETED_SUCCESS)","Hồ sơ về việc thẩm định thiết kế bản vẽ thi công và dự toán - điều chỉnh, bổ sung Công trình: Cải tạo, sửa chữa Sở Văn hóa - Thể thao & Du lịch tỉnh Hưng Yên","Đã xóa trùng (Thành công) - Đã xóa thành công 2 bản trùng thừa, giữ lại bản chính #1","2026-09-20 17:31:29"
2856,"H31.05.02.H31.09.2016.1266","3 bản (DELETED_SUCCESS)","Về việc thẩm định thiết kế bản vẽ thi công và dự toán công trình sửa chữa, cải tạo phòng một cửa Sở Xây dựng tỉnh Hưng Yên","Đã xóa trùng (Thành công) - Đã xóa thành công 2 bản trùng thừa, giữ lại bản chính #1","2026-09-20 17:31:43"
2857,"H31.05.02.H31.09.2016.1263","3 bản (DELETED_SUCCESS)","Về việc thẩm định thiết tế bản vẽ thi công và dự toán công trình thay thế sửa chữa cửa đi sảnh chính trụ sở UBND tỉnh và sửa chữa nhà để máy phát điện UBND tỉnh","Đã xóa trùng (Thành công) - Đã xóa thành công 2 bản trùng thừa, giữ lại bản chính #1","2026-09-20 17:31:57"
2858,"H31.05.02.H31.09.2016.1262","3 bản (DELETED_SUCCESS)","Về việc thiết kế bản vẽ thi công và dự toán công trình trụ sở văn phòng UBND tỉnh Hưng Yên, trụ sở Ban tiếp công dân tỉnh (phòng quản lý riêng)","Đã xóa trùng (Thành công) - Đã xóa thành công 2 bản trùng thừa, giữ lại bản chính #1","2026-09-20 17:32:11"
2859,"H31.05.02.H31.09.2016.1261","3 bản (DELETED_SUCCESS)","Về việc thẩm định dự án cải tạo xây dựng hợp khối Nhà khách tỉnh uỷ của Văn phòng Tỉnh ủy","Đã xóa trùng (Thành công) - Đã xóa thành công 2 bản trùng thừa, giữ lại bản chính #1","2026-09-20 17:32:25"
2860,"H31.05.02.H31.09.2016.1233","3 bản (DELETED_SUCCESS)","Thẩm định báo cáo kinh tế kỹ thuật Trường mầm non xã Đức Hợp tại xã Đức Hợp, huyện Kim Động, tỉnh Hưng Yên (tập 1)","Đã xóa trùng (Thành công) - Đã xóa thành công 2 bản trùng thừa, giữ lại bản chính #1","2026-09-20 17:32:39"
2861,"H31.05.02.H31.09.2015.1232","3 bản (DELETED_SUCCESS)","Hồ sơ thẩm định báo cáo kinh tế kỹ thuật - Nhà truyền thống xã Nghĩa Dân, huyện Kim Động","Đã xóa trùng (Thành công) - Đã xóa thành công 2 bản trùng thừa, giữ lại bản chính #1","2026-09-20 17:32:53"
2862,"H31.05.02.H31.09.2015.1228","3 bản (DELETED_SUCCESS)","Hồ sơ thẩm định thiết kế Bản vẽ thi công nhà chợ 2 tầng CP1 và CP2 của Công ty TNHH đầu tư phát triển Hoàng Phát tại phường Lê Lợi, thành phố Hưng Yên","Đã xóa trùng (Thành công) - Đã xóa thành công 2 bản trùng thừa, giữ lại bản chính #1","2026-09-20 17:33:06"
2863,"H31.05.02.H31.09.2017.1467","3 bản (DELETED_SUCCESS)","Về việc thẩm định thiết kế bản vẽ thi công và dự toán Chi nhánh Công ty Cổ phần Everpia cải tạo xưởng của Công ty Cổ phần Everpia tại KCN Tân Quang, xã Tân Quang, huyện Văn Lâm. Tập 1","Đã xóa trùng (Thành công) - Đã xóa thành công 2 bản trùng thừa, giữ lại bản chính #1","2026-09-20 17:33:20"
2864,"H31.05.02.H31.09.2017.1457","3 bản (DELETED_SUCCESS)","Thẩm định thiết kế bản vẽ thi công và dự toán - Nhà máy sản xuất bao bì Thuận Hòa Phát của Công ty Cổ phần bao bì Thuận Hòa Phát tại xã Chỉ Đạo, huyện Văn Lâm, tỉnh Hưng Yên","Đã xóa trùng (Thành công) - Đã xóa thành công 2 bản trùng thừa, giữ lại bản chính #1","2026-09-20 17:33:34"
2865,"H31.05.02.H31.09.2017.1456","3 bản (DELETED_SUCCESS)","Thẩm định báo cáo kinh tế kỹ thuật đầu tư xây dựng công trình cải tạo, sửa chữa nhà lớp học 2 tầng 8 phòng trường THPT Văn Lâm, huyện Văn Lâm, tỉnh Hưng Yên","Đã xóa trùng (Thành công) - Đã xóa thành công 2 bản trùng thừa, giữ lại bản chính #1","2026-09-20 17:33:49"
2866,"H31.05.02.H31.09.2017.1455","3 bản (DELETED_SUCCESS)","Thẩm định dự toán điều chỉnh trụ sở làm việc Chi cục Thuế huyện Văn Lâm. Hạng mục: Cải tạo sửa chữa nhà ăn 1 tầng và các hạng mục phụ trợ tại thị trấn Như Quỳnh, huyện Văn Lâm","Đã xóa trùng (Thành công) - Đã xóa thành công 2 bản trùng thừa, giữ lại bản chính #1","2026-09-20 17:34:03"
2867,"H31.05.02.H31.09.2017.1443","3 bản (DELETED_SUCCESS)","Về việc thẩm định thiết kế cơ sở - Nhà câu lạc bộ khu phố Thảo Nguyên của Công ty Cổ phần Đầu tư Phát triển Đô thị Việt Hưng tại xã Xuân Quan - Văn Giang","Đã xóa trùng (Thành công) - Đã xóa thành công 2 bản trùng thừa, giữ lại bản chính #1","2026-09-20 17:34:17"
2868,"H31.05.02.H31.09.2017.1422","3 bản (DELETED_SUCCESS)","Thẩm định thiết kế bản vẽ thi công và dự toán Nhà máy Fancy Việt Nam giai đoạn II của Công ty TNHH công nghiệp Fancy Việt Nam tại khu công nghiệp Phố Nối A, tỉnh Hưng Yên (tập 1)","Đã xóa trùng (Thành công) - Đã xóa thành công 2 bản trùng thừa, giữ lại bản chính #1","2026-09-20 17:34:31"
2869,"H31.05.02.H31.09.2017.1419","3 bản (DELETED_SUCCESS)","Thẩm định thiết kế cơ sở - Nhà máy sản xuất Bando Việt Nam của Công ty TNHH sản xuất. Bando (Việt Nam) tại khu công nghiệp Thăng Long Ⅱ - Mỹ Hào - Hưng Yên.","Đã xóa trùng (Thành công) - Đã xóa thành công 2 bản trùng thừa, giữ lại bản chính #1","2026-09-20 17:34:45"
2870,"H31.05.02.H31.09.2017.1417","3 bản (DELETED_SUCCESS)","Thẩm định thiết kế bản vẽ thi công và dự toán: Tòa nhà văn phòng KCN Thăng Long II tại lô IPC - KCN Thăng Long II của Công ty TNHH khu công nghiệp Thăng Long II","Đã xóa trùng (Thành công) - Đã xóa thành công 2 bản trùng thừa, giữ lại bản chính #1","2026-09-20 17:34:59"
2871,"H31.05.02.H31.09.2017.1391","3 bản (DELETED_SUCCESS)","Về việc thẩm định thiết kế cơ sở - Xây dựng siêu thị Lan Chi Business Hưng Yên của Công ty TNHH Lan Chi Business Hưng Yên tại đường Tô Hiệu, thành phố Hưng Yên","Đã xóa trùng (Thành công) - Đã xóa thành công 2 bản trùng thừa, giữ lại bản chính #1","2026-09-20 17:35:13"
2872,"H31.05.02.H31.09.2017.1374","3 bản (DELETED_SUCCESS)","Thẩm định thiết kế bản vẽ thi công và dự toán Khối nhà kỹ thuật nghiệp vụ 2 (No - 03B) và khối nhà No - 30 (F, H, M) của Bệnh viện Đa khoa Phố Nối","Đã xóa trùng (Thành công) - Đã xóa thành công 2 bản trùng thừa, giữ lại bản chính #1","2026-09-20 17:35:26"
2873,"H31.05.02.H31.09.2017.1375","3 bản (DELETED_SUCCESS)","Thẩm định báo cáo kinh tế kỹ thuật - Cải tạo, sửa chữa Trung tâm Điều dưỡng, chăm sóc người có công tỉnh Hưng Yên tại xã Đặng Lễ, huyện Ân Thi, tỉnh Hưng Yên.","Đã xóa trùng (Thành công) - Đã xóa thành công 2 bản trùng thừa, giữ lại bản chính #1","2026-09-20 17:35:40"
2874,"H31.05.02.H31.09.2016.1339","3 bản (DELETED_SUCCESS)","Thẩm định báo cáo kinh tế kỹ thuật Trường Tiểu học Như Quỳnh B (Khu B) tại thị trấn Như Quỳnh, huyện Văn Lâm, tỉnh Hưng Yên","Đã xóa trùng (Thành công) - Đã xóa thành công 2 bản trùng thừa, giữ lại bản chính #1","2026-09-20 17:35:54"
2875,"H31.05.02.H31.09.2016.1336","3 bản (DELETED_SUCCESS)","Thẩm định thiết kế bản vẽ thi công và dự toán đầu tư xây dựng trường Trung học phổ thông Hùng Vương tại xã Lạc Đạo, huyện Văn Lâm (tập 1)","Đã xóa trùng (Thành công) - Đã xóa thành công 2 bản trùng thừa, giữ lại bản chính #1","2026-09-20 17:36:08"
2876,"H31.05.02.H31.09.2016.1330","3 bản (DELETED_SUCCESS)","Thẩm định thiết kế bản vẽ thi công và dự toán Trường Đại học Y khoa Tokyo - Giai đoạn 2 tại khu đô thị Ecopark tại huyện Văn Giang","Đã xóa trùng (Thành công) - Đã xóa thành công 2 bản trùng thừa, giữ lại bản chính #1","2026-09-20 17:36:22"
2877,"H31.05.02.H31.09.2016.1322","3 bản (DELETED_SUCCESS)","Thẩm định dự án: Trụ sở kho bạc Nhà nước huyện Phù Cừ tại thị trấn Trần Cao huyện Phù Cừ","Đã xóa trùng (Thành công) - Đã xóa thành công 2 bản trùng thừa, giữ lại bản chính #1","2026-09-20 17:36:36"
2878,"H31.05.02.H31.09.2016-2017.1319A","3 bản (DELETED_SUCCESS)","Thẩm định thiết kế bản vẽ thi công và dự toán nhà máy sản xuất bê tông, thiết bị xây dựng công nghiệp của Công ty TNHH MTV thương mại và xây dựng 18 tại xã Minh Đức, huyện Mỹ Hào","Đã xóa trùng (Thành công) - Đã xóa thành công 2 bản trùng thừa, giữ lại bản chính #1","2026-09-20 17:36:50"
2879,"H31.05.02.H31.09.2016.1319","3 bản (DELETED_SUCCESS)","Thẩm định thiết kê bản vẽ thi công và dự toán nhà máy sản xuất bê tông, thiết bị xây dựng công nghiệp của Công ty TNHH MTV thương mại và xây dựng 18 tại xã Minh Đức, huyện Mỹ Hào","Đã xóa trùng (Thành công) - Đã xóa thành công 2 bản trùng thừa, giữ lại bản chính #1","2026-09-20 17:37:04"
2880,"H31.05.02.H31.09.2016.1311","3 bản (DELETED_SUCCESS)","Thẩm định thiết kế cơ sở - khu hỗn hợp văn phòng thương mại và nhà ở hạng mục, nhà chung cư và khối nhà liền kề tại thị trấn Bần Yên Nhân, huyện Mỹ Hào, tỉnh Hưng Yên","Đã xóa trùng (Thành công) - Đã xóa thành công 2 bản trùng thừa, giữ lại bản chính #1","2026-09-20 17:37:18"
2881,"H31.05.02.H31.09.2017.1466","3 bản (DELETED_SUCCESS)","Về việc thẩm định thiết kế cơ sở nhà máy sản xuất bao bì của Công ty cổ phần Vạn Phúc Gia tại xã Tên Quang, huyện Văn Lâm, tỉnh Hưng Yên","Đã xóa trùng (Thành công) - Đã xóa thành công 2 bản trùng thừa, giữ lại bản chính #1","2026-09-20 17:37:31"
2882,"H31.05.02.H31.09.2017.1439","3 bản (DELETED_SUCCESS)","Về việc thẩm định thiết kế bản vẽ thi công và dự toán Nhà máy giấy xuất khẩu Thu Bốn của Công ty TNHH An Hạnh tại thị trấn Vương, huyện Tiên Lữ","Đã xóa trùng (Thành công) - Đã xóa thành công 2 bản trùng thừa, giữ lại bản chính #1","2026-09-20 17:37:45"
2883,"H31.05.02.H31.09.2016.1329","3 bản (DELETED_SUCCESS)","Thẩm định thiết kế cơ sở - Trường đại học Tokyo VN - giai đoạn 2 tại khu đô thị Ecopark - huyện Văn Giang","Đã xóa trùng (Thành công) - Đã xóa thành công 2 bản trùng thừa, giữ lại bản chính #1","2026-09-20 17:37:59"
2884,"H31.05.02.H31.09.2016.1331","3 bản (DELETED_SUCCESS)","Thẩm định báo cáo kinh tế kỹ thuật - nhà lớp học 10 phòng và các phòng chức năng trường mầm non xã Đông Hưng, tại xã Đông Hưng, huyện Văn Giang","Đã xóa trùng (Thành công) - Đã xóa thành công 2 bản trùng thừa, giữ lại bản chính #1","2026-09-20 17:38:13"
2885,"H31.05.02.H31.09.2016.2760","3 bản (DELETED_SUCCESS)","Công trình mạng lưới và hệ thống xử lí nước thải Hưng Yên (VN-M41) phần thiết kế chi tiết mạng lưới thoát nước năm 2016","Đã xóa trùng (Thành công) - Đã xóa thành công 2 bản trùng thừa, giữ lại bản chính #1","2026-09-20 17:38:27"
2886,"H31.05.02.H31.09.2016.2759","3 bản (DELETED_SUCCESS)","Công trình mạng lưới và hệ thống xử lý nước thải Hưng Yên (VN-M41) phần thiết kế chi tiết  mạng lưới thoát nước năm 2015","Đã xóa trùng (Thành công) - Đã xóa thành công 2 bản trùng thừa, giữ lại bản chính #1","2026-09-20 17:38:41"
2887,"H31.05.02.H31.09.2016.2758","3 bản (DELETED_SUCCESS)","Công trình mạng lưới và hệ thống xử lí nước thải Hưng Yên (VNM-41) phần giếng tách nước mưa","Đã xóa trùng (Thành công) - Đã xóa thành công 2 bản trùng thừa, giữ lại bản chính #1","2026-09-20 17:38:55"
2888,"H31.05.02.H31.09.2016.2757","3 bản (DELETED_SUCCESS)","Công trình mạng lưới và hệ thống xử lí nước thải Hưng Yên (VNM-41) phần mạng lưới tuyến cống chung năm 2016","Đã xóa trùng (Thành công) - Đã xóa thành công 2 bản trùng thừa, giữ lại bản chính #1","2026-09-20 17:39:08"
2889,"H31.05.02.H31.09.2016.2756","3 bản (DELETED_SUCCESS)","Mạng lưới và hệ thống xử lý nước thải Hưng Yên (VNM-41) tập II Dự toán - phần trạm xử lý +điện năm 2016","Đã xóa trùng (Thành công) - Đã xóa thành công 2 bản trùng thừa, giữ lại bản chính #1","2026-09-20 17:39:22"
2890,"H31.05.02.H31.09.2016.2754","3 bản (DELETED_SUCCESS)","Về việc thẩm định thiết kế bản vẽ thi công + dự toán hợp phần (HY1) mạng lưới và hệ thống xử lý nước thải Hưng yên thuộc dự án phát triển toàn diện kinh tế xã hội tại các đô thị Việt Trì, Hưng Yên và Đồng Đăng - Hợp phần dự án tại TP Hưng Yên (phần các văn bản pháp lý) năm 2016","Đã xóa trùng (Thành công) - Đã xóa thành công 2 bản trùng thừa, giữ lại bản chính #1","2026-09-20 17:39:36"
2891,"H31.05.02.H31.09.2016.2755","3 bản (DELETED_SUCCESS)","Mạng lưới và hệ thống xử lý nước thải Hưng Yên (VNM-41) tập I Mạng lưới thoát nước chung năm 1016","Đã xóa trùng (Thành công) - Đã xóa thành công 2 bản trùng thừa, giữ lại bản chính #1","2026-09-20 17:39:50"
2892,"H31.05.02.H31.09.2015-2016.2753","3 bản (DELETED_SUCCESS)","Về việc rà soát việc tổ chức thực hiện Nghị định Số 117/2007/NĐ-CP của Chính phủ về sản xuất cung cấp và tiêu thụ nước sạch năm 2015","Đã xóa trùng (Thành công) - Đã xóa thành công 2 bản trùng thừa, giữ lại bản chính #1","2026-09-20 17:40:04"
2893,"H31.05.02.H31.09.2015-2016.2752","3 bản (DELETED_SUCCESS)","Về việc thẩm định thiết kế bản vẽ thi công và dự toán kê chống sạt lở thuộc dự án đầu tư xây dựng Trung tâm thương mại và nhà ở Như Quỳnh","Đã xóa trùng (Thành công) - Đã xóa thành công 2 bản trùng thừa, giữ lại bản chính #1","2026-09-20 17:40:17"
2894,"H31.05.02.H31.09.2015.2751","3 bản (DELETED_SUCCESS)","Về việc thông báo kết quả thẩm định thiết kế và dự toán xây dựng công trình hạ tầng kỹ thuật cụm công nghiệp Minh Khai mở rộng huyện Văn Lâm - Dự toán thẩm tra và Dư toán thiết kế bản vẽ thi công (tập 14)","Đã xóa trùng (Thành công) - Đã xóa thành công 2 bản trùng thừa, giữ lại bản chính #1","2026-09-20 17:40:31"
2895,"H31.05.02.H31.09.2015.2749","3 bản (DELETED_SUCCESS)","Về việc thông báo kết quả thẩm định thiết kế và dự toán xây dựng công trình hạ tầng kỹ thuật cụm công nghiệp Minh Khai mở rộng huyện Văn Lâm - TKBVTC: Hạng mục Hệ thống đường giao thông + vỉa hè (tập 12)","Đã xóa trùng (Thành công) - Đã xóa thành công 2 bản trùng thừa, giữ lại bản chính #1","2026-09-20 17:40:45"
2896,"H31.05.02.H31.09.2015.2748","3 bản (DELETED_SUCCESS)","Về việc thông báo kết quả thẩm định thiết kế và dự toán xây dựng công trình hạ tầng kỹ thuật cụm công nghiệp Minh Khải mở rộng huyện Văn Lâm -   TK BVTC, Hạng mục Hệ thống tường rào, bãi thu gom chất thải rắn và hệ thống cấp điện (tập11)","Đã xóa trùng (Thành công) - Đã xóa thành công 2 bản trùng thừa, giữ lại bản chính #1","2026-09-20 17:40:59"
2897,"H31.05.02.H31.09.2015.2747","3 bản (DELETED_SUCCESS)","Về việc thông báo kết quả thẩm định, thiết kế và dự toán xây dựng công trình hạ tầng kỹ thuật cụm công nghiệp Minh khai mở rộng huyện Văn Lâm TKBVTC, hạng mục: Hệ thống cấp nước sạch + PCCC (tập 10).","Đã xóa trùng (Thành công) - Đã xóa thành công 2 bản trùng thừa, giữ lại bản chính #1","2026-09-20 17:41:13"
2898,"H31.05.02.H31.09.2015.2746","3 bản (DELETED_SUCCESS)","Về việc thông báo kết quả thẩm định, thiết kế và dự toán xây dựng công trình hạ tầng kỹ thuật cụm công nghiệp Minh khai mở rộng huyện Văn Lâm - Thiết kế bản vẽ thi công, hạng mục: Hệ thống cấp nước sạch + PCCC (tập 9).","Đã xóa trùng (Thành công) - Đã xóa thành công 2 bản trùng thừa, giữ lại bản chính #1","2026-09-20 17:41:27"
2899,"H31.05.02.H31.09.2015.2745","3 bản (DELETED_SUCCESS)","Về việc thông báo kết quả thẩm định, thiết kế và dự toán xây dựng công trình hạ tầng kỹ thuật cụm công nghiệp Minh khai mở rộng huyện Văn Lâm - Thiết kế bản vẽ thi công, hạng mục: Hệ thống thoát nước mưa (tập 8)","Đã xóa trùng (Thành công) - Đã xóa thành công 2 bản trùng thừa, giữ lại bản chính #1","2026-09-20 17:41:41"
2900,"H31.05.02.H31.09.2015.2744","3 bản (DELETED_SUCCESS)","Về việc thông báo kết quả thẩm định thiết kế và dự toán xây dựng công tình ha tầng kỹ thuật cụm công nghiệp Minh Khai mở rộng, huyện Văn Lâm thiết kế bản vẽ thi công, hạng mục Hê thống thông tin liên lạc cây xanh (tập 7)","Đã xóa trùng (Thành công) - Đã xóa thành công 2 bản trùng thừa, giữ lại bản chính #1","2026-09-20 17:41:54"
2901,"H31.05.02.H31.09.2015.2743","3 bản (DELETED_SUCCESS)","Về việc thông báo kết quả thẩm định thiết kế và dự toán xây dựng công trình hạ tầng kỹ thuật cụm công nghiệp Minh Khai mở rộng, huyện Văn Lâm - thiết là bản vẽ thi công hạng mục: Hệ thống cấp điện (tập 6)","Đã xóa trùng (Thành công) - Đã xóa thành công 2 bản trùng thừa, giữ lại bản chính #1","2026-09-20 17:42:08"
2902,"H31.05.02.H31.09.2015.2742","3 bản (DELETED_SUCCESS)","Về việc thông báo kết quả thẩm định thiết kế và dự toán xây dựng công trình hạ tầng kỹ thuật cụm công nghiệp Minh Khai mở rộng huyện Văn Lâm. Thiết kế bản vẽ thi công, hạng mục phần hệ thống thoát nước thải, trạm xử lí nước thải (tập 5)","Đã xóa trùng (Thành công) - Đã xóa thành công 2 bản trùng thừa, giữ lại bản chính #1","2026-09-20 17:42:22"
2903,"H31.05.02.H31.09.2015.2741","3 bản (DELETED_SUCCESS)","Hồ sơ về việc thông báo kết quả thẩm định thiết kế và dự toán xây dựng công trình hạ tầng kỹ thuật cụm công nghiệp Minh Khai mở rộng, huyện Văn Lâm - Thiết kế bản vẽ thi công, hạng mục: Giao thông (tập 4)","Đã xóa trùng (Thành công) - Đã xóa thành công 2 bản trùng thừa, giữ lại bản chính #1","2026-09-20 17:42:36"
2904,"H31.05.02.H31.09.2015.2740","3 bản (DELETED_SUCCESS)","Hồ sơ về việc thông báo kết quả thẩm định thiết kế và dự toán xây dựng công trình hạ tầng kỹ thuật cụm công nghiệp Minh Khai mở rộng, huyện Văn Lâm phần thiết kế cơ sở (tập 3)","Đã xóa trùng (Thành công) - Đã xóa thành công 2 bản trùng thừa, giữ lại bản chính #1","2026-09-20 17:42:50"
2905,"H31.05.02.H31.09.2015.2739","3 bản (DELETED_SUCCESS)","Về việc thông báo kết quả thẩm định thiết kế và dự toán xây dựng công trình hạ tầng kỹ thuật cụm công nghiệp Minh Khai mở rộng huyện Văn Lâm (tập 2)","Đã xóa trùng (Thành công) - Đã xóa thành công 2 bản trùng thừa, giữ lại bản chính #1","2026-09-20 17:43:04"
2906,"H31.05.02.H31.09.2015.2738","3 bản (DELETED_SUCCESS)","Về việc thông báo kết quả thẩm định thiết kế và dự toán xây dựng công trình hạ tầng kỹ thuật cụm công nghiệp Minh Khai mở rộng huyện Văn Lâm (tập 1)","Đã xóa trùng (Thành công) - Đã xóa thành công 2 bản trùng thừa, giữ lại bản chính #1","2026-09-20 17:43:17"
2907,"H31.05.02.H31.09.2015.2736","3 bản (DELETED_SUCCESS)","Về việc điều chỉnh thiết kế dự toán công trình xây dựng hạ tầng kỹ thuật khu tái định cư phục vụ giải phóng mặt bằng quốc lộ 38 xã Trung Nghĩa; Hạng mục: Đường dây và trạm biến áp cấp điện Thành phố Hưng Yên","Đã xóa trùng (Thành công) - Đã xóa thành công 2 bản trùng thừa, giữ lại bản chính #1","2026-09-20 17:43:31"
2908,"H31.05.02.H31.09.2015.2735","3 bản (DELETED_SUCCESS)","Về việc thẩm định, phê duyệt về việc nhà thầu tập đoàn Baixo Phan Lan đề xuất thay đổi xuất xứ vật tư, máy móc thiết bị trong danh mục hợp đồng HY-WP-01 dự án Hệ thống cấp nước thành phố Hưng Yên","Đã xóa trùng (Thành công) - Đã xóa thành công 2 bản trùng thừa, giữ lại bản chính #1","2026-09-20 17:43:45"
2909,"H31.05.02.H31.09.2015.2734","3 bản (DELETED_SUCCESS)","Về công trình nước sạch và nhà vệ sinh Trạm y tế xã Tân Quang, xã Diêu Xá, thuộc vùng 2 xã Hồng Quang, xã Quang Vinh, xã Đức Thắng, xã Đồng Tiến, xã Đại Tập, xã Vĩnh Xá thuộc vùng 3","Đã xóa trùng (Thành công) - Đã xóa thành công 2 bản trùng thừa, giữ lại bản chính #1","2026-09-20 17:43:59"
2910,"H31.05.02.H31.09.2015.2737","3 bản (DELETED_SUCCESS)","Điều chỉnh giá hợp đồng gói thầu thi công xây dựng xử lý sạt lở đoạn từ km 14 + 500 - km 15 + 400 thuộc dự án xử lý sạt lở kè An Cầu, xã Tống Trấn, huyện Phù Cừ năm 2015","Đã xóa trùng (Thành công) - Đã xóa thành công 2 bản trùng thừa, giữ lại bản chính #1","2026-09-20 17:44:13"
2911,"H31.05.02.H31.09.2015.2733","3 bản (DELETED_SUCCESS)","Về việc thiết kế bản vẽ thi công các hạng mục bổ sung công trình cải tạo cơ sở hạ tầng Phố Cổ, Phố Hiến","Đã xóa trùng (Thành công) - Đã xóa thành công 2 bản trùng thừa, giữ lại bản chính #1","2026-09-20 17:44:27"
2912,"H31.05.02.H31.09.2015.2732","3 bản (DELETED_SUCCESS)","Về việc thiết kế bản vẽ thi công Công trình: Đường trong khu Đại học Phố Hiến (HY3). Tập II.","Đã xóa trùng (Thành công) - Đã xóa thành công 2 bản trùng thừa, giữ lại bản chính #1","2026-09-20 17:44:41"
2913,"H31.05.02.H31.09.2015.2731","3 bản (DELETED_SUCCESS)","Về việc thiết kế bản vẽ thi công Đường trong khu Đại học Phố Hiến (HY 3). Tập I","Đã xóa trùng (Thành công) - Đã xóa thành công 2 bản trùng thừa, giữ lại bản chính #1","2026-09-20 17:44:55"
2914,"H31.05.02.H31.09.2015.2730","3 bản (DELETED_SUCCESS)","Về việc dự toán các hạng mục bổ sung công trình: Đường trong thu Đại học Phố Hiến (HY3).","Đã xóa trùng (Thành công) - Đã xóa thành công 2 bản trùng thừa, giữ lại bản chính #1","2026-09-20 17:45:09"
2915,"H31.05.02.H31.09.2015.2729","3 bản (DELETED_SUCCESS)","Về việc thẩm định thiết kế bản vẽ thi công công trình: Cải tạo cơ sở hạ tầng phố cổ, Phố Hiến (HY 3) thuốc Dự án; Phát triển toàn diện kinh tế xã hội tại các đô thị Việt Trì, Hưng Yên và Đồng Đăng hợp phần dự án tại thành phố Hưng Yên năm 2015","Đã xóa trùng (Thành công) - Đã xóa thành công 2 bản trùng thừa, giữ lại bản chính #1","2026-09-20 17:45:22"
2916,"H31.05.02.H31.09.2015.2728","3 bản (DELETED_SUCCESS)","Về việc thiết kế thi công dự án xây dựng hệ thống cấp, thoát nước và vệ sinh thị trấn Ân Thi, huyện Ân Thi - Xây dựng hệ thống thoát nước và vệ sinh thị trấn Ân Thi","Đã xóa trùng (Thành công) - Đã xóa thành công 2 bản trùng thừa, giữ lại bản chính #1","2026-09-20 17:45:36"
2917,"H31.05.02.H31.09.2015.2727","3 bản (DELETED_SUCCESS)","Về việc thiết kế thi công dự án xây dựng hệ thống cấp, thoát nước và vệ sinh thị trấn Ân Thi, huyện Ân Thi - Xây dựng hệ thống thoát nước và vệ sinh thị trấn Ân Thi Tập 7","Đã xóa trùng (Thành công) - Đã xóa thành công 2 bản trùng thừa, giữ lại bản chính #1","2026-09-20 17:45:50"
2918,"H31.05.02.H31.09.2015.2726","3 bản (DELETED_SUCCESS)","Về việc thiết kế thi công dự án xây dựng hệ thống cấp, thoát nước và vệ sinh thị trấn Ân Thi, huyện Ân Thi - Xây dựng hệ thống thoát nước và vệ sinh thị trấn Ân Thi Tập 6","Đã xóa trùng (Thành công) - Đã xóa thành công 2 bản trùng thừa, giữ lại bản chính #1","2026-09-20 17:46:04"
2919,"H31.05.02.H31.09.2015.2725","3 bản (DELETED_SUCCESS)","Về việc thiết kế thi công dự án xây dựng hệ thống cấp, thoát nước và vệ sinh thị trấn Ân Thi, huyện Ân Thi - Xây dựng hệ thống thoát nước và vệ sinh thị trấn Ân Thi Tập 5","Đã xóa trùng (Thành công) - Đã xóa thành công 2 bản trùng thừa, giữ lại bản chính #1","2026-09-20 17:46:18"
2920,"H31.05.02.H31.09.2015.2724","3 bản (DELETED_SUCCESS)","Về việc thiết kế thi công dự án xây dựng hệ thống cấp, thoát nước và vệ sinh thị trấn Ân Thi, huyện Ân Thi - Xây dựng hệ thống thoát nước và vệ sinh thị trấn Ân Thi Tập 4","Đã xóa trùng (Thành công) - Đã xóa thành công 2 bản trùng thừa, giữ lại bản chính #1","2026-09-20 17:46:31"
2921,"H31.05.02.H31.09.2015.2723","3 bản (DELETED_SUCCESS)","Về việc thiết kế thi công dự án xây dựng hệ thống cấp, thoát nước và vệ sinh thị trấn Ân Thi, huyện Ân Thi - Xây dựng hệ thống thoát nước và vệ sinh thị trấn Ân Thi Tập 3","Đã xóa trùng (Thành công) - Đã xóa thành công 2 bản trùng thừa, giữ lại bản chính #1","2026-09-20 17:46:45"
2922,"H31.05.02.H31.09.2015.2722","3 bản (DELETED_SUCCESS)","Về việc thiết kế thi công dự án xây dựng hệ thống cấp, thoát nước và vệ sinh thị trấn Ân Thi, huyện Ân Thi - Xây dựng hệ thống thoát nước và vệ sinh thị trấn Ân Thi Tập 2","Đã xóa trùng (Thành công) - Đã xóa thành công 2 bản trùng thừa, giữ lại bản chính #1","2026-09-20 17:46:59"
2923,"H31.05.02.H31.09.2014-2015.2721","3 bản (DELETED_SUCCESS)","Hồ sơ về việc thiết kế thi công dự án xây dựng hệ thống cấp thoát nước và vệ sinh thị trấn Ân Thị huyện Ân Thi - xây dựng hệ thống thoát nước và vệ sinh thị trấn Ân Thị Tập 1","Đã xóa trùng (Thành công) - Đã xóa thành công 2 bản trùng thừa, giữ lại bản chính #1","2026-09-20 17:47:13"
2924,"H31.05.02.H31.09.2014-2015.2720","3 bản (DELETED_SUCCESS)","Về việc tham gia ý kiến thiết kế cơ sở dự án xây dựng cơ sở hạ tầng Khu công nghiệp Dệt may Phố Nối - Giai đoạn II (điều chỉnh lại xã Dị Sử - Mỹ Hào và Liêu Xá, Huyện Yên Mỹ năm 2014 (tập 3)","Đã xóa trùng (Thành công) - Đã xóa thành công 2 bản trùng thừa, giữ lại bản chính #1","2026-09-20 17:47:27"
2925,"H31.05.02.H31.09.2014.2719","3 bản (DELETED_SUCCESS)","Về việc tham gia ý kiến thiết kế cơ sở dự án xây dựng cơ sở hạ tầng Khu công nghiệp Dệt may Phố Nối - Giai đoạn II (điều chỉnh) tại xã Di Sử - Mỹ Hào và Liêu Xá. Yên Mỹ năm 2014 (tập 2)","Đã xóa trùng (Thành công) - Đã xóa thành công 2 bản trùng thừa, giữ lại bản chính #1","2026-09-20 17:47:40"
2926,"H31.05.02.H31.09.2014.2718","3 bản (DELETED_SUCCESS)","Hồ sơ về việc tham gia ý kiến thiết kế cơ sở dự án xây dựng cơ sở hạ tầng Khu công nghiệp Dệt may Phố Nối - Giai đoạn II (điều chỉnh) tại xã Dị Sử, Mỹ Hào và Liêu Xá, H. Yên Mỹ, năm 2014 - Tập I","Đã xóa trùng (Thành công) - Đã xóa thành công 2 bản trùng thừa, giữ lại bản chính #1","2026-09-20 17:47:54"
2927,"H31.05.02.H31.09.2014.2717","3 bản (DELETED_SUCCESS)","Về việc tham gia ý kiến thiết kế cơ sở dự án đầu tư xây dựng Hạ tầng kỹ thuật khu dân cư mới thị trấn Yên Mỹ, huyện Yên Mỹ (Giai đoạn II) (tập 2) năm 2014.","Đã xóa trùng (Thành công) - Đã xóa thành công 2 bản trùng thừa, giữ lại bản chính #1","2026-09-20 17:48:08"
2928,"H31.05.02.H31.09.2014.2716","3 bản (DELETED_SUCCESS)","Về việc tham gia ý kiến thiết kế cơ sở dự án xây dựng Hạ tầng kỹ thuật khu dân cư mới thị trấn Yên Mỹ, huyện Yên Mỹ (giai đoạn II) (tập 1) năm 2014","Đã xóa trùng (Thành công) - Đã xóa thành công 2 bản trùng thừa, giữ lại bản chính #1","2026-09-20 17:48:22"
2929,"H31.05.02.H31.09.2014.2715","3 bản (DELETED_SUCCESS)","Về việc đề nghị thẩm định và phê duyệt kế hoạch đấu thầu công trình: Sửa chữa, nâng cấp hệ sinh học xử lí nước thải - Thuộc dự án Hệ thống thoát nước và vệ sinh thị trấn Yên Mỹ. Chương trình nước và vệ sinh cho các thị trấn nhỏ ở Việt Nam, giai đoạn I","Đã xóa trùng (Thành công) - Đã xóa thành công 2 bản trùng thừa, giữ lại bản chính #1","2026-09-20 17:48:35"
2930,"H31.05.02.H31.09.2014.2714","3 bản (DELETED_SUCCESS)","Về việc tham gia ý kiến thiết kế cơ sở dự án Hạ tầng kỹ thuật Khu nhà ở thấp tầng 2B Khu đô thị thương mại và du lịch Văn Giang","Đã xóa trùng (Thành công) - Đã xóa thành công 2 bản trùng thừa, giữ lại bản chính #1","2026-09-20 17:48:49"
2931,"H31.05.02.H31.09.2014.2713A","3 bản (DELETED_SUCCESS)","Hồ sơ thẩm tra bản vẽ thi công và dự toán công trình Hạ tầng kỹ thuật thuộc dự án khu nhà hỗn hợp cao tầng và khu nhà ở để bán của Công ty cổ phần vật tư và xuất nhập khẩu tại Thị trấn Bần Yên Nhân","Đã xóa trùng (Thành công) - Đã xóa thành công 2 bản trùng thừa, giữ lại bản chính #1","2026-09-20 17:49:03"
2932,"H31.05.02.H31.09.2014.2713","4 bản (ERROR_SKIPPED)","Hồ sơ thẩm tra bản vẽ thi công và dự toán công trình Hạ tầng kỹ thuật thuộc dự án khu nhà hỗn hợp cao tầng và khu nhà ở để bán của Công ty cổ phần vật tư và xuất nhập khẩu tại Thị trấn Bần Yên Nhân","Bỏ qua (Lỗi máy chủ) - Đã thử gửi lệnh xóa nhưng máy chủ Vinasynet không cập nhật (bản ghi bị khóa)","2026-09-20 17:49:17"
2933,"H31.05.02.H31.09.2014.2712","3 bản (DELETED_SUCCESS)","Về việc thẩm tra bản vẽ thi công và dự toán công trình Hạ tầng kỹ thuật thuộc dự án tòa nhà hỗn hợp cao tầng và khu nhà ở để bán của Công ty cổ phần vật tư xuất nhập khẩu tại Thị trấn Bần Yên Nhân - Mỹ Hào (tập 3) năm 2014","Đã xóa trùng (Thành công) - Đã xóa thành công 2 bản trùng thừa, giữ lại bản chính #1","2026-09-20 17:49:31"
2934,"H31.05.02.H31.09.2014.2711","3 bản (DELETED_SUCCESS)","Về việc thẩm tra bản vẽ thi công và dự toán công trình Hạ tầng kỹ thuật thuộc dự án Tòa nhà hôn thập cao tầng và khu nhà ở để bán của Công ty Cổ phần vật tư và xuất nhập khẩu tại thị trấn Bần Yên Nhân - Mỹ Hào (tập 2)","Đã xóa trùng (Thành công) - Đã xóa thành công 2 bản trùng thừa, giữ lại bản chính #1","2026-09-20 17:49:45"
2935,"H31.05.02.H31.09.2014.2710","3 bản (DELETED_SUCCESS)","Về việc thẩm tra bản vẽ thi công và dự toán công trình hạ tầng kỹ thuật thuộc dự án Tòa nhà hỗn hợp cao tầng và khu nhà ở để bán của Công ty Cổ phần vật tự và xuất nhập khẩu tại thị trân  Bần Yên Nhân, huyện Mỹ Hào (tập 1)","Đã xóa trùng (Thành công) - Đã xóa thành công 2 bản trùng thừa, giữ lại bản chính #1","2026-09-20 17:49:58"
2936,"H31.05.02.H31.09.2014.2709","3 bản (DELETED_SUCCESS)","Về việc tham gia ý kiến về thiết kế cơ sở Dự án khai thác mỏ cát Sơn Nam tại xã Mai Động, huyện Kim Động, tỉnh Hưng Yên của Công ty Cổ phần đầu tư xây dựng Sơn Nam","Đã xóa trùng (Thành công) - Đã xóa thành công 2 bản trùng thừa, giữ lại bản chính #1","2026-09-20 17:50:12"
2937,"H31.05.02.H31.09.2014.2708","3 bản (DELETED_SUCCESS)","Về việc thẩm tra bản vẽ thi công và dự toán công trình lắp đặt bổ sung đường ống phân phối dịch vu cấp nước và đấu nổi 1250 đồng hồ nước tại xã Toàn Thắng, Kim Động, Hưng Yên","Đã xóa trùng (Thành công) - Đã xóa thành công 2 bản trùng thừa, giữ lại bản chính #1","2026-09-20 17:50:26"
2938,"H31.05.02.H31.09.2014.2707","3 bản (DELETED_SUCCESS)","Về việc thiết kế thi công xây lắp phân khối lượng công việc còn lại của hệ thống cấp nước Thị tứ Phùng Hưng, H. Khoái Châu, tỉnh Hưng Yên (tập 2)","Đã xóa trùng (Thành công) - Đã xóa thành công 2 bản trùng thừa, giữ lại bản chính #1","2026-09-20 17:50:40"
2939,"H31.05.02.H31.09.2014.2706","3 bản (DELETED_SUCCESS)","Về việc thiết kế thi công và thi công xây lắp phân khối lượng công việc còn lại của hệ thống cấp nước Thị Tứ Phùng Hưng, H. Khoái Châu, tỉnh Hưng Yên (tập 1)","Đã xóa trùng (Thành công) - Đã xóa thành công 2 bản trùng thừa, giữ lại bản chính #1","2026-09-20 17:50:53"
2940,"H31.05.02.H31.09.2014.2705","3 bản (DELETED_SUCCESS)","Về việc thẩm định báo cáo kinh tế kỹ thuật xây dựng hai giếng nước ngầm thay thê giếng số 1 (H2) và giếng số 2 (H8.2), Nhà máy nước số 2, thành phố Hưng Yên, tỉnh Hưng Yên","Đã xóa trùng (Thành công) - Đã xóa thành công 2 bản trùng thừa, giữ lại bản chính #1","2026-09-20 17:51:07"
2941,"H31.05.02.H31.09.2014.2704","3 bản (DELETED_SUCCESS)","Về việc thẩm định đề cương nhiệm vụ khảo sát địa chất thuỷ văn, thiết kế trạm bơm giếng khoan số 1A và 2A nhà máy nước số 2, TP. Hưng Yên","Đã xóa trùng (Thành công) - Đã xóa thành công 2 bản trùng thừa, giữ lại bản chính #1","2026-09-20 17:51:21"
2942,"H31.05.02.H31.09.2014.2703","3 bản (DELETED_SUCCESS)","Về việc thẩm tra bản vẽ thi công và dự toán công trình Hệ thống thoát nước và vệ sinh thị trấn Ân Thi hạng mục: Tuyến đường, kè vai đường nối từ đường Phạm Ngũ Lão tới trạm xử lí","Đã xóa trùng (Thành công) - Đã xóa thành công 2 bản trùng thừa, giữ lại bản chính #1","2026-09-20 17:51:35"
2943,"H31.05.02.H31.09.2014.2702","3 bản (DELETED_SUCCESS)","Kết quả thẩm tra dự toán thiết kế hạng mục: Trạm bơm tăng áp thuộc Hợp phần thoát nước - Công trình: Xây dựng hệ thống cấp, thoát nước và vệ sinh thị trấn Ân Thi, H. Ân Thi","Đã xóa trùng (Thành công) - Đã xóa thành công 2 bản trùng thừa, giữ lại bản chính #1","2026-09-20 17:51:49"
2944,"H31.05.02.H31.09.2014.2701","3 bản (DELETED_SUCCESS)","Về việc thẩm định báo cáo kinh tế kỹ thuật công trình: Xây dựng hệ thống xử lí nước thải tại Trung tâm chữa bệnh - Giáo dục - Lao động xã hội tỉnh Hưng Yên (Tập 2)","Đã xóa trùng (Thành công) - Đã xóa thành công 2 bản trùng thừa, giữ lại bản chính #1","2026-09-20 17:52:03"
2945,"H31.05.02.H31.09.2014.2698","6 bản (ERROR_SKIPPED)","Thẩm định, phê duyệt báo cáo kinh tế - kỹ thuật xây dựng công trình: Nhà sạch và nhà tiêu hợp vệ sinh, xây dựng trạm y tế 06 xã: Quang Hưng, Minh Tân, Phan Sào Nam (thị xã Phù Cừ), Hiệp Cường, Ngọc Thanh, Phú Cường (huyện Kim Động)","Bỏ qua (Lỗi máy chủ) - Đã thử gửi lệnh xóa nhưng máy chủ Vinasynet không cập nhật (bản ghi bị khóa)","2026-09-20 17:52:17"
2946,"H31.05.02.H31.09.2014.2700","3 bản (DELETED_SUCCESS)","Về việc thẩm định báo cáo kinh tế kỹ thuật công trình Xây dựng hệ thống xử lý nước thải tại Trung tâm chữa bệnh - Giáo dục - Lao động xã hội tỉnh Hưng Yên (tập 1)","Đã xóa trùng (Thành công) - Đã xóa thành công 2 bản trùng thừa, giữ lại bản chính #1","2026-09-20 17:52:31"
2947,"H31.05.02.H31.09.2014.2699","3 bản (DELETED_SUCCESS)","Về việc chấp thuận nhiệm vụ thiết kế xây dựng công trình Hệ thống xử lý chất thải Trung tâm chữa bệnh - Giáo dục - Lao động xã hội tỉnh","Đã xóa trùng (Thành công) - Đã xóa thành công 2 bản trùng thừa, giữ lại bản chính #1","2026-09-20 17:52:45"
2948,"H31.05.02.H31.09.2014.2698A","2 bản (DELETED_SUCCESS)","Về việc tham gia ý kiến thiết kế cơ sở dự án đầu tư xây dựng Nhà máy nước tập trung xã Nhân Hòa, huyện Mỹ Hào năm 2013","Đã xóa trùng (Thành công) - Đã xóa thành công 1 bản trùng thừa, giữ lại bản chính #1","2026-09-20 17:52:53"
2949,"H31.05.02.H31.09.2013.2697","3 bản (DELETED_SUCCESS)","Thiết kế cơ sở công trình Khảo sát - lập bản vẽ thi công và thi công xây dựng hoàn chỉnh dự án thoát nước và vệ sinh xã Toàn Thắng giai đoạn 1 - tập 2 năm 2013","Đã xóa trùng (Thành công) - Đã xóa thành công 2 bản trùng thừa, giữ lại bản chính #1","2026-09-20 17:53:07"
2950,"H31.05.02.H31.09.2013.2696","3 bản (DELETED_SUCCESS)","Thiết kế cơ sở công trình Khảo sát - lập bản vẽ thi công và thi công xây dựng hoàn chỉnh dự án thoát nước và vệ sinh xã Toàn Thắng giai đoạn 1 - tập 1 năm 2013","Đã xóa trùng (Thành công) - Đã xóa thành công 2 bản trùng thừa, giữ lại bản chính #1","2026-09-20 17:53:21"
2951,"H31.05.02.H31.09.2013.2695","3 bản (DELETED_SUCCESS)","Dự án đầu tư xây dựng công trình Thoát nước và vệ sinh môi trường cho Thị Tứ Toàn Thắng huyện Kim Động, Tỉnh Hưng Yên","Đã xóa trùng (Thành công) - Đã xóa thành công 2 bản trùng thừa, giữ lại bản chính #1","2026-09-20 17:53:35"
2952,"H31.05.02.H31.09.2013.2694","3 bản (DELETED_SUCCESS)","Về việc tham gia ý kiến thiết kế cơ sở dự án đầu tư xây dựng Nhà máy cấp nước tập trung xã Phù Ủng,  huyện Ân Thị .Tập 3","Đã xóa trùng (Thành công) - Đã xóa thành công 2 bản trùng thừa, giữ lại bản chính #1","2026-09-20 17:53:49"
2953,"H31.05.02.H31.09.2013.2693","3 bản (DELETED_SUCCESS)","Về việc tham gia ý kiến TKCS dự án đầu tư xây dựng Nhà máy cấp nước tập trung xã Phù Ủng, huyện Ân Thi Tập 2","Đã xóa trùng (Thành công) - Đã xóa thành công 2 bản trùng thừa, giữ lại bản chính #1","2026-09-20 17:54:03"
2954,"H31.05.02.H31.09.2013.2692","3 bản (DELETED_SUCCESS)","Về việc tham gia ý kiến TKCS dự án đầu tư xây dựng nhà máy cấp nước tập trung xã Phù Ủng, huyện Ân Thi, tập 1","Đã xóa trùng (Thành công) - Đã xóa thành công 2 bản trùng thừa, giữ lại bản chính #1","2026-09-20 17:54:17"
2955,"H31.05.02.H31.09.2013.2691","3 bản (DELETED_SUCCESS)","Về đồ án quy hoạch chi tiết 1/500 điều chỉnh, mở rộng Trường Đại học sư phạm kỹ thuật Hưng Yên tại xã Dân Tiến, huyện khoái Châu năm 2013","Đã xóa trùng (Thành công) - Đã xóa thành công 2 bản trùng thừa, giữ lại bản chính #1","2026-09-20 17:54:30"
2956,"H31.05.02.H31.09.2013.2690","3 bản (DELETED_SUCCESS)","Về kết quả thẩm tra thiết kế bản vẽ thi công dự toán công trình di dân tái định cư vùng nguy cơ sạt lở xã bình Minh, huyện Khoái Châu; hạng mục: Hạ tầng kỹ thuật I - Phần san nền, đường giao thông thoát nước năm 2013 Tập I","Đã xóa trùng (Thành công) - Đã xóa thành công 2 bản trùng thừa, giữ lại bản chính #1","2026-09-20 17:54:44"
2957,"H31.05.02.H31.09.2011-2012.2689","3 bản (DELETED_SUCCESS)","Về kết quả thẩm tra thiết kế bản vẽ thi công - dự toán công trình di dân, tái định cư vùng nguy cơ sạt lở xã Bình Minh, huyện khoái châu, hạng mục: Hạ tầng kỹ thuật I - Phần san nền đường giao thông, Thoát nước năm 2013. Tập I","Đã xóa trùng (Thành công) - Đã xóa thành công 2 bản trùng thừa, giữ lại bản chính #1","2026-09-20 17:54:58"
2958,"H31.05.02.H31.09.2011-2012.2688","3 bản (DELETED_SUCCESS)","Tập văn bản đến của Phòng Quản lý nhà và hạ tầng kỹ thuật, Sở xây dựng năm 2006-2012","Đã xóa trùng (Thành công) - Đã xóa thành công 2 bản trùng thừa, giữ lại bản chính #1","2026-09-20 17:55:12"
2959,"H31.05.02.H31.09.2011-2012.2687","3 bản (DELETED_SUCCESS)","Về việc tham gia ý kiến điều chỉnh, bổ sung dự án xây dựng công trình Hạ tầng kỹ thuật chợ và Khu nhà ở Thương mại huyện Khoái Châu năm 2012","Đã xóa trùng (Thành công) - Đã xóa thành công 2 bản trùng thừa, giữ lại bản chính #1","2026-09-20 17:55:26"
2960,"H31.05.02.H31.09.2011-2012.2686","3 bản (DELETED_SUCCESS)","Về việc dự thảo văn bản Quy định sử dụng lòng đường hè quốc bảo đảm trật tự, an toàn giao thông, vệ sinh môi trường, mỹ quan đô thị trên địa bàn tỉnh Hưng Yên năm 2011","Đã xóa trùng (Thành công) - Đã xóa thành công 2 bản trùng thừa, giữ lại bản chính #1","2026-09-20 17:55:40"
2961,"H31.05.02.H31.09.2011.2685","3 bản (DELETED_SUCCESS)","Về việc tham gia ý kiến thẩm định thiết kế cơ sở dự án Đầu tư xây dựng cải tạo, nâng cấp kênh tiêu Chợ Gạo, thành phố Hưng Yên. Tập 2","Đã xóa trùng (Thành công) - Đã xóa thành công 2 bản trùng thừa, giữ lại bản chính #1","2026-09-20 17:55:54"
2962,"H31.05.02.H31.09.2011.2684","3 bản (DELETED_SUCCESS)","Về việc tham gia ý kiến thẩm định thiết kế cơ sở dự án đầu tư xây dựng cải tạo, nâng cấp kênh tiêu Chợ Gạo, thành phố Hưng Yên. Tập 1","Đã xóa trùng (Thành công) - Đã xóa thành công 2 bản trùng thừa, giữ lại bản chính #1","2026-09-20 17:56:08"
2963,"H31.05.02.H31.09.2011.2682","3 bản (DELETED_SUCCESS)","Về việc thiết kế cơ sở dự án Phân khu A - Khu đô thị phía Bắc QL 5 công trình Hạ tầng kỹ thuật giai đoạn I, hạng mục Cây xanh cảnh quan năm 2011.","Đã xóa trùng (Thành công) - Đã xóa thành công 2 bản trùng thừa, giữ lại bản chính #1","2026-09-20 17:56:22"
2964,"H31.05.02.H31.09.2011.2683","3 bản (DELETED_SUCCESS)","Về tham gia ý kiến thiết kế cơ sở dự án đầu tư xây dựng đường Quy hoạch thuộc khu đô thị phía bắc đường Đinh Điền, phường Lam Sơn thành phố Hưng Yên.","Đã xóa trùng (Thành công) - Đã xóa thành công 2 bản trùng thừa, giữ lại bản chính #1","2026-09-20 17:56:36"
2965,"H31.05.02.H31.09.2010-2011.2681","3 bản (DELETED_SUCCESS)","Tình hình thực hiện các chỉ tiêu kế hoạch và tài nguyên môi trường và phát triển bền vững năm 2008 - 2010","Đã xóa trùng (Thành công) - Đã xóa thành công 2 bản trùng thừa, giữ lại bản chính #1","2026-09-20 17:56:50"
2966,"H31.05.02.H31.09.2010-2011.2680","3 bản (DELETED_SUCCESS)","Tham gia ý kiến thiết kế cơ sở Dự án đầu tư xây dựng và kinh doanh hạ tầng Khu công nghiệp Phố Nối A mở rộng (tập 2)","Đã xóa trùng (Thành công) - Đã xóa thành công 2 bản trùng thừa, giữ lại bản chính #1","2026-09-20 17:57:04"
2967,"H31.05.02.H31.09.2010.2678","3 bản (DELETED_SUCCESS)","Phê duyệt thiết kế bản vẽ thi công - dự toán hạng mục: phần hạ tầng Quảng trường công viên cây xanh - Quảng trường trung tâm tỉnh","Đã xóa trùng (Thành công) - Đã xóa thành công 2 bản trùng thừa, giữ lại bản chính #1","2026-09-20 17:57:18"
2968,"H31.05.02.H31.09.2010.2677","3 bản (DELETED_SUCCESS)","Xây dựng công trình Công viên cây xanh - Quảng trường trung tâm tỉnh Hưng Yên; Hạng mục: San nền và cống hộp - Kênh tạm thoát nước năm 2009","Đã xóa trùng (Thành công) - Đã xóa thành công 2 bản trùng thừa, giữ lại bản chính #1","2026-09-20 17:57:32"
2969,"H31.05.02.H31.09.2010.2676","3 bản (DELETED_SUCCESS)","Xây dựng công trình công viên cây xanh- Quảng trường trung tâm tỉnh Hưng Yên. Hạng mục. cây xanh quảng trường năm 2009. (tập II)","Đã xóa trùng (Thành công) - Đã xóa thành công 2 bản trùng thừa, giữ lại bản chính #1","2026-09-20 17:57:46"
2970,"H31.05.02.H31.09.2010.2675","3 bản (DELETED_SUCCESS)","Xây dựng công trình công viên cây xanh - Quảng trường trung tâm, tỉnh Hưng Yên. Hạng mục: Cây xanh Quảng trường - Tập I","Đã xóa trùng (Thành công) - Đã xóa thành công 2 bản trùng thừa, giữ lại bản chính #1","2026-09-20 17:58:00"
2971,"H31.05.02.H31.09.2010.2674","3 bản (DELETED_SUCCESS)","Thẩm định thiết kế cơ sở dự án công viên cây xanh - Quảng trường trung tâm tỉnh Hưng Yên","Đã xóa trùng (Thành công) - Đã xóa thành công 2 bản trùng thừa, giữ lại bản chính #1","2026-09-20 17:58:14"
2972,"H31.05.02.H31.09.2010.2673","3 bản (DELETED_SUCCESS)","Về việc Xây dựng công trình công viên cây xanh - Quảng trường trung tâm tỉnh Hưng Yên năm 2008","Đã xóa trùng (Thành công) - Đã xóa thành công 2 bản trùng thừa, giữ lại bản chính #1","2026-09-20 17:58:28"
2973,"H31.05.02.H31.09.2009-2010.2672","3 bản (DELETED_SUCCESS)","Thiết kế bản vẽ thi công công trình công viên cây xanh Quảng trường trung tâm tỉnh Hưng Yên","Đã xóa trùng (Thành công) - Đã xóa thành công 2 bản trùng thừa, giữ lại bản chính #1","2026-09-20 17:58:42"
2974,"H31.05.02.H31.09.2009-2010.2671","3 bản (DELETED_SUCCESS)","Thẩm tra thiết kế bản vẽ thi công và dự toán công trình Xây dựng hạ tầng kỹ thuật làng quân nhân - Bộ chỉ huy quân sự tỉnh Hưng Yên tại xã Bảo Khê, TP. Hưng Yên năm 2010","Đã xóa trùng (Thành công) - Đã xóa thành công 2 bản trùng thừa, giữ lại bản chính #1","2026-09-20 17:58:56"
2975,"H31.05.02.H31.09.2008.2670","3 bản (DELETED_SUCCESS)","Thẩm định thiết kế cơ sơ dự án đầu tư xây dựng hạ tầng kỹ thuật khu du lịch Phụng Công, hạng mục Hạ tầng kỹ thuật năm 2009","Đã xóa trùng (Thành công) - Đã xóa thành công 2 bản trùng thừa, giữ lại bản chính #1","2026-09-20 17:59:10"
2976,"H31.05.02.H31.09.2008.2669","3 bản (DELETED_SUCCESS)","Thẩm định thiết kế bản vẽ thi công công trình Hệ thống cấp nước thị trấn Vương - Dị Chế - Hải Triều, huyện Tiên Lữ, tỉnh Hưng Yên, hạng mục tuyến ống phân phối và dịch vụ năm 2008","Đã xóa trùng (Thành công) - Đã xóa thành công 2 bản trùng thừa, giữ lại bản chính #1","2026-09-20 17:59:24"
2977,"H31.05.02.H31.09.2008.2668","3 bản (DELETED_SUCCESS)","Thẩm định thiết kế bản vẽ thi công - Hệ thống cấp nước thị trấn Vương - Dị Chế - Hải Triều, huyện Tiên Lữ, tỉnh Hưng Yên","Đã xóa trùng (Thành công) - Đã xóa thành công 2 bản trùng thừa, giữ lại bản chính #1","2026-09-20 17:59:38"
2978,"H31.05.02.H31.09.2008.2667","3 bản (DELETED_SUCCESS)","Thẩm định thiết kế cơ sở dự án: Hệ thống cấp nước thị tứ Phùng Hưng, huyện Khoái Châu, tỉnh Hưng Yên","Đã xóa trùng (Thành công) - Đã xóa thành công 2 bản trùng thừa, giữ lại bản chính #1","2026-09-20 17:59:52"
