STT,Mã kiểm tra,Trạng thái,Số lượng HS tìm thấy,Đánh giá trùng lặp,Tóm tắt đối chiếu,Ký hiệu hồ sơ (HS 1),Mã hệ thống (HS 1),Tiêu đề hồ sơ (HS 1),Năm (HS 1),Thời hạn bảo quản (HS 1),Link chi tiết (HS 1),Nội dung chi tiết tất cả hồ sơ quét được,Ghi chú / Lỗi
1,"H31.05.02.H31.09.2014.549",ĐÃ TỒN TẠI (3 HS),3,"CÙNG TIÊU ĐỀ","Có 3 hồ sơ trùng hoàn toàn cả Tên, Ký hiệu và Năm","H31.05.02.H31.09.2014.549","H31.09.2014.004344","Hồ sơ chứng nhận quyền sở hữu nhà ở, tài sản gắn liền với đất dự án: Nhà máy sản xuất dầu và khô đậu tương Thị trấn Lương Bằng, huyện Kim Động năm 2014",2014,1,"http://ktdl.soxaydung.hungyen.gov.vn/systems/filesviewdetail/iid/4344/index.aspx?am=0,1,2&rf=639253282694695764","[HS 1] Ký hiệu: H31.05.02.H31.09.2014.549 | Mã HT: H31.09.2014.004344 | Năm: 2014 (THBQ: 1) | Tiêu đề: Hồ sơ chứng nhận quyền sở hữu nhà ở, tài sản gắn liền với đất dự án: Nhà máy sản xuất dầu và khô đậu tương Thị trấn Lương Bằng, huyện Kim Động năm 2014 ; [HS 2] Ký hiệu: H31.05.02.H31.09.2014.549 | Mã HT: H31.09.2014.007323 | Năm: 2014 (THBQ: 1) | Tiêu đề: Hồ sơ chứng nhận quyền sở hữu nhà ở, tài sản gắn liền với đất dự án: Nhà máy sản xuất dầu và khô đậu tương Thị trấn Lương Bằng, huyện Kim Động năm 2014 ; [HS 3] Ký hiệu: H31.05.02.H31.09.2014.549 | Mã HT: H31.09.2014.045961 | Năm: 2014 (THBQ: 1) | Tiêu đề: Hồ sơ chứng nhận quyền sở hữu nhà ở, tài sản gắn liền với đất dự án: Nhà máy sản xuất dầu và khô đậu tương Thị trấn Lương Bằng, huyện Kim Động năm 2014",""
2,"H31.05.02.H31.09.2014.548",ĐÃ TỒN TẠI (3 HS),3,"CÙNG TIÊU ĐỀ","Có 3 hồ sơ trùng hoàn toàn cả Tên, Ký hiệu và Năm","H31.05.02.H31.09.2014.548","H31.09.2014.004345","Hồ sơ chứng nhận quyền sở hữu nhà ở, tài sản gắn liền với đất dự án: Chợ trung tâm mua sắm Tiến Đạt xã Giai Phạm, Huyện Yên Mỹ năm 2014",2014,1,"http://ktdl.soxaydung.hungyen.gov.vn/systems/filesviewdetail/iid/4345/index.aspx?am=0,1,2&rf=639253282702508359","[HS 1] Ký hiệu: H31.05.02.H31.09.2014.548 | Mã HT: H31.09.2014.004345 | Năm: 2014 (THBQ: 1) | Tiêu đề: Hồ sơ chứng nhận quyền sở hữu nhà ở, tài sản gắn liền với đất dự án: Chợ trung tâm mua sắm Tiến Đạt xã Giai Phạm, Huyện Yên Mỹ năm 2014 ; [HS 2] Ký hiệu: H31.05.02.H31.09.2014.548 | Mã HT: H31.09.2014.007324 | Năm: 2014 (THBQ: 1) | Tiêu đề: Hồ sơ chứng nhận quyền sở hữu nhà ở, tài sản gắn liền với đất dự án: Chợ trung tâm mua sắm Tiến Đạt xã Giai Phạm, Huyện Yên Mỹ năm 2014 ; [HS 3] Ký hiệu: H31.05.02.H31.09.2014.548 | Mã HT: H31.09.2014.045962 | Năm: 2014 (THBQ: 1) | Tiêu đề: Hồ sơ chứng nhận quyền sở hữu nhà ở, tài sản gắn liền với đất dự án: Chợ trung tâm mua sắm Tiến Đạt xã Giai Phạm, Huyện Yên Mỹ năm 2014",""
3,"H31.05.02.H31.09.2014.547",ĐÃ TỒN TẠI (3 HS),3,"CÙNG TIÊU ĐỀ","Có 3 hồ sơ trùng hoàn toàn cả Tên, Ký hiệu và Năm","H31.05.02.H31.09.2014.547","H31.09.2014.004346","Hồ sơ chứng nhận quyền sở hữu nhà ở, tài sản gắn liền với đất dự án: Chi nhánh công ty xây dựng số 18 thị trấn Bần Yên Nhân, huyện Mỹ Hào năm 2014",2014,1,"http://ktdl.soxaydung.hungyen.gov.vn/systems/filesviewdetail/iid/4346/index.aspx?am=0,1,2&rf=639253282709696976","[HS 1] Ký hiệu: H31.05.02.H31.09.2014.547 | Mã HT: H31.09.2014.004346 | Năm: 2014 (THBQ: 1) | Tiêu đề: Hồ sơ chứng nhận quyền sở hữu nhà ở, tài sản gắn liền với đất dự án: Chi nhánh công ty xây dựng số 18 thị trấn Bần Yên Nhân, huyện Mỹ Hào năm 2014 ; [HS 2] Ký hiệu: H31.05.02.H31.09.2014.547 | Mã HT: H31.09.2014.007325 | Năm: 2014 (THBQ: 1) | Tiêu đề: Hồ sơ chứng nhận quyền sở hữu nhà ở, tài sản gắn liền với đất dự án: Chi nhánh công ty xây dựng số 18 thị trấn Bần Yên Nhân, huyện Mỹ Hào năm 2014 ; [HS 3] Ký hiệu: H31.05.02.H31.09.2014.547 | Mã HT: H31.09.2014.045963 | Năm: 2014 (THBQ: 1) | Tiêu đề: Hồ sơ chứng nhận quyền sở hữu nhà ở, tài sản gắn liền với đất dự án: Chi nhánh công ty xây dựng số 18 thị trấn Bần Yên Nhân, huyện Mỹ Hào năm 2014",""
4,"H31.05.02.H31.09.2014.546",ĐÃ TỒN TẠI (3 HS),3,"CÙNG TIÊU ĐỀ","Có 3 hồ sơ trùng hoàn toàn cả Tên, Ký hiệu và Năm","H31.05.02.H31.09.2014.546","H31.09.2014.004347","Hồ sơ chứng nhận quyền sở hữu nhà ở, tài sản gắn liền với đất dự án: Nhà máy kết cấu thép - thiết bị nâng hạ xã Minh Đức, huyện Mỹ Hào năm 2014",2014,1,"http://ktdl.soxaydung.hungyen.gov.vn/systems/filesviewdetail/iid/4347/index.aspx?am=0,1,2&rf=639253282717352811","[HS 1] Ký hiệu: H31.05.02.H31.09.2014.546 | Mã HT: H31.09.2014.004347 | Năm: 2014 (THBQ: 1) | Tiêu đề: Hồ sơ chứng nhận quyền sở hữu nhà ở, tài sản gắn liền với đất dự án: Nhà máy kết cấu thép - thiết bị nâng hạ xã Minh Đức, huyện Mỹ Hào năm 2014 ; [HS 2] Ký hiệu: H31.05.02.H31.09.2014.546 | Mã HT: H31.09.2014.007326 | Năm: 2014 (THBQ: 1) | Tiêu đề: Hồ sơ chứng nhận quyền sở hữu nhà ở, tài sản gắn liền với đất dự án: Nhà máy kết cấu thép - thiết bị nâng hạ xã Minh Đức, huyện Mỹ Hào năm 2014 ; [HS 3] Ký hiệu: H31.05.02.H31.09.2014.546 | Mã HT: H31.09.2014.045964 | Năm: 2014 (THBQ: 1) | Tiêu đề: Hồ sơ chứng nhận quyền sở hữu nhà ở, tài sản gắn liền với đất dự án: Nhà máy kết cấu thép - thiết bị nâng hạ xã Minh Đức, huyện Mỹ Hào năm 2014",""
5,"H31.05.02.H31.09.2014.545",ĐÃ TỒN TẠI (3 HS),3,"CÙNG TIÊU ĐỀ","Có 3 hồ sơ trùng hoàn toàn cả Tên, Ký hiệu và Năm","H31.05.02.H31.09.2014.545","H31.09.2014.004348","Hồ sơ chứng nhận quyền sở hữu nhà ở, tài sản gắn liền với đất dự án: Nhà máy gạch Tuynel xã Phan Đình Phùng, huyện Mỹ Hào năm 2014. Tập 3: Hồ sơ bản vẽ hoàn công, các văn bản pháp lý",2014,1,"http://ktdl.soxaydung.hungyen.gov.vn/systems/filesviewdetail/iid/4348/index.aspx?am=0,1,2&rf=639253282725321410","[HS 1] Ký hiệu: H31.05.02.H31.09.2014.545 | Mã HT: H31.09.2014.004348 | Năm: 2014 (THBQ: 1) | Tiêu đề: Hồ sơ chứng nhận quyền sở hữu nhà ở, tài sản gắn liền với đất dự án: Nhà máy gạch Tuynel xã Phan Đình Phùng, huyện Mỹ Hào năm 2014. Tập 3: Hồ sơ bản vẽ hoàn công, các văn bản pháp lý ; [HS 2] Ký hiệu: H31.05.02.H31.09.2014.545 | Mã HT: H31.09.2014.007327 | Năm: 2014 (THBQ: 1) | Tiêu đề: Hồ sơ chứng nhận quyền sở hữu nhà ở, tài sản gắn liền với đất dự án: Nhà máy gạch Tuynel xã Phan Đình Phùng, huyện Mỹ Hào năm 2014. Tập 3: Hồ sơ bản vẽ hoàn công, các văn bản pháp lý ; [HS 3] Ký hiệu: H31.05.02.H31.09.2014.545 | Mã HT: H31.09.2014.045965 | Năm: 2014 (THBQ: 1) | Tiêu đề: Hồ sơ chứng nhận quyền sở hữu nhà ở, tài sản gắn liền với đất dự án: Nhà máy gạch Tuynel xã Phan Đình Phùng, huyện Mỹ Hào năm 2014. Tập 3: Hồ sơ bản vẽ hoàn công, các văn bản pháp lý",""
6,"H31.05.02.H31.09.2014.544",ĐÃ TỒN TẠI (3 HS),3,"CÙNG TIÊU ĐỀ","Có 3 hồ sơ trùng hoàn toàn cả Tên, Ký hiệu và Năm","H31.05.02.H31.09.2014.544","H31.09.2014.004349","Hồ sơ chứng nhận quyền sở hữu nhà ở, tài sản gắn liền với đất dự án: Nhà máy gạch Tuynel xã Tận Châu, huyện Khoái Châu năm 2014. Tập 3: Hồ sơ bản vẽ hoàn công, các văn bản pháp lý",2014,1,"http://ktdl.soxaydung.hungyen.gov.vn/systems/filesviewdetail/iid/4349/index.aspx?am=0,1,2&rf=639253282734071447","[HS 1] Ký hiệu: H31.05.02.H31.09.2014.544 | Mã HT: H31.09.2014.004349 | Năm: 2014 (THBQ: 1) | Tiêu đề: Hồ sơ chứng nhận quyền sở hữu nhà ở, tài sản gắn liền với đất dự án: Nhà máy gạch Tuynel xã Tận Châu, huyện Khoái Châu năm 2014. Tập 3: Hồ sơ bản vẽ hoàn công, các văn bản pháp lý ; [HS 2] Ký hiệu: H31.05.02.H31.09.2014.544 | Mã HT: H31.09.2014.007328 | Năm: 2014 (THBQ: 1) | Tiêu đề: Hồ sơ chứng nhận quyền sở hữu nhà ở, tài sản gắn liền với đất dự án: Nhà máy gạch Tuynel xã Tận Châu, huyện Khoái Châu năm 2014. Tập 3: Hồ sơ bản vẽ hoàn công, các văn bản pháp lý ; [HS 3] Ký hiệu: H31.05.02.H31.09.2014.544 | Mã HT: H31.09.2014.045966 | Năm: 2014 (THBQ: 1) | Tiêu đề: Hồ sơ chứng nhận quyền sở hữu nhà ở, tài sản gắn liền với đất dự án: Nhà máy gạch Tuynel xã Tận Châu, huyện Khoái Châu năm 2014. Tập 3: Hồ sơ bản vẽ hoàn công, các văn bản pháp lý",""
7,"H31.05.02.H31.09.2014.543",ĐÃ TỒN TẠI (3 HS),3,"CÙNG TIÊU ĐỀ","Có 3 hồ sơ trùng hoàn toàn cả Tên, Ký hiệu và Năm","H31.05.02.H31.09.2014.543","H31.09.2014.004350","Hồ sơ chứng nhận quyền sở hữu nhà ở, tài sản gắn liền với đất dự án: Nhà máy gạch Tuynel xã Tân Châu, huyện Khoái Châu năm 2009; Tập 2: Hồ sơ hoàn công quyển 4,6",2014,1,"http://ktdl.soxaydung.hungyen.gov.vn/systems/filesviewdetail/iid/4350/index.aspx?am=0,1,2&rf=639253282741727983","[HS 1] Ký hiệu: H31.05.02.H31.09.2014.543 | Mã HT: H31.09.2014.004350 | Năm: 2014 (THBQ: 1) | Tiêu đề: Hồ sơ chứng nhận quyền sở hữu nhà ở, tài sản gắn liền với đất dự án: Nhà máy gạch Tuynel xã Tân Châu, huyện Khoái Châu năm 2009; Tập 2: Hồ sơ hoàn công quyển 4,6 ; [HS 2] Ký hiệu: H31.05.02.H31.09.2014.543 | Mã HT: H31.09.2014.007329 | Năm: 2014 (THBQ: 1) | Tiêu đề: Hồ sơ chứng nhận quyền sở hữu nhà ở, tài sản gắn liền với đất dự án: Nhà máy gạch Tuynel xã Tân Châu, huyện Khoái Châu năm 2009; Tập 2: Hồ sơ hoàn công quyển 4,6 ; [HS 3] Ký hiệu: H31.05.02.H31.09.2014.543 | Mã HT: H31.09.2014.045967 | Năm: 2014 (THBQ: 1) | Tiêu đề: Hồ sơ chứng nhận quyền sở hữu nhà ở, tài sản gắn liền với đất dự án: Nhà máy gạch Tuynel xã Tân Châu, huyện Khoái Châu năm 2009; Tập 2: Hồ sơ hoàn công quyển 4,6",""
8,"H31.05.02.H31.09.2014.542",ĐÃ TỒN TẠI (3 HS),3,"CÙNG TIÊU ĐỀ","Có 3 hồ sơ trùng hoàn toàn cả Tên, Ký hiệu và Năm","H31.05.02.H31.09.2014.542","H31.09.2014.004351","Hồ sơ chứng nhận quyền sở hữu nhà ở, tài sản gắn liền với đất dự án: Nhà máy gạch Tuynel xã Tân Châu, huyện Khoái Châu năm 2009; Tập 1: Hồ sơ hoàn công quyển 1,3",2014,1,"http://ktdl.soxaydung.hungyen.gov.vn/systems/filesviewdetail/iid/4351/index.aspx?am=0,1,2&rf=639253282757510143","[HS 1] Ký hiệu: H31.05.02.H31.09.2014.542 | Mã HT: H31.09.2014.004351 | Năm: 2014 (THBQ: 1) | Tiêu đề: Hồ sơ chứng nhận quyền sở hữu nhà ở, tài sản gắn liền với đất dự án: Nhà máy gạch Tuynel xã Tân Châu, huyện Khoái Châu năm 2009; Tập 1: Hồ sơ hoàn công quyển 1,3 ; [HS 2] Ký hiệu: H31.05.02.H31.09.2014.542 | Mã HT: H31.09.2014.007330 | Năm: 2014 (THBQ: 1) | Tiêu đề: Hồ sơ chứng nhận quyền sở hữu nhà ở, tài sản gắn liền với đất dự án: Nhà máy gạch Tuynel xã Tân Châu, huyện Khoái Châu năm 2009; Tập 1: Hồ sơ hoàn công quyển 1,3 ; [HS 3] Ký hiệu: H31.05.02.H31.09.2014.542 | Mã HT: H31.09.2014.045968 | Năm: 2014 (THBQ: 1) | Tiêu đề: Hồ sơ chứng nhận quyền sở hữu nhà ở, tài sản gắn liền với đất dự án: Nhà máy gạch Tuynel xã Tân Châu, huyện Khoái Châu năm 2009; Tập 1: Hồ sơ hoàn công quyển 1,3",""
9,"H31.05.02.H31.09.2014.541",ĐÃ TỒN TẠI (3 HS),3,"CÙNG TIÊU ĐỀ","Có 3 hồ sơ trùng hoàn toàn cả Tên, Ký hiệu và Năm","H31.05.02.H31.09.2014.541","H31.09.2014.004352","Hồ sơ chứng nhận quyền sở hữu nhà ở, tài sản gắn liền với đất dự án: Xây dựng nhà máy bao bì Tân Việt xã Tân Quang, huyện Văn Lâm năm 2014",2014,1,"http://ktdl.soxaydung.hungyen.gov.vn/systems/filesviewdetail/iid/4352/index.aspx?am=0,1,2&rf=639253282767197285","[HS 1] Ký hiệu: H31.05.02.H31.09.2014.541 | Mã HT: H31.09.2014.004352 | Năm: 2014 (THBQ: 1) | Tiêu đề: Hồ sơ chứng nhận quyền sở hữu nhà ở, tài sản gắn liền với đất dự án: Xây dựng nhà máy bao bì Tân Việt xã Tân Quang, huyện Văn Lâm năm 2014 ; [HS 2] Ký hiệu: H31.05.02.H31.09.2014.541 | Mã HT: H31.09.2014.007331 | Năm: 2014 (THBQ: 1) | Tiêu đề: Hồ sơ chứng nhận quyền sở hữu nhà ở, tài sản gắn liền với đất dự án: Xây dựng nhà máy bao bì Tân Việt xã Tân Quang, huyện Văn Lâm năm 2014 ; [HS 3] Ký hiệu: H31.05.02.H31.09.2014.541 | Mã HT: H31.09.2014.045969 | Năm: 2014 (THBQ: 1) | Tiêu đề: Hồ sơ chứng nhận quyền sở hữu nhà ở, tài sản gắn liền với đất dự án: Xây dựng nhà máy bao bì Tân Việt xã Tân Quang, huyện Văn Lâm năm 2014",""
10,"H31.05.02.H31.09.2014.540",ĐÃ TỒN TẠI (3 HS),3,"CÙNG TIÊU ĐỀ","Có 3 hồ sơ trùng hoàn toàn cả Tên, Ký hiệu và Năm","H31.05.02.H31.09.2014.540","H31.09.2014.004353","Hồ sơ chứng nhận quyền sở hữu nhà ở, tài sản gắn liền với đất dự án: Nhà máy sản xuất khoáng chế biến hoa quả xã Trưng Trắc, huyện Văn Lâm năm 2014",2014,1,"http://ktdl.soxaydung.hungyen.gov.vn/systems/filesviewdetail/iid/4353/index.aspx?am=0,1,2&rf=639253282777353708","[HS 1] Ký hiệu: H31.05.02.H31.09.2014.540 | Mã HT: H31.09.2014.004353 | Năm: 2014 (THBQ: 1) | Tiêu đề: Hồ sơ chứng nhận quyền sở hữu nhà ở, tài sản gắn liền với đất dự án: Nhà máy sản xuất khoáng chế biến hoa quả xã Trưng Trắc, huyện Văn Lâm năm 2014 ; [HS 2] Ký hiệu: H31.05.02.H31.09.2014.540 | Mã HT: H31.09.2014.007332 | Năm: 2014 (THBQ: 1) | Tiêu đề: Hồ sơ chứng nhận quyền sở hữu nhà ở, tài sản gắn liền với đất dự án: Nhà máy sản xuất khoáng chế biến hoa quả xã Trưng Trắc, huyện Văn Lâm năm 2014 ; [HS 3] Ký hiệu: H31.05.02.H31.09.2014.540 | Mã HT: H31.09.2014.045970 | Năm: 2014 (THBQ: 1) | Tiêu đề: Hồ sơ chứng nhận quyền sở hữu nhà ở, tài sản gắn liền với đất dự án: Nhà máy sản xuất khoáng chế biến hoa quả xã Trưng Trắc, huyện Văn Lâm năm 2014",""
11,"H31.05.02.H31.09.2014.539",ĐÃ TỒN TẠI (3 HS),3,"CÙNG TIÊU ĐỀ","Có 3 hồ sơ trùng hoàn toàn cả Tên, Ký hiệu và Năm","H31.05.02.H31.09.2014.539","H31.09.2014.004354","Hồ sơ chứng nhận quyền sở hữu nhà ở, tài sản gắn liền với đất dự án: Cơ sở giáo dục mầm non Hoa Sữa thị trấn Như Quỳnh, huyện Văn Lâm năm 2014",2014,1,"http://ktdl.soxaydung.hungyen.gov.vn/systems/filesviewdetail/iid/4354/index.aspx?am=0,1,2&rf=639253282787510804","[HS 1] Ký hiệu: H31.05.02.H31.09.2014.539 | Mã HT: H31.09.2014.004354 | Năm: 2014 (THBQ: 1) | Tiêu đề: Hồ sơ chứng nhận quyền sở hữu nhà ở, tài sản gắn liền với đất dự án: Cơ sở giáo dục mầm non Hoa Sữa thị trấn Như Quỳnh, huyện Văn Lâm năm 2014 ; [HS 2] Ký hiệu: H31.05.02.H31.09.2014.539 | Mã HT: H31.09.2014.007333 | Năm: 2014 (THBQ: 1) | Tiêu đề: Hồ sơ chứng nhận quyền sở hữu nhà ở, tài sản gắn liền với đất dự án: Cơ sở giáo dục mầm non Hoa Sữa thị trấn Như Quỳnh, huyện Văn Lâm năm 2014 ; [HS 3] Ký hiệu: H31.05.02.H31.09.2014.539 | Mã HT: H31.09.2014.045971 | Năm: 2014 (THBQ: 1) | Tiêu đề: Hồ sơ chứng nhận quyền sở hữu nhà ở, tài sản gắn liền với đất dự án: Cơ sở giáo dục mầm non Hoa Sữa thị trấn Như Quỳnh, huyện Văn Lâm năm 2014",""
12,"H31.05.02.H31.09.2014.538",ĐÃ TỒN TẠI (3 HS),3,"CÙNG TIÊU ĐỀ","Có 3 hồ sơ trùng hoàn toàn cả Tên, Ký hiệu và Năm","H31.05.02.H31.09.2014.538","H31.09.2014.004355","Hồ sơ chứng nhận quyền sở hữu nhà ở, tài sản gắn liền với đất dự án: Nhà máy Everpia xã Tân Quang, huyện Văn Lâm năm 2014",2014,1,"http://ktdl.soxaydung.hungyen.gov.vn/systems/filesviewdetail/iid/4355/index.aspx?am=0,1,2&rf=639253282797510220","[HS 1] Ký hiệu: H31.05.02.H31.09.2014.538 | Mã HT: H31.09.2014.004355 | Năm: 2014 (THBQ: 1) | Tiêu đề: Hồ sơ chứng nhận quyền sở hữu nhà ở, tài sản gắn liền với đất dự án: Nhà máy Everpia xã Tân Quang, huyện Văn Lâm năm 2014 ; [HS 2] Ký hiệu: H31.05.02.H31.09.2014.538 | Mã HT: H31.09.2014.007334 | Năm: 2014 (THBQ: 1) | Tiêu đề: Hồ sơ chứng nhận quyền sở hữu nhà ở, tài sản gắn liền với đất dự án: Nhà máy Everpia xã Tân Quang, huyện Văn Lâm năm 2014 ; [HS 3] Ký hiệu: H31.05.02.H31.09.2014.538 | Mã HT: H31.09.2014.045972 | Năm: 2014 (THBQ: 1) | Tiêu đề: Hồ sơ chứng nhận quyền sở hữu nhà ở, tài sản gắn liền với đất dự án: Nhà máy Everpia xã Tân Quang, huyện Văn Lâm năm 2014",""
13,"H31.05.02.H31.09.2014.537",ĐÃ TỒN TẠI (3 HS),3,"CÙNG TIÊU ĐỀ","Có 3 hồ sơ trùng hoàn toàn cả Tên, Ký hiệu và Năm","H31.05.02.H31.09.2014.537","H31.09.2014.004356","Hồ sơ chứng nhận quyền sở hữu nhà ở, tài sản gắn liền với đất dự án: Nhà máy thép công nghiệp Nhật Quang xã Lạc Đạo, huyện Văn Lâm năm 2014. Tập 5: Bản vẽ Hoàn công, bản vẽ hoàn công hồ sơ thiết kế kỹ thuật thi công, Các văn bản pháp lý",2014,1,"http://ktdl.soxaydung.hungyen.gov.vn/systems/filesviewdetail/iid/4356/index.aspx?am=0,1,2&rf=639253282807510398","[HS 1] Ký hiệu: H31.05.02.H31.09.2014.537 | Mã HT: H31.09.2014.004356 | Năm: 2014 (THBQ: 1) | Tiêu đề: Hồ sơ chứng nhận quyền sở hữu nhà ở, tài sản gắn liền với đất dự án: Nhà máy thép công nghiệp Nhật Quang xã Lạc Đạo, huyện Văn Lâm năm 2014. Tập 5: Bản vẽ Hoàn công, bản vẽ hoàn công hồ sơ thiết kế kỹ thuật thi công, Các văn bản pháp lý ; [HS 2] Ký hiệu: H31.05.02.H31.09.2014.537 | Mã HT: H31.09.2014.007335 | Năm: 2014 (THBQ: 1) | Tiêu đề: Hồ sơ chứng nhận quyền sở hữu nhà ở, tài sản gắn liền với đất dự án: Nhà máy thép công nghiệp Nhật Quang xã Lạc Đạo, huyện Văn Lâm năm 2014. Tập 5: Bản vẽ Hoàn công, bản vẽ hoàn công hồ sơ thiết kế kỹ thuật thi công, Các văn bản pháp lý ; [HS 3] Ký hiệu: H31.05.02.H31.09.2014.537 | Mã HT: H31.09.2014.045973 | Năm: 2014 (THBQ: 1) | Tiêu đề: Hồ sơ chứng nhận quyền sở hữu nhà ở, tài sản gắn liền với đất dự án: Nhà máy thép công nghiệp Nhật Quang xã Lạc Đạo, huyện Văn Lâm năm 2014. Tập 5: Bản vẽ Hoàn công, bản vẽ hoàn công hồ sơ thiết kế kỹ thuật thi công, Các văn bản pháp lý",""
14,"H31.05.02.H31.09.2014.536",ĐÃ TỒN TẠI (3 HS),3,"CÙNG TIÊU ĐỀ","Có 3 hồ sơ trùng hoàn toàn cả Tên, Ký hiệu và Năm","H31.05.02.H31.09.2014.536","H31.09.2014.004357","Hồ sơ chứng nhận quyền sở hữu nhà ở, tài sản gắn liền với đất dự án: Nhà máy thép công nghiệp Nhật Quang xã Lạc Đạo, huyện Văn Lâm năm 2005. Tập 4: Bản vẽ Hoàn công - Khu B",2014,1,"http://ktdl.soxaydung.hungyen.gov.vn/systems/filesviewdetail/iid/4357/index.aspx?am=0,1,2&rf=639253282817355052","[HS 1] Ký hiệu: H31.05.02.H31.09.2014.536 | Mã HT: H31.09.2014.004357 | Năm: 2014 (THBQ: 1) | Tiêu đề: Hồ sơ chứng nhận quyền sở hữu nhà ở, tài sản gắn liền với đất dự án: Nhà máy thép công nghiệp Nhật Quang xã Lạc Đạo, huyện Văn Lâm năm 2005. Tập 4: Bản vẽ Hoàn công - Khu B ; [HS 2] Ký hiệu: H31.05.02.H31.09.2014.536 | Mã HT: H31.09.2014.007336 | Năm: 2014 (THBQ: 1) | Tiêu đề: Hồ sơ chứng nhận quyền sở hữu nhà ở, tài sản gắn liền với đất dự án: Nhà máy thép công nghiệp Nhật Quang xã Lạc Đạo, huyện Văn Lâm năm 2005. Tập 4: Bản vẽ Hoàn công - Khu B ; [HS 3] Ký hiệu: H31.05.02.H31.09.2014.536 | Mã HT: H31.09.2014.045974 | Năm: 2014 (THBQ: 1) | Tiêu đề: Hồ sơ chứng nhận quyền sở hữu nhà ở, tài sản gắn liền với đất dự án: Nhà máy thép công nghiệp Nhật Quang xã Lạc Đạo, huyện Văn Lâm năm 2005. Tập 4: Bản vẽ Hoàn công - Khu B",""
15,"H31.05.02.H31.09.2014.535",ĐÃ TỒN TẠI (3 HS),3,"CÙNG TIÊU ĐỀ","Có 3 hồ sơ trùng hoàn toàn cả Tên, Ký hiệu và Năm","H31.05.02.H31.09.2014.535","H31.09.2014.004358","Hồ sơ chứng nhận quyền sở hữu nhà ở, tài sản gắn liền với đất dự án: Nhà máy thép công nghiệp Nhật Quang xã Lạc Đạo, huyện Văn Lâm năm 2013. Tập 3: Bản vẽ Hoàn công - Khu A",2014,1,"http://ktdl.soxaydung.hungyen.gov.vn/systems/filesviewdetail/iid/4358/index.aspx?am=0,1,2&rf=639253282827198283","[HS 1] Ký hiệu: H31.05.02.H31.09.2014.535 | Mã HT: H31.09.2014.004358 | Năm: 2014 (THBQ: 1) | Tiêu đề: Hồ sơ chứng nhận quyền sở hữu nhà ở, tài sản gắn liền với đất dự án: Nhà máy thép công nghiệp Nhật Quang xã Lạc Đạo, huyện Văn Lâm năm 2013. Tập 3: Bản vẽ Hoàn công - Khu A ; [HS 2] Ký hiệu: H31.05.02.H31.09.2014.535 | Mã HT: H31.09.2014.007337 | Năm: 2014 (THBQ: 1) | Tiêu đề: Hồ sơ chứng nhận quyền sở hữu nhà ở, tài sản gắn liền với đất dự án: Nhà máy thép công nghiệp Nhật Quang xã Lạc Đạo, huyện Văn Lâm năm 2013. Tập 3: Bản vẽ Hoàn công - Khu A ; [HS 3] Ký hiệu: H31.05.02.H31.09.2014.535 | Mã HT: H31.09.2014.045975 | Năm: 2014 (THBQ: 1) | Tiêu đề: Hồ sơ chứng nhận quyền sở hữu nhà ở, tài sản gắn liền với đất dự án: Nhà máy thép công nghiệp Nhật Quang xã Lạc Đạo, huyện Văn Lâm năm 2013. Tập 3: Bản vẽ Hoàn công - Khu A",""
16,"H31.05.02.H31.09.2014.534",ĐÃ TỒN TẠI (3 HS),3,"CÙNG TIÊU ĐỀ","Có 3 hồ sơ trùng hoàn toàn cả Tên, Ký hiệu và Năm","H31.05.02.H31.09.2014.534","H31.09.2014.004359","Hồ sơ chứng nhận quyền sở hữu nhà ở, tài sản gắn liền với đất dự án: Nhà máy thép công nghiệp Nhật Quang xã Lạc Đạo, huyện Văn Lâm năm 2008. Tập 2: Hồ sơ thiết kế kỹ thuật thi công - Khu B",2014,1,"http://ktdl.soxaydung.hungyen.gov.vn/systems/filesviewdetail/iid/4359/index.aspx?am=0,1,2&rf=639253282837199281","[HS 1] Ký hiệu: H31.05.02.H31.09.2014.534 | Mã HT: H31.09.2014.004359 | Năm: 2014 (THBQ: 1) | Tiêu đề: Hồ sơ chứng nhận quyền sở hữu nhà ở, tài sản gắn liền với đất dự án: Nhà máy thép công nghiệp Nhật Quang xã Lạc Đạo, huyện Văn Lâm năm 2008. Tập 2: Hồ sơ thiết kế kỹ thuật thi công - Khu B ; [HS 2] Ký hiệu: H31.05.02.H31.09.2014.534 | Mã HT: H31.09.2014.007338 | Năm: 2014 (THBQ: 1) | Tiêu đề: Hồ sơ chứng nhận quyền sở hữu nhà ở, tài sản gắn liền với đất dự án: Nhà máy thép công nghiệp Nhật Quang xã Lạc Đạo, huyện Văn Lâm năm 2008. Tập 2: Hồ sơ thiết kế kỹ thuật thi công - Khu B ; [HS 3] Ký hiệu: H31.05.02.H31.09.2014.534 | Mã HT: H31.09.2014.045976 | Năm: 2014 (THBQ: 1) | Tiêu đề: Hồ sơ chứng nhận quyền sở hữu nhà ở, tài sản gắn liền với đất dự án: Nhà máy thép công nghiệp Nhật Quang xã Lạc Đạo, huyện Văn Lâm năm 2008. Tập 2: Hồ sơ thiết kế kỹ thuật thi công - Khu B",""
17,"H31.05.02.H31.09.2014.533",ĐÃ TỒN TẠI (3 HS),3,"CÙNG TIÊU ĐỀ","Có 3 hồ sơ trùng hoàn toàn cả Tên, Ký hiệu và Năm","H31.05.02.H31.09.2014.533","H31.09.2014.004360","Hồ sơ chứng nhận quyền sở hữu nhà ở, tài sản gắn liền với đất dự án: Nhà máy thép công nghiệp Nhật Quang xã Lạc Đạo, huyện Văn Lâm năm 2005. Tập 1: Hồ sơ thiết kế kỹ thuật thi công - Khu A",2014,1,"http://ktdl.soxaydung.hungyen.gov.vn/systems/filesviewdetail/iid/4360/index.aspx?am=0,1,2&rf=639253282847354975","[HS 1] Ký hiệu: H31.05.02.H31.09.2014.533 | Mã HT: H31.09.2014.004360 | Năm: 2014 (THBQ: 1) | Tiêu đề: Hồ sơ chứng nhận quyền sở hữu nhà ở, tài sản gắn liền với đất dự án: Nhà máy thép công nghiệp Nhật Quang xã Lạc Đạo, huyện Văn Lâm năm 2005. Tập 1: Hồ sơ thiết kế kỹ thuật thi công - Khu A ; [HS 2] Ký hiệu: H31.05.02.H31.09.2014.533 | Mã HT: H31.09.2014.007339 | Năm: 2014 (THBQ: 1) | Tiêu đề: Hồ sơ chứng nhận quyền sở hữu nhà ở, tài sản gắn liền với đất dự án: Nhà máy thép công nghiệp Nhật Quang xã Lạc Đạo, huyện Văn Lâm năm 2005. Tập 1: Hồ sơ thiết kế kỹ thuật thi công - Khu A ; [HS 3] Ký hiệu: H31.05.02.H31.09.2014.533 | Mã HT: H31.09.2014.045977 | Năm: 2014 (THBQ: 1) | Tiêu đề: Hồ sơ chứng nhận quyền sở hữu nhà ở, tài sản gắn liền với đất dự án: Nhà máy thép công nghiệp Nhật Quang xã Lạc Đạo, huyện Văn Lâm năm 2005. Tập 1: Hồ sơ thiết kế kỹ thuật thi công - Khu A",""
18,"H31.05.02.H31.09.2014.532",ĐÃ TỒN TẠI (3 HS),3,"CÙNG TIÊU ĐỀ","Có 3 hồ sơ trùng hoàn toàn cả Tên, Ký hiệu và Năm","H31.05.02.H31.09.2014.532","H31.09.2014.004361","Hồ sơ chứng nhận quyền sở hữu nhà ở, tài sản gắn liền với đất dự án: Nhà máy sản xuất, lắp ráp điện lạnh điện gia dụng Cao cấp Việt Úc huyện Văn Lâm năm 2014",2014,1,"http://ktdl.soxaydung.hungyen.gov.vn/systems/filesviewdetail/iid/4361/index.aspx?am=0,1,2&rf=639253282857511426","[HS 1] Ký hiệu: H31.05.02.H31.09.2014.532 | Mã HT: H31.09.2014.004361 | Năm: 2014 (THBQ: 1) | Tiêu đề: Hồ sơ chứng nhận quyền sở hữu nhà ở, tài sản gắn liền với đất dự án: Nhà máy sản xuất, lắp ráp điện lạnh điện gia dụng Cao cấp Việt Úc huyện Văn Lâm năm 2014 ; [HS 2] Ký hiệu: H31.05.02.H31.09.2014.532 | Mã HT: H31.09.2014.007340 | Năm: 2014 (THBQ: 1) | Tiêu đề: Hồ sơ chứng nhận quyền sở hữu nhà ở, tài sản gắn liền với đất dự án: Nhà máy sản xuất, lắp ráp điện lạnh điện gia dụng Cao cấp Việt Úc huyện Văn Lâm năm 2014 ; [HS 3] Ký hiệu: H31.05.02.H31.09.2014.532 | Mã HT: H31.09.2014.045978 | Năm: 2014 (THBQ: 1) | Tiêu đề: Hồ sơ chứng nhận quyền sở hữu nhà ở, tài sản gắn liền với đất dự án: Nhà máy sản xuất, lắp ráp điện lạnh điện gia dụng Cao cấp Việt Úc huyện Văn Lâm năm 2014",""
19,"H31.05.02.H31.09.2013.531",ĐÃ TỒN TẠI (3 HS),3,"CÙNG TIÊU ĐỀ","Có 3 hồ sơ trùng hoàn toàn cả Tên, Ký hiệu và Năm","H31.05.02.H31.09.2013.531","H31.09.2013.004362","Hồ sơ chứng nhận quyền sở hữu nhà ở, tài sản gắn liền với đất dự án: Nhà máy sản xuất Cty TNHH dịch vụ TM&PT Thành Công xã Liêu Xá, huyện Yên Lạc năm 2013",2013,1,"http://ktdl.soxaydung.hungyen.gov.vn/systems/filesviewdetail/iid/4362/index.aspx?am=0,1,2&rf=639253282867043322","[HS 1] Ký hiệu: H31.05.02.H31.09.2013.531 | Mã HT: H31.09.2013.004362 | Năm: 2013 (THBQ: 1) | Tiêu đề: Hồ sơ chứng nhận quyền sở hữu nhà ở, tài sản gắn liền với đất dự án: Nhà máy sản xuất Cty TNHH dịch vụ TM&PT Thành Công xã Liêu Xá, huyện Yên Lạc năm 2013 ; [HS 2] Ký hiệu: H31.05.02.H31.09.2013.531 | Mã HT: H31.09.2013.007341 | Năm: 2013 (THBQ: 1) | Tiêu đề: Hồ sơ chứng nhận quyền sở hữu nhà ở, tài sản gắn liền với đất dự án: Nhà máy sản xuất Cty TNHH dịch vụ TM&PT Thành Công xã Liêu Xá, huyện Yên Lạc năm 2013 ; [HS 3] Ký hiệu: H31.05.02.H31.09.2013.531 | Mã HT: H31.09.2013.045979 | Năm: 2013 (THBQ: 1) | Tiêu đề: Hồ sơ chứng nhận quyền sở hữu nhà ở, tài sản gắn liền với đất dự án: Nhà máy sản xuất Cty TNHH dịch vụ TM&PT Thành Công xã Liêu Xá, huyện Yên Lạc năm 2013",""
20,"H31.05.02.H31.09.2013.530",ĐÃ TỒN TẠI (3 HS),3,"CÙNG TIÊU ĐỀ","Có 3 hồ sơ trùng hoàn toàn cả Tên, Ký hiệu và Năm","H31.05.02.H31.09.2013.530","H31.09.2013.004363","Hồ sơ chứng nhận quyền sở hữu nhà ở, tài sản gắn liền với đất dự án: Cty TNHH Thái Hưng xã Đoàn Đào, huyện Phù Cừ năm 2013",2013,1,"http://ktdl.soxaydung.hungyen.gov.vn/systems/filesviewdetail/iid/4363/index.aspx?am=0,1,2&rf=639253282877511809","[HS 1] Ký hiệu: H31.05.02.H31.09.2013.530 | Mã HT: H31.09.2013.004363 | Năm: 2013 (THBQ: 1) | Tiêu đề: Hồ sơ chứng nhận quyền sở hữu nhà ở, tài sản gắn liền với đất dự án: Cty TNHH Thái Hưng xã Đoàn Đào, huyện Phù Cừ năm 2013 ; [HS 2] Ký hiệu: H31.05.02.H31.09.2013.530 | Mã HT: H31.09.2013.007342 | Năm: 2013 (THBQ: 1) | Tiêu đề: Hồ sơ chứng nhận quyền sở hữu nhà ở, tài sản gắn liền với đất dự án: Cty TNHH Thái Hưng xã Đoàn Đào, huyện Phù Cừ năm 2013 ; [HS 3] Ký hiệu: H31.05.02.H31.09.2013.530 | Mã HT: H31.09.2013.045980 | Năm: 2013 (THBQ: 1) | Tiêu đề: Hồ sơ chứng nhận quyền sở hữu nhà ở, tài sản gắn liền với đất dự án: Cty TNHH Thái Hưng xã Đoàn Đào, huyện Phù Cừ năm 2013",""
21,"H31.05.02.H31.09.2013.529",ĐÃ TỒN TẠI (3 HS),3,"CÙNG TIÊU ĐỀ","Có 3 hồ sơ trùng hoàn toàn cả Tên, Ký hiệu và Năm","H31.05.02.H31.09.2013.529","H31.09.2013.004364","Hồ sơ chứng nhận quyền sở hữu nhà ở, tài sản gắn liền với đất dự án: Nâng cấp mở rộng bến xếp, dỡ hàng Triều Dương xã Hải Triều, huyện Tiên Lữ năm 2013",2013,1,"http://ktdl.soxaydung.hungyen.gov.vn/systems/filesviewdetail/iid/4364/index.aspx?am=0,1,2&rf=639253282887355759","[HS 1] Ký hiệu: H31.05.02.H31.09.2013.529 | Mã HT: H31.09.2013.004364 | Năm: 2013 (THBQ: 1) | Tiêu đề: Hồ sơ chứng nhận quyền sở hữu nhà ở, tài sản gắn liền với đất dự án: Nâng cấp mở rộng bến xếp, dỡ hàng Triều Dương xã Hải Triều, huyện Tiên Lữ năm 2013 ; [HS 2] Ký hiệu: H31.05.02.H31.09.2013.529 | Mã HT: H31.09.2013.007343 | Năm: 2013 (THBQ: 1) | Tiêu đề: Hồ sơ chứng nhận quyền sở hữu nhà ở, tài sản gắn liền với đất dự án: Nâng cấp mở rộng bến xếp, dỡ hàng Triều Dương xã Hải Triều, huyện Tiên Lữ năm 2013 ; [HS 3] Ký hiệu: H31.05.02.H31.09.2013.529 | Mã HT: H31.09.2013.045981 | Năm: 2013 (THBQ: 1) | Tiêu đề: Hồ sơ chứng nhận quyền sở hữu nhà ở, tài sản gắn liền với đất dự án: Nâng cấp mở rộng bến xếp, dỡ hàng Triều Dương xã Hải Triều, huyện Tiên Lữ năm 2013",""
22,"H31.05.02.H31.09.2013.528",ĐÃ TỒN TẠI (3 HS),3,"CÙNG TIÊU ĐỀ","Có 3 hồ sơ trùng hoàn toàn cả Tên, Ký hiệu và Năm","H31.05.02.H31.09.2013.528","H31.09.2013.004365","Hồ sơ chứng nhận quyền sở hữu nhà ở, tài sản gắn liền với đất dự án: Nhà xưởng Công ty TNHH Foremart Việt Nam huyện Ân Thi năm 2013",2013,1,"http://ktdl.soxaydung.hungyen.gov.vn/systems/filesviewdetail/iid/4365/index.aspx?am=0,1,2&rf=639253282897200424","[HS 1] Ký hiệu: H31.05.02.H31.09.2013.528 | Mã HT: H31.09.2013.004365 | Năm: 2013 (THBQ: 1) | Tiêu đề: Hồ sơ chứng nhận quyền sở hữu nhà ở, tài sản gắn liền với đất dự án: Nhà xưởng Công ty TNHH Foremart Việt Nam huyện Ân Thi năm 2013 ; [HS 2] Ký hiệu: H31.05.02.H31.09.2013.528 | Mã HT: H31.09.2013.007344 | Năm: 2013 (THBQ: 1) | Tiêu đề: Hồ sơ chứng nhận quyền sở hữu nhà ở, tài sản gắn liền với đất dự án: Nhà xưởng Công ty TNHH Foremart Việt Nam huyện Ân Thi năm 2013 ; [HS 3] Ký hiệu: H31.05.02.H31.09.2013.528 | Mã HT: H31.09.2013.045982 | Năm: 2013 (THBQ: 1) | Tiêu đề: Hồ sơ chứng nhận quyền sở hữu nhà ở, tài sản gắn liền với đất dự án: Nhà xưởng Công ty TNHH Foremart Việt Nam huyện Ân Thi năm 2013",""
23,"H31.05.02.H31.09.2013.527",ĐÃ TỒN TẠI (3 HS),3,"CÙNG TIÊU ĐỀ","Có 3 hồ sơ trùng hoàn toàn cả Tên, Ký hiệu và Năm","H31.05.02.H31.09.2013.527","H31.09.2013.004366","Hồ sơ chứng nhận quyền sở hữu nhà ở; tài sản gắn liền với đất dự án: Nhà xưởng Công ty TNHH Foremart Việt Nam huyện Ân Thi năm 2012",2013,1,"http://ktdl.soxaydung.hungyen.gov.vn/systems/filesviewdetail/iid/4366/index.aspx?am=0,1,2&rf=639253282907981386","[HS 1] Ký hiệu: H31.05.02.H31.09.2013.527 | Mã HT: H31.09.2013.004366 | Năm: 2013 (THBQ: 1) | Tiêu đề: Hồ sơ chứng nhận quyền sở hữu nhà ở; tài sản gắn liền với đất dự án: Nhà xưởng Công ty TNHH Foremart Việt Nam huyện Ân Thi năm 2012 ; [HS 2] Ký hiệu: H31.05.02.H31.09.2013.527 | Mã HT: H31.09.2013.007345 | Năm: 2013 (THBQ: 1) | Tiêu đề: Hồ sơ chứng nhận quyền sở hữu nhà ở; tài sản gắn liền với đất dự án: Nhà xưởng Công ty TNHH Foremart Việt Nam huyện Ân Thi năm 2012 ; [HS 3] Ký hiệu: H31.05.02.H31.09.2013.527 | Mã HT: H31.09.2013.045983 | Năm: 2013 (THBQ: 1) | Tiêu đề: Hồ sơ chứng nhận quyền sở hữu nhà ở; tài sản gắn liền với đất dự án: Nhà xưởng Công ty TNHH Foremart Việt Nam huyện Ân Thi năm 2012",""
24,"H31.05.02.H31.09.2013.526",ĐÃ TỒN TẠI (3 HS),3,"CÙNG TIÊU ĐỀ","Có 3 hồ sơ trùng hoàn toàn cả Tên, Ký hiệu và Năm","H31.05.02.H31.09.2013.526","H31.09.2013.004367","Hồ sơ chứng nhận quyền sở hữu nhà ở, tài sản gắn liền với đất dự án: Trung tâm giống cây trồng chi nhánh Quang Vinh xã Quang Vinh huyện Ân Thi năm 2013",2013,1,"http://ktdl.soxaydung.hungyen.gov.vn/systems/filesviewdetail/iid/4367/index.aspx?am=0,1,2&rf=639253282917668884","[HS 1] Ký hiệu: H31.05.02.H31.09.2013.526 | Mã HT: H31.09.2013.004367 | Năm: 2013 (THBQ: 1) | Tiêu đề: Hồ sơ chứng nhận quyền sở hữu nhà ở, tài sản gắn liền với đất dự án: Trung tâm giống cây trồng chi nhánh Quang Vinh xã Quang Vinh huyện Ân Thi năm 2013 ; [HS 2] Ký hiệu: H31.05.02.H31.09.2013.526 | Mã HT: H31.09.2013.007346 | Năm: 2013 (THBQ: 1) | Tiêu đề: Hồ sơ chứng nhận quyền sở hữu nhà ở, tài sản gắn liền với đất dự án: Trung tâm giống cây trồng chi nhánh Quang Vinh xã Quang Vinh huyện Ân Thi năm 2013 ; [HS 3] Ký hiệu: H31.05.02.H31.09.2013.526 | Mã HT: H31.09.2013.045984 | Năm: 2013 (THBQ: 1) | Tiêu đề: Hồ sơ chứng nhận quyền sở hữu nhà ở, tài sản gắn liền với đất dự án: Trung tâm giống cây trồng chi nhánh Quang Vinh xã Quang Vinh huyện Ân Thi năm 2013",""
25,"H31.05.02.H31.09.2013.525",ĐÃ TỒN TẠI (3 HS),3,"CÙNG TIÊU ĐỀ","Có 3 hồ sơ trùng hoàn toàn cả Tên, Ký hiệu và Năm","H31.05.02.H31.09.2013.525","H31.09.2013.004368","Hồ sơ chứng nhận quyền sở hữu nhà ở, tài sản gắn liền với đất dự án: Siêu thị vật liệu xây dựng Nguyệt Hồ phường Lam Sơn, Tp Hưng Yên năm 2013",2013,1,"http://ktdl.soxaydung.hungyen.gov.vn/systems/filesviewdetail/iid/4368/index.aspx?am=0,1,2&rf=639253282927200267","[HS 1] Ký hiệu: H31.05.02.H31.09.2013.525 | Mã HT: H31.09.2013.004368 | Năm: 2013 (THBQ: 1) | Tiêu đề: Hồ sơ chứng nhận quyền sở hữu nhà ở, tài sản gắn liền với đất dự án: Siêu thị vật liệu xây dựng Nguyệt Hồ phường Lam Sơn, Tp Hưng Yên năm 2013 ; [HS 2] Ký hiệu: H31.05.02.H31.09.2013.525 | Mã HT: H31.09.2013.007347 | Năm: 2013 (THBQ: 1) | Tiêu đề: Hồ sơ chứng nhận quyền sở hữu nhà ở, tài sản gắn liền với đất dự án: Siêu thị vật liệu xây dựng Nguyệt Hồ phường Lam Sơn, Tp Hưng Yên năm 2013 ; [HS 3] Ký hiệu: H31.05.02.H31.09.2013.525 | Mã HT: H31.09.2013.045985 | Năm: 2013 (THBQ: 1) | Tiêu đề: Hồ sơ chứng nhận quyền sở hữu nhà ở, tài sản gắn liền với đất dự án: Siêu thị vật liệu xây dựng Nguyệt Hồ phường Lam Sơn, Tp Hưng Yên năm 2013",""
26,"H31.05.02.H31.09.2013.524",ĐÃ TỒN TẠI (3 HS),3,"CÙNG TIÊU ĐỀ","Có 3 hồ sơ trùng hoàn toàn cả Tên, Ký hiệu và Năm","H31.05.02.H31.09.2013.524","H31.09.2013.004369","Hồ sơ chứng nhận quyền sở hữu nhà ở, tài sản gắn liền với đất dự án: Công trình nhà làm việc số 7, Nguyễn Văn Linh, Phường An Tảo Tp Hưng Yên năm 2013",2013,1,"http://ktdl.soxaydung.hungyen.gov.vn/systems/filesviewdetail/iid/4369/index.aspx?am=0,1,2&rf=639253282937200977","[HS 1] Ký hiệu: H31.05.02.H31.09.2013.524 | Mã HT: H31.09.2013.004369 | Năm: 2013 (THBQ: 1) | Tiêu đề: Hồ sơ chứng nhận quyền sở hữu nhà ở, tài sản gắn liền với đất dự án: Công trình nhà làm việc số 7, Nguyễn Văn Linh, Phường An Tảo Tp Hưng Yên năm 2013 ; [HS 2] Ký hiệu: H31.05.02.H31.09.2013.524 | Mã HT: H31.09.2013.007348 | Năm: 2013 (THBQ: 1) | Tiêu đề: Hồ sơ chứng nhận quyền sở hữu nhà ở, tài sản gắn liền với đất dự án: Công trình nhà làm việc số 7, Nguyễn Văn Linh, Phường An Tảo Tp Hưng Yên năm 2013 ; [HS 3] Ký hiệu: H31.05.02.H31.09.2013.524 | Mã HT: H31.09.2013.045986 | Năm: 2013 (THBQ: 1) | Tiêu đề: Hồ sơ chứng nhận quyền sở hữu nhà ở, tài sản gắn liền với đất dự án: Công trình nhà làm việc số 7, Nguyễn Văn Linh, Phường An Tảo Tp Hưng Yên năm 2013",""
27,"H31.05.02.H31.09.2013.523",ĐÃ TỒN TẠI (3 HS),3,"CÙNG TIÊU ĐỀ","Có 3 hồ sơ trùng hoàn toàn cả Tên, Ký hiệu và Năm","H31.05.02.H31.09.2013.523","H31.09.2013.004370","Hồ sơ chứng nhận quyền sở hữu nhà ở, tài sản gắn liền với đất công trình: Xưởng sản xuất đồ gỗ mỹ nghệ cao cấp - CTY TNHH Mai Trang Tp Hưng Yên năm 2013. Tập 2: Bản vẽ hoàn công, các văn bản Pháp lý",2013,1,"http://ktdl.soxaydung.hungyen.gov.vn/systems/filesviewdetail/iid/4370/index.aspx?am=0,1,2&rf=639253282947201171","[HS 1] Ký hiệu: H31.05.02.H31.09.2013.523 | Mã HT: H31.09.2013.004370 | Năm: 2013 (THBQ: 1) | Tiêu đề: Hồ sơ chứng nhận quyền sở hữu nhà ở, tài sản gắn liền với đất công trình: Xưởng sản xuất đồ gỗ mỹ nghệ cao cấp - CTY TNHH Mai Trang Tp Hưng Yên năm 2013. Tập 2: Bản vẽ hoàn công, các văn bản Pháp lý ; [HS 2] Ký hiệu: H31.05.02.H31.09.2013.523 | Mã HT: H31.09.2013.007349 | Năm: 2013 (THBQ: 1) | Tiêu đề: Hồ sơ chứng nhận quyền sở hữu nhà ở, tài sản gắn liền với đất công trình: Xưởng sản xuất đồ gỗ mỹ nghệ cao cấp - CTY TNHH Mai Trang Tp Hưng Yên năm 2013. Tập 2: Bản vẽ hoàn công, các văn bản Pháp lý ; [HS 3] Ký hiệu: H31.05.02.H31.09.2013.523 | Mã HT: H31.09.2013.045987 | Năm: 2013 (THBQ: 1) | Tiêu đề: Hồ sơ chứng nhận quyền sở hữu nhà ở, tài sản gắn liền với đất công trình: Xưởng sản xuất đồ gỗ mỹ nghệ cao cấp - CTY TNHH Mai Trang Tp Hưng Yên năm 2013. Tập 2: Bản vẽ hoàn công, các văn bản Pháp lý",""
28,"H31.05.02.H31.09.2013.522",ĐÃ TỒN TẠI (3 HS),3,"CÙNG TIÊU ĐỀ","Có 3 hồ sơ trùng hoàn toàn cả Tên, Ký hiệu và Năm","H31.05.02.H31.09.2013.522","H31.09.2013.004371","Hồ sơ chứng nhận quyền sở hữu nhà ở, tài sản gắn liền với đất công trình: Xưởng sản xuất đồ gỗ mỹ nghệ cao cấp - Công ty TNHH Mai Trang TP Hưng Yên năm 2011. Tập 1: Hồ sơ thiết kế kỹ thuật thi công, Hồ sơ thiết kế kỹ thuật thi công nhà giới thiệu sản phẩm",2013,1,"http://ktdl.soxaydung.hungyen.gov.vn/systems/filesviewdetail/iid/4371/index.aspx?am=0,1,2&rf=639253282957513645","[HS 1] Ký hiệu: H31.05.02.H31.09.2013.522 | Mã HT: H31.09.2013.004371 | Năm: 2013 (THBQ: 1) | Tiêu đề: Hồ sơ chứng nhận quyền sở hữu nhà ở, tài sản gắn liền với đất công trình: Xưởng sản xuất đồ gỗ mỹ nghệ cao cấp - Công ty TNHH Mai Trang TP Hưng Yên năm 2011. Tập 1: Hồ sơ thiết kế kỹ thuật thi công, Hồ sơ thiết kế kỹ thuật thi công nhà giới thiệu sản phẩm ; [HS 2] Ký hiệu: H31.05.02.H31.09.2013.522 | Mã HT: H31.09.2013.007350 | Năm: 2013 (THBQ: 1) | Tiêu đề: Hồ sơ chứng nhận quyền sở hữu nhà ở, tài sản gắn liền với đất công trình: Xưởng sản xuất đồ gỗ mỹ nghệ cao cấp - Công ty TNHH Mai Trang TP Hưng Yên năm 2011. Tập 1: Hồ sơ thiết kế kỹ thuật thi công, Hồ sơ thiết kế kỹ thuật thi công nhà giới thiệu sản phẩm ; [HS 3] Ký hiệu: H31.05.02.H31.09.2013.522 | Mã HT: H31.09.2013.045988 | Năm: 2013 (THBQ: 1) | Tiêu đề: Hồ sơ chứng nhận quyền sở hữu nhà ở, tài sản gắn liền với đất công trình: Xưởng sản xuất đồ gỗ mỹ nghệ cao cấp - Công ty TNHH Mai Trang TP Hưng Yên năm 2011. Tập 1: Hồ sơ thiết kế kỹ thuật thi công, Hồ sơ thiết kế kỹ thuật thi công nhà giới thiệu sản phẩm",""
29,"H31.05.02.H31.09.2013.521",ĐÃ TỒN TẠI (3 HS),3,"CÙNG TIÊU ĐỀ","Có 3 hồ sơ trùng hoàn toàn cả Tên, Ký hiệu và Năm","H31.05.02.H31.09.2013.521","H31.09.2013.004372","Hồ sơ chứng nhận quyền sở hữu nhà ở, tài sản gắn liền với đất dự án: Nhà máy chế biến nông sản xuất khẩu Thị trấn Lương Bằng, huyện Kim Động năm 2013",2013,1,"http://ktdl.soxaydung.hungyen.gov.vn/systems/filesviewdetail/iid/4372/index.aspx?am=0,1,2&rf=639253282967670328","[HS 1] Ký hiệu: H31.05.02.H31.09.2013.521 | Mã HT: H31.09.2013.004372 | Năm: 2013 (THBQ: 1) | Tiêu đề: Hồ sơ chứng nhận quyền sở hữu nhà ở, tài sản gắn liền với đất dự án: Nhà máy chế biến nông sản xuất khẩu Thị trấn Lương Bằng, huyện Kim Động năm 2013 ; [HS 2] Ký hiệu: H31.05.02.H31.09.2013.521 | Mã HT: H31.09.2013.007351 | Năm: 2013 (THBQ: 1) | Tiêu đề: Hồ sơ chứng nhận quyền sở hữu nhà ở, tài sản gắn liền với đất dự án: Nhà máy chế biến nông sản xuất khẩu Thị trấn Lương Bằng, huyện Kim Động năm 2013 ; [HS 3] Ký hiệu: H31.05.02.H31.09.2013.521 | Mã HT: H31.09.2013.045989 | Năm: 2013 (THBQ: 1) | Tiêu đề: Hồ sơ chứng nhận quyền sở hữu nhà ở, tài sản gắn liền với đất dự án: Nhà máy chế biến nông sản xuất khẩu Thị trấn Lương Bằng, huyện Kim Động năm 2013",""
30,"H31.05.02.H31.09.2013.520",ĐÃ TỒN TẠI (3 HS),3,"CÙNG TIÊU ĐỀ","Có 3 hồ sơ trùng hoàn toàn cả Tên, Ký hiệu và Năm","H31.05.02.H31.09.2013.520","H31.09.2013.004373","Hồ sơ chứng nhận quyền sở hữu nhà ở, tài sản gắn liền với đất dự án: Nhà máy dệt áo len và may xuất khẩu Rồng Vàng Thị trấn Lương Bằng, huyện Kim Động năm 2013",2013,1,"http://ktdl.soxaydung.hungyen.gov.vn/systems/filesviewdetail/iid/4373/index.aspx?am=0,1,2&rf=639253282977045486","[HS 1] Ký hiệu: H31.05.02.H31.09.2013.520 | Mã HT: H31.09.2013.004373 | Năm: 2013 (THBQ: 1) | Tiêu đề: Hồ sơ chứng nhận quyền sở hữu nhà ở, tài sản gắn liền với đất dự án: Nhà máy dệt áo len và may xuất khẩu Rồng Vàng Thị trấn Lương Bằng, huyện Kim Động năm 2013 ; [HS 2] Ký hiệu: H31.05.02.H31.09.2013.520 | Mã HT: H31.09.2013.007352 | Năm: 2013 (THBQ: 1) | Tiêu đề: Hồ sơ chứng nhận quyền sở hữu nhà ở, tài sản gắn liền với đất dự án: Nhà máy dệt áo len và may xuất khẩu Rồng Vàng Thị trấn Lương Bằng, huyện Kim Động năm 2013 ; [HS 3] Ký hiệu: H31.05.02.H31.09.2013.520 | Mã HT: H31.09.2013.045990 | Năm: 2013 (THBQ: 1) | Tiêu đề: Hồ sơ chứng nhận quyền sở hữu nhà ở, tài sản gắn liền với đất dự án: Nhà máy dệt áo len và may xuất khẩu Rồng Vàng Thị trấn Lương Bằng, huyện Kim Động năm 2013",""
31,"H31.05.02.H31.09.2013.519",ĐÃ TỒN TẠI (3 HS),3,"CÙNG TIÊU ĐỀ","Có 3 hồ sơ trùng hoàn toàn cả Tên, Ký hiệu và Năm","H31.05.02.H31.09.2013.519","H31.09.2013.004374","Hồ sơ chứng nhận quyền sở hữu nhà ở, tài sản gắn liền với đất dự án: Xưởng sản xuất và kinh doanh rượu Trương Xá xã Toàn Thắng, huyện Kim Động năm 2013",2013,1,"http://ktdl.soxaydung.hungyen.gov.vn/systems/filesviewdetail/iid/4374/index.aspx?am=0,1,2&rf=639253282987358536","[HS 1] Ký hiệu: H31.05.02.H31.09.2013.519 | Mã HT: H31.09.2013.004374 | Năm: 2013 (THBQ: 1) | Tiêu đề: Hồ sơ chứng nhận quyền sở hữu nhà ở, tài sản gắn liền với đất dự án: Xưởng sản xuất và kinh doanh rượu Trương Xá xã Toàn Thắng, huyện Kim Động năm 2013 ; [HS 2] Ký hiệu: H31.05.02.H31.09.2013.519 | Mã HT: H31.09.2013.007353 | Năm: 2013 (THBQ: 1) | Tiêu đề: Hồ sơ chứng nhận quyền sở hữu nhà ở, tài sản gắn liền với đất dự án: Xưởng sản xuất và kinh doanh rượu Trương Xá xã Toàn Thắng, huyện Kim Động năm 2013 ; [HS 3] Ký hiệu: H31.05.02.H31.09.2013.519 | Mã HT: H31.09.2013.045991 | Năm: 2013 (THBQ: 1) | Tiêu đề: Hồ sơ chứng nhận quyền sở hữu nhà ở, tài sản gắn liền với đất dự án: Xưởng sản xuất và kinh doanh rượu Trương Xá xã Toàn Thắng, huyện Kim Động năm 2013",""
32,"H31.05.02.H31.09.2013.518",ĐÃ TỒN TẠI (3 HS),3,"CÙNG TIÊU ĐỀ","Có 3 hồ sơ trùng hoàn toàn cả Tên, Ký hiệu và Năm","H31.05.02.H31.09.2013.518","H31.09.2013.004375","Hồ sơ chứng nhận quyền sở hữu nhà ở, tài sản gắn liền với đất dự án: Nhà máy sản xuất ống nhựa Hà An thị trấn Yên Mỹ, huyện Yên Mỹ năm 2013",2013,1,"http://ktdl.soxaydung.hungyen.gov.vn/systems/filesviewdetail/iid/4375/index.aspx?am=0,1,2&rf=639253282997202142","[HS 1] Ký hiệu: H31.05.02.H31.09.2013.518 | Mã HT: H31.09.2013.004375 | Năm: 2013 (THBQ: 1) | Tiêu đề: Hồ sơ chứng nhận quyền sở hữu nhà ở, tài sản gắn liền với đất dự án: Nhà máy sản xuất ống nhựa Hà An thị trấn Yên Mỹ, huyện Yên Mỹ năm 2013 ; [HS 2] Ký hiệu: H31.05.02.H31.09.2013.518 | Mã HT: H31.09.2013.007354 | Năm: 2013 (THBQ: 1) | Tiêu đề: Hồ sơ chứng nhận quyền sở hữu nhà ở, tài sản gắn liền với đất dự án: Nhà máy sản xuất ống nhựa Hà An thị trấn Yên Mỹ, huyện Yên Mỹ năm 2013 ; [HS 3] Ký hiệu: H31.05.02.H31.09.2013.518 | Mã HT: H31.09.2013.045992 | Năm: 2013 (THBQ: 1) | Tiêu đề: Hồ sơ chứng nhận quyền sở hữu nhà ở, tài sản gắn liền với đất dự án: Nhà máy sản xuất ống nhựa Hà An thị trấn Yên Mỹ, huyện Yên Mỹ năm 2013",""
33,"H31.05.02.H31.09.2013.517",ĐÃ TỒN TẠI (3 HS),3,"CÙNG TIÊU ĐỀ","Có 3 hồ sơ trùng hoàn toàn cả Tên, Ký hiệu và Năm","H31.05.02.H31.09.2013.517","H31.09.2013.004376","Hồ sơ chứng nhận quyền sở hữu nhà ở, tài sản gắn liền với đất dự án: công trình nhà máy sản xuất tấm lợp kim loại và khung nhà thép Thị trấn Yên Mỹ, huyện Yên Mỹ năm 2013",2013,1,"http://ktdl.soxaydung.hungyen.gov.vn/systems/filesviewdetail/iid/4376/index.aspx?am=0,1,2&rf=639253283007514406","[HS 1] Ký hiệu: H31.05.02.H31.09.2013.517 | Mã HT: H31.09.2013.004376 | Năm: 2013 (THBQ: 1) | Tiêu đề: Hồ sơ chứng nhận quyền sở hữu nhà ở, tài sản gắn liền với đất dự án: công trình nhà máy sản xuất tấm lợp kim loại và khung nhà thép Thị trấn Yên Mỹ, huyện Yên Mỹ năm 2013 ; [HS 2] Ký hiệu: H31.05.02.H31.09.2013.517 | Mã HT: H31.09.2013.007355 | Năm: 2013 (THBQ: 1) | Tiêu đề: Hồ sơ chứng nhận quyền sở hữu nhà ở, tài sản gắn liền với đất dự án: công trình nhà máy sản xuất tấm lợp kim loại và khung nhà thép Thị trấn Yên Mỹ, huyện Yên Mỹ năm 2013 ; [HS 3] Ký hiệu: H31.05.02.H31.09.2013.517 | Mã HT: H31.09.2013.045993 | Năm: 2013 (THBQ: 1) | Tiêu đề: Hồ sơ chứng nhận quyền sở hữu nhà ở, tài sản gắn liền với đất dự án: công trình nhà máy sản xuất tấm lợp kim loại và khung nhà thép Thị trấn Yên Mỹ, huyện Yên Mỹ năm 2013",""
34,"H31.05.02.H31.09.2013.516",ĐÃ TỒN TẠI (3 HS),3,"CÙNG TIÊU ĐỀ","Có 3 hồ sơ trùng hoàn toàn cả Tên, Ký hiệu và Năm","H31.05.02.H31.09.2013.516","H31.09.2013.004377","Hồ sơ chứng nhận quyền sở hữu nhà ở, tài sản gắn liền với đất dự án: Nhà máy sản xuất xã Di Sử, huyện Mỹ Hào năm 2013",2013,1,"http://ktdl.soxaydung.hungyen.gov.vn/systems/filesviewdetail/iid/4377/index.aspx?am=0,1,2&rf=639253283017202110","[HS 1] Ký hiệu: H31.05.02.H31.09.2013.516 | Mã HT: H31.09.2013.004377 | Năm: 2013 (THBQ: 1) | Tiêu đề: Hồ sơ chứng nhận quyền sở hữu nhà ở, tài sản gắn liền với đất dự án: Nhà máy sản xuất xã Di Sử, huyện Mỹ Hào năm 2013 ; [HS 2] Ký hiệu: H31.05.02.H31.09.2013.516 | Mã HT: H31.09.2013.007356 | Năm: 2013 (THBQ: 1) | Tiêu đề: Hồ sơ chứng nhận quyền sở hữu nhà ở, tài sản gắn liền với đất dự án: Nhà máy sản xuất xã Di Sử, huyện Mỹ Hào năm 2013 ; [HS 3] Ký hiệu: H31.05.02.H31.09.2013.516 | Mã HT: H31.09.2013.045994 | Năm: 2013 (THBQ: 1) | Tiêu đề: Hồ sơ chứng nhận quyền sở hữu nhà ở, tài sản gắn liền với đất dự án: Nhà máy sản xuất xã Di Sử, huyện Mỹ Hào năm 2013",""
35,"H31.05.02.H31.09.2013.515",ĐÃ TỒN TẠI (3 HS),3,"CÙNG TIÊU ĐỀ","Có 3 hồ sơ trùng hoàn toàn cả Tên, Ký hiệu và Năm","H31.05.02.H31.09.2013.515","H31.09.2013.004378","Hồ sơ chứng nhận quyền sở hữu nhà ở, tài sản gắn liền với đất dự án: Nhà văn phòng; Xưởng sản xuất số 01; xưởng sản xuất số 02; xưởng sản xuất số 03 xã Xuân Dục, huyện Mỹ Hào năm 2013",2013,1,"http://ktdl.soxaydung.hungyen.gov.vn/systems/filesviewdetail/iid/4378/index.aspx?am=0,1,2&rf=639253283027358870","[HS 1] Ký hiệu: H31.05.02.H31.09.2013.515 | Mã HT: H31.09.2013.004378 | Năm: 2013 (THBQ: 1) | Tiêu đề: Hồ sơ chứng nhận quyền sở hữu nhà ở, tài sản gắn liền với đất dự án: Nhà văn phòng; Xưởng sản xuất số 01; xưởng sản xuất số 02; xưởng sản xuất số 03 xã Xuân Dục, huyện Mỹ Hào năm 2013 ; [HS 2] Ký hiệu: H31.05.02.H31.09.2013.515 | Mã HT: H31.09.2013.007357 | Năm: 2013 (THBQ: 1) | Tiêu đề: Hồ sơ chứng nhận quyền sở hữu nhà ở, tài sản gắn liền với đất dự án: Nhà văn phòng; Xưởng sản xuất số 01; xưởng sản xuất số 02; xưởng sản xuất số 03 xã Xuân Dục, huyện Mỹ Hào năm 2013 ; [HS 3] Ký hiệu: H31.05.02.H31.09.2013.515 | Mã HT: H31.09.2013.045995 | Năm: 2013 (THBQ: 1) | Tiêu đề: Hồ sơ chứng nhận quyền sở hữu nhà ở, tài sản gắn liền với đất dự án: Nhà văn phòng; Xưởng sản xuất số 01; xưởng sản xuất số 02; xưởng sản xuất số 03 xã Xuân Dục, huyện Mỹ Hào năm 2013",""
36,"H31.05.02.H31.09.2013.514",ĐÃ TỒN TẠI (3 HS),3,"CÙNG TIÊU ĐỀ","Có 3 hồ sơ trùng hoàn toàn cả Tên, Ký hiệu và Năm","H31.05.02.H31.09.2013.514","H31.09.2013.004379","Hồ sơ chứng nhận quyền sở hữu nhà ở, tài sản gắn liền với đất dự án: Nhà máy K.P.I xã Bạch Sam, huyện Mỹ Hào năm 2013",2013,1,"http://ktdl.soxaydung.hungyen.gov.vn/systems/filesviewdetail/iid/4379/index.aspx?am=0,1,2&rf=639253283037202982","[HS 1] Ký hiệu: H31.05.02.H31.09.2013.514 | Mã HT: H31.09.2013.004379 | Năm: 2013 (THBQ: 1) | Tiêu đề: Hồ sơ chứng nhận quyền sở hữu nhà ở, tài sản gắn liền với đất dự án: Nhà máy K.P.I xã Bạch Sam, huyện Mỹ Hào năm 2013 ; [HS 2] Ký hiệu: H31.05.02.H31.09.2013.514 | Mã HT: H31.09.2013.007358 | Năm: 2013 (THBQ: 1) | Tiêu đề: Hồ sơ chứng nhận quyền sở hữu nhà ở, tài sản gắn liền với đất dự án: Nhà máy K.P.I xã Bạch Sam, huyện Mỹ Hào năm 2013 ; [HS 3] Ký hiệu: H31.05.02.H31.09.2013.514 | Mã HT: H31.09.2013.045996 | Năm: 2013 (THBQ: 1) | Tiêu đề: Hồ sơ chứng nhận quyền sở hữu nhà ở, tài sản gắn liền với đất dự án: Nhà máy K.P.I xã Bạch Sam, huyện Mỹ Hào năm 2013",""
37,"H31.05.02.H31.09.2013.513",ĐÃ TỒN TẠI (3 HS),3,"CÙNG TIÊU ĐỀ","Có 3 hồ sơ trùng hoàn toàn cả Tên, Ký hiệu và Năm","H31.05.02.H31.09.2013.513","H31.09.2013.004380","Hồ sơ chứng nhận quyền sở hữu nhà ở, tài sản gắn liền với đất dự án: Nhà máy sản xuất bu lông, ốc vít và sản phẩm cơ khí xã Phùng Chí Kiên, huyện Mỹ Hào năm 2013",2013,1,"http://ktdl.soxaydung.hungyen.gov.vn/systems/filesviewdetail/iid/4380/index.aspx?am=0,1,2&rf=639253283047202708","[HS 1] Ký hiệu: H31.05.02.H31.09.2013.513 | Mã HT: H31.09.2013.004380 | Năm: 2013 (THBQ: 1) | Tiêu đề: Hồ sơ chứng nhận quyền sở hữu nhà ở, tài sản gắn liền với đất dự án: Nhà máy sản xuất bu lông, ốc vít và sản phẩm cơ khí xã Phùng Chí Kiên, huyện Mỹ Hào năm 2013 ; [HS 2] Ký hiệu: H31.05.02.H31.09.2013.513 | Mã HT: H31.09.2013.007359 | Năm: 2013 (THBQ: 1) | Tiêu đề: Hồ sơ chứng nhận quyền sở hữu nhà ở, tài sản gắn liền với đất dự án: Nhà máy sản xuất bu lông, ốc vít và sản phẩm cơ khí xã Phùng Chí Kiên, huyện Mỹ Hào năm 2013 ; [HS 3] Ký hiệu: H31.05.02.H31.09.2013.513 | Mã HT: H31.09.2013.045997 | Năm: 2013 (THBQ: 1) | Tiêu đề: Hồ sơ chứng nhận quyền sở hữu nhà ở, tài sản gắn liền với đất dự án: Nhà máy sản xuất bu lông, ốc vít và sản phẩm cơ khí xã Phùng Chí Kiên, huyện Mỹ Hào năm 2013",""
38,"H31.05.02.H31.09.2013.512",ĐÃ TỒN TẠI (3 HS),3,"CÙNG TIÊU ĐỀ","Có 3 hồ sơ trùng hoàn toàn cả Tên, Ký hiệu và Năm","H31.05.02.H31.09.2013.512","H31.09.2013.004381","Hồ sơ chứng nhận quyền sở hữu nhà ở, tài sản gắn liền với đất dự án: Nhà máy chế biến nông sản và thức ăn chăn nuôi huyện Khoái Châu năm 2013",2013,1,"http://ktdl.soxaydung.hungyen.gov.vn/systems/filesviewdetail/iid/4381/index.aspx?am=0,1,2&rf=639253283057203762","[HS 1] Ký hiệu: H31.05.02.H31.09.2013.512 | Mã HT: H31.09.2013.004381 | Năm: 2013 (THBQ: 1) | Tiêu đề: Hồ sơ chứng nhận quyền sở hữu nhà ở, tài sản gắn liền với đất dự án: Nhà máy chế biến nông sản và thức ăn chăn nuôi huyện Khoái Châu năm 2013 ; [HS 2] Ký hiệu: H31.05.02.H31.09.2013.512 | Mã HT: H31.09.2013.007360 | Năm: 2013 (THBQ: 1) | Tiêu đề: Hồ sơ chứng nhận quyền sở hữu nhà ở, tài sản gắn liền với đất dự án: Nhà máy chế biến nông sản và thức ăn chăn nuôi huyện Khoái Châu năm 2013 ; [HS 3] Ký hiệu: H31.05.02.H31.09.2013.512 | Mã HT: H31.09.2013.045998 | Năm: 2013 (THBQ: 1) | Tiêu đề: Hồ sơ chứng nhận quyền sở hữu nhà ở, tài sản gắn liền với đất dự án: Nhà máy chế biến nông sản và thức ăn chăn nuôi huyện Khoái Châu năm 2013",""
39,"H31.05.02.H31.09.2013.511",ĐÃ TỒN TẠI (3 HS),3,"CÙNG TIÊU ĐỀ","Có 3 hồ sơ trùng hoàn toàn cả Tên, Ký hiệu và Năm","H31.05.02.H31.09.2013.511","H31.09.2013.004382","Hồ sơ chứng nhận quyền sở hữu nhà ở, tài sản gắn liền với đất dự án: Công ty gốm sứ Kumho xã Long Hưng, huyện Văn Giang năm 2013",2013,1,"http://ktdl.soxaydung.hungyen.gov.vn/systems/filesviewdetail/iid/4382/index.aspx?am=0,1,2&rf=639253283067203060","[HS 1] Ký hiệu: H31.05.02.H31.09.2013.511 | Mã HT: H31.09.2013.004382 | Năm: 2013 (THBQ: 1) | Tiêu đề: Hồ sơ chứng nhận quyền sở hữu nhà ở, tài sản gắn liền với đất dự án: Công ty gốm sứ Kumho xã Long Hưng, huyện Văn Giang năm 2013 ; [HS 2] Ký hiệu: H31.05.02.H31.09.2013.511 | Mã HT: H31.09.2013.007361 | Năm: 2013 (THBQ: 1) | Tiêu đề: Hồ sơ chứng nhận quyền sở hữu nhà ở, tài sản gắn liền với đất dự án: Công ty gốm sứ Kumho xã Long Hưng, huyện Văn Giang năm 2013 ; [HS 3] Ký hiệu: H31.05.02.H31.09.2013.511 | Mã HT: H31.09.2013.045999 | Năm: 2013 (THBQ: 1) | Tiêu đề: Hồ sơ chứng nhận quyền sở hữu nhà ở, tài sản gắn liền với đất dự án: Công ty gốm sứ Kumho xã Long Hưng, huyện Văn Giang năm 2013",""
40,"H31.05.02.H31.09.2013.510",ĐÃ TỒN TẠI (3 HS),3,"CÙNG TIÊU ĐỀ","Có 3 hồ sơ trùng hoàn toàn cả Tên, Ký hiệu và Năm","H31.05.02.H31.09.2013.510","H31.09.2013.004383","Hồ sơ chứng nhận quyền sở hữu nhà ở, tài sản gắn liền với đất dự án: Nhà máy chế biến và sản xuất đồ gỗ xã Vĩnh Khúc, huyện Văn Giang năm 2013",2013,1,"http://ktdl.soxaydung.hungyen.gov.vn/systems/filesviewdetail/iid/4383/index.aspx?am=0,1,2&rf=639253283077516286","[HS 1] Ký hiệu: H31.05.02.H31.09.2013.510 | Mã HT: H31.09.2013.004383 | Năm: 2013 (THBQ: 1) | Tiêu đề: Hồ sơ chứng nhận quyền sở hữu nhà ở, tài sản gắn liền với đất dự án: Nhà máy chế biến và sản xuất đồ gỗ xã Vĩnh Khúc, huyện Văn Giang năm 2013 ; [HS 2] Ký hiệu: H31.05.02.H31.09.2013.510 | Mã HT: H31.09.2013.007362 | Năm: 2013 (THBQ: 1) | Tiêu đề: Hồ sơ chứng nhận quyền sở hữu nhà ở, tài sản gắn liền với đất dự án: Nhà máy chế biến và sản xuất đồ gỗ xã Vĩnh Khúc, huyện Văn Giang năm 2013 ; [HS 3] Ký hiệu: H31.05.02.H31.09.2013.510 | Mã HT: H31.09.2013.046000 | Năm: 2013 (THBQ: 1) | Tiêu đề: Hồ sơ chứng nhận quyền sở hữu nhà ở, tài sản gắn liền với đất dự án: Nhà máy chế biến và sản xuất đồ gỗ xã Vĩnh Khúc, huyện Văn Giang năm 2013",""
41,"H31.05.02.H31.09.2013.509",ĐÃ TỒN TẠI (3 HS),3,"CÙNG TIÊU ĐỀ","Có 3 hồ sơ trùng hoàn toàn cả Tên, Ký hiệu và Năm","H31.05.02.H31.09.2013.509","H31.09.2013.004384","Hồ sơ chứng nhận quyền sở hữu nhà ở, tài sản gắn liền với đất dự án: Trung tâm thương mại dịch vụ Phương Hải xã Trưng Trắc, huyện Văn Lâm năm 2013",2013,1,"http://ktdl.soxaydung.hungyen.gov.vn/systems/filesviewdetail/iid/4384/index.aspx?am=0,1,2&rf=639253283087516644","[HS 1] Ký hiệu: H31.05.02.H31.09.2013.509 | Mã HT: H31.09.2013.004384 | Năm: 2013 (THBQ: 1) | Tiêu đề: Hồ sơ chứng nhận quyền sở hữu nhà ở, tài sản gắn liền với đất dự án: Trung tâm thương mại dịch vụ Phương Hải xã Trưng Trắc, huyện Văn Lâm năm 2013 ; [HS 2] Ký hiệu: H31.05.02.H31.09.2013.509 | Mã HT: H31.09.2013.007363 | Năm: 2013 (THBQ: 1) | Tiêu đề: Hồ sơ chứng nhận quyền sở hữu nhà ở, tài sản gắn liền với đất dự án: Trung tâm thương mại dịch vụ Phương Hải xã Trưng Trắc, huyện Văn Lâm năm 2013 ; [HS 3] Ký hiệu: H31.05.02.H31.09.2013.509 | Mã HT: H31.09.2013.046001 | Năm: 2013 (THBQ: 1) | Tiêu đề: Hồ sơ chứng nhận quyền sở hữu nhà ở, tài sản gắn liền với đất dự án: Trung tâm thương mại dịch vụ Phương Hải xã Trưng Trắc, huyện Văn Lâm năm 2013",""
42,"H31.05.02.H31.09.2013.508",ĐÃ TỒN TẠI (3 HS),3,"CÙNG TIÊU ĐỀ","Có 3 hồ sơ trùng hoàn toàn cả Tên, Ký hiệu và Năm","H31.05.02.H31.09.2013.508","H31.09.2013.004385","Hồ sơ chứng nhận quyền sở hữu nhà ở, tài sản gắn liền với đất dự án: Nhà sản xuất văn phòng phẩm xã Tân Quang, huyện Văn Lâm năm 2013",2013,1,"http://ktdl.soxaydung.hungyen.gov.vn/systems/filesviewdetail/iid/4385/index.aspx?am=0,1,2&rf=639253283097203689","[HS 1] Ký hiệu: H31.05.02.H31.09.2013.508 | Mã HT: H31.09.2013.004385 | Năm: 2013 (THBQ: 1) | Tiêu đề: Hồ sơ chứng nhận quyền sở hữu nhà ở, tài sản gắn liền với đất dự án: Nhà sản xuất văn phòng phẩm xã Tân Quang, huyện Văn Lâm năm 2013 ; [HS 2] Ký hiệu: H31.05.02.H31.09.2013.508 | Mã HT: H31.09.2013.007364 | Năm: 2013 (THBQ: 1) | Tiêu đề: Hồ sơ chứng nhận quyền sở hữu nhà ở, tài sản gắn liền với đất dự án: Nhà sản xuất văn phòng phẩm xã Tân Quang, huyện Văn Lâm năm 2013 ; [HS 3] Ký hiệu: H31.05.02.H31.09.2013.508 | Mã HT: H31.09.2013.046002 | Năm: 2013 (THBQ: 1) | Tiêu đề: Hồ sơ chứng nhận quyền sở hữu nhà ở, tài sản gắn liền với đất dự án: Nhà sản xuất văn phòng phẩm xã Tân Quang, huyện Văn Lâm năm 2013",""
43,"H31.05.02.H31.09.2013.507",ĐÃ TỒN TẠI (3 HS),3,"CÙNG TIÊU ĐỀ","Có 3 hồ sơ trùng hoàn toàn cả Tên, Ký hiệu và Năm","H31.05.02.H31.09.2013.507","H31.09.2013.004386","Hồ sơ chứng nhận quyền sở hữu nhà ở, tài sản gắn liền với đất dự án: Nhà sản xuất bao bì xã Tân Quang, huyện Văn lâm năm 2013",2013,1,"http://ktdl.soxaydung.hungyen.gov.vn/systems/filesviewdetail/iid/4386/index.aspx?am=0,1,2&rf=639253283107360154","[HS 1] Ký hiệu: H31.05.02.H31.09.2013.507 | Mã HT: H31.09.2013.004386 | Năm: 2013 (THBQ: 1) | Tiêu đề: Hồ sơ chứng nhận quyền sở hữu nhà ở, tài sản gắn liền với đất dự án: Nhà sản xuất bao bì xã Tân Quang, huyện Văn lâm năm 2013 ; [HS 2] Ký hiệu: H31.05.02.H31.09.2013.507 | Mã HT: H31.09.2013.007365 | Năm: 2013 (THBQ: 1) | Tiêu đề: Hồ sơ chứng nhận quyền sở hữu nhà ở, tài sản gắn liền với đất dự án: Nhà sản xuất bao bì xã Tân Quang, huyện Văn lâm năm 2013 ; [HS 3] Ký hiệu: H31.05.02.H31.09.2013.507 | Mã HT: H31.09.2013.046003 | Năm: 2013 (THBQ: 1) | Tiêu đề: Hồ sơ chứng nhận quyền sở hữu nhà ở, tài sản gắn liền với đất dự án: Nhà sản xuất bao bì xã Tân Quang, huyện Văn lâm năm 2013",""
44,"H31.05.02.H31.09.2013.506",ĐÃ TỒN TẠI (3 HS),3,"CÙNG TIÊU ĐỀ","Có 3 hồ sơ trùng hoàn toàn cả Tên, Ký hiệu và Năm","H31.05.02.H31.09.2013.506","H31.09.2013.004387","Hồ sơ chứng nhận quyền sở hữu nhà ở, tài sản gắn liền với đất dự án: Xưởng gia công cán Cán kéo thép xã Chỉ Đạo, huyện Văn Lâm năm 2013",2013,1,"http://ktdl.soxaydung.hungyen.gov.vn/systems/filesviewdetail/iid/4387/index.aspx?am=0,1,2&rf=639253283117360821","[HS 1] Ký hiệu: H31.05.02.H31.09.2013.506 | Mã HT: H31.09.2013.004387 | Năm: 2013 (THBQ: 1) | Tiêu đề: Hồ sơ chứng nhận quyền sở hữu nhà ở, tài sản gắn liền với đất dự án: Xưởng gia công cán Cán kéo thép xã Chỉ Đạo, huyện Văn Lâm năm 2013 ; [HS 2] Ký hiệu: H31.05.02.H31.09.2013.506 | Mã HT: H31.09.2013.007366 | Năm: 2013 (THBQ: 1) | Tiêu đề: Hồ sơ chứng nhận quyền sở hữu nhà ở, tài sản gắn liền với đất dự án: Xưởng gia công cán Cán kéo thép xã Chỉ Đạo, huyện Văn Lâm năm 2013 ; [HS 3] Ký hiệu: H31.05.02.H31.09.2013.506 | Mã HT: H31.09.2013.046004 | Năm: 2013 (THBQ: 1) | Tiêu đề: Hồ sơ chứng nhận quyền sở hữu nhà ở, tài sản gắn liền với đất dự án: Xưởng gia công cán Cán kéo thép xã Chỉ Đạo, huyện Văn Lâm năm 2013",""
45,"H31.05.02.H31.09.2012.505",ĐÃ TỒN TẠI (3 HS),3,"CÙNG TIÊU ĐỀ","Có 3 hồ sơ trùng hoàn toàn cả Tên, Ký hiệu và Năm","H31.05.02.H31.09.2012.505","H31.09.2012.004388","Hồ sơ chứng nhận quyền sở hữu nhà ở, tài sản gắn liền với đất dự án: Trường Mầm non Sao Sáng Tp Hưng Yên năm 2012",2012,1,"http://ktdl.soxaydung.hungyen.gov.vn/systems/filesviewdetail/iid/4388/index.aspx?am=0,1,2&rf=639253283127516820","[HS 1] Ký hiệu: H31.05.02.H31.09.2012.505 | Mã HT: H31.09.2012.004388 | Năm: 2012 (THBQ: 1) | Tiêu đề: Hồ sơ chứng nhận quyền sở hữu nhà ở, tài sản gắn liền với đất dự án: Trường Mầm non Sao Sáng Tp Hưng Yên năm 2012 ; [HS 2] Ký hiệu: H31.05.02.H31.09.2012.505 | Mã HT: H31.09.2012.007367 | Năm: 2012 (THBQ: 1) | Tiêu đề: Hồ sơ chứng nhận quyền sở hữu nhà ở, tài sản gắn liền với đất dự án: Trường Mầm non Sao Sáng Tp Hưng Yên năm 2012 ; [HS 3] Ký hiệu: H31.05.02.H31.09.2012.505 | Mã HT: H31.09.2012.046005 | Năm: 2012 (THBQ: 1) | Tiêu đề: Hồ sơ chứng nhận quyền sở hữu nhà ở, tài sản gắn liền với đất dự án: Trường Mầm non Sao Sáng Tp Hưng Yên năm 2012",""
46,"H31.05.02.H31.09.2012.504",ĐÃ TỒN TẠI (3 HS),3,"CÙNG TIÊU ĐỀ","Có 3 hồ sơ trùng hoàn toàn cả Tên, Ký hiệu và Năm","H31.05.02.H31.09.2012.504","H31.09.2012.004389","Hồ sơ chứng nhận quyền sở hữu nhà ở, tài sản gắn liền với đất dự án: Công trình trụ sở NH TMCP Đông Á - PGD Phố Hiến 64 Nguyễn Thiện Thuật, phường Lê Lợi Tp Hưng Yên năm 2012",2012,1,"http://ktdl.soxaydung.hungyen.gov.vn/systems/filesviewdetail/iid/4389/index.aspx?am=0,1,2&rf=639253283137829483","[HS 1] Ký hiệu: H31.05.02.H31.09.2012.504 | Mã HT: H31.09.2012.004389 | Năm: 2012 (THBQ: 1) | Tiêu đề: Hồ sơ chứng nhận quyền sở hữu nhà ở, tài sản gắn liền với đất dự án: Công trình trụ sở NH TMCP Đông Á - PGD Phố Hiến 64 Nguyễn Thiện Thuật, phường Lê Lợi Tp Hưng Yên năm 2012 ; [HS 2] Ký hiệu: H31.05.02.H31.09.2012.504 | Mã HT: H31.09.2012.007368 | Năm: 2012 (THBQ: 1) | Tiêu đề: Hồ sơ chứng nhận quyền sở hữu nhà ở, tài sản gắn liền với đất dự án: Công trình trụ sở NH TMCP Đông Á - PGD Phố Hiến 64 Nguyễn Thiện Thuật, phường Lê Lợi Tp Hưng Yên năm 2012 ; [HS 3] Ký hiệu: H31.05.02.H31.09.2012.504 | Mã HT: H31.09.2012.046006 | Năm: 2012 (THBQ: 1) | Tiêu đề: Hồ sơ chứng nhận quyền sở hữu nhà ở, tài sản gắn liền với đất dự án: Công trình trụ sở NH TMCP Đông Á - PGD Phố Hiến 64 Nguyễn Thiện Thuật, phường Lê Lợi Tp Hưng Yên năm 2012",""
47,"H31.05.02.H31.09.2012.503",ĐÃ TỒN TẠI (3 HS),3,"CÙNG TIÊU ĐỀ","Có 3 hồ sơ trùng hoàn toàn cả Tên, Ký hiệu và Năm","H31.05.02.H31.09.2012.503","H31.09.2012.004390","Hồ sơ chứng nhận quyền sở hữu nhà ở, tài sản gắn liền với đất dự án: Xây dựng trụ sở cơ quan 44 Nguyễn Thiện Thuật, phường Lê Lợi, Tp Hưng Yên năm 2012",2012,1,"http://ktdl.soxaydung.hungyen.gov.vn/systems/filesviewdetail/iid/4390/index.aspx?am=0,1,2&rf=639253283147204873","[HS 1] Ký hiệu: H31.05.02.H31.09.2012.503 | Mã HT: H31.09.2012.004390 | Năm: 2012 (THBQ: 1) | Tiêu đề: Hồ sơ chứng nhận quyền sở hữu nhà ở, tài sản gắn liền với đất dự án: Xây dựng trụ sở cơ quan 44 Nguyễn Thiện Thuật, phường Lê Lợi, Tp Hưng Yên năm 2012 ; [HS 2] Ký hiệu: H31.05.02.H31.09.2012.503 | Mã HT: H31.09.2012.007369 | Năm: 2012 (THBQ: 1) | Tiêu đề: Hồ sơ chứng nhận quyền sở hữu nhà ở, tài sản gắn liền với đất dự án: Xây dựng trụ sở cơ quan 44 Nguyễn Thiện Thuật, phường Lê Lợi, Tp Hưng Yên năm 2012 ; [HS 3] Ký hiệu: H31.05.02.H31.09.2012.503 | Mã HT: H31.09.2012.046007 | Năm: 2012 (THBQ: 1) | Tiêu đề: Hồ sơ chứng nhận quyền sở hữu nhà ở, tài sản gắn liền với đất dự án: Xây dựng trụ sở cơ quan 44 Nguyễn Thiện Thuật, phường Lê Lợi, Tp Hưng Yên năm 2012",""
48,"H31.05.02.H31.09.2012.502",ĐÃ TỒN TẠI (3 HS),3,"CÙNG TIÊU ĐỀ","Có 3 hồ sơ trùng hoàn toàn cả Tên, Ký hiệu và Năm","H31.05.02.H31.09.2012.502","H31.09.2012.004391","Hồ sơ chứng nhận quyền sở hữu nhà ở, tài sản gắn liền với đất dự án: Trung tâm trưng bày bán hàng, nhà ăn, nhà xưởng Bảo hiểm Ô tô, TP Hưng Yên năm 2012",2012,1,"http://ktdl.soxaydung.hungyen.gov.vn/systems/filesviewdetail/iid/4391/index.aspx?am=0,1,2&rf=639253283157673700","[HS 1] Ký hiệu: H31.05.02.H31.09.2012.502 | Mã HT: H31.09.2012.004391 | Năm: 2012 (THBQ: 1) | Tiêu đề: Hồ sơ chứng nhận quyền sở hữu nhà ở, tài sản gắn liền với đất dự án: Trung tâm trưng bày bán hàng, nhà ăn, nhà xưởng Bảo hiểm Ô tô, TP Hưng Yên năm 2012 ; [HS 2] Ký hiệu: H31.05.02.H31.09.2012.502 | Mã HT: H31.09.2012.007370 | Năm: 2012 (THBQ: 1) | Tiêu đề: Hồ sơ chứng nhận quyền sở hữu nhà ở, tài sản gắn liền với đất dự án: Trung tâm trưng bày bán hàng, nhà ăn, nhà xưởng Bảo hiểm Ô tô, TP Hưng Yên năm 2012 ; [HS 3] Ký hiệu: H31.05.02.H31.09.2012.502 | Mã HT: H31.09.2012.046008 | Năm: 2012 (THBQ: 1) | Tiêu đề: Hồ sơ chứng nhận quyền sở hữu nhà ở, tài sản gắn liền với đất dự án: Trung tâm trưng bày bán hàng, nhà ăn, nhà xưởng Bảo hiểm Ô tô, TP Hưng Yên năm 2012",""
49,"H31.05.02.H31.09.2012.501",ĐÃ TỒN TẠI (3 HS),3,"CÙNG TIÊU ĐỀ","Có 3 hồ sơ trùng hoàn toàn cả Tên, Ký hiệu và Năm","H31.05.02.H31.09.2012.501","H31.09.2012.004392","Hồ sơ chứng nhận quyền sở hữu nhà ở, tài sản gắn liền với đất dự án: Khách sạn Hoa Hồng Cty TNHH Tuấn Giang TP Hưng Yên Năm 2012",2012,1,"http://ktdl.soxaydung.hungyen.gov.vn/systems/filesviewdetail/iid/4392/index.aspx?am=0,1,2&rf=639253283167205052","[HS 1] Ký hiệu: H31.05.02.H31.09.2012.501 | Mã HT: H31.09.2012.004392 | Năm: 2012 (THBQ: 1) | Tiêu đề: Hồ sơ chứng nhận quyền sở hữu nhà ở, tài sản gắn liền với đất dự án: Khách sạn Hoa Hồng Cty TNHH Tuấn Giang TP Hưng Yên Năm 2012 ; [HS 2] Ký hiệu: H31.05.02.H31.09.2012.501 | Mã HT: H31.09.2012.007371 | Năm: 2012 (THBQ: 1) | Tiêu đề: Hồ sơ chứng nhận quyền sở hữu nhà ở, tài sản gắn liền với đất dự án: Khách sạn Hoa Hồng Cty TNHH Tuấn Giang TP Hưng Yên Năm 2012 ; [HS 3] Ký hiệu: H31.05.02.H31.09.2012.501 | Mã HT: H31.09.2012.046009 | Năm: 2012 (THBQ: 1) | Tiêu đề: Hồ sơ chứng nhận quyền sở hữu nhà ở, tài sản gắn liền với đất dự án: Khách sạn Hoa Hồng Cty TNHH Tuấn Giang TP Hưng Yên Năm 2012",""
50,"H31.05.02.H31.09.2012.500",ĐÃ TỒN TẠI (3 HS),3,"CÙNG TIÊU ĐỀ","Có 3 hồ sơ trùng hoàn toàn cả Tên, Ký hiệu và Năm","H31.05.02.H31.09.2012.500","H31.09.2012.004393","Hồ sơ chứng nhận quyền sở hữu nhà ở, tài sản gắn liền với đất dự án: Nhà máy chế biến nông sản Thực phẩm Thị trấn Lương Bằng, huyện Kim Động năm 2012",2012,1,"http://ktdl.soxaydung.hungyen.gov.vn/systems/filesviewdetail/iid/4393/index.aspx?am=0,1,2&rf=639253283177205308","[HS 1] Ký hiệu: H31.05.02.H31.09.2012.500 | Mã HT: H31.09.2012.004393 | Năm: 2012 (THBQ: 1) | Tiêu đề: Hồ sơ chứng nhận quyền sở hữu nhà ở, tài sản gắn liền với đất dự án: Nhà máy chế biến nông sản Thực phẩm Thị trấn Lương Bằng, huyện Kim Động năm 2012 ; [HS 2] Ký hiệu: H31.05.02.H31.09.2012.500 | Mã HT: H31.09.2012.007372 | Năm: 2012 (THBQ: 1) | Tiêu đề: Hồ sơ chứng nhận quyền sở hữu nhà ở, tài sản gắn liền với đất dự án: Nhà máy chế biến nông sản Thực phẩm Thị trấn Lương Bằng, huyện Kim Động năm 2012 ; [HS 3] Ký hiệu: H31.05.02.H31.09.2012.500 | Mã HT: H31.09.2012.046010 | Năm: 2012 (THBQ: 1) | Tiêu đề: Hồ sơ chứng nhận quyền sở hữu nhà ở, tài sản gắn liền với đất dự án: Nhà máy chế biến nông sản Thực phẩm Thị trấn Lương Bằng, huyện Kim Động năm 2012",""
51,"H31.05.02.H31.09.2012.499",ĐÃ TỒN TẠI (3 HS),3,"CÙNG TIÊU ĐỀ","Có 3 hồ sơ trùng hoàn toàn cả Tên, Ký hiệu và Năm","H31.05.02.H31.09.2012.499","H31.09.2012.004394","Hồ sơ chứng nhận quyền sở hữu nhà ở, tài sản gắn liền với đất dự án: Trụ sở Văn phòng + Nhà máy Cty TNHH Hồng Hà Thị trấn Lương Bằng, huyện Kim Động năm 2012",2012,1,"http://ktdl.soxaydung.hungyen.gov.vn/systems/filesviewdetail/iid/4394/index.aspx?am=0,1,2&rf=639253283187362209","[HS 1] Ký hiệu: H31.05.02.H31.09.2012.499 | Mã HT: H31.09.2012.004394 | Năm: 2012 (THBQ: 1) | Tiêu đề: Hồ sơ chứng nhận quyền sở hữu nhà ở, tài sản gắn liền với đất dự án: Trụ sở Văn phòng + Nhà máy Cty TNHH Hồng Hà Thị trấn Lương Bằng, huyện Kim Động năm 2012 ; [HS 2] Ký hiệu: H31.05.02.H31.09.2012.499 | Mã HT: H31.09.2012.007373 | Năm: 2012 (THBQ: 1) | Tiêu đề: Hồ sơ chứng nhận quyền sở hữu nhà ở, tài sản gắn liền với đất dự án: Trụ sở Văn phòng + Nhà máy Cty TNHH Hồng Hà Thị trấn Lương Bằng, huyện Kim Động năm 2012 ; [HS 3] Ký hiệu: H31.05.02.H31.09.2012.499 | Mã HT: H31.09.2012.046011 | Năm: 2012 (THBQ: 1) | Tiêu đề: Hồ sơ chứng nhận quyền sở hữu nhà ở, tài sản gắn liền với đất dự án: Trụ sở Văn phòng + Nhà máy Cty TNHH Hồng Hà Thị trấn Lương Bằng, huyện Kim Động năm 2012",""
52,"H31.05.02.H31.09.2012.498",ĐÃ TỒN TẠI (3 HS),3,"CÙNG TIÊU ĐỀ","Có 3 hồ sơ trùng hoàn toàn cả Tên, Ký hiệu và Năm","H31.05.02.H31.09.2012.498","H31.09.2012.004395","Hồ sơ chứng nhận quyền sở hữu nhà ở, tài sản gắn liền với đất dự án: Nhà máy sản xuất thức ăn chăn nuôi Austfeed Thị trấn Lương Bằng, huyện Kim Động năm 2012",2012,1,"http://ktdl.soxaydung.hungyen.gov.vn/systems/filesviewdetail/iid/4395/index.aspx?am=0,1,2&rf=639253283197674493","[HS 1] Ký hiệu: H31.05.02.H31.09.2012.498 | Mã HT: H31.09.2012.004395 | Năm: 2012 (THBQ: 1) | Tiêu đề: Hồ sơ chứng nhận quyền sở hữu nhà ở, tài sản gắn liền với đất dự án: Nhà máy sản xuất thức ăn chăn nuôi Austfeed Thị trấn Lương Bằng, huyện Kim Động năm 2012 ; [HS 2] Ký hiệu: H31.05.02.H31.09.2012.498 | Mã HT: H31.09.2012.007374 | Năm: 2012 (THBQ: 1) | Tiêu đề: Hồ sơ chứng nhận quyền sở hữu nhà ở, tài sản gắn liền với đất dự án: Nhà máy sản xuất thức ăn chăn nuôi Austfeed Thị trấn Lương Bằng, huyện Kim Động năm 2012 ; [HS 3] Ký hiệu: H31.05.02.H31.09.2012.498 | Mã HT: H31.09.2012.046012 | Năm: 2012 (THBQ: 1) | Tiêu đề: Hồ sơ chứng nhận quyền sở hữu nhà ở, tài sản gắn liền với đất dự án: Nhà máy sản xuất thức ăn chăn nuôi Austfeed Thị trấn Lương Bằng, huyện Kim Động năm 2012",""
53,"H31.05.02.H31.09.2012.497",ĐÃ TỒN TẠI (3 HS),3,"CÙNG TIÊU ĐỀ","Có 3 hồ sơ trùng hoàn toàn cả Tên, Ký hiệu và Năm","H31.05.02.H31.09.2012.497","H31.09.2012.004396","Hồ sơ chứng nhận quyền sở hữu nhà ở, tài sản gắn liền với đất dự án: Cty Inox Hoà Bình xã Giai Phạm, huyện Yên Mỹ năm 2012 Tập 3: Dự toán thiết kế, Hồ sơ quyết toán, các Văn bản pháp lý",2012,1,"http://ktdl.soxaydung.hungyen.gov.vn/systems/filesviewdetail/iid/4396/index.aspx?am=0,1,2&rf=639253283207518405","[HS 1] Ký hiệu: H31.05.02.H31.09.2012.497 | Mã HT: H31.09.2012.004396 | Năm: 2012 (THBQ: 1) | Tiêu đề: Hồ sơ chứng nhận quyền sở hữu nhà ở, tài sản gắn liền với đất dự án: Cty Inox Hoà Bình xã Giai Phạm, huyện Yên Mỹ năm 2012 Tập 3: Dự toán thiết kế, Hồ sơ quyết toán, các Văn bản pháp lý ; [HS 2] Ký hiệu: H31.05.02.H31.09.2012.497 | Mã HT: H31.09.2012.007375 | Năm: 2012 (THBQ: 1) | Tiêu đề: Hồ sơ chứng nhận quyền sở hữu nhà ở, tài sản gắn liền với đất dự án: Cty Inox Hoà Bình xã Giai Phạm, huyện Yên Mỹ năm 2012 Tập 3: Dự toán thiết kế, Hồ sơ quyết toán, các Văn bản pháp lý ; [HS 3] Ký hiệu: H31.05.02.H31.09.2012.497 | Mã HT: H31.09.2012.046013 | Năm: 2012 (THBQ: 1) | Tiêu đề: Hồ sơ chứng nhận quyền sở hữu nhà ở, tài sản gắn liền với đất dự án: Cty Inox Hoà Bình xã Giai Phạm, huyện Yên Mỹ năm 2012 Tập 3: Dự toán thiết kế, Hồ sơ quyết toán, các Văn bản pháp lý",""
54,"H31.05.02.H31.09.2012.496",ĐÃ TỒN TẠI (3 HS),3,"CÙNG TIÊU ĐỀ","Có 3 hồ sơ trùng hoàn toàn cả Tên, Ký hiệu và Năm","H31.05.02.H31.09.2012.496","H31.09.2012.004397","Hồ sơ chứng nhận quyền sở hữu nhà ở, tài sản gắn liền với đất dự án: Cty Inox Hoà Bình xã Giai Phạm, huyện Yên Mỹ năm 2012 Tập 2: Hồ sơ thiết kế kỹ thuật thi công",2012,1,"http://ktdl.soxaydung.hungyen.gov.vn/systems/filesviewdetail/iid/4397/index.aspx?am=0,1,2&rf=639253283217363144","[HS 1] Ký hiệu: H31.05.02.H31.09.2012.496 | Mã HT: H31.09.2012.004397 | Năm: 2012 (THBQ: 1) | Tiêu đề: Hồ sơ chứng nhận quyền sở hữu nhà ở, tài sản gắn liền với đất dự án: Cty Inox Hoà Bình xã Giai Phạm, huyện Yên Mỹ năm 2012 Tập 2: Hồ sơ thiết kế kỹ thuật thi công ; [HS 2] Ký hiệu: H31.05.02.H31.09.2012.496 | Mã HT: H31.09.2012.007376 | Năm: 2012 (THBQ: 1) | Tiêu đề: Hồ sơ chứng nhận quyền sở hữu nhà ở, tài sản gắn liền với đất dự án: Cty Inox Hoà Bình xã Giai Phạm, huyện Yên Mỹ năm 2012 Tập 2: Hồ sơ thiết kế kỹ thuật thi công ; [HS 3] Ký hiệu: H31.05.02.H31.09.2012.496 | Mã HT: H31.09.2012.046014 | Năm: 2012 (THBQ: 1) | Tiêu đề: Hồ sơ chứng nhận quyền sở hữu nhà ở, tài sản gắn liền với đất dự án: Cty Inox Hoà Bình xã Giai Phạm, huyện Yên Mỹ năm 2012 Tập 2: Hồ sơ thiết kế kỹ thuật thi công",""
55,"H31.05.02.H31.09.2012.495",ĐÃ TỒN TẠI (3 HS),3,"CÙNG TIÊU ĐỀ","Có 3 hồ sơ trùng hoàn toàn cả Tên, Ký hiệu và Năm","H31.05.02.H31.09.2012.495","H31.09.2012.004398","Hồ sơ chứng nhận quyền sở hữu nhà ở, tài sản gắn liền với đất dự án: Cty Inox Hoà Bình xã Giai Phạm, huyện Yên Mỹ năm 2012 Tập 1: Hồ sơ thiết kế bản vẽ thi công",2012,1,"http://ktdl.soxaydung.hungyen.gov.vn/systems/filesviewdetail/iid/4398/index.aspx?am=0,1,2&rf=639253283227675078","[HS 1] Ký hiệu: H31.05.02.H31.09.2012.495 | Mã HT: H31.09.2012.004398 | Năm: 2012 (THBQ: 1) | Tiêu đề: Hồ sơ chứng nhận quyền sở hữu nhà ở, tài sản gắn liền với đất dự án: Cty Inox Hoà Bình xã Giai Phạm, huyện Yên Mỹ năm 2012 Tập 1: Hồ sơ thiết kế bản vẽ thi công ; [HS 2] Ký hiệu: H31.05.02.H31.09.2012.495 | Mã HT: H31.09.2012.007377 | Năm: 2012 (THBQ: 1) | Tiêu đề: Hồ sơ chứng nhận quyền sở hữu nhà ở, tài sản gắn liền với đất dự án: Cty Inox Hoà Bình xã Giai Phạm, huyện Yên Mỹ năm 2012 Tập 1: Hồ sơ thiết kế bản vẽ thi công ; [HS 3] Ký hiệu: H31.05.02.H31.09.2012.495 | Mã HT: H31.09.2012.046015 | Năm: 2012 (THBQ: 1) | Tiêu đề: Hồ sơ chứng nhận quyền sở hữu nhà ở, tài sản gắn liền với đất dự án: Cty Inox Hoà Bình xã Giai Phạm, huyện Yên Mỹ năm 2012 Tập 1: Hồ sơ thiết kế bản vẽ thi công",""
56,"H31.05.02.H31.09.2012.494",ĐÃ TỒN TẠI (3 HS),3,"CÙNG TIÊU ĐỀ","Có 3 hồ sơ trùng hoàn toàn cả Tên, Ký hiệu và Năm","H31.05.02.H31.09.2012.494","H31.09.2012.004399","Hồ sơ chứng nhận quyền sở hữu nhà ở, tài sản gắn liền với đất dự án: Nhà máy sản xuất thức ăn chăn nuôi Toàn Lợi xã Giai Phạm, huyện Yên Mỹ năm 2012",2012,1,"http://ktdl.soxaydung.hungyen.gov.vn/systems/filesviewdetail/iid/4399/index.aspx?am=0,1,2&rf=639253283237675743","[HS 1] Ký hiệu: H31.05.02.H31.09.2012.494 | Mã HT: H31.09.2012.004399 | Năm: 2012 (THBQ: 1) | Tiêu đề: Hồ sơ chứng nhận quyền sở hữu nhà ở, tài sản gắn liền với đất dự án: Nhà máy sản xuất thức ăn chăn nuôi Toàn Lợi xã Giai Phạm, huyện Yên Mỹ năm 2012 ; [HS 2] Ký hiệu: H31.05.02.H31.09.2012.494 | Mã HT: H31.09.2012.007378 | Năm: 2012 (THBQ: 1) | Tiêu đề: Hồ sơ chứng nhận quyền sở hữu nhà ở, tài sản gắn liền với đất dự án: Nhà máy sản xuất thức ăn chăn nuôi Toàn Lợi xã Giai Phạm, huyện Yên Mỹ năm 2012 ; [HS 3] Ký hiệu: H31.05.02.H31.09.2012.494 | Mã HT: H31.09.2012.046016 | Năm: 2012 (THBQ: 1) | Tiêu đề: Hồ sơ chứng nhận quyền sở hữu nhà ở, tài sản gắn liền với đất dự án: Nhà máy sản xuất thức ăn chăn nuôi Toàn Lợi xã Giai Phạm, huyện Yên Mỹ năm 2012",""
57,"H31.05.02.H31.09.2012.493",ĐÃ TỒN TẠI (3 HS),3,"CÙNG TIÊU ĐỀ","Có 3 hồ sơ trùng hoàn toàn cả Tên, Ký hiệu và Năm","H31.05.02.H31.09.2012.493","H31.09.2012.004400","Hồ sơ chứng nhận quyền sở hữu nhà ở, tài sản gắn liền với đất dự án: Cty cổ phần thực phẩm Đức Việt xã Tân Lập, huyện Yên Mỹ năm 2012",2012,1,"http://ktdl.soxaydung.hungyen.gov.vn/systems/filesviewdetail/iid/4400/index.aspx?am=0,1,2&rf=639253283247362978","[HS 1] Ký hiệu: H31.05.02.H31.09.2012.493 | Mã HT: H31.09.2012.004400 | Năm: 2012 (THBQ: 1) | Tiêu đề: Hồ sơ chứng nhận quyền sở hữu nhà ở, tài sản gắn liền với đất dự án: Cty cổ phần thực phẩm Đức Việt xã Tân Lập, huyện Yên Mỹ năm 2012 ; [HS 2] Ký hiệu: H31.05.02.H31.09.2012.493 | Mã HT: H31.09.2012.007379 | Năm: 2012 (THBQ: 1) | Tiêu đề: Hồ sơ chứng nhận quyền sở hữu nhà ở, tài sản gắn liền với đất dự án: Cty cổ phần thực phẩm Đức Việt xã Tân Lập, huyện Yên Mỹ năm 2012 ; [HS 3] Ký hiệu: H31.05.02.H31.09.2012.493 | Mã HT: H31.09.2012.046017 | Năm: 2012 (THBQ: 1) | Tiêu đề: Hồ sơ chứng nhận quyền sở hữu nhà ở, tài sản gắn liền với đất dự án: Cty cổ phần thực phẩm Đức Việt xã Tân Lập, huyện Yên Mỹ năm 2012",""
58,"H31.05.02.H31.09.2012.492",ĐÃ TỒN TẠI (3 HS),3,"CÙNG TIÊU ĐỀ","Có 3 hồ sơ trùng hoàn toàn cả Tên, Ký hiệu và Năm","H31.05.02.H31.09.2012.492","H31.09.2012.004401","Hồ sơ chứng nhận quyền sở hữu nhà ở, tài sản gắn liền với đất dự án: Nhà xưởng Cty TNHH MTV Austdoor huyện Yên Mỹ năm 2012",2012,1,"http://ktdl.soxaydung.hungyen.gov.vn/systems/filesviewdetail/iid/4401/index.aspx?am=0,1,2&rf=639253283257363646","[HS 1] Ký hiệu: H31.05.02.H31.09.2012.492 | Mã HT: H31.09.2012.004401 | Năm: 2012 (THBQ: 1) | Tiêu đề: Hồ sơ chứng nhận quyền sở hữu nhà ở, tài sản gắn liền với đất dự án: Nhà xưởng Cty TNHH MTV Austdoor huyện Yên Mỹ năm 2012 ; [HS 2] Ký hiệu: H31.05.02.H31.09.2012.492 | Mã HT: H31.09.2012.007380 | Năm: 2012 (THBQ: 1) | Tiêu đề: Hồ sơ chứng nhận quyền sở hữu nhà ở, tài sản gắn liền với đất dự án: Nhà xưởng Cty TNHH MTV Austdoor huyện Yên Mỹ năm 2012 ; [HS 3] Ký hiệu: H31.05.02.H31.09.2012.492 | Mã HT: H31.09.2012.046018 | Năm: 2012 (THBQ: 1) | Tiêu đề: Hồ sơ chứng nhận quyền sở hữu nhà ở, tài sản gắn liền với đất dự án: Nhà xưởng Cty TNHH MTV Austdoor huyện Yên Mỹ năm 2012",""
59,"H31.05.02.H31.09.2012.491",ĐÃ TỒN TẠI (3 HS),3,"CÙNG TIÊU ĐỀ","Có 3 hồ sơ trùng hoàn toàn cả Tên, Ký hiệu và Năm","H31.05.02.H31.09.2012.491","H31.09.2012.004402","Tập lưu Công văn của Sở Xây dựng tỉnh Hưng Yên năm 2009 (từ số 476 - 619)",2012,1,"http://ktdl.soxaydung.hungyen.gov.vn/systems/filesviewdetail/iid/4402/index.aspx?am=0,1,2&rf=639253283267676362","[HS 1] Ký hiệu: H31.05.02.H31.09.2012.491 | Mã HT: H31.09.2012.004402 | Năm: 2012 (THBQ: 1) | Tiêu đề: Tập lưu Công văn của Sở Xây dựng tỉnh Hưng Yên năm 2009 (từ số 476 - 619) ; [HS 2] Ký hiệu: H31.05.02.H31.09.2012.491 | Mã HT: H31.09.2012.007381 | Năm: 2012 (THBQ: 1) | Tiêu đề: Tập lưu Công văn của Sở Xây dựng tỉnh Hưng Yên năm 2009 (từ số 476 - 619) ; [HS 3] Ký hiệu: H31.05.02.H31.09.2012.491 | Mã HT: H31.09.2012.046019 | Năm: 2012 (THBQ: 1) | Tiêu đề: Tập lưu Công văn của Sở Xây dựng tỉnh Hưng Yên năm 2009 (từ số 476 - 619)",""
60,"H31.05.02.H31.09.2012.490",ĐÃ TỒN TẠI (3 HS),3,"CÙNG TIÊU ĐỀ","Có 3 hồ sơ trùng hoàn toàn cả Tên, Ký hiệu và Năm","H31.05.02.H31.09.2012.490","H31.09.2012.004403","Hồ sơ chứng nhận quyền sở hữu nhà ở, tài sản gắn liền với đất dự án: Xây dựng nhà máy Công ty TNHH Dược thú y Thăng Long II xã Phùng Chí Kiên, huyện Mỹ Hào năm 2012",2012,1,"http://ktdl.soxaydung.hungyen.gov.vn/systems/filesviewdetail/iid/4403/index.aspx?am=0,1,2&rf=639253283277519812","[HS 1] Ký hiệu: H31.05.02.H31.09.2012.490 | Mã HT: H31.09.2012.004403 | Năm: 2012 (THBQ: 1) | Tiêu đề: Hồ sơ chứng nhận quyền sở hữu nhà ở, tài sản gắn liền với đất dự án: Xây dựng nhà máy Công ty TNHH Dược thú y Thăng Long II xã Phùng Chí Kiên, huyện Mỹ Hào năm 2012 ; [HS 2] Ký hiệu: H31.05.02.H31.09.2012.490 | Mã HT: H31.09.2012.007382 | Năm: 2012 (THBQ: 1) | Tiêu đề: Hồ sơ chứng nhận quyền sở hữu nhà ở, tài sản gắn liền với đất dự án: Xây dựng nhà máy Công ty TNHH Dược thú y Thăng Long II xã Phùng Chí Kiên, huyện Mỹ Hào năm 2012 ; [HS 3] Ký hiệu: H31.05.02.H31.09.2012.490 | Mã HT: H31.09.2012.046020 | Năm: 2012 (THBQ: 1) | Tiêu đề: Hồ sơ chứng nhận quyền sở hữu nhà ở, tài sản gắn liền với đất dự án: Xây dựng nhà máy Công ty TNHH Dược thú y Thăng Long II xã Phùng Chí Kiên, huyện Mỹ Hào năm 2012",""
61,"H31.05.02.H31.09.2012.489",ĐÃ TỒN TẠI (3 HS),3,"CÙNG TIÊU ĐỀ","Có 3 hồ sơ trùng hoàn toàn cả Tên, Ký hiệu và Năm","H31.05.02.H31.09.2012.489","H31.09.2012.004404","Hồ sơ chứng nhận quyền sở hữu nhà ở, tài sản gắn liền với đất dự án: Nhà xưởng GP. Window - Phố Nối Thị trấn Bần Yên Nhân, huyện Mỹ Hào năm 2012",2012,1,"http://ktdl.soxaydung.hungyen.gov.vn/systems/filesviewdetail/iid/4404/index.aspx?am=0,1,2&rf=639253283287363889","[HS 1] Ký hiệu: H31.05.02.H31.09.2012.489 | Mã HT: H31.09.2012.004404 | Năm: 2012 (THBQ: 1) | Tiêu đề: Hồ sơ chứng nhận quyền sở hữu nhà ở, tài sản gắn liền với đất dự án: Nhà xưởng GP. Window - Phố Nối Thị trấn Bần Yên Nhân, huyện Mỹ Hào năm 2012 ; [HS 2] Ký hiệu: H31.05.02.H31.09.2012.489 | Mã HT: H31.09.2012.007383 | Năm: 2012 (THBQ: 1) | Tiêu đề: Hồ sơ chứng nhận quyền sở hữu nhà ở, tài sản gắn liền với đất dự án: Nhà xưởng GP. Window - Phố Nối Thị trấn Bần Yên Nhân, huyện Mỹ Hào năm 2012 ; [HS 3] Ký hiệu: H31.05.02.H31.09.2012.489 | Mã HT: H31.09.2012.046021 | Năm: 2012 (THBQ: 1) | Tiêu đề: Hồ sơ chứng nhận quyền sở hữu nhà ở, tài sản gắn liền với đất dự án: Nhà xưởng GP. Window - Phố Nối Thị trấn Bần Yên Nhân, huyện Mỹ Hào năm 2012",""
62,"H31.05.02.H31.09.2012.488",ĐÃ TỒN TẠI (3 HS),3,"CÙNG TIÊU ĐỀ","Có 3 hồ sơ trùng hoàn toàn cả Tên, Ký hiệu và Năm","H31.05.02.H31.09.2012.488","H31.09.2012.004405","Hồ sơ chứng nhận quyền sở hữu nhà ở, tài sản gắn liền với đất dự án: Nhà máy chế biến thực phẩm Thị trấn Bần Yên Nhân, huyện Mỹ Hào năm 2012",2012,1,"http://ktdl.soxaydung.hungyen.gov.vn/systems/filesviewdetail/iid/4405/index.aspx?am=0,1,2&rf=639253283297364430","[HS 1] Ký hiệu: H31.05.02.H31.09.2012.488 | Mã HT: H31.09.2012.004405 | Năm: 2012 (THBQ: 1) | Tiêu đề: Hồ sơ chứng nhận quyền sở hữu nhà ở, tài sản gắn liền với đất dự án: Nhà máy chế biến thực phẩm Thị trấn Bần Yên Nhân, huyện Mỹ Hào năm 2012 ; [HS 2] Ký hiệu: H31.05.02.H31.09.2012.488 | Mã HT: H31.09.2012.007384 | Năm: 2012 (THBQ: 1) | Tiêu đề: Hồ sơ chứng nhận quyền sở hữu nhà ở, tài sản gắn liền với đất dự án: Nhà máy chế biến thực phẩm Thị trấn Bần Yên Nhân, huyện Mỹ Hào năm 2012 ; [HS 3] Ký hiệu: H31.05.02.H31.09.2012.488 | Mã HT: H31.09.2012.046022 | Năm: 2012 (THBQ: 1) | Tiêu đề: Hồ sơ chứng nhận quyền sở hữu nhà ở, tài sản gắn liền với đất dự án: Nhà máy chế biến thực phẩm Thị trấn Bần Yên Nhân, huyện Mỹ Hào năm 2012",""
63,"H31.05.02.H31.09.2012.487",ĐÃ TỒN TẠI (3 HS),3,"CÙNG TIÊU ĐỀ","Có 3 hồ sơ trùng hoàn toàn cả Tên, Ký hiệu và Năm","H31.05.02.H31.09.2012.487","H31.09.2012.004406","Hồ sơ chứng nhận quyền sở hữu nhà ở, tài sản gắn liền với đất dự án: Nhà máy cắt xẻ Inox Thành Nam huyện Mỹ Hào năm 2012, Tập 2: Hồ sơ thiết kế kỹ thuật thi công, hồ sơ dự toán thiết kế kỹ thuật thi công, Các văn bản pháp lý",2012,1,"http://ktdl.soxaydung.hungyen.gov.vn/systems/filesviewdetail/iid/4406/index.aspx?am=0,1,2&rf=639253283307365638","[HS 1] Ký hiệu: H31.05.02.H31.09.2012.487 | Mã HT: H31.09.2012.004406 | Năm: 2012 (THBQ: 1) | Tiêu đề: Hồ sơ chứng nhận quyền sở hữu nhà ở, tài sản gắn liền với đất dự án: Nhà máy cắt xẻ Inox Thành Nam huyện Mỹ Hào năm 2012, Tập 2: Hồ sơ thiết kế kỹ thuật thi công, hồ sơ dự toán thiết kế kỹ thuật thi công, Các văn bản pháp lý ; [HS 2] Ký hiệu: H31.05.02.H31.09.2012.487 | Mã HT: H31.09.2012.007385 | Năm: 2012 (THBQ: 1) | Tiêu đề: Hồ sơ chứng nhận quyền sở hữu nhà ở, tài sản gắn liền với đất dự án: Nhà máy cắt xẻ Inox Thành Nam huyện Mỹ Hào năm 2012, Tập 2: Hồ sơ thiết kế kỹ thuật thi công, hồ sơ dự toán thiết kế kỹ thuật thi công, Các văn bản pháp lý ; [HS 3] Ký hiệu: H31.05.02.H31.09.2012.487 | Mã HT: H31.09.2012.046023 | Năm: 2012 (THBQ: 1) | Tiêu đề: Hồ sơ chứng nhận quyền sở hữu nhà ở, tài sản gắn liền với đất dự án: Nhà máy cắt xẻ Inox Thành Nam huyện Mỹ Hào năm 2012, Tập 2: Hồ sơ thiết kế kỹ thuật thi công, hồ sơ dự toán thiết kế kỹ thuật thi công, Các văn bản pháp lý",""
64,"H31.05.02.H31.09.2012.486",ĐÃ TỒN TẠI (3 HS),3,"CÙNG TIÊU ĐỀ","Có 3 hồ sơ trùng hoàn toàn cả Tên, Ký hiệu và Năm","H31.05.02.H31.09.2012.486","H31.09.2012.004407","Hồ sơ chứng nhận quyền sở hữu nhà ở, tài sản gắn liền với đất dự án: Nhà máy cắt xẻ Inox Thành Nam huyện Mỹ Hào năm 2010",2012,1,"http://ktdl.soxaydung.hungyen.gov.vn/systems/filesviewdetail/iid/4407/index.aspx?am=0,1,2&rf=639253283317208558","[HS 1] Ký hiệu: H31.05.02.H31.09.2012.486 | Mã HT: H31.09.2012.004407 | Năm: 2012 (THBQ: 1) | Tiêu đề: Hồ sơ chứng nhận quyền sở hữu nhà ở, tài sản gắn liền với đất dự án: Nhà máy cắt xẻ Inox Thành Nam huyện Mỹ Hào năm 2010 ; [HS 2] Ký hiệu: H31.05.02.H31.09.2012.486 | Mã HT: H31.09.2012.007386 | Năm: 2012 (THBQ: 1) | Tiêu đề: Hồ sơ chứng nhận quyền sở hữu nhà ở, tài sản gắn liền với đất dự án: Nhà máy cắt xẻ Inox Thành Nam huyện Mỹ Hào năm 2010 ; [HS 3] Ký hiệu: H31.05.02.H31.09.2012.486 | Mã HT: H31.09.2012.046024 | Năm: 2012 (THBQ: 1) | Tiêu đề: Hồ sơ chứng nhận quyền sở hữu nhà ở, tài sản gắn liền với đất dự án: Nhà máy cắt xẻ Inox Thành Nam huyện Mỹ Hào năm 2010",""
65,"H31.05.02.H31.09.2012.485",ĐÃ TỒN TẠI (3 HS),3,"CÙNG TIÊU ĐỀ","Có 3 hồ sơ trùng hoàn toàn cả Tên, Ký hiệu và Năm","H31.05.02.H31.09.2012.485","H31.09.2012.004408","Hồ sơ chứng nhận quyền sở hữu nhà ở, tài sản gắn liền với đất dự án: Nhà xưởng sản xuất Cty TNHH Anh Tường xã Di Sử, huyện Mỹ Hào năm 2012",2012,1,"http://ktdl.soxaydung.hungyen.gov.vn/systems/filesviewdetail/iid/4408/index.aspx?am=0,1,2&rf=639253283327365014","[HS 1] Ký hiệu: H31.05.02.H31.09.2012.485 | Mã HT: H31.09.2012.004408 | Năm: 2012 (THBQ: 1) | Tiêu đề: Hồ sơ chứng nhận quyền sở hữu nhà ở, tài sản gắn liền với đất dự án: Nhà xưởng sản xuất Cty TNHH Anh Tường xã Di Sử, huyện Mỹ Hào năm 2012 ; [HS 2] Ký hiệu: H31.05.02.H31.09.2012.485 | Mã HT: H31.09.2012.007387 | Năm: 2012 (THBQ: 1) | Tiêu đề: Hồ sơ chứng nhận quyền sở hữu nhà ở, tài sản gắn liền với đất dự án: Nhà xưởng sản xuất Cty TNHH Anh Tường xã Di Sử, huyện Mỹ Hào năm 2012 ; [HS 3] Ký hiệu: H31.05.02.H31.09.2012.485 | Mã HT: H31.09.2012.046025 | Năm: 2012 (THBQ: 1) | Tiêu đề: Hồ sơ chứng nhận quyền sở hữu nhà ở, tài sản gắn liền với đất dự án: Nhà xưởng sản xuất Cty TNHH Anh Tường xã Di Sử, huyện Mỹ Hào năm 2012",""
66,"H31.05.02.H31.09.2012.484",ĐÃ TỒN TẠI (3 HS),3,"CÙNG TIÊU ĐỀ","Có 3 hồ sơ trùng hoàn toàn cả Tên, Ký hiệu và Năm","H31.05.02.H31.09.2012.484","H31.09.2012.004409","Hồ sơ chứng nhận quyền sở hữu nhà ở, tài sản gắn liền với đất dự án: Cty TNHH vật liệu điện Việt Linh huyện Mỹ Hào năm 2012",2012,1,"http://ktdl.soxaydung.hungyen.gov.vn/systems/filesviewdetail/iid/4409/index.aspx?am=0,1,2&rf=639253283337209003","[HS 1] Ký hiệu: H31.05.02.H31.09.2012.484 | Mã HT: H31.09.2012.004409 | Năm: 2012 (THBQ: 1) | Tiêu đề: Hồ sơ chứng nhận quyền sở hữu nhà ở, tài sản gắn liền với đất dự án: Cty TNHH vật liệu điện Việt Linh huyện Mỹ Hào năm 2012 ; [HS 2] Ký hiệu: H31.05.02.H31.09.2012.484 | Mã HT: H31.09.2012.007388 | Năm: 2012 (THBQ: 1) | Tiêu đề: Hồ sơ chứng nhận quyền sở hữu nhà ở, tài sản gắn liền với đất dự án: Cty TNHH vật liệu điện Việt Linh huyện Mỹ Hào năm 2012 ; [HS 3] Ký hiệu: H31.05.02.H31.09.2012.484 | Mã HT: H31.09.2012.046026 | Năm: 2012 (THBQ: 1) | Tiêu đề: Hồ sơ chứng nhận quyền sở hữu nhà ở, tài sản gắn liền với đất dự án: Cty TNHH vật liệu điện Việt Linh huyện Mỹ Hào năm 2012",""
67,"H31.05.02.H31.09.2012.483",ĐÃ TỒN TẠI (3 HS),3,"CÙNG TIÊU ĐỀ","Có 3 hồ sơ trùng hoàn toàn cả Tên, Ký hiệu và Năm","H31.05.02.H31.09.2012.483","H31.09.2012.004410","Hồ sơ chứng nhận quyền sở hữu nhà ở, tài sản gắn liền với đất dự án: Nhà kho Công ty An Phát huyện Mỹ Hào năm 2012",2012,1,"http://ktdl.soxaydung.hungyen.gov.vn/systems/filesviewdetail/iid/4410/index.aspx?am=0,1,2&rf=639253283347209508","[HS 1] Ký hiệu: H31.05.02.H31.09.2012.483 | Mã HT: H31.09.2012.004410 | Năm: 2012 (THBQ: 1) | Tiêu đề: Hồ sơ chứng nhận quyền sở hữu nhà ở, tài sản gắn liền với đất dự án: Nhà kho Công ty An Phát huyện Mỹ Hào năm 2012 ; [HS 2] Ký hiệu: H31.05.02.H31.09.2012.483 | Mã HT: H31.09.2012.007389 | Năm: 2012 (THBQ: 1) | Tiêu đề: Hồ sơ chứng nhận quyền sở hữu nhà ở, tài sản gắn liền với đất dự án: Nhà kho Công ty An Phát huyện Mỹ Hào năm 2012 ; [HS 3] Ký hiệu: H31.05.02.H31.09.2012.483 | Mã HT: H31.09.2012.046027 | Năm: 2012 (THBQ: 1) | Tiêu đề: Hồ sơ chứng nhận quyền sở hữu nhà ở, tài sản gắn liền với đất dự án: Nhà kho Công ty An Phát huyện Mỹ Hào năm 2012",""
68,"H31.05.02.H31.09.2012.482",ĐÃ TỒN TẠI (3 HS),3,"CÙNG TIÊU ĐỀ","Có 3 hồ sơ trùng hoàn toàn cả Tên, Ký hiệu và Năm","H31.05.02.H31.09.2012.482","H31.09.2012.004411","Hồ sơ chứng nhận quyền sở hữu nhà ở, tài sản gắn liền với đất dự án: Công ty TNHH Hoàng Khuyên huyện Khoái Châu năm 2012",2012,1,"http://ktdl.soxaydung.hungyen.gov.vn/systems/filesviewdetail/iid/4411/index.aspx?am=0,1,2&rf=639253283357990920","[HS 1] Ký hiệu: H31.05.02.H31.09.2012.482 | Mã HT: H31.09.2012.004411 | Năm: 2012 (THBQ: 1) | Tiêu đề: Hồ sơ chứng nhận quyền sở hữu nhà ở, tài sản gắn liền với đất dự án: Công ty TNHH Hoàng Khuyên huyện Khoái Châu năm 2012 ; [HS 2] Ký hiệu: H31.05.02.H31.09.2012.482 | Mã HT: H31.09.2012.007390 | Năm: 2012 (THBQ: 1) | Tiêu đề: Hồ sơ chứng nhận quyền sở hữu nhà ở, tài sản gắn liền với đất dự án: Công ty TNHH Hoàng Khuyên huyện Khoái Châu năm 2012 ; [HS 3] Ký hiệu: H31.05.02.H31.09.2012.482 | Mã HT: H31.09.2012.046028 | Năm: 2012 (THBQ: 1) | Tiêu đề: Hồ sơ chứng nhận quyền sở hữu nhà ở, tài sản gắn liền với đất dự án: Công ty TNHH Hoàng Khuyên huyện Khoái Châu năm 2012",""
69,"H31.05.02.H31.09.2012.481",ĐÃ TỒN TẠI (3 HS),3,"CÙNG TIÊU ĐỀ","Có 3 hồ sơ trùng hoàn toàn cả Tên, Ký hiệu và Năm","H31.05.02.H31.09.2012.481","H31.09.2012.004412","Hồ sơ chứng nhận quyền sở hữu nhà ở, tài sản gắn liền với đất dự án: Nhà máy sản xuất vật liệu Hà Thành, xã Đại Tập, huyện Khoái Châu năm 2012",2012,1,"http://ktdl.soxaydung.hungyen.gov.vn/systems/filesviewdetail/iid/4412/index.aspx?am=0,1,2&rf=639253283367209562","[HS 1] Ký hiệu: H31.05.02.H31.09.2012.481 | Mã HT: H31.09.2012.004412 | Năm: 2012 (THBQ: 1) | Tiêu đề: Hồ sơ chứng nhận quyền sở hữu nhà ở, tài sản gắn liền với đất dự án: Nhà máy sản xuất vật liệu Hà Thành, xã Đại Tập, huyện Khoái Châu năm 2012 ; [HS 2] Ký hiệu: H31.05.02.H31.09.2012.481 | Mã HT: H31.09.2012.007391 | Năm: 2012 (THBQ: 1) | Tiêu đề: Hồ sơ chứng nhận quyền sở hữu nhà ở, tài sản gắn liền với đất dự án: Nhà máy sản xuất vật liệu Hà Thành, xã Đại Tập, huyện Khoái Châu năm 2012 ; [HS 3] Ký hiệu: H31.05.02.H31.09.2012.481 | Mã HT: H31.09.2012.046029 | Năm: 2012 (THBQ: 1) | Tiêu đề: Hồ sơ chứng nhận quyền sở hữu nhà ở, tài sản gắn liền với đất dự án: Nhà máy sản xuất vật liệu Hà Thành, xã Đại Tập, huyện Khoái Châu năm 2012",""
70,"H31.05.02.H31.09.2012.480",ĐÃ TỒN TẠI (3 HS),3,"CÙNG TIÊU ĐỀ","Có 3 hồ sơ trùng hoàn toàn cả Tên, Ký hiệu và Năm","H31.05.02.H31.09.2012.480","H31.09.2012.004413","Hồ sơ chứng nhận quyền sở hữu nhà ở, tài sản gắn liền với đất dự án: Nhà xưởng Cty CP dinh dưỡng Quốc Tế Đài Loan, huyện Khoái Châu năm 2012",2012,1,"http://ktdl.soxaydung.hungyen.gov.vn/systems/filesviewdetail/iid/4413/index.aspx?am=0,1,2&rf=639253283377366023","[HS 1] Ký hiệu: H31.05.02.H31.09.2012.480 | Mã HT: H31.09.2012.004413 | Năm: 2012 (THBQ: 1) | Tiêu đề: Hồ sơ chứng nhận quyền sở hữu nhà ở, tài sản gắn liền với đất dự án: Nhà xưởng Cty CP dinh dưỡng Quốc Tế Đài Loan, huyện Khoái Châu năm 2012 ; [HS 2] Ký hiệu: H31.05.02.H31.09.2012.480 | Mã HT: H31.09.2012.007392 | Năm: 2012 (THBQ: 1) | Tiêu đề: Hồ sơ chứng nhận quyền sở hữu nhà ở, tài sản gắn liền với đất dự án: Nhà xưởng Cty CP dinh dưỡng Quốc Tế Đài Loan, huyện Khoái Châu năm 2012 ; [HS 3] Ký hiệu: H31.05.02.H31.09.2012.480 | Mã HT: H31.09.2012.046030 | Năm: 2012 (THBQ: 1) | Tiêu đề: Hồ sơ chứng nhận quyền sở hữu nhà ở, tài sản gắn liền với đất dự án: Nhà xưởng Cty CP dinh dưỡng Quốc Tế Đài Loan, huyện Khoái Châu năm 2012",""
71,"H31.05.02.H31.09.2012.479",ĐÃ TỒN TẠI (3 HS),3,"CÙNG TIÊU ĐỀ","Có 3 hồ sơ trùng hoàn toàn cả Tên, Ký hiệu và Năm","H31.05.02.H31.09.2012.479","H31.09.2012.004414","Hồ sơ chứng nhận quyền sở hữu nhà ở, tài sản gắn liền với đất dự án: Cửa hàng xăng dầu Thăng Long Công ty CP ĐT&TM Thăng Long huyện Khoái Châu năm 2012",2012,1,"http://ktdl.soxaydung.hungyen.gov.vn/systems/filesviewdetail/iid/4414/index.aspx?am=0,1,2&rf=639253283387365762","[HS 1] Ký hiệu: H31.05.02.H31.09.2012.479 | Mã HT: H31.09.2012.004414 | Năm: 2012 (THBQ: 1) | Tiêu đề: Hồ sơ chứng nhận quyền sở hữu nhà ở, tài sản gắn liền với đất dự án: Cửa hàng xăng dầu Thăng Long Công ty CP ĐT&TM Thăng Long huyện Khoái Châu năm 2012 ; [HS 2] Ký hiệu: H31.05.02.H31.09.2012.479 | Mã HT: H31.09.2012.007393 | Năm: 2012 (THBQ: 1) | Tiêu đề: Hồ sơ chứng nhận quyền sở hữu nhà ở, tài sản gắn liền với đất dự án: Cửa hàng xăng dầu Thăng Long Công ty CP ĐT&TM Thăng Long huyện Khoái Châu năm 2012 ; [HS 3] Ký hiệu: H31.05.02.H31.09.2012.479 | Mã HT: H31.09.2012.046031 | Năm: 2012 (THBQ: 1) | Tiêu đề: Hồ sơ chứng nhận quyền sở hữu nhà ở, tài sản gắn liền với đất dự án: Cửa hàng xăng dầu Thăng Long Công ty CP ĐT&TM Thăng Long huyện Khoái Châu năm 2012",""
72,"H31.05.02.H31.09.2012.478",ĐÃ TỒN TẠI (3 HS),3,"CÙNG TIÊU ĐỀ","Có 3 hồ sơ trùng hoàn toàn cả Tên, Ký hiệu và Năm","H31.05.02.H31.09.2012.478","H31.09.2012.004415","Hồ sơ chứng nhận quyền sở hữu nhà ở, tài sản gắn liền với đất dự án: Nhà kho cty TNHH 4P xã Vĩnh Khúc, huyện Văn Giang năm 2012",2012,1,"http://ktdl.soxaydung.hungyen.gov.vn/systems/filesviewdetail/iid/4415/index.aspx?am=0,1,2&rf=639253283397209727","[HS 1] Ký hiệu: H31.05.02.H31.09.2012.478 | Mã HT: H31.09.2012.004415 | Năm: 2012 (THBQ: 1) | Tiêu đề: Hồ sơ chứng nhận quyền sở hữu nhà ở, tài sản gắn liền với đất dự án: Nhà kho cty TNHH 4P xã Vĩnh Khúc, huyện Văn Giang năm 2012 ; [HS 2] Ký hiệu: H31.05.02.H31.09.2012.478 | Mã HT: H31.09.2012.007394 | Năm: 2012 (THBQ: 1) | Tiêu đề: Hồ sơ chứng nhận quyền sở hữu nhà ở, tài sản gắn liền với đất dự án: Nhà kho cty TNHH 4P xã Vĩnh Khúc, huyện Văn Giang năm 2012 ; [HS 3] Ký hiệu: H31.05.02.H31.09.2012.478 | Mã HT: H31.09.2012.046032 | Năm: 2012 (THBQ: 1) | Tiêu đề: Hồ sơ chứng nhận quyền sở hữu nhà ở, tài sản gắn liền với đất dự án: Nhà kho cty TNHH 4P xã Vĩnh Khúc, huyện Văn Giang năm 2012",""
73,"H31.05.02.H31.09.2012.477",ĐÃ TỒN TẠI (3 HS),3,"CÙNG TIÊU ĐỀ","Có 3 hồ sơ trùng hoàn toàn cả Tên, Ký hiệu và Năm","H31.05.02.H31.09.2012.477","H31.09.2012.004416","Hồ sơ chứng nhận quyền sở hữu nhà ở, tài sản gắn liền với đất dự án: Cty cổ phần công nghệ cao Traphaco huyện Văn Lâm năm 2012",2012,1,"http://ktdl.soxaydung.hungyen.gov.vn/systems/filesviewdetail/iid/4416/index.aspx?am=0,1,2&rf=639253283407522855","[HS 1] Ký hiệu: H31.05.02.H31.09.2012.477 | Mã HT: H31.09.2012.004416 | Năm: 2012 (THBQ: 1) | Tiêu đề: Hồ sơ chứng nhận quyền sở hữu nhà ở, tài sản gắn liền với đất dự án: Cty cổ phần công nghệ cao Traphaco huyện Văn Lâm năm 2012 ; [HS 2] Ký hiệu: H31.05.02.H31.09.2012.477 | Mã HT: H31.09.2012.007395 | Năm: 2012 (THBQ: 1) | Tiêu đề: Hồ sơ chứng nhận quyền sở hữu nhà ở, tài sản gắn liền với đất dự án: Cty cổ phần công nghệ cao Traphaco huyện Văn Lâm năm 2012 ; [HS 3] Ký hiệu: H31.05.02.H31.09.2012.477 | Mã HT: H31.09.2012.046033 | Năm: 2012 (THBQ: 1) | Tiêu đề: Hồ sơ chứng nhận quyền sở hữu nhà ở, tài sản gắn liền với đất dự án: Cty cổ phần công nghệ cao Traphaco huyện Văn Lâm năm 2012",""
74,"H31.05.02.H31.09.2012.476",ĐÃ TỒN TẠI (3 HS),3,"CÙNG TIÊU ĐỀ","Có 3 hồ sơ trùng hoàn toàn cả Tên, Ký hiệu và Năm","H31.05.02.H31.09.2012.476","H31.09.2012.004417","Hồ sơ chứng nhận quyền sở hữu nhà ở, tài sản gắn liền với đất dự án: Siêu thị Minh Phương mở rộng thị trấn Như Quỳnh, huyện Văn Lâm năm 2012",2012,1,"http://ktdl.soxaydung.hungyen.gov.vn/systems/filesviewdetail/iid/4417/index.aspx?am=0,1,2&rf=639253283417214374","[HS 1] Ký hiệu: H31.05.02.H31.09.2012.476 | Mã HT: H31.09.2012.004417 | Năm: 2012 (THBQ: 1) | Tiêu đề: Hồ sơ chứng nhận quyền sở hữu nhà ở, tài sản gắn liền với đất dự án: Siêu thị Minh Phương mở rộng thị trấn Như Quỳnh, huyện Văn Lâm năm 2012 ; [HS 2] Ký hiệu: H31.05.02.H31.09.2012.476 | Mã HT: H31.09.2012.007396 | Năm: 2012 (THBQ: 1) | Tiêu đề: Hồ sơ chứng nhận quyền sở hữu nhà ở, tài sản gắn liền với đất dự án: Siêu thị Minh Phương mở rộng thị trấn Như Quỳnh, huyện Văn Lâm năm 2012 ; [HS 3] Ký hiệu: H31.05.02.H31.09.2012.476 | Mã HT: H31.09.2012.046034 | Năm: 2012 (THBQ: 1) | Tiêu đề: Hồ sơ chứng nhận quyền sở hữu nhà ở, tài sản gắn liền với đất dự án: Siêu thị Minh Phương mở rộng thị trấn Như Quỳnh, huyện Văn Lâm năm 2012",""
75,"H31.05.02.H31.09.2012.475",ĐÃ TỒN TẠI (3 HS),3,"CÙNG TIÊU ĐỀ","Có 3 hồ sơ trùng hoàn toàn cả Tên, Ký hiệu và Năm","H31.05.02.H31.09.2012.475","H31.09.2012.004418","Hồ sơ chứng nhận quyền sở hữu nhà ở, tài sản gắn liền với đất dự án: Nhà máy sản xuất bao bì PP - và KP cửa hàng xăng dầu - gas Bình Minh thị trấn Như Quỳnh, huyện Văn Lâm năm 2012",2012,1,"http://ktdl.soxaydung.hungyen.gov.vn/systems/filesviewdetail/iid/4418/index.aspx?am=0,1,2&rf=639253283427370921","[HS 1] Ký hiệu: H31.05.02.H31.09.2012.475 | Mã HT: H31.09.2012.004418 | Năm: 2012 (THBQ: 1) | Tiêu đề: Hồ sơ chứng nhận quyền sở hữu nhà ở, tài sản gắn liền với đất dự án: Nhà máy sản xuất bao bì PP - và KP cửa hàng xăng dầu - gas Bình Minh thị trấn Như Quỳnh, huyện Văn Lâm năm 2012 ; [HS 2] Ký hiệu: H31.05.02.H31.09.2012.475 | Mã HT: H31.09.2012.007397 | Năm: 2012 (THBQ: 1) | Tiêu đề: Hồ sơ chứng nhận quyền sở hữu nhà ở, tài sản gắn liền với đất dự án: Nhà máy sản xuất bao bì PP - và KP cửa hàng xăng dầu - gas Bình Minh thị trấn Như Quỳnh, huyện Văn Lâm năm 2012 ; [HS 3] Ký hiệu: H31.05.02.H31.09.2012.475 | Mã HT: H31.09.2012.046035 | Năm: 2012 (THBQ: 1) | Tiêu đề: Hồ sơ chứng nhận quyền sở hữu nhà ở, tài sản gắn liền với đất dự án: Nhà máy sản xuất bao bì PP - và KP cửa hàng xăng dầu - gas Bình Minh thị trấn Như Quỳnh, huyện Văn Lâm năm 2012",""
76,"H31.05.02.H31.09.2012.474",ĐÃ TỒN TẠI (3 HS),3,"CÙNG TIÊU ĐỀ","Có 3 hồ sơ trùng hoàn toàn cả Tên, Ký hiệu và Năm","H31.05.02.H31.09.2012.474","H31.09.2012.004419","Hồ sơ chứng nhận quyền sở hữu nhà ở, tài sản gắn liền với đất dự án: Nhà máy sản xuất bao bì PP - và KP cửa hàng xăng dầu - gas Bình Minh Thị trấn Như Quỳnh, huyện Văn Lâm năm 2009. Tập 2: Hồ sơ quyết toán xây dựng Công trình Nhà kho nguyên liệu, nhà kho",2012,1,"http://ktdl.soxaydung.hungyen.gov.vn/systems/filesviewdetail/iid/4419/index.aspx?am=0,1,2&rf=639253283437058747","[HS 1] Ký hiệu: H31.05.02.H31.09.2012.474 | Mã HT: H31.09.2012.004419 | Năm: 2012 (THBQ: 1) | Tiêu đề: Hồ sơ chứng nhận quyền sở hữu nhà ở, tài sản gắn liền với đất dự án: Nhà máy sản xuất bao bì PP - và KP cửa hàng xăng dầu - gas Bình Minh Thị trấn Như Quỳnh, huyện Văn Lâm năm 2009. Tập 2: Hồ sơ quyết toán xây dựng Công trình Nhà kho nguyên liệu, nhà kho ; [HS 2] Ký hiệu: H31.05.02.H31.09.2012.474 | Mã HT: H31.09.2012.007398 | Năm: 2012 (THBQ: 1) | Tiêu đề: Hồ sơ chứng nhận quyền sở hữu nhà ở, tài sản gắn liền với đất dự án: Nhà máy sản xuất bao bì PP - và KP cửa hàng xăng dầu - gas Bình Minh Thị trấn Như Quỳnh, huyện Văn Lâm năm 2009. Tập 2: Hồ sơ quyết toán xây dựng Công trình Nhà kho nguyên liệu, nhà kho ; [HS 3] Ký hiệu: H31.05.02.H31.09.2012.474 | Mã HT: H31.09.2012.046036 | Năm: 2012 (THBQ: 1) | Tiêu đề: Hồ sơ chứng nhận quyền sở hữu nhà ở, tài sản gắn liền với đất dự án: Nhà máy sản xuất bao bì PP - và KP cửa hàng xăng dầu - gas Bình Minh Thị trấn Như Quỳnh, huyện Văn Lâm năm 2009. Tập 2: Hồ sơ quyết toán xây dựng Công trình Nhà kho nguyên liệu, nhà kho",""
77,"H31.05.02.H31.09.2012.473",ĐÃ TỒN TẠI (3 HS),3,"CÙNG TIÊU ĐỀ","Có 3 hồ sơ trùng hoàn toàn cả Tên, Ký hiệu và Năm","H31.05.02.H31.09.2012.473","H31.09.2012.004420","Hồ sơ chứng nhận quyền sở hữu nhà ở, tài sản gắn liền với đất dự án: Nhà máy sản xuất bao bì PP - và KP cửa hàng xăng dầu - gas Bình Minh Thị trấn Như Quỳnh, huyện Văn Lâm năm 2010. Tập 1: Hồ sơ quyết toán xây dựng Công trình nhà xưởng sản xuất số 1, 2",2012,1,"http://ktdl.soxaydung.hungyen.gov.vn/systems/filesviewdetail/iid/4420/index.aspx?am=0,1,2&rf=639253283447371280","[HS 1] Ký hiệu: H31.05.02.H31.09.2012.473 | Mã HT: H31.09.2012.004420 | Năm: 2012 (THBQ: 1) | Tiêu đề: Hồ sơ chứng nhận quyền sở hữu nhà ở, tài sản gắn liền với đất dự án: Nhà máy sản xuất bao bì PP - và KP cửa hàng xăng dầu - gas Bình Minh Thị trấn Như Quỳnh, huyện Văn Lâm năm 2010. Tập 1: Hồ sơ quyết toán xây dựng Công trình nhà xưởng sản xuất số 1, 2 ; [HS 2] Ký hiệu: H31.05.02.H31.09.2012.473 | Mã HT: H31.09.2012.007399 | Năm: 2012 (THBQ: 1) | Tiêu đề: Hồ sơ chứng nhận quyền sở hữu nhà ở, tài sản gắn liền với đất dự án: Nhà máy sản xuất bao bì PP - và KP cửa hàng xăng dầu - gas Bình Minh Thị trấn Như Quỳnh, huyện Văn Lâm năm 2010. Tập 1: Hồ sơ quyết toán xây dựng Công trình nhà xưởng sản xuất số 1, 2 ; [HS 3] Ký hiệu: H31.05.02.H31.09.2012.473 | Mã HT: H31.09.2012.046037 | Năm: 2012 (THBQ: 1) | Tiêu đề: Hồ sơ chứng nhận quyền sở hữu nhà ở, tài sản gắn liền với đất dự án: Nhà máy sản xuất bao bì PP - và KP cửa hàng xăng dầu - gas Bình Minh Thị trấn Như Quỳnh, huyện Văn Lâm năm 2010. Tập 1: Hồ sơ quyết toán xây dựng Công trình nhà xưởng sản xuất số 1, 2",""
78,"H31.05.02.H31.09.2012.472",ĐÃ TỒN TẠI (3 HS),3,"CÙNG TIÊU ĐỀ","Có 3 hồ sơ trùng hoàn toàn cả Tên, Ký hiệu và Năm","H31.05.02.H31.09.2012.472","H31.09.2012.004421","Hồ sơ chứng nhận quyền sở hữu nhà ở, tài sản gắn liền với đất dự án: Nhà máy sản xuất bao bì xã Trung Trắc, huyện Văn Lâm năm 2012",2012,1,"http://ktdl.soxaydung.hungyen.gov.vn/systems/filesviewdetail/iid/4421/index.aspx?am=0,1,2&rf=639253283457215355","[HS 1] Ký hiệu: H31.05.02.H31.09.2012.472 | Mã HT: H31.09.2012.004421 | Năm: 2012 (THBQ: 1) | Tiêu đề: Hồ sơ chứng nhận quyền sở hữu nhà ở, tài sản gắn liền với đất dự án: Nhà máy sản xuất bao bì xã Trung Trắc, huyện Văn Lâm năm 2012 ; [HS 2] Ký hiệu: H31.05.02.H31.09.2012.472 | Mã HT: H31.09.2012.007400 | Năm: 2012 (THBQ: 1) | Tiêu đề: Hồ sơ chứng nhận quyền sở hữu nhà ở, tài sản gắn liền với đất dự án: Nhà máy sản xuất bao bì xã Trung Trắc, huyện Văn Lâm năm 2012 ; [HS 3] Ký hiệu: H31.05.02.H31.09.2012.472 | Mã HT: H31.09.2012.046038 | Năm: 2012 (THBQ: 1) | Tiêu đề: Hồ sơ chứng nhận quyền sở hữu nhà ở, tài sản gắn liền với đất dự án: Nhà máy sản xuất bao bì xã Trung Trắc, huyện Văn Lâm năm 2012",""
79,"H31.05.02.H31.09.2012.471",ĐÃ TỒN TẠI (3 HS),3,"CÙNG TIÊU ĐỀ","Có 3 hồ sơ trùng hoàn toàn cả Tên, Ký hiệu và Năm","H31.05.02.H31.09.2012.471","H31.09.2012.004422","Hồ sơ chứng nhận quyền sở hữu nhà ở, tài sản gắn liền với đất dự án: Nhà xưởng Cty CP đầu tư và phát triển công nghệ Việt Nam xã Tân Quang, huyện Văn Lâm năm 2012",2012,1,"http://ktdl.soxaydung.hungyen.gov.vn/systems/filesviewdetail/iid/4422/index.aspx?am=0,1,2&rf=639253283467528392","[HS 1] Ký hiệu: H31.05.02.H31.09.2012.471 | Mã HT: H31.09.2012.004422 | Năm: 2012 (THBQ: 1) | Tiêu đề: Hồ sơ chứng nhận quyền sở hữu nhà ở, tài sản gắn liền với đất dự án: Nhà xưởng Cty CP đầu tư và phát triển công nghệ Việt Nam xã Tân Quang, huyện Văn Lâm năm 2012 ; [HS 2] Ký hiệu: H31.05.02.H31.09.2012.471 | Mã HT: H31.09.2012.007401 | Năm: 2012 (THBQ: 1) | Tiêu đề: Hồ sơ chứng nhận quyền sở hữu nhà ở, tài sản gắn liền với đất dự án: Nhà xưởng Cty CP đầu tư và phát triển công nghệ Việt Nam xã Tân Quang, huyện Văn Lâm năm 2012 ; [HS 3] Ký hiệu: H31.05.02.H31.09.2012.471 | Mã HT: H31.09.2012.046039 | Năm: 2012 (THBQ: 1) | Tiêu đề: Hồ sơ chứng nhận quyền sở hữu nhà ở, tài sản gắn liền với đất dự án: Nhà xưởng Cty CP đầu tư và phát triển công nghệ Việt Nam xã Tân Quang, huyện Văn Lâm năm 2012",""
80,"H31.05.02.H31.09.2012.470",ĐÃ TỒN TẠI (3 HS),3,"CÙNG TIÊU ĐỀ","Có 3 hồ sơ trùng hoàn toàn cả Tên, Ký hiệu và Năm","H31.05.02.H31.09.2012.470","H31.09.2012.004423","Hồ sơ chứng nhận quyền sở hữu nhà ở, tài sản gắn liền với đất dự án: Cửa hàng bán và giới thiệu sản phẩm - Nhà kho xã Trưng Trắc, huyện Văn Lâm năm 2012",2012,1,"http://ktdl.soxaydung.hungyen.gov.vn/systems/filesviewdetail/iid/4423/index.aspx?am=0,1,2&rf=639253283477371967","[HS 1] Ký hiệu: H31.05.02.H31.09.2012.470 | Mã HT: H31.09.2012.004423 | Năm: 2012 (THBQ: 1) | Tiêu đề: Hồ sơ chứng nhận quyền sở hữu nhà ở, tài sản gắn liền với đất dự án: Cửa hàng bán và giới thiệu sản phẩm - Nhà kho xã Trưng Trắc, huyện Văn Lâm năm 2012 ; [HS 2] Ký hiệu: H31.05.02.H31.09.2012.470 | Mã HT: H31.09.2012.007402 | Năm: 2012 (THBQ: 1) | Tiêu đề: Hồ sơ chứng nhận quyền sở hữu nhà ở, tài sản gắn liền với đất dự án: Cửa hàng bán và giới thiệu sản phẩm - Nhà kho xã Trưng Trắc, huyện Văn Lâm năm 2012 ; [HS 3] Ký hiệu: H31.05.02.H31.09.2012.470 | Mã HT: H31.09.2012.046040 | Năm: 2012 (THBQ: 1) | Tiêu đề: Hồ sơ chứng nhận quyền sở hữu nhà ở, tài sản gắn liền với đất dự án: Cửa hàng bán và giới thiệu sản phẩm - Nhà kho xã Trưng Trắc, huyện Văn Lâm năm 2012",""
81,"H31.05.02.H31.09.2012.469",ĐÃ TỒN TẠI (3 HS),3,"CÙNG TIÊU ĐỀ","Có 3 hồ sơ trùng hoàn toàn cả Tên, Ký hiệu và Năm","H31.05.02.H31.09.2012.469","H31.09.2012.004424","Hồ sơ chứng nhận quyền sở hữu nhà ở, tài sản gắn liền với đất dự án: Công ty TNHH liên kết đầu tư Livabin xã Trưng Trắc, huyện Văn Lâm năm 2012. Tập 2: Hồ sơ hoàn công, các văn bản pháp lý",2012,1,"http://ktdl.soxaydung.hungyen.gov.vn/systems/filesviewdetail/iid/4424/index.aspx?am=0,1,2&rf=639253283487215805","[HS 1] Ký hiệu: H31.05.02.H31.09.2012.469 | Mã HT: H31.09.2012.004424 | Năm: 2012 (THBQ: 1) | Tiêu đề: Hồ sơ chứng nhận quyền sở hữu nhà ở, tài sản gắn liền với đất dự án: Công ty TNHH liên kết đầu tư Livabin xã Trưng Trắc, huyện Văn Lâm năm 2012. Tập 2: Hồ sơ hoàn công, các văn bản pháp lý ; [HS 2] Ký hiệu: H31.05.02.H31.09.2012.469 | Mã HT: H31.09.2012.007403 | Năm: 2012 (THBQ: 1) | Tiêu đề: Hồ sơ chứng nhận quyền sở hữu nhà ở, tài sản gắn liền với đất dự án: Công ty TNHH liên kết đầu tư Livabin xã Trưng Trắc, huyện Văn Lâm năm 2012. Tập 2: Hồ sơ hoàn công, các văn bản pháp lý ; [HS 3] Ký hiệu: H31.05.02.H31.09.2012.469 | Mã HT: H31.09.2012.046041 | Năm: 2012 (THBQ: 1) | Tiêu đề: Hồ sơ chứng nhận quyền sở hữu nhà ở, tài sản gắn liền với đất dự án: Công ty TNHH liên kết đầu tư Livabin xã Trưng Trắc, huyện Văn Lâm năm 2012. Tập 2: Hồ sơ hoàn công, các văn bản pháp lý",""
82,"H31.05.02.H31.09.2012.468",ĐÃ TỒN TẠI (3 HS),3,"CÙNG TIÊU ĐỀ","Có 3 hồ sơ trùng hoàn toàn cả Tên, Ký hiệu và Năm","H31.05.02.H31.09.2012.468","H31.09.2012.004425","Hồ sơ chứng nhận quyền sở hữu nhà ở, tài sản gắn liền với đất dự án: Công ty TNHH liên kết đầu tư Livabin xã Trưng Trắc, huyện Văn Lâm năm 2012",2012,1,"http://ktdl.soxaydung.hungyen.gov.vn/systems/filesviewdetail/iid/4425/index.aspx?am=0,1,2&rf=639253283497372294","[HS 1] Ký hiệu: H31.05.02.H31.09.2012.468 | Mã HT: H31.09.2012.004425 | Năm: 2012 (THBQ: 1) | Tiêu đề: Hồ sơ chứng nhận quyền sở hữu nhà ở, tài sản gắn liền với đất dự án: Công ty TNHH liên kết đầu tư Livabin xã Trưng Trắc, huyện Văn Lâm năm 2012 ; [HS 2] Ký hiệu: H31.05.02.H31.09.2012.468 | Mã HT: H31.09.2012.007404 | Năm: 2012 (THBQ: 1) | Tiêu đề: Hồ sơ chứng nhận quyền sở hữu nhà ở, tài sản gắn liền với đất dự án: Công ty TNHH liên kết đầu tư Livabin xã Trưng Trắc, huyện Văn Lâm năm 2012 ; [HS 3] Ký hiệu: H31.05.02.H31.09.2012.468 | Mã HT: H31.09.2012.046042 | Năm: 2012 (THBQ: 1) | Tiêu đề: Hồ sơ chứng nhận quyền sở hữu nhà ở, tài sản gắn liền với đất dự án: Công ty TNHH liên kết đầu tư Livabin xã Trưng Trắc, huyện Văn Lâm năm 2012",""
83,"H31.05.02.H31.09.2012.467",ĐÃ TỒN TẠI (3 HS),3,"CÙNG TIÊU ĐỀ","Có 3 hồ sơ trùng hoàn toàn cả Tên, Ký hiệu và Năm","H31.05.02.H31.09.2012.467","H31.09.2012.004426","Hồ sơ chứng nhận quyền sở hữu nhà ở, tài sản gắn liền với đất dự án: Nhà kho Siêu thị Minh Phương xã Đình Du, huyện Văn Lâm năm 2012",2012,1,"http://ktdl.soxaydung.hungyen.gov.vn/systems/filesviewdetail/iid/4426/index.aspx?am=0,1,2&rf=639253283507373245","[HS 1] Ký hiệu: H31.05.02.H31.09.2012.467 | Mã HT: H31.09.2012.004426 | Năm: 2012 (THBQ: 1) | Tiêu đề: Hồ sơ chứng nhận quyền sở hữu nhà ở, tài sản gắn liền với đất dự án: Nhà kho Siêu thị Minh Phương xã Đình Du, huyện Văn Lâm năm 2012 ; [HS 2] Ký hiệu: H31.05.02.H31.09.2012.467 | Mã HT: H31.09.2012.007405 | Năm: 2012 (THBQ: 1) | Tiêu đề: Hồ sơ chứng nhận quyền sở hữu nhà ở, tài sản gắn liền với đất dự án: Nhà kho Siêu thị Minh Phương xã Đình Du, huyện Văn Lâm năm 2012 ; [HS 3] Ký hiệu: H31.05.02.H31.09.2012.467 | Mã HT: H31.09.2012.046043 | Năm: 2012 (THBQ: 1) | Tiêu đề: Hồ sơ chứng nhận quyền sở hữu nhà ở, tài sản gắn liền với đất dự án: Nhà kho Siêu thị Minh Phương xã Đình Du, huyện Văn Lâm năm 2012",""
84,"H31.05.02.H31.09.2012.466",ĐÃ TỒN TẠI (3 HS),3,"CÙNG TIÊU ĐỀ","Có 3 hồ sơ trùng hoàn toàn cả Tên, Ký hiệu và Năm","H31.05.02.H31.09.2012.466","H31.09.2012.004427","Hồ sơ chứng nhận quyền sở hữu nhà ở, tài sản gắn liền với đất dự án: Nhà máy sản xuất thuốc thú y - GMP xã Trưng Trắc, huyện Văn Lâm năm 2012",2012,1,"http://ktdl.soxaydung.hungyen.gov.vn/systems/filesviewdetail/iid/4427/index.aspx?am=0,1,2&rf=639253283517216557","[HS 1] Ký hiệu: H31.05.02.H31.09.2012.466 | Mã HT: H31.09.2012.004427 | Năm: 2012 (THBQ: 1) | Tiêu đề: Hồ sơ chứng nhận quyền sở hữu nhà ở, tài sản gắn liền với đất dự án: Nhà máy sản xuất thuốc thú y - GMP xã Trưng Trắc, huyện Văn Lâm năm 2012 ; [HS 2] Ký hiệu: H31.05.02.H31.09.2012.466 | Mã HT: H31.09.2012.007406 | Năm: 2012 (THBQ: 1) | Tiêu đề: Hồ sơ chứng nhận quyền sở hữu nhà ở, tài sản gắn liền với đất dự án: Nhà máy sản xuất thuốc thú y - GMP xã Trưng Trắc, huyện Văn Lâm năm 2012 ; [HS 3] Ký hiệu: H31.05.02.H31.09.2012.466 | Mã HT: H31.09.2012.046044 | Năm: 2012 (THBQ: 1) | Tiêu đề: Hồ sơ chứng nhận quyền sở hữu nhà ở, tài sản gắn liền với đất dự án: Nhà máy sản xuất thuốc thú y - GMP xã Trưng Trắc, huyện Văn Lâm năm 2012",""
85,"H31.05.02.H31.09.2012.465",ĐÃ TỒN TẠI (3 HS),3,"CÙNG TIÊU ĐỀ","Có 3 hồ sơ trùng hoàn toàn cả Tên, Ký hiệu và Năm","H31.05.02.H31.09.2012.465","H31.09.2012.004428","Hồ sơ chứng nhận quyền sở hữu nhà ở, tài sản gắn liền với đất dự án: Nhà xưởng Cty CP Đức Minh huyện Văn Lâm năm 2012",2012,1,"http://ktdl.soxaydung.hungyen.gov.vn/systems/filesviewdetail/iid/4428/index.aspx?am=0,1,2&rf=639253283527529324","[HS 1] Ký hiệu: H31.05.02.H31.09.2012.465 | Mã HT: H31.09.2012.004428 | Năm: 2012 (THBQ: 1) | Tiêu đề: Hồ sơ chứng nhận quyền sở hữu nhà ở, tài sản gắn liền với đất dự án: Nhà xưởng Cty CP Đức Minh huyện Văn Lâm năm 2012 ; [HS 2] Ký hiệu: H31.05.02.H31.09.2012.465 | Mã HT: H31.09.2012.007407 | Năm: 2012 (THBQ: 1) | Tiêu đề: Hồ sơ chứng nhận quyền sở hữu nhà ở, tài sản gắn liền với đất dự án: Nhà xưởng Cty CP Đức Minh huyện Văn Lâm năm 2012 ; [HS 3] Ký hiệu: H31.05.02.H31.09.2012.465 | Mã HT: H31.09.2012.046045 | Năm: 2012 (THBQ: 1) | Tiêu đề: Hồ sơ chứng nhận quyền sở hữu nhà ở, tài sản gắn liền với đất dự án: Nhà xưởng Cty CP Đức Minh huyện Văn Lâm năm 2012",""
86,"H31.05.02.H31.09.2012.464",ĐÃ TỒN TẠI (3 HS),3,"CÙNG TIÊU ĐỀ","Có 3 hồ sơ trùng hoàn toàn cả Tên, Ký hiệu và Năm","H31.05.02.H31.09.2012.464","H31.09.2012.004429","Hồ sơ chứng nhận quyền sở hữu nhà ở, tài sản gắn liền với đất dự án: Khu kinh doanh dịch vụ thương mại ô tô, xe máy, hàng cơ khí điện tử, dịch vụ ăn uống xã Đình Du, xã Trung Trắc, huyện Văn Lâm năm 2012",2012,1,"http://ktdl.soxaydung.hungyen.gov.vn/systems/filesviewdetail/iid/4429/index.aspx?am=0,1,2&rf=639253283537373832","[HS 1] Ký hiệu: H31.05.02.H31.09.2012.464 | Mã HT: H31.09.2012.004429 | Năm: 2012 (THBQ: 1) | Tiêu đề: Hồ sơ chứng nhận quyền sở hữu nhà ở, tài sản gắn liền với đất dự án: Khu kinh doanh dịch vụ thương mại ô tô, xe máy, hàng cơ khí điện tử, dịch vụ ăn uống xã Đình Du, xã Trung Trắc, huyện Văn Lâm năm 2012 ; [HS 2] Ký hiệu: H31.05.02.H31.09.2012.464 | Mã HT: H31.09.2012.007408 | Năm: 2012 (THBQ: 1) | Tiêu đề: Hồ sơ chứng nhận quyền sở hữu nhà ở, tài sản gắn liền với đất dự án: Khu kinh doanh dịch vụ thương mại ô tô, xe máy, hàng cơ khí điện tử, dịch vụ ăn uống xã Đình Du, xã Trung Trắc, huyện Văn Lâm năm 2012 ; [HS 3] Ký hiệu: H31.05.02.H31.09.2012.464 | Mã HT: H31.09.2012.046046 | Năm: 2012 (THBQ: 1) | Tiêu đề: Hồ sơ chứng nhận quyền sở hữu nhà ở, tài sản gắn liền với đất dự án: Khu kinh doanh dịch vụ thương mại ô tô, xe máy, hàng cơ khí điện tử, dịch vụ ăn uống xã Đình Du, xã Trung Trắc, huyện Văn Lâm năm 2012",""
87,"H31.05.02.H31.09.2011.463",ĐÃ TỒN TẠI (3 HS),3,"CÙNG TIÊU ĐỀ","Có 3 hồ sơ trùng hoàn toàn cả Tên, Ký hiệu và Năm","H31.05.02.H31.09.2011.463","H31.09.2011.004430","Hồ sơ chứng nhận quyền sở hữu nhà ở, tài sản gắn liền với đất dự án: Nhà xưởng cty CP nhựa Tiến Đạt huyện Văn Lâm năm 2012",2011,1,"http://ktdl.soxaydung.hungyen.gov.vn/systems/filesviewdetail/iid/4430/index.aspx?am=0,1,2&rf=639253283547217041","[HS 1] Ký hiệu: H31.05.02.H31.09.2011.463 | Mã HT: H31.09.2011.004430 | Năm: 2011 (THBQ: 1) | Tiêu đề: Hồ sơ chứng nhận quyền sở hữu nhà ở, tài sản gắn liền với đất dự án: Nhà xưởng cty CP nhựa Tiến Đạt huyện Văn Lâm năm 2012 ; [HS 2] Ký hiệu: H31.05.02.H31.09.2011.463 | Mã HT: H31.09.2011.007409 | Năm: 2011 (THBQ: 1) | Tiêu đề: Hồ sơ chứng nhận quyền sở hữu nhà ở, tài sản gắn liền với đất dự án: Nhà xưởng cty CP nhựa Tiến Đạt huyện Văn Lâm năm 2012 ; [HS 3] Ký hiệu: H31.05.02.H31.09.2011.463 | Mã HT: H31.09.2011.046047 | Năm: 2011 (THBQ: 1) | Tiêu đề: Hồ sơ chứng nhận quyền sở hữu nhà ở, tài sản gắn liền với đất dự án: Nhà xưởng cty CP nhựa Tiến Đạt huyện Văn Lâm năm 2012",""
88,"H31.05.02.H31.09.2011.462",ĐÃ TỒN TẠI (3 HS),3,"CÙNG TIÊU ĐỀ","Có 3 hồ sơ trùng hoàn toàn cả Tên, Ký hiệu và Năm","H31.05.02.H31.09.2011.462","H31.09.2011.004431","Hồ sơ chứng nhận quyền sở hữu nhà ở, tài sản gắn liền với đất dự án: Nhà máy sản xuất các sản phẩm dệt sợi nhựa PP&PE Công ty TNHH Tiến Đức năm 2012. Tập 3: Hoàn công giai đoạn 2, Các văn bản pháp lý.",2011,1,"http://ktdl.soxaydung.hungyen.gov.vn/systems/filesviewdetail/iid/4431/index.aspx?am=0,1,2&rf=639253283557529722","[HS 1] Ký hiệu: H31.05.02.H31.09.2011.462 | Mã HT: H31.09.2011.004431 | Năm: 2011 (THBQ: 1) | Tiêu đề: Hồ sơ chứng nhận quyền sở hữu nhà ở, tài sản gắn liền với đất dự án: Nhà máy sản xuất các sản phẩm dệt sợi nhựa PP&PE Công ty TNHH Tiến Đức năm 2012. Tập 3: Hoàn công giai đoạn 2, Các văn bản pháp lý. ; [HS 2] Ký hiệu: H31.05.02.H31.09.2011.462 | Mã HT: H31.09.2011.007410 | Năm: 2011 (THBQ: 1) | Tiêu đề: Hồ sơ chứng nhận quyền sở hữu nhà ở, tài sản gắn liền với đất dự án: Nhà máy sản xuất các sản phẩm dệt sợi nhựa PP&PE Công ty TNHH Tiến Đức năm 2012. Tập 3: Hoàn công giai đoạn 2, Các văn bản pháp lý. ; [HS 3] Ký hiệu: H31.05.02.H31.09.2011.462 | Mã HT: H31.09.2011.046048 | Năm: 2011 (THBQ: 1) | Tiêu đề: Hồ sơ chứng nhận quyền sở hữu nhà ở, tài sản gắn liền với đất dự án: Nhà máy sản xuất các sản phẩm dệt sợi nhựa PP&PE Công ty TNHH Tiến Đức năm 2012. Tập 3: Hoàn công giai đoạn 2, Các văn bản pháp lý.",""
89,"H31.05.02.H31.09.2011.461",ĐÃ TỒN TẠI (3 HS),3,"CÙNG TIÊU ĐỀ","Có 3 hồ sơ trùng hoàn toàn cả Tên, Ký hiệu và Năm","H31.05.02.H31.09.2011.461","H31.09.2011.004432","Hồ sơ chứng nhận quyền sở hữu nhà ở, tài sản gắn liền với đất dự án: Nhà máy sản xuất các sản phẩm dệt sợi nhựa PP&PE công ty TNHH Tiến Đức năm 2007",2011,1,"http://ktdl.soxaydung.hungyen.gov.vn/systems/filesviewdetail/iid/4432/index.aspx?am=0,1,2&rf=639253283567373633","[HS 1] Ký hiệu: H31.05.02.H31.09.2011.461 | Mã HT: H31.09.2011.004432 | Năm: 2011 (THBQ: 1) | Tiêu đề: Hồ sơ chứng nhận quyền sở hữu nhà ở, tài sản gắn liền với đất dự án: Nhà máy sản xuất các sản phẩm dệt sợi nhựa PP&PE công ty TNHH Tiến Đức năm 2007 ; [HS 2] Ký hiệu: H31.05.02.H31.09.2011.461 | Mã HT: H31.09.2011.007411 | Năm: 2011 (THBQ: 1) | Tiêu đề: Hồ sơ chứng nhận quyền sở hữu nhà ở, tài sản gắn liền với đất dự án: Nhà máy sản xuất các sản phẩm dệt sợi nhựa PP&PE công ty TNHH Tiến Đức năm 2007 ; [HS 3] Ký hiệu: H31.05.02.H31.09.2011.461 | Mã HT: H31.09.2011.046049 | Năm: 2011 (THBQ: 1) | Tiêu đề: Hồ sơ chứng nhận quyền sở hữu nhà ở, tài sản gắn liền với đất dự án: Nhà máy sản xuất các sản phẩm dệt sợi nhựa PP&PE công ty TNHH Tiến Đức năm 2007",""
90,"H31.05.02.H31.09.2011.460",ĐÃ TỒN TẠI (3 HS),3,"CÙNG TIÊU ĐỀ","Có 3 hồ sơ trùng hoàn toàn cả Tên, Ký hiệu và Năm","H31.05.02.H31.09.2011.460","H31.09.2011.004433","Hồ sơ chứng nhận quyền sở hữu nhà ở, tài sản gắn liền với đất dự án: Nhà máy sản xuất các sản phẩm dệt sợi nhựa PP & PE Công ty TNHH Tiến Đức năm 2006. Tập 1: Tổng mặt bằng quy hoạch công ty",2011,1,"http://ktdl.soxaydung.hungyen.gov.vn/systems/filesviewdetail/iid/4433/index.aspx?am=0,1,2&rf=639253283577373840","[HS 1] Ký hiệu: H31.05.02.H31.09.2011.460 | Mã HT: H31.09.2011.004433 | Năm: 2011 (THBQ: 1) | Tiêu đề: Hồ sơ chứng nhận quyền sở hữu nhà ở, tài sản gắn liền với đất dự án: Nhà máy sản xuất các sản phẩm dệt sợi nhựa PP & PE Công ty TNHH Tiến Đức năm 2006. Tập 1: Tổng mặt bằng quy hoạch công ty ; [HS 2] Ký hiệu: H31.05.02.H31.09.2011.460 | Mã HT: H31.09.2011.007412 | Năm: 2011 (THBQ: 1) | Tiêu đề: Hồ sơ chứng nhận quyền sở hữu nhà ở, tài sản gắn liền với đất dự án: Nhà máy sản xuất các sản phẩm dệt sợi nhựa PP & PE Công ty TNHH Tiến Đức năm 2006. Tập 1: Tổng mặt bằng quy hoạch công ty ; [HS 3] Ký hiệu: H31.05.02.H31.09.2011.460 | Mã HT: H31.09.2011.046050 | Năm: 2011 (THBQ: 1) | Tiêu đề: Hồ sơ chứng nhận quyền sở hữu nhà ở, tài sản gắn liền với đất dự án: Nhà máy sản xuất các sản phẩm dệt sợi nhựa PP & PE Công ty TNHH Tiến Đức năm 2006. Tập 1: Tổng mặt bằng quy hoạch công ty",""
91,"H31.05.02.H31.09.2011.459",ĐÃ TỒN TẠI (3 HS),3,"CÙNG TIÊU ĐỀ","Có 3 hồ sơ trùng hoàn toàn cả Tên, Ký hiệu và Năm","H31.05.02.H31.09.2011.459","H31.09.2011.004434","Hồ sơ chứng nhận quyền sở hữu nhà ở, tài sản gắn liền với đất dự án: Nhà máy Tính huyện và phân kỳ dầu cọ thô Thị trấn Lương Bằng, huyện Kim Động năm 2011",2011,1,"http://ktdl.soxaydung.hungyen.gov.vn/systems/filesviewdetail/iid/4434/index.aspx?am=0,1,2&rf=639253283587374031","[HS 1] Ký hiệu: H31.05.02.H31.09.2011.459 | Mã HT: H31.09.2011.004434 | Năm: 2011 (THBQ: 1) | Tiêu đề: Hồ sơ chứng nhận quyền sở hữu nhà ở, tài sản gắn liền với đất dự án: Nhà máy Tính huyện và phân kỳ dầu cọ thô Thị trấn Lương Bằng, huyện Kim Động năm 2011 ; [HS 2] Ký hiệu: H31.05.02.H31.09.2011.459 | Mã HT: H31.09.2011.007413 | Năm: 2011 (THBQ: 1) | Tiêu đề: Hồ sơ chứng nhận quyền sở hữu nhà ở, tài sản gắn liền với đất dự án: Nhà máy Tính huyện và phân kỳ dầu cọ thô Thị trấn Lương Bằng, huyện Kim Động năm 2011 ; [HS 3] Ký hiệu: H31.05.02.H31.09.2011.459 | Mã HT: H31.09.2011.046051 | Năm: 2011 (THBQ: 1) | Tiêu đề: Hồ sơ chứng nhận quyền sở hữu nhà ở, tài sản gắn liền với đất dự án: Nhà máy Tính huyện và phân kỳ dầu cọ thô Thị trấn Lương Bằng, huyện Kim Động năm 2011",""
92,"H31.05.02.H31.09.2011.458",ĐÃ TỒN TẠI (3 HS),3,"CÙNG TIÊU ĐỀ","Có 3 hồ sơ trùng hoàn toàn cả Tên, Ký hiệu và Năm","H31.05.02.H31.09.2011.458","H31.09.2011.004435","Hồ sơ thiết kế bản vẽ kỹ thuật, hồ sơ hoàn công công trình Nhà máy sản xuất gạch Tuynel - Cty CPĐT Hồng Ngọc Việt xã Phan Đình Phùng, huyện Mỹ Hào tỉnh Hưng Yên năm 2011",2011,1,"http://ktdl.soxaydung.hungyen.gov.vn/systems/filesviewdetail/iid/4435/index.aspx?am=0,1,2&rf=639253283597061804","[HS 1] Ký hiệu: H31.05.02.H31.09.2011.458 | Mã HT: H31.09.2011.004435 | Năm: 2011 (THBQ: 1) | Tiêu đề: Hồ sơ thiết kế bản vẽ kỹ thuật, hồ sơ hoàn công công trình Nhà máy sản xuất gạch Tuynel - Cty CPĐT Hồng Ngọc Việt xã Phan Đình Phùng, huyện Mỹ Hào tỉnh Hưng Yên năm 2011 ; [HS 2] Ký hiệu: H31.05.02.H31.09.2011.458 | Mã HT: H31.09.2011.007414 | Năm: 2011 (THBQ: 1) | Tiêu đề: Hồ sơ thiết kế bản vẽ kỹ thuật, hồ sơ hoàn công công trình Nhà máy sản xuất gạch Tuynel - Cty CPĐT Hồng Ngọc Việt xã Phan Đình Phùng, huyện Mỹ Hào tỉnh Hưng Yên năm 2011 ; [HS 3] Ký hiệu: H31.05.02.H31.09.2011.458 | Mã HT: H31.09.2011.046052 | Năm: 2011 (THBQ: 1) | Tiêu đề: Hồ sơ thiết kế bản vẽ kỹ thuật, hồ sơ hoàn công công trình Nhà máy sản xuất gạch Tuynel - Cty CPĐT Hồng Ngọc Việt xã Phan Đình Phùng, huyện Mỹ Hào tỉnh Hưng Yên năm 2011",""