STT,Mã kiểm tra,Trạng thái,Số lượng HS tìm thấy,Đánh giá trùng lặp,Tóm tắt đối chiếu,Ký hiệu hồ sơ (HS 1),Mã hệ thống (HS 1),Tiêu đề hồ sơ (HS 1),Năm (HS 1),Thời hạn bảo quản (HS 1),Link chi tiết (HS 1),Nội dung chi tiết tất cả hồ sơ quét được,Ghi chú / Lỗi
1,"H31.05.02.H31.09.2005.281",ĐÃ TỒN TẠI (6 HS),6,"CÙNG TIÊU ĐỀ","Có 6 hồ sơ trùng hoàn toàn cả Tên, Ký hiệu và Năm","H31.05.02.H31.09.2005.281","H31.09.2005.002136","Hồ sơ Tập lưu Quyết định, Kết luận của Sở Xây dựng tỉnh Hưng Yên (từ số 01 - 75)",2005,1,"http://ktdl.soxaydung.hungyen.gov.vn/systems/filesviewdetail/iid/2136/index.aspx?am=0,1,2&rf=639253254470053522","[HS 1] Ký hiệu: H31.05.02.H31.09.2005.281 | Mã HT: H31.09.2005.002136 | Năm: 2005 (THBQ: 1) | Tiêu đề: Hồ sơ Tập lưu Quyết định, Kết luận của Sở Xây dựng tỉnh Hưng Yên (từ số 01 - 75) ; [HS 2] Ký hiệu: H31.05.02.H31.09.2005.281 | Mã HT: H31.09.2005.002237 | Năm: 2005 (THBQ: 1) | Tiêu đề: Hồ sơ Tập lưu Quyết định, Kết luận của Sở Xây dựng tỉnh Hưng Yên (từ số 01 - 75) ; [HS 3] Ký hiệu: H31.05.02.H31.09.2005.281 | Mã HT: H31.09.2005.002414 | Năm: 2005 (THBQ: 1) | Tiêu đề: Hồ sơ Tập lưu Quyết định, Kết luận của Sở Xây dựng tỉnh Hưng Yên (từ số 01 - 75) ; [HS 4] Ký hiệu: H31.05.02.H31.09.2005.281 | Mã HT: H31.09.2005.002591 | Năm: 2005 (THBQ: 1) | Tiêu đề: Hồ sơ Tập lưu Quyết định, Kết luận của Sở Xây dựng tỉnh Hưng Yên (từ số 01 - 75) ; [HS 5] Ký hiệu: H31.05.02.H31.09.2005.281 | Mã HT: H31.09.2005.005570 | Năm: 2005 (THBQ: 1) | Tiêu đề: Hồ sơ Tập lưu Quyết định, Kết luận của Sở Xây dựng tỉnh Hưng Yên (từ số 01 - 75) ; [HS 6] Ký hiệu: H31.05.02.H31.09.2005.281 | Mã HT: H31.09.2005.008549 | Năm: 2005 (THBQ: 1) | Tiêu đề: Hồ sơ Tập lưu Quyết định, Kết luận của Sở Xây dựng tỉnh Hưng Yên (từ số 01 - 75)",""
2,"H31.05.02.H31.09.2005.282",ĐÃ TỒN TẠI (6 HS),6,"CÙNG TIÊU ĐỀ","Có 6 hồ sơ trùng hoàn toàn cả Tên, Ký hiệu và Năm","H31.05.02.H31.09.2005.282","H31.09.2005.002137","Tập lưu Báo cáo của Sở Xây dựng tỉnh Hưng Yên năm 2005 (từ số 01 - 36)",2005,1,"http://ktdl.soxaydung.hungyen.gov.vn/systems/filesviewdetail/iid/2137/index.aspx?am=0,1,2&rf=639253254477709884","[HS 1] Ký hiệu: H31.05.02.H31.09.2005.282 | Mã HT: H31.09.2005.002137 | Năm: 2005 (THBQ: 1) | Tiêu đề: Tập lưu Báo cáo của Sở Xây dựng tỉnh Hưng Yên năm 2005 (từ số 01 - 36) ; [HS 2] Ký hiệu: H31.05.02.H31.09.2005.282 | Mã HT: H31.09.2005.002238 | Năm: 2005 (THBQ: 1) | Tiêu đề: Tập lưu Báo cáo của Sở Xây dựng tỉnh Hưng Yên năm 2005 (từ số 01 - 36) ; [HS 3] Ký hiệu: H31.05.02.H31.09.2005.282 | Mã HT: H31.09.2005.002415 | Năm: 2005 (THBQ: 1) | Tiêu đề: Tập lưu Báo cáo của Sở Xây dựng tỉnh Hưng Yên năm 2005 (từ số 01 - 36) ; [HS 4] Ký hiệu: H31.05.02.H31.09.2005.282 | Mã HT: H31.09.2005.002592 | Năm: 2005 (THBQ: 1) | Tiêu đề: Tập lưu Báo cáo của Sở Xây dựng tỉnh Hưng Yên năm 2005 (từ số 01 - 36) ; [HS 5] Ký hiệu: H31.05.02.H31.09.2005.282 | Mã HT: H31.09.2005.005571 | Năm: 2005 (THBQ: 1) | Tiêu đề: Tập lưu Báo cáo của Sở Xây dựng tỉnh Hưng Yên năm 2005 (từ số 01 - 36) ; [HS 6] Ký hiệu: H31.05.02.H31.09.2005.282 | Mã HT: H31.09.2005.008550 | Năm: 2005 (THBQ: 1) | Tiêu đề: Tập lưu Báo cáo của Sở Xây dựng tỉnh Hưng Yên năm 2005 (từ số 01 - 36)",""
3,"H31.05.02.H31.09.2005.283",ĐÃ TỒN TẠI (6 HS),6,"CÙNG TIÊU ĐỀ","Có 6 hồ sơ trùng hoàn toàn cả Tên, Ký hiệu và Năm","H31.05.02.H31.09.2005.283","H31.09.2005.002138","Tập lưu Báo cáo của Sở Xây dựng tỉnh Hưng Yên năm 2005 (từ số 37 - 61)",2005,1,"http://ktdl.soxaydung.hungyen.gov.vn/systems/filesviewdetail/iid/2138/index.aspx?am=0,1,2&rf=639253254485210016","[HS 1] Ký hiệu: H31.05.02.H31.09.2005.283 | Mã HT: H31.09.2005.002138 | Năm: 2005 (THBQ: 1) | Tiêu đề: Tập lưu Báo cáo của Sở Xây dựng tỉnh Hưng Yên năm 2005 (từ số 37 - 61) ; [HS 2] Ký hiệu: H31.05.02.H31.09.2005.283 | Mã HT: H31.09.2005.002239 | Năm: 2005 (THBQ: 1) | Tiêu đề: Tập lưu Báo cáo của Sở Xây dựng tỉnh Hưng Yên năm 2005 (từ số 37 - 61) ; [HS 3] Ký hiệu: H31.05.02.H31.09.2005.283 | Mã HT: H31.09.2005.002416 | Năm: 2005 (THBQ: 1) | Tiêu đề: Tập lưu Báo cáo của Sở Xây dựng tỉnh Hưng Yên năm 2005 (từ số 37 - 61) ; [HS 4] Ký hiệu: H31.05.02.H31.09.2005.283 | Mã HT: H31.09.2005.002593 | Năm: 2005 (THBQ: 1) | Tiêu đề: Tập lưu Báo cáo của Sở Xây dựng tỉnh Hưng Yên năm 2005 (từ số 37 - 61) ; [HS 5] Ký hiệu: H31.05.02.H31.09.2005.283 | Mã HT: H31.09.2005.005572 | Năm: 2005 (THBQ: 1) | Tiêu đề: Tập lưu Báo cáo của Sở Xây dựng tỉnh Hưng Yên năm 2005 (từ số 37 - 61) ; [HS 6] Ký hiệu: H31.05.02.H31.09.2005.283 | Mã HT: H31.09.2005.008551 | Năm: 2005 (THBQ: 1) | Tiêu đề: Tập lưu Báo cáo của Sở Xây dựng tỉnh Hưng Yên năm 2005 (từ số 37 - 61)",""
4,"H31.05.02.H31.09.2005.284",ĐÃ TỒN TẠI (6 HS),6,"CÙNG TIÊU ĐỀ","Có 6 hồ sơ trùng hoàn toàn cả Tên, Ký hiệu và Năm","H31.05.02.H31.09.2005.284","H31.09.2005.002139","Tập lưu Tờ trình của Sở Xây dựng tỉnh Hưng Yên năm 2005 (từ số 01 - 103)",2005,1,"http://ktdl.soxaydung.hungyen.gov.vn/systems/filesviewdetail/iid/2139/index.aspx?am=0,1,2&rf=639253254492554091","[HS 1] Ký hiệu: H31.05.02.H31.09.2005.284 | Mã HT: H31.09.2005.002139 | Năm: 2005 (THBQ: 1) | Tiêu đề: Tập lưu Tờ trình của Sở Xây dựng tỉnh Hưng Yên năm 2005 (từ số 01 - 103) ; [HS 2] Ký hiệu: H31.05.02.H31.09.2005.284 | Mã HT: H31.09.2005.002240 | Năm: 2005 (THBQ: 1) | Tiêu đề: Tập lưu Tờ trình của Sở Xây dựng tỉnh Hưng Yên năm 2005 (từ số 01 - 103) ; [HS 3] Ký hiệu: H31.05.02.H31.09.2005.284 | Mã HT: H31.09.2005.002417 | Năm: 2005 (THBQ: 1) | Tiêu đề: Tập lưu Tờ trình của Sở Xây dựng tỉnh Hưng Yên năm 2005 (từ số 01 - 103) ; [HS 4] Ký hiệu: H31.05.02.H31.09.2005.284 | Mã HT: H31.09.2005.002594 | Năm: 2005 (THBQ: 1) | Tiêu đề: Tập lưu Tờ trình của Sở Xây dựng tỉnh Hưng Yên năm 2005 (từ số 01 - 103) ; [HS 5] Ký hiệu: H31.05.02.H31.09.2005.284 | Mã HT: H31.09.2005.005573 | Năm: 2005 (THBQ: 1) | Tiêu đề: Tập lưu Tờ trình của Sở Xây dựng tỉnh Hưng Yên năm 2005 (từ số 01 - 103) ; [HS 6] Ký hiệu: H31.05.02.H31.09.2005.284 | Mã HT: H31.09.2005.008552 | Năm: 2005 (THBQ: 1) | Tiêu đề: Tập lưu Tờ trình của Sở Xây dựng tỉnh Hưng Yên năm 2005 (từ số 01 - 103)",""
5,"H31.05.02.H31.09.2005.285",ĐÃ TỒN TẠI (6 HS),6,"CÙNG TIÊU ĐỀ","Có 6 hồ sơ trùng hoàn toàn cả Tên, Ký hiệu và Năm","H31.05.02.H31.09.2005.285","H31.09.2005.002140","Tập lưu Thông báo của Sở Xây dựng tỉnh Hưng Yên năm 2005 (từ số 01 - 103)",2005,1,"http://ktdl.soxaydung.hungyen.gov.vn/systems/filesviewdetail/iid/2140/index.aspx?am=0,1,2&rf=639253254500210771","[HS 1] Ký hiệu: H31.05.02.H31.09.2005.285 | Mã HT: H31.09.2005.002140 | Năm: 2005 (THBQ: 1) | Tiêu đề: Tập lưu Thông báo của Sở Xây dựng tỉnh Hưng Yên năm 2005 (từ số 01 - 103) ; [HS 2] Ký hiệu: H31.05.02.H31.09.2005.285 | Mã HT: H31.09.2005.002241 | Năm: 2005 (THBQ: 1) | Tiêu đề: Tập lưu Thông báo của Sở Xây dựng tỉnh Hưng Yên năm 2005 (từ số 01 - 103) ; [HS 3] Ký hiệu: H31.05.02.H31.09.2005.285 | Mã HT: H31.09.2005.002418 | Năm: 2005 (THBQ: 1) | Tiêu đề: Tập lưu Thông báo của Sở Xây dựng tỉnh Hưng Yên năm 2005 (từ số 01 - 103) ; [HS 4] Ký hiệu: H31.05.02.H31.09.2005.285 | Mã HT: H31.09.2005.002595 | Năm: 2005 (THBQ: 1) | Tiêu đề: Tập lưu Thông báo của Sở Xây dựng tỉnh Hưng Yên năm 2005 (từ số 01 - 103) ; [HS 5] Ký hiệu: H31.05.02.H31.09.2005.285 | Mã HT: H31.09.2005.005574 | Năm: 2005 (THBQ: 1) | Tiêu đề: Tập lưu Thông báo của Sở Xây dựng tỉnh Hưng Yên năm 2005 (từ số 01 - 103) ; [HS 6] Ký hiệu: H31.05.02.H31.09.2005.285 | Mã HT: H31.09.2005.008553 | Năm: 2005 (THBQ: 1) | Tiêu đề: Tập lưu Thông báo của Sở Xây dựng tỉnh Hưng Yên năm 2005 (từ số 01 - 103)",""
6,"H31.05.02.H31.09.2005.286",ĐÃ TỒN TẠI (6 HS),6,"CÙNG TIÊU ĐỀ","Có 6 hồ sơ trùng hoàn toàn cả Tên, Ký hiệu và Năm","H31.05.02.H31.09.2005.286","H31.09.2005.002141","Tập lưu Công văn của Sở Xây dựng tỉnh Hưng Yên năm 2005 (từ số 01 - 155)",2005,1,"http://ktdl.soxaydung.hungyen.gov.vn/systems/filesviewdetail/iid/2141/index.aspx?am=0,1,2&rf=639253254507398442","[HS 1] Ký hiệu: H31.05.02.H31.09.2005.286 | Mã HT: H31.09.2005.002141 | Năm: 2005 (THBQ: 1) | Tiêu đề: Tập lưu Công văn của Sở Xây dựng tỉnh Hưng Yên năm 2005 (từ số 01 - 155) ; [HS 2] Ký hiệu: H31.05.02.H31.09.2005.286 | Mã HT: H31.09.2005.002242 | Năm: 2005 (THBQ: 1) | Tiêu đề: Tập lưu Công văn của Sở Xây dựng tỉnh Hưng Yên năm 2005 (từ số 01 - 155) ; [HS 3] Ký hiệu: H31.05.02.H31.09.2005.286 | Mã HT: H31.09.2005.002419 | Năm: 2005 (THBQ: 1) | Tiêu đề: Tập lưu Công văn của Sở Xây dựng tỉnh Hưng Yên năm 2005 (từ số 01 - 155) ; [HS 4] Ký hiệu: H31.05.02.H31.09.2005.286 | Mã HT: H31.09.2005.002596 | Năm: 2005 (THBQ: 1) | Tiêu đề: Tập lưu Công văn của Sở Xây dựng tỉnh Hưng Yên năm 2005 (từ số 01 - 155) ; [HS 5] Ký hiệu: H31.05.02.H31.09.2005.286 | Mã HT: H31.09.2005.005575 | Năm: 2005 (THBQ: 1) | Tiêu đề: Tập lưu Công văn của Sở Xây dựng tỉnh Hưng Yên năm 2005 (từ số 01 - 155) ; [HS 6] Ký hiệu: H31.05.02.H31.09.2005.286 | Mã HT: H31.09.2005.008554 | Năm: 2005 (THBQ: 1) | Tiêu đề: Tập lưu Công văn của Sở Xây dựng tỉnh Hưng Yên năm 2005 (từ số 01 - 155)",""
7,"H31.05.02.H31.09.2005.287",ĐÃ TỒN TẠI (6 HS),6,"CÙNG TIÊU ĐỀ","Có 6 hồ sơ trùng hoàn toàn cả Tên, Ký hiệu và Năm","H31.05.02.H31.09.2005.287","H31.09.2005.002142","Tập lưu Công văn của Sở Xây dựng tỉnh Hưng Yên năm 2005 (từ số 156 - 259)",2005,1,"http://ktdl.soxaydung.hungyen.gov.vn/systems/filesviewdetail/iid/2142/index.aspx?am=0,1,2&rf=639253254514898143","[HS 1] Ký hiệu: H31.05.02.H31.09.2005.287 | Mã HT: H31.09.2005.002142 | Năm: 2005 (THBQ: 1) | Tiêu đề: Tập lưu Công văn của Sở Xây dựng tỉnh Hưng Yên năm 2005 (từ số 156 - 259) ; [HS 2] Ký hiệu: H31.05.02.H31.09.2005.287 | Mã HT: H31.09.2005.002243 | Năm: 2005 (THBQ: 1) | Tiêu đề: Tập lưu Công văn của Sở Xây dựng tỉnh Hưng Yên năm 2005 (từ số 156 - 259) ; [HS 3] Ký hiệu: H31.05.02.H31.09.2005.287 | Mã HT: H31.09.2005.002420 | Năm: 2005 (THBQ: 1) | Tiêu đề: Tập lưu Công văn của Sở Xây dựng tỉnh Hưng Yên năm 2005 (từ số 156 - 259) ; [HS 4] Ký hiệu: H31.05.02.H31.09.2005.287 | Mã HT: H31.09.2005.002597 | Năm: 2005 (THBQ: 1) | Tiêu đề: Tập lưu Công văn của Sở Xây dựng tỉnh Hưng Yên năm 2005 (từ số 156 - 259) ; [HS 5] Ký hiệu: H31.05.02.H31.09.2005.287 | Mã HT: H31.09.2005.005576 | Năm: 2005 (THBQ: 1) | Tiêu đề: Tập lưu Công văn của Sở Xây dựng tỉnh Hưng Yên năm 2005 (từ số 156 - 259) ; [HS 6] Ký hiệu: H31.05.02.H31.09.2005.287 | Mã HT: H31.09.2005.008555 | Năm: 2005 (THBQ: 1) | Tiêu đề: Tập lưu Công văn của Sở Xây dựng tỉnh Hưng Yên năm 2005 (từ số 156 - 259)",""
8,"H31.05.02.H31.09.2005.288",ĐÃ TỒN TẠI (6 HS),6,"CÙNG TIÊU ĐỀ","Có 6 hồ sơ trùng hoàn toàn cả Tên, Ký hiệu và Năm","H31.05.02.H31.09.2005.288","H31.09.2005.002143","Tập lưu Công văn của Sở Xây dựng tỉnh Hưng Yên năm 2005 (từ số 260-345).",2005,1,"http://ktdl.soxaydung.hungyen.gov.vn/systems/filesviewdetail/iid/2143/index.aspx?am=0,1,2&rf=639253254522399000","[HS 1] Ký hiệu: H31.05.02.H31.09.2005.288 | Mã HT: H31.09.2005.002143 | Năm: 2005 (THBQ: 1) | Tiêu đề: Tập lưu Công văn của Sở Xây dựng tỉnh Hưng Yên năm 2005 (từ số 260-345). ; [HS 2] Ký hiệu: H31.05.02.H31.09.2005.288 | Mã HT: H31.09.2005.002244 | Năm: 2005 (THBQ: 1) | Tiêu đề: Tập lưu Công văn của Sở Xây dựng tỉnh Hưng Yên năm 2005 (từ số 260-345). ; [HS 3] Ký hiệu: H31.05.02.H31.09.2005.288 | Mã HT: H31.09.2005.002421 | Năm: 2005 (THBQ: 1) | Tiêu đề: Tập lưu Công văn của Sở Xây dựng tỉnh Hưng Yên năm 2005 (từ số 260-345). ; [HS 4] Ký hiệu: H31.05.02.H31.09.2005.288 | Mã HT: H31.09.2005.002598 | Năm: 2005 (THBQ: 1) | Tiêu đề: Tập lưu Công văn của Sở Xây dựng tỉnh Hưng Yên năm 2005 (từ số 260-345). ; [HS 5] Ký hiệu: H31.05.02.H31.09.2005.288 | Mã HT: H31.09.2005.005577 | Năm: 2005 (THBQ: 1) | Tiêu đề: Tập lưu Công văn của Sở Xây dựng tỉnh Hưng Yên năm 2005 (từ số 260-345). ; [HS 6] Ký hiệu: H31.05.02.H31.09.2005.288 | Mã HT: H31.09.2005.008556 | Năm: 2005 (THBQ: 1) | Tiêu đề: Tập lưu Công văn của Sở Xây dựng tỉnh Hưng Yên năm 2005 (từ số 260-345).",""
9,"H31.05.02.H31.09.2005.289",ĐÃ TỒN TẠI (6 HS),6,"CÙNG TIÊU ĐỀ","Có 6 hồ sơ trùng hoàn toàn cả Tên, Ký hiệu và Năm","H31.05.02.H31.09.2005.289","H31.09.2005.002144","Tập lưu Hướng dẫn, Biên bản của Sở Xây dựng năm 2005",2005,1,"http://ktdl.soxaydung.hungyen.gov.vn/systems/filesviewdetail/iid/2144/index.aspx?am=0,1,2&rf=639253254530054706","[HS 1] Ký hiệu: H31.05.02.H31.09.2005.289 | Mã HT: H31.09.2005.002144 | Năm: 2005 (THBQ: 1) | Tiêu đề: Tập lưu Hướng dẫn, Biên bản của Sở Xây dựng năm 2005 ; [HS 2] Ký hiệu: H31.05.02.H31.09.2005.289 | Mã HT: H31.09.2005.002245 | Năm: 2005 (THBQ: 1) | Tiêu đề: Tập lưu Hướng dẫn, Biên bản của Sở Xây dựng năm 2005 ; [HS 3] Ký hiệu: H31.05.02.H31.09.2005.289 | Mã HT: H31.09.2005.002422 | Năm: 2005 (THBQ: 1) | Tiêu đề: Tập lưu Hướng dẫn, Biên bản của Sở Xây dựng năm 2005 ; [HS 4] Ký hiệu: H31.05.02.H31.09.2005.289 | Mã HT: H31.09.2005.002599 | Năm: 2005 (THBQ: 1) | Tiêu đề: Tập lưu Hướng dẫn, Biên bản của Sở Xây dựng năm 2005 ; [HS 5] Ký hiệu: H31.05.02.H31.09.2005.289 | Mã HT: H31.09.2005.005578 | Năm: 2005 (THBQ: 1) | Tiêu đề: Tập lưu Hướng dẫn, Biên bản của Sở Xây dựng năm 2005 ; [HS 6] Ký hiệu: H31.05.02.H31.09.2005.289 | Mã HT: H31.09.2005.008557 | Năm: 2005 (THBQ: 1) | Tiêu đề: Tập lưu Hướng dẫn, Biên bản của Sở Xây dựng năm 2005",""
10,"H31.05.02.H31.09.2006.290",ĐÃ TỒN TẠI (6 HS),6,"CÙNG TIÊU ĐỀ","Có 6 hồ sơ trùng hoàn toàn cả Tên, Ký hiệu và Năm","H31.05.02.H31.09.2006.290","H31.09.2006.002145","Tập lưu Quyết định, Kết luận của Sở Xây dựng tỉnh Hưng Yên năm 2006 (từ số 01 - 78)",2006,1,"http://ktdl.soxaydung.hungyen.gov.vn/systems/filesviewdetail/iid/2145/index.aspx?am=0,1,2&rf=639253254537711818","[HS 1] Ký hiệu: H31.05.02.H31.09.2006.290 | Mã HT: H31.09.2006.002145 | Năm: 2006 (THBQ: 1) | Tiêu đề: Tập lưu Quyết định, Kết luận của Sở Xây dựng tỉnh Hưng Yên năm 2006 (từ số 01 - 78) ; [HS 2] Ký hiệu: H31.05.02.H31.09.2006.290 | Mã HT: H31.09.2006.002246 | Năm: 2006 (THBQ: 1) | Tiêu đề: Tập lưu Quyết định, Kết luận của Sở Xây dựng tỉnh Hưng Yên năm 2006 (từ số 01 - 78) ; [HS 3] Ký hiệu: H31.05.02.H31.09.2006.290 | Mã HT: H31.09.2006.002423 | Năm: 2006 (THBQ: 1) | Tiêu đề: Tập lưu Quyết định, Kết luận của Sở Xây dựng tỉnh Hưng Yên năm 2006 (từ số 01 - 78) ; [HS 4] Ký hiệu: H31.05.02.H31.09.2006.290 | Mã HT: H31.09.2006.002600 | Năm: 2006 (THBQ: 1) | Tiêu đề: Tập lưu Quyết định, Kết luận của Sở Xây dựng tỉnh Hưng Yên năm 2006 (từ số 01 - 78) ; [HS 5] Ký hiệu: H31.05.02.H31.09.2006.290 | Mã HT: H31.09.2006.005579 | Năm: 2006 (THBQ: 1) | Tiêu đề: Tập lưu Quyết định, Kết luận của Sở Xây dựng tỉnh Hưng Yên năm 2006 (từ số 01 - 78) ; [HS 6] Ký hiệu: H31.05.02.H31.09.2006.290 | Mã HT: H31.09.2006.008558 | Năm: 2006 (THBQ: 1) | Tiêu đề: Tập lưu Quyết định, Kết luận của Sở Xây dựng tỉnh Hưng Yên năm 2006 (từ số 01 - 78)",""
11,"H31.05.02.H31.09.2006.291",ĐÃ TỒN TẠI (6 HS),6,"CÙNG TIÊU ĐỀ","Có 6 hồ sơ trùng hoàn toàn cả Tên, Ký hiệu và Năm","H31.05.02.H31.09.2006.291","H31.09.2006.002146","Tập lưu Báo cáo của Sở Xây dựng tỉnh Hưng Yên năm 2006 (từ số 01-47)",2006,1,"http://ktdl.soxaydung.hungyen.gov.vn/systems/filesviewdetail/iid/2146/index.aspx?am=0,1,2&rf=639253254545055159","[HS 1] Ký hiệu: H31.05.02.H31.09.2006.291 | Mã HT: H31.09.2006.002146 | Năm: 2006 (THBQ: 1) | Tiêu đề: Tập lưu Báo cáo của Sở Xây dựng tỉnh Hưng Yên năm 2006 (từ số 01-47) ; [HS 2] Ký hiệu: H31.05.02.H31.09.2006.291 | Mã HT: H31.09.2006.002247 | Năm: 2006 (THBQ: 1) | Tiêu đề: Tập lưu Báo cáo của Sở Xây dựng tỉnh Hưng Yên năm 2006 (từ số 01-47) ; [HS 3] Ký hiệu: H31.05.02.H31.09.2006.291 | Mã HT: H31.09.2006.002424 | Năm: 2006 (THBQ: 1) | Tiêu đề: Tập lưu Báo cáo của Sở Xây dựng tỉnh Hưng Yên năm 2006 (từ số 01-47) ; [HS 4] Ký hiệu: H31.05.02.H31.09.2006.291 | Mã HT: H31.09.2006.002601 | Năm: 2006 (THBQ: 1) | Tiêu đề: Tập lưu Báo cáo của Sở Xây dựng tỉnh Hưng Yên năm 2006 (từ số 01-47) ; [HS 5] Ký hiệu: H31.05.02.H31.09.2006.291 | Mã HT: H31.09.2006.005580 | Năm: 2006 (THBQ: 1) | Tiêu đề: Tập lưu Báo cáo của Sở Xây dựng tỉnh Hưng Yên năm 2006 (từ số 01-47) ; [HS 6] Ký hiệu: H31.05.02.H31.09.2006.291 | Mã HT: H31.09.2006.008559 | Năm: 2006 (THBQ: 1) | Tiêu đề: Tập lưu Báo cáo của Sở Xây dựng tỉnh Hưng Yên năm 2006 (từ số 01-47)",""
12,"H31.05.02.H31.09.2006.292",ĐÃ TỒN TẠI (6 HS),6,"CÙNG TIÊU ĐỀ","Có 6 hồ sơ trùng hoàn toàn cả Tên, Ký hiệu và Năm","H31.05.02.H31.09.2006.292","H31.09.2006.002147","Tập lưu Tờ trình của Sở Xây dựng tỉnh Hưng Yên năm 2006 (từ số 01 - 54)",2006,1,"http://ktdl.soxaydung.hungyen.gov.vn/systems/filesviewdetail/iid/2147/index.aspx?am=0,1,2&rf=639253254552399575","[HS 1] Ký hiệu: H31.05.02.H31.09.2006.292 | Mã HT: H31.09.2006.002147 | Năm: 2006 (THBQ: 1) | Tiêu đề: Tập lưu Tờ trình của Sở Xây dựng tỉnh Hưng Yên năm 2006 (từ số 01 - 54) ; [HS 2] Ký hiệu: H31.05.02.H31.09.2006.292 | Mã HT: H31.09.2006.002248 | Năm: 2006 (THBQ: 1) | Tiêu đề: Tập lưu Tờ trình của Sở Xây dựng tỉnh Hưng Yên năm 2006 (từ số 01 - 54) ; [HS 3] Ký hiệu: H31.05.02.H31.09.2006.292 | Mã HT: H31.09.2006.002425 | Năm: 2006 (THBQ: 1) | Tiêu đề: Tập lưu Tờ trình của Sở Xây dựng tỉnh Hưng Yên năm 2006 (từ số 01 - 54) ; [HS 4] Ký hiệu: H31.05.02.H31.09.2006.292 | Mã HT: H31.09.2006.002602 | Năm: 2006 (THBQ: 1) | Tiêu đề: Tập lưu Tờ trình của Sở Xây dựng tỉnh Hưng Yên năm 2006 (từ số 01 - 54) ; [HS 5] Ký hiệu: H31.05.02.H31.09.2006.292 | Mã HT: H31.09.2006.005581 | Năm: 2006 (THBQ: 1) | Tiêu đề: Tập lưu Tờ trình của Sở Xây dựng tỉnh Hưng Yên năm 2006 (từ số 01 - 54) ; [HS 6] Ký hiệu: H31.05.02.H31.09.2006.292 | Mã HT: H31.09.2006.008560 | Năm: 2006 (THBQ: 1) | Tiêu đề: Tập lưu Tờ trình của Sở Xây dựng tỉnh Hưng Yên năm 2006 (từ số 01 - 54)",""
13,"H31.05.02.H31.09.2006.293",ĐÃ TỒN TẠI (6 HS),6,"CÙNG TIÊU ĐỀ","Có 6 hồ sơ trùng hoàn toàn cả Tên, Ký hiệu và Năm","H31.05.02.H31.09.2006.293","H31.09.2006.002148","Tập lưu Tờ trình của Sở Xây dựng tỉnh Hưng Yên năm 2006 (từ số 55 - 88)",2006,1,"http://ktdl.soxaydung.hungyen.gov.vn/systems/filesviewdetail/iid/2148/index.aspx?am=0,1,2&rf=639253254560055741","[HS 1] Ký hiệu: H31.05.02.H31.09.2006.293 | Mã HT: H31.09.2006.002148 | Năm: 2006 (THBQ: 1) | Tiêu đề: Tập lưu Tờ trình của Sở Xây dựng tỉnh Hưng Yên năm 2006 (từ số 55 - 88) ; [HS 2] Ký hiệu: H31.05.02.H31.09.2006.293 | Mã HT: H31.09.2006.002249 | Năm: 2006 (THBQ: 1) | Tiêu đề: Tập lưu Tờ trình của Sở Xây dựng tỉnh Hưng Yên năm 2006 (từ số 55 - 88) ; [HS 3] Ký hiệu: H31.05.02.H31.09.2006.293 | Mã HT: H31.09.2006.002426 | Năm: 2006 (THBQ: 1) | Tiêu đề: Tập lưu Tờ trình của Sở Xây dựng tỉnh Hưng Yên năm 2006 (từ số 55 - 88) ; [HS 4] Ký hiệu: H31.05.02.H31.09.2006.293 | Mã HT: H31.09.2006.002603 | Năm: 2006 (THBQ: 1) | Tiêu đề: Tập lưu Tờ trình của Sở Xây dựng tỉnh Hưng Yên năm 2006 (từ số 55 - 88) ; [HS 5] Ký hiệu: H31.05.02.H31.09.2006.293 | Mã HT: H31.09.2006.005582 | Năm: 2006 (THBQ: 1) | Tiêu đề: Tập lưu Tờ trình của Sở Xây dựng tỉnh Hưng Yên năm 2006 (từ số 55 - 88) ; [HS 6] Ký hiệu: H31.05.02.H31.09.2006.293 | Mã HT: H31.09.2006.008561 | Năm: 2006 (THBQ: 1) | Tiêu đề: Tập lưu Tờ trình của Sở Xây dựng tỉnh Hưng Yên năm 2006 (từ số 55 - 88)",""
14,"H31.05.02.H31.09.2006.294",ĐÃ TỒN TẠI (6 HS),6,"CÙNG TIÊU ĐỀ","Có 6 hồ sơ trùng hoàn toàn cả Tên, Ký hiệu và Năm","H31.05.02.H31.09.2006.294","H31.09.2006.002149","Tập lưu Thông báo của Sở Xây dựng tỉnh Hưng Yên năm 2006 (từ số 01 - 104)",2006,1,"http://ktdl.soxaydung.hungyen.gov.vn/systems/filesviewdetail/iid/2149/index.aspx?am=0,1,2&rf=639253254567555879","[HS 1] Ký hiệu: H31.05.02.H31.09.2006.294 | Mã HT: H31.09.2006.002149 | Năm: 2006 (THBQ: 1) | Tiêu đề: Tập lưu Thông báo của Sở Xây dựng tỉnh Hưng Yên năm 2006 (từ số 01 - 104) ; [HS 2] Ký hiệu: H31.05.02.H31.09.2006.294 | Mã HT: H31.09.2006.002250 | Năm: 2006 (THBQ: 1) | Tiêu đề: Tập lưu Thông báo của Sở Xây dựng tỉnh Hưng Yên năm 2006 (từ số 01 - 104) ; [HS 3] Ký hiệu: H31.05.02.H31.09.2006.294 | Mã HT: H31.09.2006.002427 | Năm: 2006 (THBQ: 1) | Tiêu đề: Tập lưu Thông báo của Sở Xây dựng tỉnh Hưng Yên năm 2006 (từ số 01 - 104) ; [HS 4] Ký hiệu: H31.05.02.H31.09.2006.294 | Mã HT: H31.09.2006.002604 | Năm: 2006 (THBQ: 1) | Tiêu đề: Tập lưu Thông báo của Sở Xây dựng tỉnh Hưng Yên năm 2006 (từ số 01 - 104) ; [HS 5] Ký hiệu: H31.05.02.H31.09.2006.294 | Mã HT: H31.09.2006.005583 | Năm: 2006 (THBQ: 1) | Tiêu đề: Tập lưu Thông báo của Sở Xây dựng tỉnh Hưng Yên năm 2006 (từ số 01 - 104) ; [HS 6] Ký hiệu: H31.05.02.H31.09.2006.294 | Mã HT: H31.09.2006.008562 | Năm: 2006 (THBQ: 1) | Tiêu đề: Tập lưu Thông báo của Sở Xây dựng tỉnh Hưng Yên năm 2006 (từ số 01 - 104)",""
15,"H31.05.02.H31.09.2006.295",ĐÃ TỒN TẠI (6 HS),6,"CÙNG TIÊU ĐỀ","Có 6 hồ sơ trùng hoàn toàn cả Tên, Ký hiệu và Năm","H31.05.02.H31.09.2006.295","H31.09.2006.002150","Tập lưu Thông báo của Sở Xây dựng tỉnh Hưng Yên năm 2006 (từ số 105-166)",2006,1,"http://ktdl.soxaydung.hungyen.gov.vn/systems/filesviewdetail/iid/2150/index.aspx?am=0,1,2&rf=639253254574899351","[HS 1] Ký hiệu: H31.05.02.H31.09.2006.295 | Mã HT: H31.09.2006.002150 | Năm: 2006 (THBQ: 1) | Tiêu đề: Tập lưu Thông báo của Sở Xây dựng tỉnh Hưng Yên năm 2006 (từ số 105-166) ; [HS 2] Ký hiệu: H31.05.02.H31.09.2006.295 | Mã HT: H31.09.2006.002251 | Năm: 2006 (THBQ: 1) | Tiêu đề: Tập lưu Thông báo của Sở Xây dựng tỉnh Hưng Yên năm 2006 (từ số 105-166) ; [HS 3] Ký hiệu: H31.05.02.H31.09.2006.295 | Mã HT: H31.09.2006.002428 | Năm: 2006 (THBQ: 1) | Tiêu đề: Tập lưu Thông báo của Sở Xây dựng tỉnh Hưng Yên năm 2006 (từ số 105-166) ; [HS 4] Ký hiệu: H31.05.02.H31.09.2006.295 | Mã HT: H31.09.2006.002605 | Năm: 2006 (THBQ: 1) | Tiêu đề: Tập lưu Thông báo của Sở Xây dựng tỉnh Hưng Yên năm 2006 (từ số 105-166) ; [HS 5] Ký hiệu: H31.05.02.H31.09.2006.295 | Mã HT: H31.09.2006.005584 | Năm: 2006 (THBQ: 1) | Tiêu đề: Tập lưu Thông báo của Sở Xây dựng tỉnh Hưng Yên năm 2006 (từ số 105-166) ; [HS 6] Ký hiệu: H31.05.02.H31.09.2006.295 | Mã HT: H31.09.2006.008563 | Năm: 2006 (THBQ: 1) | Tiêu đề: Tập lưu Thông báo của Sở Xây dựng tỉnh Hưng Yên năm 2006 (từ số 105-166)",""
16,"H31.05.02.H31.09.2006.296",ĐÃ TỒN TẠI (6 HS),6,"CÙNG TIÊU ĐỀ","Có 6 hồ sơ trùng hoàn toàn cả Tên, Ký hiệu và Năm","H31.05.02.H31.09.2006.296","H31.09.2006.002151","Tập lưu Thông báo của Sở Xây dựng tỉnh Hưng Yên năm 2006 (từ số 167 - 200)",2006,1,"http://ktdl.soxaydung.hungyen.gov.vn/systems/filesviewdetail/iid/2151/index.aspx?am=0,1,2&rf=639253254582243202","[HS 1] Ký hiệu: H31.05.02.H31.09.2006.296 | Mã HT: H31.09.2006.002151 | Năm: 2006 (THBQ: 1) | Tiêu đề: Tập lưu Thông báo của Sở Xây dựng tỉnh Hưng Yên năm 2006 (từ số 167 - 200) ; [HS 2] Ký hiệu: H31.05.02.H31.09.2006.296 | Mã HT: H31.09.2006.002252 | Năm: 2006 (THBQ: 1) | Tiêu đề: Tập lưu Thông báo của Sở Xây dựng tỉnh Hưng Yên năm 2006 (từ số 167 - 200) ; [HS 3] Ký hiệu: H31.05.02.H31.09.2006.296 | Mã HT: H31.09.2006.002429 | Năm: 2006 (THBQ: 1) | Tiêu đề: Tập lưu Thông báo của Sở Xây dựng tỉnh Hưng Yên năm 2006 (từ số 167 - 200) ; [HS 4] Ký hiệu: H31.05.02.H31.09.2006.296 | Mã HT: H31.09.2006.002606 | Năm: 2006 (THBQ: 1) | Tiêu đề: Tập lưu Thông báo của Sở Xây dựng tỉnh Hưng Yên năm 2006 (từ số 167 - 200) ; [HS 5] Ký hiệu: H31.05.02.H31.09.2006.296 | Mã HT: H31.09.2006.005585 | Năm: 2006 (THBQ: 1) | Tiêu đề: Tập lưu Thông báo của Sở Xây dựng tỉnh Hưng Yên năm 2006 (từ số 167 - 200) ; [HS 6] Ký hiệu: H31.05.02.H31.09.2006.296 | Mã HT: H31.09.2006.008564 | Năm: 2006 (THBQ: 1) | Tiêu đề: Tập lưu Thông báo của Sở Xây dựng tỉnh Hưng Yên năm 2006 (từ số 167 - 200)",""
17,"H31.05.02.H31.09.2006.297",ĐÃ TỒN TẠI (6 HS),6,"CÙNG TIÊU ĐỀ","Có 6 hồ sơ trùng hoàn toàn cả Tên, Ký hiệu và Năm","H31.05.02.H31.09.2006.297","H31.09.2006.002152","Tập lưu Công văn của Sở Xây dựng tỉnh Hưng Yên năm 2006 (từ số 01 - 77)",2006,1,"http://ktdl.soxaydung.hungyen.gov.vn/systems/filesviewdetail/iid/2152/index.aspx?am=0,1,2&rf=639253254589587898","[HS 1] Ký hiệu: H31.05.02.H31.09.2006.297 | Mã HT: H31.09.2006.002152 | Năm: 2006 (THBQ: 1) | Tiêu đề: Tập lưu Công văn của Sở Xây dựng tỉnh Hưng Yên năm 2006 (từ số 01 - 77) ; [HS 2] Ký hiệu: H31.05.02.H31.09.2006.297 | Mã HT: H31.09.2006.002253 | Năm: 2006 (THBQ: 1) | Tiêu đề: Tập lưu Công văn của Sở Xây dựng tỉnh Hưng Yên năm 2006 (từ số 01 - 77) ; [HS 3] Ký hiệu: H31.05.02.H31.09.2006.297 | Mã HT: H31.09.2006.002430 | Năm: 2006 (THBQ: 1) | Tiêu đề: Tập lưu Công văn của Sở Xây dựng tỉnh Hưng Yên năm 2006 (từ số 01 - 77) ; [HS 4] Ký hiệu: H31.05.02.H31.09.2006.297 | Mã HT: H31.09.2006.002607 | Năm: 2006 (THBQ: 1) | Tiêu đề: Tập lưu Công văn của Sở Xây dựng tỉnh Hưng Yên năm 2006 (từ số 01 - 77) ; [HS 5] Ký hiệu: H31.05.02.H31.09.2006.297 | Mã HT: H31.09.2006.005586 | Năm: 2006 (THBQ: 1) | Tiêu đề: Tập lưu Công văn của Sở Xây dựng tỉnh Hưng Yên năm 2006 (từ số 01 - 77) ; [HS 6] Ký hiệu: H31.05.02.H31.09.2006.297 | Mã HT: H31.09.2006.008565 | Năm: 2006 (THBQ: 1) | Tiêu đề: Tập lưu Công văn của Sở Xây dựng tỉnh Hưng Yên năm 2006 (từ số 01 - 77)",""
18,"H31.05.02.H31.09.2006.298",ĐÃ TỒN TẠI (6 HS),6,"CÙNG TIÊU ĐỀ","Có 6 hồ sơ trùng hoàn toàn cả Tên, Ký hiệu và Năm","H31.05.02.H31.09.2006.298","H31.09.2006.002153","Tập lưu Công văn của Sở Xây dựng tỉnh Hưng Yên năm 2006 (từ số 78 - 189)",2006,1,"http://ktdl.soxaydung.hungyen.gov.vn/systems/filesviewdetail/iid/2153/index.aspx?am=0,1,2&rf=639253254597087713","[HS 1] Ký hiệu: H31.05.02.H31.09.2006.298 | Mã HT: H31.09.2006.002153 | Năm: 2006 (THBQ: 1) | Tiêu đề: Tập lưu Công văn của Sở Xây dựng tỉnh Hưng Yên năm 2006 (từ số 78 - 189) ; [HS 2] Ký hiệu: H31.05.02.H31.09.2006.298 | Mã HT: H31.09.2006.002254 | Năm: 2006 (THBQ: 1) | Tiêu đề: Tập lưu Công văn của Sở Xây dựng tỉnh Hưng Yên năm 2006 (từ số 78 - 189) ; [HS 3] Ký hiệu: H31.05.02.H31.09.2006.298 | Mã HT: H31.09.2006.002431 | Năm: 2006 (THBQ: 1) | Tiêu đề: Tập lưu Công văn của Sở Xây dựng tỉnh Hưng Yên năm 2006 (từ số 78 - 189) ; [HS 4] Ký hiệu: H31.05.02.H31.09.2006.298 | Mã HT: H31.09.2006.002608 | Năm: 2006 (THBQ: 1) | Tiêu đề: Tập lưu Công văn của Sở Xây dựng tỉnh Hưng Yên năm 2006 (từ số 78 - 189) ; [HS 5] Ký hiệu: H31.05.02.H31.09.2006.298 | Mã HT: H31.09.2006.005587 | Năm: 2006 (THBQ: 1) | Tiêu đề: Tập lưu Công văn của Sở Xây dựng tỉnh Hưng Yên năm 2006 (từ số 78 - 189) ; [HS 6] Ký hiệu: H31.05.02.H31.09.2006.298 | Mã HT: H31.09.2006.008566 | Năm: 2006 (THBQ: 1) | Tiêu đề: Tập lưu Công văn của Sở Xây dựng tỉnh Hưng Yên năm 2006 (từ số 78 - 189)",""
19,"H31.05.02.H31.09.2006.299",ĐÃ TỒN TẠI (6 HS),6,"CÙNG TIÊU ĐỀ","Có 6 hồ sơ trùng hoàn toàn cả Tên, Ký hiệu và Năm","H31.05.02.H31.09.2006.299","H31.09.2006.002154","Tập lưu Công văn của Sở Xây dựng tỉnh Hưng Yên năm 2006 (từ số 190 - 253)",2006,1,"http://ktdl.soxaydung.hungyen.gov.vn/systems/filesviewdetail/iid/2154/index.aspx?am=0,1,2&rf=639253254604431180","[HS 1] Ký hiệu: H31.05.02.H31.09.2006.299 | Mã HT: H31.09.2006.002154 | Năm: 2006 (THBQ: 1) | Tiêu đề: Tập lưu Công văn của Sở Xây dựng tỉnh Hưng Yên năm 2006 (từ số 190 - 253) ; [HS 2] Ký hiệu: H31.05.02.H31.09.2006.299 | Mã HT: H31.09.2006.002255 | Năm: 2006 (THBQ: 1) | Tiêu đề: Tập lưu Công văn của Sở Xây dựng tỉnh Hưng Yên năm 2006 (từ số 190 - 253) ; [HS 3] Ký hiệu: H31.05.02.H31.09.2006.299 | Mã HT: H31.09.2006.002432 | Năm: 2006 (THBQ: 1) | Tiêu đề: Tập lưu Công văn của Sở Xây dựng tỉnh Hưng Yên năm 2006 (từ số 190 - 253) ; [HS 4] Ký hiệu: H31.05.02.H31.09.2006.299 | Mã HT: H31.09.2006.002609 | Năm: 2006 (THBQ: 1) | Tiêu đề: Tập lưu Công văn của Sở Xây dựng tỉnh Hưng Yên năm 2006 (từ số 190 - 253) ; [HS 5] Ký hiệu: H31.05.02.H31.09.2006.299 | Mã HT: H31.09.2006.005588 | Năm: 2006 (THBQ: 1) | Tiêu đề: Tập lưu Công văn của Sở Xây dựng tỉnh Hưng Yên năm 2006 (từ số 190 - 253) ; [HS 6] Ký hiệu: H31.05.02.H31.09.2006.299 | Mã HT: H31.09.2006.008567 | Năm: 2006 (THBQ: 1) | Tiêu đề: Tập lưu Công văn của Sở Xây dựng tỉnh Hưng Yên năm 2006 (từ số 190 - 253)",""
20,"H31.05.02.H31.09.2006.300",ĐÃ TỒN TẠI (6 HS),6,"CÙNG TIÊU ĐỀ","Có 6 hồ sơ trùng Tên hồ sơ (khác: Mã hệ thống, Năm)","H31.05.02.H31.09.2006.300","H31.09.2007.002256","Tập lưu Công văn của Sở Xây dựng tỉnh Hưng Yên năm 2006 (từ số 254 - 373)",2007,1,"http://ktdl.soxaydung.hungyen.gov.vn/systems/filesviewdetail/iid/2256/index.aspx?am=0,1,2&rf=639253254611618823","[HS 1] Ký hiệu: H31.05.02.H31.09.2006.300 | Mã HT: H31.09.2007.002256 | Năm: 2007 (THBQ: 1) | Tiêu đề: Tập lưu Công văn của Sở Xây dựng tỉnh Hưng Yên năm 2006 (từ số 254 - 373) ; [HS 2] Ký hiệu: H31.05.02.H31.09.2006.300 | Mã HT: H31.09.2007.002433 | Năm: 2007 (THBQ: 1) | Tiêu đề: Tập lưu Công văn của Sở Xây dựng tỉnh Hưng Yên năm 2006 (từ số 254 - 373) ; [HS 3] Ký hiệu: H31.05.02.H31.09.2006.300 | Mã HT: H31.09.2006.002610 | Năm: 2006 (THBQ: 1) | Tiêu đề: Tập lưu Công văn của Sở Xây dựng tỉnh Hưng Yên năm 2006 (từ số 254 - 373) ; [HS 4] Ký hiệu: H31.05.02.H31.09.2006.300 | Mã HT: H31.09.2006.005589 | Năm: 2006 (THBQ: 1) | Tiêu đề: Tập lưu Công văn của Sở Xây dựng tỉnh Hưng Yên năm 2006 (từ số 254 - 373) ; [HS 5] Ký hiệu: H31.05.02.H31.09.2006.300 | Mã HT: H31.09.2006.008568 | Năm: 2006 (THBQ: 1) | Tiêu đề: Tập lưu Công văn của Sở Xây dựng tỉnh Hưng Yên năm 2006 (từ số 254 - 373) ; [HS 6] Ký hiệu: H31.05.02.H31.09.2006.300 | Mã HT: H31.09.2006.002155 | Năm: 2006 (THBQ: 1) | Tiêu đề: Tập lưu Công văn của Sở Xây dựng tỉnh Hưng Yên năm 2006 (từ số 254 - 373)",""
21,"H31.05.02.H31.09.2007.301",ĐÃ TỒN TẠI (6 HS),6,"CÙNG TIÊU ĐỀ","Có 6 hồ sơ trùng hoàn toàn cả Tên, Ký hiệu và Năm","H31.05.02.H31.09.2007.301","H31.09.2007.002156","Hồ sơ Tập lưu Quyết định, Kết luận của Sở Xây dựng tỉnh Hưng Yên năm 2007 (từ số 01 - 59)",2007,1,"http://ktdl.soxaydung.hungyen.gov.vn/systems/filesviewdetail/iid/2156/index.aspx?am=0,1,2&rf=639253254618650694","[HS 1] Ký hiệu: H31.05.02.H31.09.2007.301 | Mã HT: H31.09.2007.002156 | Năm: 2007 (THBQ: 1) | Tiêu đề: Hồ sơ Tập lưu Quyết định, Kết luận của Sở Xây dựng tỉnh Hưng Yên năm 2007 (từ số 01 - 59) ; [HS 2] Ký hiệu: H31.05.02.H31.09.2007.301 | Mã HT: H31.09.2007.002257 | Năm: 2007 (THBQ: 1) | Tiêu đề: Hồ sơ Tập lưu Quyết định, Kết luận của Sở Xây dựng tỉnh Hưng Yên năm 2007 (từ số 01 - 59) ; [HS 3] Ký hiệu: H31.05.02.H31.09.2007.301 | Mã HT: H31.09.2007.002434 | Năm: 2007 (THBQ: 1) | Tiêu đề: Hồ sơ Tập lưu Quyết định, Kết luận của Sở Xây dựng tỉnh Hưng Yên năm 2007 (từ số 01 - 59) ; [HS 4] Ký hiệu: H31.05.02.H31.09.2007.301 | Mã HT: H31.09.2007.002611 | Năm: 2007 (THBQ: 1) | Tiêu đề: Hồ sơ Tập lưu Quyết định, Kết luận của Sở Xây dựng tỉnh Hưng Yên năm 2007 (từ số 01 - 59) ; [HS 5] Ký hiệu: H31.05.02.H31.09.2007.301 | Mã HT: H31.09.2007.005590 | Năm: 2007 (THBQ: 1) | Tiêu đề: Hồ sơ Tập lưu Quyết định, Kết luận của Sở Xây dựng tỉnh Hưng Yên năm 2007 (từ số 01 - 59) ; [HS 6] Ký hiệu: H31.05.02.H31.09.2007.301 | Mã HT: H31.09.2007.008569 | Năm: 2007 (THBQ: 1) | Tiêu đề: Hồ sơ Tập lưu Quyết định, Kết luận của Sở Xây dựng tỉnh Hưng Yên năm 2007 (từ số 01 - 59)",""
22,"H31.05.02.H31.09.2007.302",ĐÃ TỒN TẠI (6 HS),6,"CÙNG TIÊU ĐỀ","Có 6 hồ sơ trùng hoàn toàn cả Tên, Ký hiệu và Năm","H31.05.02.H31.09.2007.302","H31.09.2007.002157","Tập lưu báo cáo của Sở Xây dựng tỉnh Hưng Yên năm 2007 (từ số 01 - 61)",2007,1,"http://ktdl.soxaydung.hungyen.gov.vn/systems/filesviewdetail/iid/2157/index.aspx?am=0,1,2&rf=639253254626150820","[HS 1] Ký hiệu: H31.05.02.H31.09.2007.302 | Mã HT: H31.09.2007.002157 | Năm: 2007 (THBQ: 1) | Tiêu đề: Tập lưu báo cáo của Sở Xây dựng tỉnh Hưng Yên năm 2007 (từ số 01 - 61) ; [HS 2] Ký hiệu: H31.05.02.H31.09.2007.302 | Mã HT: H31.09.2007.002258 | Năm: 2007 (THBQ: 1) | Tiêu đề: Tập lưu báo cáo của Sở Xây dựng tỉnh Hưng Yên năm 2007 (từ số 01 - 61) ; [HS 3] Ký hiệu: H31.05.02.H31.09.2007.302 | Mã HT: H31.09.2007.002435 | Năm: 2007 (THBQ: 1) | Tiêu đề: Tập lưu báo cáo của Sở Xây dựng tỉnh Hưng Yên năm 2007 (từ số 01 - 61) ; [HS 4] Ký hiệu: H31.05.02.H31.09.2007.302 | Mã HT: H31.09.2007.002612 | Năm: 2007 (THBQ: 1) | Tiêu đề: Tập lưu báo cáo của Sở Xây dựng tỉnh Hưng Yên năm 2007 (từ số 01 - 61) ; [HS 5] Ký hiệu: H31.05.02.H31.09.2007.302 | Mã HT: H31.09.2007.005591 | Năm: 2007 (THBQ: 1) | Tiêu đề: Tập lưu báo cáo của Sở Xây dựng tỉnh Hưng Yên năm 2007 (từ số 01 - 61) ; [HS 6] Ký hiệu: H31.05.02.H31.09.2007.302 | Mã HT: H31.09.2007.008570 | Năm: 2007 (THBQ: 1) | Tiêu đề: Tập lưu báo cáo của Sở Xây dựng tỉnh Hưng Yên năm 2007 (từ số 01 - 61)",""
23,"H31.05.02.H31.09.2007.303",ĐÃ TỒN TẠI (6 HS),6,"CÙNG TIÊU ĐỀ","Có 6 hồ sơ trùng hoàn toàn cả Tên, Ký hiệu và Năm","H31.05.02.H31.09.2007.303","H31.09.2007.002158","Tập lưu Tờ trình của Sở Xây dựng tỉnh Hưng Yên năm 2007 (từ số 01 - 103)",2007,1,"http://ktdl.soxaydung.hungyen.gov.vn/systems/filesviewdetail/iid/2158/index.aspx?am=0,1,2&rf=639253254633807211","[HS 1] Ký hiệu: H31.05.02.H31.09.2007.303 | Mã HT: H31.09.2007.002158 | Năm: 2007 (THBQ: 1) | Tiêu đề: Tập lưu Tờ trình của Sở Xây dựng tỉnh Hưng Yên năm 2007 (từ số 01 - 103) ; [HS 2] Ký hiệu: H31.05.02.H31.09.2007.303 | Mã HT: H31.09.2007.002259 | Năm: 2007 (THBQ: 1) | Tiêu đề: Tập lưu Tờ trình của Sở Xây dựng tỉnh Hưng Yên năm 2007 (từ số 01 - 103) ; [HS 3] Ký hiệu: H31.05.02.H31.09.2007.303 | Mã HT: H31.09.2007.002436 | Năm: 2007 (THBQ: 1) | Tiêu đề: Tập lưu Tờ trình của Sở Xây dựng tỉnh Hưng Yên năm 2007 (từ số 01 - 103) ; [HS 4] Ký hiệu: H31.05.02.H31.09.2007.303 | Mã HT: H31.09.2007.002613 | Năm: 2007 (THBQ: 1) | Tiêu đề: Tập lưu Tờ trình của Sở Xây dựng tỉnh Hưng Yên năm 2007 (từ số 01 - 103) ; [HS 5] Ký hiệu: H31.05.02.H31.09.2007.303 | Mã HT: H31.09.2007.005592 | Năm: 2007 (THBQ: 1) | Tiêu đề: Tập lưu Tờ trình của Sở Xây dựng tỉnh Hưng Yên năm 2007 (từ số 01 - 103) ; [HS 6] Ký hiệu: H31.05.02.H31.09.2007.303 | Mã HT: H31.09.2007.008571 | Năm: 2007 (THBQ: 1) | Tiêu đề: Tập lưu Tờ trình của Sở Xây dựng tỉnh Hưng Yên năm 2007 (từ số 01 - 103)",""
24,"H31.05.02.H31.09.2007.304",ĐÃ TỒN TẠI (6 HS),6,"CÙNG TIÊU ĐỀ","Có 6 hồ sơ trùng hoàn toàn cả Tên, Ký hiệu và Năm","H31.05.02.H31.09.2007.304","H31.09.2007.002159","Tập lưu thông báo của Sở Xây dựng tỉnh Hưng Yên năm 2007 (từ số 01-135)",2007,1,"http://ktdl.soxaydung.hungyen.gov.vn/systems/filesviewdetail/iid/2159/index.aspx?am=0,1,2&rf=639253254641150610","[HS 1] Ký hiệu: H31.05.02.H31.09.2007.304 | Mã HT: H31.09.2007.002159 | Năm: 2007 (THBQ: 1) | Tiêu đề: Tập lưu thông báo của Sở Xây dựng tỉnh Hưng Yên năm 2007 (từ số 01-135) ; [HS 2] Ký hiệu: H31.05.02.H31.09.2007.304 | Mã HT: H31.09.2007.002260 | Năm: 2007 (THBQ: 1) | Tiêu đề: Tập lưu thông báo của Sở Xây dựng tỉnh Hưng Yên năm 2007 (từ số 01-135) ; [HS 3] Ký hiệu: H31.05.02.H31.09.2007.304 | Mã HT: H31.09.2007.002437 | Năm: 2007 (THBQ: 1) | Tiêu đề: Tập lưu thông báo của Sở Xây dựng tỉnh Hưng Yên năm 2007 (từ số 01-135) ; [HS 4] Ký hiệu: H31.05.02.H31.09.2007.304 | Mã HT: H31.09.2007.002614 | Năm: 2007 (THBQ: 1) | Tiêu đề: Tập lưu thông báo của Sở Xây dựng tỉnh Hưng Yên năm 2007 (từ số 01-135) ; [HS 5] Ký hiệu: H31.05.02.H31.09.2007.304 | Mã HT: H31.09.2007.005593 | Năm: 2007 (THBQ: 1) | Tiêu đề: Tập lưu thông báo của Sở Xây dựng tỉnh Hưng Yên năm 2007 (từ số 01-135) ; [HS 6] Ký hiệu: H31.05.02.H31.09.2007.304 | Mã HT: H31.09.2007.008572 | Năm: 2007 (THBQ: 1) | Tiêu đề: Tập lưu thông báo của Sở Xây dựng tỉnh Hưng Yên năm 2007 (từ số 01-135)",""
25,"H31.05.02.H31.09.2007.305",ĐÃ TỒN TẠI (6 HS),6,"CÙNG TIÊU ĐỀ","Có 6 hồ sơ trùng hoàn toàn cả Tên, Ký hiệu và Năm","H31.05.02.H31.09.2007.305","H31.09.2007.002160","Tập lưu Thông báo của Sở Xây dựng tỉnh Hưng Yên năm 2007
(từ số 136 - 231)",2007,1,"http://ktdl.soxaydung.hungyen.gov.vn/systems/filesviewdetail/iid/2160/index.aspx?am=0,1,2&rf=639253254648494581","[HS 1] Ký hiệu: H31.05.02.H31.09.2007.305 | Mã HT: H31.09.2007.002160 | Năm: 2007 (THBQ: 1) | Tiêu đề: Tập lưu Thông báo của Sở Xây dựng tỉnh Hưng Yên năm 2007
(từ số 136 - 231) ; [HS 2] Ký hiệu: H31.05.02.H31.09.2007.305 | Mã HT: H31.09.2007.002261 | Năm: 2007 (THBQ: 1) | Tiêu đề: Tập lưu Thông báo của Sở Xây dựng tỉnh Hưng Yên năm 2007
(từ số 136 - 231) ; [HS 3] Ký hiệu: H31.05.02.H31.09.2007.305 | Mã HT: H31.09.2007.002438 | Năm: 2007 (THBQ: 1) | Tiêu đề: Tập lưu Thông báo của Sở Xây dựng tỉnh Hưng Yên năm 2007
(từ số 136 - 231) ; [HS 4] Ký hiệu: H31.05.02.H31.09.2007.305 | Mã HT: H31.09.2007.002615 | Năm: 2007 (THBQ: 1) | Tiêu đề: Tập lưu Thông báo của Sở Xây dựng tỉnh Hưng Yên năm 2007
(từ số 136 - 231) ; [HS 5] Ký hiệu: H31.05.02.H31.09.2007.305 | Mã HT: H31.09.2007.005594 | Năm: 2007 (THBQ: 1) | Tiêu đề: Tập lưu Thông báo của Sở Xây dựng tỉnh Hưng Yên năm 2007
(từ số 136 - 231) ; [HS 6] Ký hiệu: H31.05.02.H31.09.2007.305 | Mã HT: H31.09.2007.008573 | Năm: 2007 (THBQ: 1) | Tiêu đề: Tập lưu Thông báo của Sở Xây dựng tỉnh Hưng Yên năm 2007
(từ số 136 - 231)",""
26,"H31.05.02.H31.09.2007.306",ĐÃ TỒN TẠI (6 HS),6,"CÙNG TIÊU ĐỀ","Có 6 hồ sơ trùng hoàn toàn cả Tên, Ký hiệu và Năm","H31.05.02.H31.09.2007.306","H31.09.2007.002161","Tập lưu Công văn của Sở Xây dựng tỉnh Hưng Yên năm 2007
(từ số 01-88)",2007,1,"http://ktdl.soxaydung.hungyen.gov.vn/systems/filesviewdetail/iid/2161/index.aspx?am=0,1,2&rf=639253254655838889","[HS 1] Ký hiệu: H31.05.02.H31.09.2007.306 | Mã HT: H31.09.2007.002161 | Năm: 2007 (THBQ: 1) | Tiêu đề: Tập lưu Công văn của Sở Xây dựng tỉnh Hưng Yên năm 2007
(từ số 01-88) ; [HS 2] Ký hiệu: H31.05.02.H31.09.2007.306 | Mã HT: H31.09.2007.002262 | Năm: 2007 (THBQ: 1) | Tiêu đề: Tập lưu Công văn của Sở Xây dựng tỉnh Hưng Yên năm 2007
(từ số 01-88) ; [HS 3] Ký hiệu: H31.05.02.H31.09.2007.306 | Mã HT: H31.09.2007.002439 | Năm: 2007 (THBQ: 1) | Tiêu đề: Tập lưu Công văn của Sở Xây dựng tỉnh Hưng Yên năm 2007
(từ số 01-88) ; [HS 4] Ký hiệu: H31.05.02.H31.09.2007.306 | Mã HT: H31.09.2007.002616 | Năm: 2007 (THBQ: 1) | Tiêu đề: Tập lưu Công văn của Sở Xây dựng tỉnh Hưng Yên năm 2007
(từ số 01-88) ; [HS 5] Ký hiệu: H31.05.02.H31.09.2007.306 | Mã HT: H31.09.2007.005595 | Năm: 2007 (THBQ: 1) | Tiêu đề: Tập lưu Công văn của Sở Xây dựng tỉnh Hưng Yên năm 2007
(từ số 01-88) ; [HS 6] Ký hiệu: H31.05.02.H31.09.2007.306 | Mã HT: H31.09.2007.008574 | Năm: 2007 (THBQ: 1) | Tiêu đề: Tập lưu Công văn của Sở Xây dựng tỉnh Hưng Yên năm 2007
(từ số 01-88)",""
27,"H31.05.02.H31.09.2007.307",ĐÃ TỒN TẠI (6 HS),6,"CÙNG TIÊU ĐỀ","Có 6 hồ sơ trùng hoàn toàn cả Tên, Ký hiệu và Năm","H31.05.02.H31.09.2007.307","H31.09.2007.002162","Tập lưu Công văn của Sở Xây dựng tỉnh Hưng Yên năm 2007 (từ số 89-182)",2007,1,"http://ktdl.soxaydung.hungyen.gov.vn/systems/filesviewdetail/iid/2162/index.aspx?am=0,1,2&rf=639253254663183080","[HS 1] Ký hiệu: H31.05.02.H31.09.2007.307 | Mã HT: H31.09.2007.002162 | Năm: 2007 (THBQ: 1) | Tiêu đề: Tập lưu Công văn của Sở Xây dựng tỉnh Hưng Yên năm 2007 (từ số 89-182) ; [HS 2] Ký hiệu: H31.05.02.H31.09.2007.307 | Mã HT: H31.09.2007.002263 | Năm: 2007 (THBQ: 1) | Tiêu đề: Tập lưu Công văn của Sở Xây dựng tỉnh Hưng Yên năm 2007 (từ số 89-182) ; [HS 3] Ký hiệu: H31.05.02.H31.09.2007.307 | Mã HT: H31.09.2007.002440 | Năm: 2007 (THBQ: 1) | Tiêu đề: Tập lưu Công văn của Sở Xây dựng tỉnh Hưng Yên năm 2007 (từ số 89-182) ; [HS 4] Ký hiệu: H31.05.02.H31.09.2007.307 | Mã HT: H31.09.2007.002617 | Năm: 2007 (THBQ: 1) | Tiêu đề: Tập lưu Công văn của Sở Xây dựng tỉnh Hưng Yên năm 2007 (từ số 89-182) ; [HS 5] Ký hiệu: H31.05.02.H31.09.2007.307 | Mã HT: H31.09.2007.005596 | Năm: 2007 (THBQ: 1) | Tiêu đề: Tập lưu Công văn của Sở Xây dựng tỉnh Hưng Yên năm 2007 (từ số 89-182) ; [HS 6] Ký hiệu: H31.05.02.H31.09.2007.307 | Mã HT: H31.09.2007.008575 | Năm: 2007 (THBQ: 1) | Tiêu đề: Tập lưu Công văn của Sở Xây dựng tỉnh Hưng Yên năm 2007 (từ số 89-182)",""
28,"H31.05.02.H31.09.2007.308",ĐÃ TỒN TẠI (6 HS),6,"CÙNG TIÊU ĐỀ","Có 6 hồ sơ trùng hoàn toàn cả Tên, Ký hiệu và Năm","H31.05.02.H31.09.2007.308","H31.09.2007.002163","Tập lưu Công văn của Sở Xây dựng tỉnh Hưng Yên năm 2007 (từ số 183 - 292).",2007,1,"http://ktdl.soxaydung.hungyen.gov.vn/systems/filesviewdetail/iid/2163/index.aspx?am=0,1,2&rf=639253254670683236","[HS 1] Ký hiệu: H31.05.02.H31.09.2007.308 | Mã HT: H31.09.2007.002163 | Năm: 2007 (THBQ: 1) | Tiêu đề: Tập lưu Công văn của Sở Xây dựng tỉnh Hưng Yên năm 2007 (từ số 183 - 292). ; [HS 2] Ký hiệu: H31.05.02.H31.09.2007.308 | Mã HT: H31.09.2007.002264 | Năm: 2007 (THBQ: 1) | Tiêu đề: Tập lưu Công văn của Sở Xây dựng tỉnh Hưng Yên năm 2007 (từ số 183 - 292). ; [HS 3] Ký hiệu: H31.05.02.H31.09.2007.308 | Mã HT: H31.09.2007.002441 | Năm: 2007 (THBQ: 1) | Tiêu đề: Tập lưu Công văn của Sở Xây dựng tỉnh Hưng Yên năm 2007 (từ số 183 - 292). ; [HS 4] Ký hiệu: H31.05.02.H31.09.2007.308 | Mã HT: H31.09.2007.002618 | Năm: 2007 (THBQ: 1) | Tiêu đề: Tập lưu Công văn của Sở Xây dựng tỉnh Hưng Yên năm 2007 (từ số 183 - 292). ; [HS 5] Ký hiệu: H31.05.02.H31.09.2007.308 | Mã HT: H31.09.2007.005597 | Năm: 2007 (THBQ: 1) | Tiêu đề: Tập lưu Công văn của Sở Xây dựng tỉnh Hưng Yên năm 2007 (từ số 183 - 292). ; [HS 6] Ký hiệu: H31.05.02.H31.09.2007.308 | Mã HT: H31.09.2007.008576 | Năm: 2007 (THBQ: 1) | Tiêu đề: Tập lưu Công văn của Sở Xây dựng tỉnh Hưng Yên năm 2007 (từ số 183 - 292).",""
29,"H31.05.02.H31.09.2007.309",ĐÃ TỒN TẠI (6 HS),6,"CÙNG TIÊU ĐỀ","Có 6 hồ sơ trùng hoàn toàn cả Tên, Ký hiệu và Năm","H31.05.02.H31.09.2007.309","H31.09.2007.002164","Tập lưu Công văn của Sở Xây dựng tỉnh Hưng Yên năm 2007 (từ số 293 - 451)",2007,1,"http://ktdl.soxaydung.hungyen.gov.vn/systems/filesviewdetail/iid/2164/index.aspx?am=0,1,2&rf=639253254678026350","[HS 1] Ký hiệu: H31.05.02.H31.09.2007.309 | Mã HT: H31.09.2007.002164 | Năm: 2007 (THBQ: 1) | Tiêu đề: Tập lưu Công văn của Sở Xây dựng tỉnh Hưng Yên năm 2007 (từ số 293 - 451) ; [HS 2] Ký hiệu: H31.05.02.H31.09.2007.309 | Mã HT: H31.09.2007.002265 | Năm: 2007 (THBQ: 1) | Tiêu đề: Tập lưu Công văn của Sở Xây dựng tỉnh Hưng Yên năm 2007 (từ số 293 - 451) ; [HS 3] Ký hiệu: H31.05.02.H31.09.2007.309 | Mã HT: H31.09.2007.002442 | Năm: 2007 (THBQ: 1) | Tiêu đề: Tập lưu Công văn của Sở Xây dựng tỉnh Hưng Yên năm 2007 (từ số 293 - 451) ; [HS 4] Ký hiệu: H31.05.02.H31.09.2007.309 | Mã HT: H31.09.2007.002619 | Năm: 2007 (THBQ: 1) | Tiêu đề: Tập lưu Công văn của Sở Xây dựng tỉnh Hưng Yên năm 2007 (từ số 293 - 451) ; [HS 5] Ký hiệu: H31.05.02.H31.09.2007.309 | Mã HT: H31.09.2007.005598 | Năm: 2007 (THBQ: 1) | Tiêu đề: Tập lưu Công văn của Sở Xây dựng tỉnh Hưng Yên năm 2007 (từ số 293 - 451) ; [HS 6] Ký hiệu: H31.05.02.H31.09.2007.309 | Mã HT: H31.09.2007.008577 | Năm: 2007 (THBQ: 1) | Tiêu đề: Tập lưu Công văn của Sở Xây dựng tỉnh Hưng Yên năm 2007 (từ số 293 - 451)",""
30,"H31.05.02.H31.09.2008.310",ĐÃ TỒN TẠI (6 HS),6,"CÙNG TIÊU ĐỀ","Có 6 hồ sơ trùng hoàn toàn cả Tên, Ký hiệu và Năm","H31.05.02.H31.09.2008.310","H31.09.2008.002165","Tập lưu Quyết định của Sở Xây dựng tỉnh Hưng Yên năm 2008 (từ số 01 - 92)",2008,1,"http://ktdl.soxaydung.hungyen.gov.vn/systems/filesviewdetail/iid/2165/index.aspx?am=0,1,2&rf=639253254685214015","[HS 1] Ký hiệu: H31.05.02.H31.09.2008.310 | Mã HT: H31.09.2008.002165 | Năm: 2008 (THBQ: 1) | Tiêu đề: Tập lưu Quyết định của Sở Xây dựng tỉnh Hưng Yên năm 2008 (từ số 01 - 92) ; [HS 2] Ký hiệu: H31.05.02.H31.09.2008.310 | Mã HT: H31.09.2008.002266 | Năm: 2008 (THBQ: 1) | Tiêu đề: Tập lưu Quyết định của Sở Xây dựng tỉnh Hưng Yên năm 2008 (từ số 01 - 92) ; [HS 3] Ký hiệu: H31.05.02.H31.09.2008.310 | Mã HT: H31.09.2008.002443 | Năm: 2008 (THBQ: 1) | Tiêu đề: Tập lưu Quyết định của Sở Xây dựng tỉnh Hưng Yên năm 2008 (từ số 01 - 92) ; [HS 4] Ký hiệu: H31.05.02.H31.09.2008.310 | Mã HT: H31.09.2008.002620 | Năm: 2008 (THBQ: 1) | Tiêu đề: Tập lưu Quyết định của Sở Xây dựng tỉnh Hưng Yên năm 2008 (từ số 01 - 92) ; [HS 5] Ký hiệu: H31.05.02.H31.09.2008.310 | Mã HT: H31.09.2008.005599 | Năm: 2008 (THBQ: 1) | Tiêu đề: Tập lưu Quyết định của Sở Xây dựng tỉnh Hưng Yên năm 2008 (từ số 01 - 92) ; [HS 6] Ký hiệu: H31.05.02.H31.09.2008.310 | Mã HT: H31.09.2008.008578 | Năm: 2008 (THBQ: 1) | Tiêu đề: Tập lưu Quyết định của Sở Xây dựng tỉnh Hưng Yên năm 2008 (từ số 01 - 92)",""
31,"H31.05.02.H31.09.2008.311",ĐÃ TỒN TẠI (6 HS),6,"CÙNG TIÊU ĐỀ","Có 6 hồ sơ trùng hoàn toàn cả Tên, Ký hiệu và Năm","H31.05.02.H31.09.2008.311","H31.09.2008.002166","Tập lưu Báo cáo của Sở Xây dựng tỉnh Hưng Yên năm 2008 (từ số 01 - 65)",2008,1,"http://ktdl.soxaydung.hungyen.gov.vn/systems/filesviewdetail/iid/2166/index.aspx?am=0,1,2&rf=639253254692870901","[HS 1] Ký hiệu: H31.05.02.H31.09.2008.311 | Mã HT: H31.09.2008.002166 | Năm: 2008 (THBQ: 1) | Tiêu đề: Tập lưu Báo cáo của Sở Xây dựng tỉnh Hưng Yên năm 2008 (từ số 01 - 65) ; [HS 2] Ký hiệu: H31.05.02.H31.09.2008.311 | Mã HT: H31.09.2008.002267 | Năm: 2008 (THBQ: 1) | Tiêu đề: Tập lưu Báo cáo của Sở Xây dựng tỉnh Hưng Yên năm 2008 (từ số 01 - 65) ; [HS 3] Ký hiệu: H31.05.02.H31.09.2008.311 | Mã HT: H31.09.2008.002444 | Năm: 2008 (THBQ: 1) | Tiêu đề: Tập lưu Báo cáo của Sở Xây dựng tỉnh Hưng Yên năm 2008 (từ số 01 - 65) ; [HS 4] Ký hiệu: H31.05.02.H31.09.2008.311 | Mã HT: H31.09.2008.002621 | Năm: 2008 (THBQ: 1) | Tiêu đề: Tập lưu Báo cáo của Sở Xây dựng tỉnh Hưng Yên năm 2008 (từ số 01 - 65) ; [HS 5] Ký hiệu: H31.05.02.H31.09.2008.311 | Mã HT: H31.09.2008.005600 | Năm: 2008 (THBQ: 1) | Tiêu đề: Tập lưu Báo cáo của Sở Xây dựng tỉnh Hưng Yên năm 2008 (từ số 01 - 65) ; [HS 6] Ký hiệu: H31.05.02.H31.09.2008.311 | Mã HT: H31.09.2008.008579 | Năm: 2008 (THBQ: 1) | Tiêu đề: Tập lưu Báo cáo của Sở Xây dựng tỉnh Hưng Yên năm 2008 (từ số 01 - 65)",""
32,"H31.05.02.H31.09.2008.312",ĐÃ TỒN TẠI (6 HS),6,"CÙNG TIÊU ĐỀ","Có 6 hồ sơ trùng hoàn toàn cả Tên, Ký hiệu và Năm","H31.05.02.H31.09.2008.312","H31.09.2008.002167","Tập lưu Tờ trình của Sở Xây dựng tỉnh Hưng Yên năm 2008 (từ số 01 - 58)",2008,1,"http://ktdl.soxaydung.hungyen.gov.vn/systems/filesviewdetail/iid/2167/index.aspx?am=0,1,2&rf=639253254701464340","[HS 1] Ký hiệu: H31.05.02.H31.09.2008.312 | Mã HT: H31.09.2008.002167 | Năm: 2008 (THBQ: 1) | Tiêu đề: Tập lưu Tờ trình của Sở Xây dựng tỉnh Hưng Yên năm 2008 (từ số 01 - 58) ; [HS 2] Ký hiệu: H31.05.02.H31.09.2008.312 | Mã HT: H31.09.2008.002268 | Năm: 2008 (THBQ: 1) | Tiêu đề: Tập lưu Tờ trình của Sở Xây dựng tỉnh Hưng Yên năm 2008 (từ số 01 - 58) ; [HS 3] Ký hiệu: H31.05.02.H31.09.2008.312 | Mã HT: H31.09.2008.002445 | Năm: 2008 (THBQ: 1) | Tiêu đề: Tập lưu Tờ trình của Sở Xây dựng tỉnh Hưng Yên năm 2008 (từ số 01 - 58) ; [HS 4] Ký hiệu: H31.05.02.H31.09.2008.312 | Mã HT: H31.09.2008.002622 | Năm: 2008 (THBQ: 1) | Tiêu đề: Tập lưu Tờ trình của Sở Xây dựng tỉnh Hưng Yên năm 2008 (từ số 01 - 58) ; [HS 5] Ký hiệu: H31.05.02.H31.09.2008.312 | Mã HT: H31.09.2008.005601 | Năm: 2008 (THBQ: 1) | Tiêu đề: Tập lưu Tờ trình của Sở Xây dựng tỉnh Hưng Yên năm 2008 (từ số 01 - 58) ; [HS 6] Ký hiệu: H31.05.02.H31.09.2008.312 | Mã HT: H31.09.2008.008580 | Năm: 2008 (THBQ: 1) | Tiêu đề: Tập lưu Tờ trình của Sở Xây dựng tỉnh Hưng Yên năm 2008 (từ số 01 - 58)",""
33,"H31.05.02.H31.09.2008.313",ĐÃ TỒN TẠI (6 HS),6,"CÙNG TIÊU ĐỀ","Có 6 hồ sơ trùng hoàn toàn cả Tên, Ký hiệu và Năm","H31.05.02.H31.09.2008.313","H31.09.2008.002168","Hồ sơ Tập lưu Tờ trình của Sở Xây dựng tỉnh Hưng Yên năm 2008 (từ số 59 - 95)",2008,1,"http://ktdl.soxaydung.hungyen.gov.vn/systems/filesviewdetail/iid/2168/index.aspx?am=0,1,2&rf=639253254709121214","[HS 1] Ký hiệu: H31.05.02.H31.09.2008.313 | Mã HT: H31.09.2008.002168 | Năm: 2008 (THBQ: 1) | Tiêu đề: Hồ sơ Tập lưu Tờ trình của Sở Xây dựng tỉnh Hưng Yên năm 2008 (từ số 59 - 95) ; [HS 2] Ký hiệu: H31.05.02.H31.09.2008.313 | Mã HT: H31.09.2008.002269 | Năm: 2008 (THBQ: 1) | Tiêu đề: Hồ sơ Tập lưu Tờ trình của Sở Xây dựng tỉnh Hưng Yên năm 2008 (từ số 59 - 95) ; [HS 3] Ký hiệu: H31.05.02.H31.09.2008.313 | Mã HT: H31.09.2008.002446 | Năm: 2008 (THBQ: 1) | Tiêu đề: Hồ sơ Tập lưu Tờ trình của Sở Xây dựng tỉnh Hưng Yên năm 2008 (từ số 59 - 95) ; [HS 4] Ký hiệu: H31.05.02.H31.09.2008.313 | Mã HT: H31.09.2008.002623 | Năm: 2008 (THBQ: 1) | Tiêu đề: Hồ sơ Tập lưu Tờ trình của Sở Xây dựng tỉnh Hưng Yên năm 2008 (từ số 59 - 95) ; [HS 5] Ký hiệu: H31.05.02.H31.09.2008.313 | Mã HT: H31.09.2008.005602 | Năm: 2008 (THBQ: 1) | Tiêu đề: Hồ sơ Tập lưu Tờ trình của Sở Xây dựng tỉnh Hưng Yên năm 2008 (từ số 59 - 95) ; [HS 6] Ký hiệu: H31.05.02.H31.09.2008.313 | Mã HT: H31.09.2008.008581 | Năm: 2008 (THBQ: 1) | Tiêu đề: Hồ sơ Tập lưu Tờ trình của Sở Xây dựng tỉnh Hưng Yên năm 2008 (từ số 59 - 95)",""
34,"H31.05.02.H31.09.2008.314",ĐÃ TỒN TẠI (6 HS),6,"CÙNG TIÊU ĐỀ","Có 6 hồ sơ trùng hoàn toàn cả Tên, Ký hiệu và Năm","H31.05.02.H31.09.2008.314","H31.09.2008.002169","Tập lưu Công văn của Sở Xây dựng tỉnh Hưng Yên năm 2008 (từ số 01 - 96)",2008,1,"http://ktdl.soxaydung.hungyen.gov.vn/systems/filesviewdetail/iid/2169/index.aspx?am=0,1,2&rf=639253254717089675","[HS 1] Ký hiệu: H31.05.02.H31.09.2008.314 | Mã HT: H31.09.2008.002169 | Năm: 2008 (THBQ: 1) | Tiêu đề: Tập lưu Công văn của Sở Xây dựng tỉnh Hưng Yên năm 2008 (từ số 01 - 96) ; [HS 2] Ký hiệu: H31.05.02.H31.09.2008.314 | Mã HT: H31.09.2008.002270 | Năm: 2008 (THBQ: 1) | Tiêu đề: Tập lưu Công văn của Sở Xây dựng tỉnh Hưng Yên năm 2008 (từ số 01 - 96) ; [HS 3] Ký hiệu: H31.05.02.H31.09.2008.314 | Mã HT: H31.09.2008.002447 | Năm: 2008 (THBQ: 1) | Tiêu đề: Tập lưu Công văn của Sở Xây dựng tỉnh Hưng Yên năm 2008 (từ số 01 - 96) ; [HS 4] Ký hiệu: H31.05.02.H31.09.2008.314 | Mã HT: H31.09.2008.002624 | Năm: 2008 (THBQ: 1) | Tiêu đề: Tập lưu Công văn của Sở Xây dựng tỉnh Hưng Yên năm 2008 (từ số 01 - 96) ; [HS 5] Ký hiệu: H31.05.02.H31.09.2008.314 | Mã HT: H31.09.2008.005603 | Năm: 2008 (THBQ: 1) | Tiêu đề: Tập lưu Công văn của Sở Xây dựng tỉnh Hưng Yên năm 2008 (từ số 01 - 96) ; [HS 6] Ký hiệu: H31.05.02.H31.09.2008.314 | Mã HT: H31.09.2008.008582 | Năm: 2008 (THBQ: 1) | Tiêu đề: Tập lưu Công văn của Sở Xây dựng tỉnh Hưng Yên năm 2008 (từ số 01 - 96)",""
35,"H31.05.02.H31.09.2008.315",ĐÃ TỒN TẠI (6 HS),6,"CÙNG TIÊU ĐỀ","Có 6 hồ sơ trùng hoàn toàn cả Tên, Ký hiệu và Năm","H31.05.02.H31.09.2008.315","H31.09.2008.002170","Hồ sơ Tập lưu Công văn của Sở Xây dựng tỉnh Hưng Yên năm 2008 (từ số 97-194)",2008,1,"http://ktdl.soxaydung.hungyen.gov.vn/systems/filesviewdetail/iid/2170/index.aspx?am=0,1,2&rf=639253254724278068","[HS 1] Ký hiệu: H31.05.02.H31.09.2008.315 | Mã HT: H31.09.2008.002170 | Năm: 2008 (THBQ: 1) | Tiêu đề: Hồ sơ Tập lưu Công văn của Sở Xây dựng tỉnh Hưng Yên năm 2008 (từ số 97-194) ; [HS 2] Ký hiệu: H31.05.02.H31.09.2008.315 | Mã HT: H31.09.2008.002271 | Năm: 2008 (THBQ: 1) | Tiêu đề: Hồ sơ Tập lưu Công văn của Sở Xây dựng tỉnh Hưng Yên năm 2008 (từ số 97-194) ; [HS 3] Ký hiệu: H31.05.02.H31.09.2008.315 | Mã HT: H31.09.2008.002448 | Năm: 2008 (THBQ: 1) | Tiêu đề: Hồ sơ Tập lưu Công văn của Sở Xây dựng tỉnh Hưng Yên năm 2008 (từ số 97-194) ; [HS 4] Ký hiệu: H31.05.02.H31.09.2008.315 | Mã HT: H31.09.2008.002625 | Năm: 2008 (THBQ: 1) | Tiêu đề: Hồ sơ Tập lưu Công văn của Sở Xây dựng tỉnh Hưng Yên năm 2008 (từ số 97-194) ; [HS 5] Ký hiệu: H31.05.02.H31.09.2008.315 | Mã HT: H31.09.2008.005604 | Năm: 2008 (THBQ: 1) | Tiêu đề: Hồ sơ Tập lưu Công văn của Sở Xây dựng tỉnh Hưng Yên năm 2008 (từ số 97-194) ; [HS 6] Ký hiệu: H31.05.02.H31.09.2008.315 | Mã HT: H31.09.2008.008583 | Năm: 2008 (THBQ: 1) | Tiêu đề: Hồ sơ Tập lưu Công văn của Sở Xây dựng tỉnh Hưng Yên năm 2008 (từ số 97-194)",""
36,"H31.05.02.H31.09.2008.316",ĐÃ TỒN TẠI (6 HS),6,"CÙNG TIÊU ĐỀ","Có 6 hồ sơ trùng hoàn toàn cả Tên, Ký hiệu và Năm","H31.05.02.H31.09.2008.316","H31.09.2008.002171","Tập lưu Công văn của Sở Xây dựng tỉnh Hưng Yên năm 2008 (từ số 195 - 271)",2008,1,"http://ktdl.soxaydung.hungyen.gov.vn/systems/filesviewdetail/iid/2171/index.aspx?am=0,1,2&rf=639253254731777420","[HS 1] Ký hiệu: H31.05.02.H31.09.2008.316 | Mã HT: H31.09.2008.002171 | Năm: 2008 (THBQ: 1) | Tiêu đề: Tập lưu Công văn của Sở Xây dựng tỉnh Hưng Yên năm 2008 (từ số 195 - 271) ; [HS 2] Ký hiệu: H31.05.02.H31.09.2008.316 | Mã HT: H31.09.2008.002272 | Năm: 2008 (THBQ: 1) | Tiêu đề: Tập lưu Công văn của Sở Xây dựng tỉnh Hưng Yên năm 2008 (từ số 195 - 271) ; [HS 3] Ký hiệu: H31.05.02.H31.09.2008.316 | Mã HT: H31.09.2008.002449 | Năm: 2008 (THBQ: 1) | Tiêu đề: Tập lưu Công văn của Sở Xây dựng tỉnh Hưng Yên năm 2008 (từ số 195 - 271) ; [HS 4] Ký hiệu: H31.05.02.H31.09.2008.316 | Mã HT: H31.09.2008.002626 | Năm: 2008 (THBQ: 1) | Tiêu đề: Tập lưu Công văn của Sở Xây dựng tỉnh Hưng Yên năm 2008 (từ số 195 - 271) ; [HS 5] Ký hiệu: H31.05.02.H31.09.2008.316 | Mã HT: H31.09.2008.005605 | Năm: 2008 (THBQ: 1) | Tiêu đề: Tập lưu Công văn của Sở Xây dựng tỉnh Hưng Yên năm 2008 (từ số 195 - 271) ; [HS 6] Ký hiệu: H31.05.02.H31.09.2008.316 | Mã HT: H31.09.2008.008584 | Năm: 2008 (THBQ: 1) | Tiêu đề: Tập lưu Công văn của Sở Xây dựng tỉnh Hưng Yên năm 2008 (từ số 195 - 271)",""
37,"H31.05.02.H31.09.2008.317",ĐÃ TỒN TẠI (6 HS),6,"CÙNG TIÊU ĐỀ","Có 6 hồ sơ trùng hoàn toàn cả Tên, Ký hiệu và Năm","H31.05.02.H31.09.2008.317","H31.09.2008.002172","Tập lưu Công văn của Sở Xây dựng tỉnh Hưng Yên năm 2008 (từ số 271 - 365)",2008,1,"http://ktdl.soxaydung.hungyen.gov.vn/systems/filesviewdetail/iid/2172/index.aspx?am=0,1,2&rf=639253254739277633","[HS 1] Ký hiệu: H31.05.02.H31.09.2008.317 | Mã HT: H31.09.2008.002172 | Năm: 2008 (THBQ: 1) | Tiêu đề: Tập lưu Công văn của Sở Xây dựng tỉnh Hưng Yên năm 2008 (từ số 271 - 365) ; [HS 2] Ký hiệu: H31.05.02.H31.09.2008.317 | Mã HT: H31.09.2008.002273 | Năm: 2008 (THBQ: 1) | Tiêu đề: Tập lưu Công văn của Sở Xây dựng tỉnh Hưng Yên năm 2008 (từ số 271 - 365) ; [HS 3] Ký hiệu: H31.05.02.H31.09.2008.317 | Mã HT: H31.09.2008.002450 | Năm: 2008 (THBQ: 1) | Tiêu đề: Tập lưu Công văn của Sở Xây dựng tỉnh Hưng Yên năm 2008 (từ số 271 - 365) ; [HS 4] Ký hiệu: H31.05.02.H31.09.2008.317 | Mã HT: H31.09.2008.002627 | Năm: 2008 (THBQ: 1) | Tiêu đề: Tập lưu Công văn của Sở Xây dựng tỉnh Hưng Yên năm 2008 (từ số 271 - 365) ; [HS 5] Ký hiệu: H31.05.02.H31.09.2008.317 | Mã HT: H31.09.2008.005606 | Năm: 2008 (THBQ: 1) | Tiêu đề: Tập lưu Công văn của Sở Xây dựng tỉnh Hưng Yên năm 2008 (từ số 271 - 365) ; [HS 6] Ký hiệu: H31.05.02.H31.09.2008.317 | Mã HT: H31.09.2008.008585 | Năm: 2008 (THBQ: 1) | Tiêu đề: Tập lưu Công văn của Sở Xây dựng tỉnh Hưng Yên năm 2008 (từ số 271 - 365)",""
38,"H31.05.02.H31.09.2008.318",ĐÃ TỒN TẠI (6 HS),6,"CÙNG TIÊU ĐỀ","Có 6 hồ sơ trùng hoàn toàn cả Tên, Ký hiệu và Năm","H31.05.02.H31.09.2008.318","H31.09.2008.002173","Tập lưu Công văn của Sở Xây dựng tỉnh Hưng Yên năm 2008",2008,1,"http://ktdl.soxaydung.hungyen.gov.vn/systems/filesviewdetail/iid/2173/index.aspx?am=0,1,2&rf=639253254746778207","[HS 1] Ký hiệu: H31.05.02.H31.09.2008.318 | Mã HT: H31.09.2008.002173 | Năm: 2008 (THBQ: 1) | Tiêu đề: Tập lưu Công văn của Sở Xây dựng tỉnh Hưng Yên năm 2008 ; [HS 2] Ký hiệu: H31.05.02.H31.09.2008.318 | Mã HT: H31.09.2008.002274 | Năm: 2008 (THBQ: 1) | Tiêu đề: Tập lưu Công văn của Sở Xây dựng tỉnh Hưng Yên năm 2008 ; [HS 3] Ký hiệu: H31.05.02.H31.09.2008.318 | Mã HT: H31.09.2008.002451 | Năm: 2008 (THBQ: 1) | Tiêu đề: Tập lưu Công văn của Sở Xây dựng tỉnh Hưng Yên năm 2008 ; [HS 4] Ký hiệu: H31.05.02.H31.09.2008.318 | Mã HT: H31.09.2008.002628 | Năm: 2008 (THBQ: 1) | Tiêu đề: Tập lưu Công văn của Sở Xây dựng tỉnh Hưng Yên năm 2008 ; [HS 5] Ký hiệu: H31.05.02.H31.09.2008.318 | Mã HT: H31.09.2008.005607 | Năm: 2008 (THBQ: 1) | Tiêu đề: Tập lưu Công văn của Sở Xây dựng tỉnh Hưng Yên năm 2008 ; [HS 6] Ký hiệu: H31.05.02.H31.09.2008.318 | Mã HT: H31.09.2008.008586 | Năm: 2008 (THBQ: 1) | Tiêu đề: Tập lưu Công văn của Sở Xây dựng tỉnh Hưng Yên năm 2008",""
39,"H31.05.02.H31.09.2008.319",ĐÃ TỒN TẠI (6 HS),6,"CÙNG TIÊU ĐỀ","Có 6 hồ sơ trùng hoàn toàn cả Tên, Ký hiệu và Năm","H31.05.02.H31.09.2008.319","H31.09.2008.002174","Tập lưu Công văn của Sở Xây dựng tỉnh Hưng Yên năm 2008",2008,1,"http://ktdl.soxaydung.hungyen.gov.vn/systems/filesviewdetail/iid/2174/index.aspx?am=0,1,2&rf=639253254754434638","[HS 1] Ký hiệu: H31.05.02.H31.09.2008.319 | Mã HT: H31.09.2008.002174 | Năm: 2008 (THBQ: 1) | Tiêu đề: Tập lưu Công văn của Sở Xây dựng tỉnh Hưng Yên năm 2008 ; [HS 2] Ký hiệu: H31.05.02.H31.09.2008.319 | Mã HT: H31.09.2008.002275 | Năm: 2008 (THBQ: 1) | Tiêu đề: Tập lưu Công văn của Sở Xây dựng tỉnh Hưng Yên năm 2008 ; [HS 3] Ký hiệu: H31.05.02.H31.09.2008.319 | Mã HT: H31.09.2008.002452 | Năm: 2008 (THBQ: 1) | Tiêu đề: Tập lưu Công văn của Sở Xây dựng tỉnh Hưng Yên năm 2008 ; [HS 4] Ký hiệu: H31.05.02.H31.09.2008.319 | Mã HT: H31.09.2008.002629 | Năm: 2008 (THBQ: 1) | Tiêu đề: Tập lưu Công văn của Sở Xây dựng tỉnh Hưng Yên năm 2008 ; [HS 5] Ký hiệu: H31.05.02.H31.09.2008.319 | Mã HT: H31.09.2008.005608 | Năm: 2008 (THBQ: 1) | Tiêu đề: Tập lưu Công văn của Sở Xây dựng tỉnh Hưng Yên năm 2008 ; [HS 6] Ký hiệu: H31.05.02.H31.09.2008.319 | Mã HT: H31.09.2008.008587 | Năm: 2008 (THBQ: 1) | Tiêu đề: Tập lưu Công văn của Sở Xây dựng tỉnh Hưng Yên năm 2008",""
40,"H31.05.02.H31.09.2008.320",ĐÃ TỒN TẠI (6 HS),6,"CÙNG TIÊU ĐỀ","Có 6 hồ sơ trùng hoàn toàn cả Tên, Ký hiệu và Năm","H31.05.02.H31.09.2008.320","H31.09.2008.002175","Tập lưu Thông báo của Sở Xây dựng tỉnh Hưng Yên năm 2015",2008,1,"http://ktdl.soxaydung.hungyen.gov.vn/systems/filesviewdetail/iid/2175/index.aspx?am=0,1,2&rf=639253254761622296","[HS 1] Ký hiệu: H31.05.02.H31.09.2008.320 | Mã HT: H31.09.2008.002175 | Năm: 2008 (THBQ: 1) | Tiêu đề: Tập lưu Thông báo của Sở Xây dựng tỉnh Hưng Yên năm 2015 ; [HS 2] Ký hiệu: H31.05.02.H31.09.2008.320 | Mã HT: H31.09.2008.002276 | Năm: 2008 (THBQ: 1) | Tiêu đề: Tập lưu Thông báo của Sở Xây dựng tỉnh Hưng Yên năm 2015 ; [HS 3] Ký hiệu: H31.05.02.H31.09.2008.320 | Mã HT: H31.09.2008.002453 | Năm: 2008 (THBQ: 1) | Tiêu đề: Tập lưu Thông báo của Sở Xây dựng tỉnh Hưng Yên năm 2015 ; [HS 4] Ký hiệu: H31.05.02.H31.09.2008.320 | Mã HT: H31.09.2008.002630 | Năm: 2008 (THBQ: 1) | Tiêu đề: Tập lưu Thông báo của Sở Xây dựng tỉnh Hưng Yên năm 2015 ; [HS 5] Ký hiệu: H31.05.02.H31.09.2008.320 | Mã HT: H31.09.2008.005609 | Năm: 2008 (THBQ: 1) | Tiêu đề: Tập lưu Thông báo của Sở Xây dựng tỉnh Hưng Yên năm 2015 ; [HS 6] Ký hiệu: H31.05.02.H31.09.2008.320 | Mã HT: H31.09.2008.008588 | Năm: 2008 (THBQ: 1) | Tiêu đề: Tập lưu Thông báo của Sở Xây dựng tỉnh Hưng Yên năm 2015",""
41,"H31.05.02.H31.09.2008.321",ĐÃ TỒN TẠI (6 HS),6,"CÙNG TIÊU ĐỀ","Có 6 hồ sơ trùng hoàn toàn cả Tên, Ký hiệu và Năm","H31.05.02.H31.09.2008.321","H31.09.2008.002176","Tập lưu Thông báo của Sở Xây dựng tỉnh Hưng Yên năm 2008. (từ số 52 - 124)",2008,1,"http://ktdl.soxaydung.hungyen.gov.vn/systems/filesviewdetail/iid/2176/index.aspx?am=0,1,2&rf=639253254768966141","[HS 1] Ký hiệu: H31.05.02.H31.09.2008.321 | Mã HT: H31.09.2008.002176 | Năm: 2008 (THBQ: 1) | Tiêu đề: Tập lưu Thông báo của Sở Xây dựng tỉnh Hưng Yên năm 2008. (từ số 52 - 124) ; [HS 2] Ký hiệu: H31.05.02.H31.09.2008.321 | Mã HT: H31.09.2008.002277 | Năm: 2008 (THBQ: 1) | Tiêu đề: Tập lưu Thông báo của Sở Xây dựng tỉnh Hưng Yên năm 2008. (từ số 52 - 124) ; [HS 3] Ký hiệu: H31.05.02.H31.09.2008.321 | Mã HT: H31.09.2008.002454 | Năm: 2008 (THBQ: 1) | Tiêu đề: Tập lưu Thông báo của Sở Xây dựng tỉnh Hưng Yên năm 2008. (từ số 52 - 124) ; [HS 4] Ký hiệu: H31.05.02.H31.09.2008.321 | Mã HT: H31.09.2008.002631 | Năm: 2008 (THBQ: 1) | Tiêu đề: Tập lưu Thông báo của Sở Xây dựng tỉnh Hưng Yên năm 2008. (từ số 52 - 124) ; [HS 5] Ký hiệu: H31.05.02.H31.09.2008.321 | Mã HT: H31.09.2008.005610 | Năm: 2008 (THBQ: 1) | Tiêu đề: Tập lưu Thông báo của Sở Xây dựng tỉnh Hưng Yên năm 2008. (từ số 52 - 124) ; [HS 6] Ký hiệu: H31.05.02.H31.09.2008.321 | Mã HT: H31.09.2008.008589 | Năm: 2008 (THBQ: 1) | Tiêu đề: Tập lưu Thông báo của Sở Xây dựng tỉnh Hưng Yên năm 2008. (từ số 52 - 124)",""
42,"H31.05.02.H31.09.2008.322",ĐÃ TỒN TẠI (6 HS),6,"CÙNG TIÊU ĐỀ","Có 6 hồ sơ trùng hoàn toàn cả Tên, Ký hiệu và Năm","H31.05.02.H31.09.2008.322","H31.09.2008.002177","Tập lưu Thông báo của Sở Xây dựng tỉnh Hưng Yên năm 2008 (từ số 124 - 188)",2008,1,"http://ktdl.soxaydung.hungyen.gov.vn/systems/filesviewdetail/iid/2177/index.aspx?am=0,1,2&rf=639253254776309553","[HS 1] Ký hiệu: H31.05.02.H31.09.2008.322 | Mã HT: H31.09.2008.002177 | Năm: 2008 (THBQ: 1) | Tiêu đề: Tập lưu Thông báo của Sở Xây dựng tỉnh Hưng Yên năm 2008 (từ số 124 - 188) ; [HS 2] Ký hiệu: H31.05.02.H31.09.2008.322 | Mã HT: H31.09.2008.002278 | Năm: 2008 (THBQ: 1) | Tiêu đề: Tập lưu Thông báo của Sở Xây dựng tỉnh Hưng Yên năm 2008 (từ số 124 - 188) ; [HS 3] Ký hiệu: H31.05.02.H31.09.2008.322 | Mã HT: H31.09.2008.002455 | Năm: 2008 (THBQ: 1) | Tiêu đề: Tập lưu Thông báo của Sở Xây dựng tỉnh Hưng Yên năm 2008 (từ số 124 - 188) ; [HS 4] Ký hiệu: H31.05.02.H31.09.2008.322 | Mã HT: H31.09.2008.002632 | Năm: 2008 (THBQ: 1) | Tiêu đề: Tập lưu Thông báo của Sở Xây dựng tỉnh Hưng Yên năm 2008 (từ số 124 - 188) ; [HS 5] Ký hiệu: H31.05.02.H31.09.2008.322 | Mã HT: H31.09.2008.005611 | Năm: 2008 (THBQ: 1) | Tiêu đề: Tập lưu Thông báo của Sở Xây dựng tỉnh Hưng Yên năm 2008 (từ số 124 - 188) ; [HS 6] Ký hiệu: H31.05.02.H31.09.2008.322 | Mã HT: H31.09.2008.008590 | Năm: 2008 (THBQ: 1) | Tiêu đề: Tập lưu Thông báo của Sở Xây dựng tỉnh Hưng Yên năm 2008 (từ số 124 - 188)",""
43,"H31.05.02.H31.09.2008.323",ĐÃ TỒN TẠI (6 HS),6,"CÙNG TIÊU ĐỀ","Có 6 hồ sơ trùng hoàn toàn cả Tên, Ký hiệu và Năm","H31.05.02.H31.09.2008.323","H31.09.2008.002178","Tập lưu Thông báo của Sở Xây dựng tỉnh Hưng Yên năm 2008 (từ số 189 - 279)",2008,1,"http://ktdl.soxaydung.hungyen.gov.vn/systems/filesviewdetail/iid/2178/index.aspx?am=0,1,2&rf=639253254783809709","[HS 1] Ký hiệu: H31.05.02.H31.09.2008.323 | Mã HT: H31.09.2008.002178 | Năm: 2008 (THBQ: 1) | Tiêu đề: Tập lưu Thông báo của Sở Xây dựng tỉnh Hưng Yên năm 2008 (từ số 189 - 279) ; [HS 2] Ký hiệu: H31.05.02.H31.09.2008.323 | Mã HT: H31.09.2008.002279 | Năm: 2008 (THBQ: 1) | Tiêu đề: Tập lưu Thông báo của Sở Xây dựng tỉnh Hưng Yên năm 2008 (từ số 189 - 279) ; [HS 3] Ký hiệu: H31.05.02.H31.09.2008.323 | Mã HT: H31.09.2008.002456 | Năm: 2008 (THBQ: 1) | Tiêu đề: Tập lưu Thông báo của Sở Xây dựng tỉnh Hưng Yên năm 2008 (từ số 189 - 279) ; [HS 4] Ký hiệu: H31.05.02.H31.09.2008.323 | Mã HT: H31.09.2008.002633 | Năm: 2008 (THBQ: 1) | Tiêu đề: Tập lưu Thông báo của Sở Xây dựng tỉnh Hưng Yên năm 2008 (từ số 189 - 279) ; [HS 5] Ký hiệu: H31.05.02.H31.09.2008.323 | Mã HT: H31.09.2008.005612 | Năm: 2008 (THBQ: 1) | Tiêu đề: Tập lưu Thông báo của Sở Xây dựng tỉnh Hưng Yên năm 2008 (từ số 189 - 279) ; [HS 6] Ký hiệu: H31.05.02.H31.09.2008.323 | Mã HT: H31.09.2008.008591 | Năm: 2008 (THBQ: 1) | Tiêu đề: Tập lưu Thông báo của Sở Xây dựng tỉnh Hưng Yên năm 2008 (từ số 189 - 279)",""
44,"H31.05.02.H31.09.2008.324",ĐÃ TỒN TẠI (6 HS),6,"CÙNG TIÊU ĐỀ","Có 6 hồ sơ trùng hoàn toàn cả Tên, Ký hiệu và Năm","H31.05.02.H31.09.2008.324","H31.09.2008.002179","Tập lưu Giấy phép xây dựng Sở Xây dựng tỉnh Hưng Yên năm 2008 (từ số 01-75)",2008,1,"http://ktdl.soxaydung.hungyen.gov.vn/systems/filesviewdetail/iid/2179/index.aspx?am=0,1,2&rf=639253254791310686","[HS 1] Ký hiệu: H31.05.02.H31.09.2008.324 | Mã HT: H31.09.2008.002179 | Năm: 2008 (THBQ: 1) | Tiêu đề: Tập lưu Giấy phép xây dựng Sở Xây dựng tỉnh Hưng Yên năm 2008 (từ số 01-75) ; [HS 2] Ký hiệu: H31.05.02.H31.09.2008.324 | Mã HT: H31.09.2008.002280 | Năm: 2008 (THBQ: 1) | Tiêu đề: Tập lưu Giấy phép xây dựng Sở Xây dựng tỉnh Hưng Yên năm 2008 (từ số 01-75) ; [HS 3] Ký hiệu: H31.05.02.H31.09.2008.324 | Mã HT: H31.09.2008.002457 | Năm: 2008 (THBQ: 1) | Tiêu đề: Tập lưu Giấy phép xây dựng Sở Xây dựng tỉnh Hưng Yên năm 2008 (từ số 01-75) ; [HS 4] Ký hiệu: H31.05.02.H31.09.2008.324 | Mã HT: H31.09.2008.002634 | Năm: 2008 (THBQ: 1) | Tiêu đề: Tập lưu Giấy phép xây dựng Sở Xây dựng tỉnh Hưng Yên năm 2008 (từ số 01-75) ; [HS 5] Ký hiệu: H31.05.02.H31.09.2008.324 | Mã HT: H31.09.2008.005613 | Năm: 2008 (THBQ: 1) | Tiêu đề: Tập lưu Giấy phép xây dựng Sở Xây dựng tỉnh Hưng Yên năm 2008 (từ số 01-75) ; [HS 6] Ký hiệu: H31.05.02.H31.09.2008.324 | Mã HT: H31.09.2008.008592 | Năm: 2008 (THBQ: 1) | Tiêu đề: Tập lưu Giấy phép xây dựng Sở Xây dựng tỉnh Hưng Yên năm 2008 (từ số 01-75)",""
45,"H31.05.02.H31.09.2008.325",ĐÃ TỒN TẠI (6 HS),6,"CÙNG TIÊU ĐỀ","Có 6 hồ sơ trùng Tên hồ sơ (khác: Mã hệ thống, Năm)","H31.05.02.H31.09.2008.325","H31.09.2008.002281","Tập lưu Chứng chỉ Quy hoạch Sở Xây dựng tỉnh Hưng Yên năm 2006 - 2008 (từ số 01 - 42)",2008,1,"http://ktdl.soxaydung.hungyen.gov.vn/systems/filesviewdetail/iid/2281/index.aspx?am=0,1,2&rf=639253254798810498","[HS 1] Ký hiệu: H31.05.02.H31.09.2008.325 | Mã HT: H31.09.2008.002281 | Năm: 2008 (THBQ: 1) | Tiêu đề: Tập lưu Chứng chỉ Quy hoạch Sở Xây dựng tỉnh Hưng Yên năm 2006 - 2008 (từ số 01 - 42) ; [HS 2] Ký hiệu: H31.05.02.H31.09.2008.325 | Mã HT: H31.09.2008.002458 | Năm: 2008 (THBQ: 1) | Tiêu đề: Tập lưu Chứng chỉ Quy hoạch Sở Xây dựng tỉnh Hưng Yên năm 2006 - 2008 (từ số 01 - 42) ; [HS 3] Ký hiệu: H31.05.02.H31.09.2008.325 | Mã HT: H31.09.2008.002635 | Năm: 2008 (THBQ: 1) | Tiêu đề: Tập lưu Chứng chỉ Quy hoạch Sở Xây dựng tỉnh Hưng Yên năm 2006 - 2008 (từ số 01 - 42) ; [HS 4] Ký hiệu: H31.05.02.H31.09.2008.325 | Mã HT: H31.09.2008.005614 | Năm: 2008 (THBQ: 1) | Tiêu đề: Tập lưu Chứng chỉ Quy hoạch Sở Xây dựng tỉnh Hưng Yên năm 2006 - 2008 (từ số 01 - 42) ; [HS 5] Ký hiệu: H31.05.02.H31.09.2008.325 | Mã HT: H31.09.2008.008593 | Năm: 2008 (THBQ: 1) | Tiêu đề: Tập lưu Chứng chỉ Quy hoạch Sở Xây dựng tỉnh Hưng Yên năm 2006 - 2008 (từ số 01 - 42) ; [HS 6] Ký hiệu: H31.05.02.H31.09.2008.325 | Mã HT: H31.09.2006.002180 | Năm: 2006 (THBQ: 1) | Tiêu đề: Tập lưu Chứng chỉ Quy hoạch Sở Xây dựng tỉnh Hưng Yên năm 2006 - 2008 (từ số 01 - 42)",""
46,"H31.05.02.H31.09.2009.326",ĐÃ TỒN TẠI (6 HS),6,"CÙNG TIÊU ĐỀ","Có 6 hồ sơ trùng hoàn toàn cả Tên, Ký hiệu và Năm","H31.05.02.H31.09.2009.326","H31.09.2009.002181","Tập lưu Quyết định của Sở Xây dựng tỉnh Hưng Yên năm 2009 (từ số 01 - 122)",2009,1,"http://ktdl.soxaydung.hungyen.gov.vn/systems/filesviewdetail/iid/2181/index.aspx?am=0,1,2&rf=639253254806310201","[HS 1] Ký hiệu: H31.05.02.H31.09.2009.326 | Mã HT: H31.09.2009.002181 | Năm: 2009 (THBQ: 1) | Tiêu đề: Tập lưu Quyết định của Sở Xây dựng tỉnh Hưng Yên năm 2009 (từ số 01 - 122) ; [HS 2] Ký hiệu: H31.05.02.H31.09.2009.326 | Mã HT: H31.09.2009.002282 | Năm: 2009 (THBQ: 1) | Tiêu đề: Tập lưu Quyết định của Sở Xây dựng tỉnh Hưng Yên năm 2009 (từ số 01 - 122) ; [HS 3] Ký hiệu: H31.05.02.H31.09.2009.326 | Mã HT: H31.09.2009.002459 | Năm: 2009 (THBQ: 1) | Tiêu đề: Tập lưu Quyết định của Sở Xây dựng tỉnh Hưng Yên năm 2009 (từ số 01 - 122) ; [HS 4] Ký hiệu: H31.05.02.H31.09.2009.326 | Mã HT: H31.09.2009.002636 | Năm: 2009 (THBQ: 1) | Tiêu đề: Tập lưu Quyết định của Sở Xây dựng tỉnh Hưng Yên năm 2009 (từ số 01 - 122) ; [HS 5] Ký hiệu: H31.05.02.H31.09.2009.326 | Mã HT: H31.09.2009.005615 | Năm: 2009 (THBQ: 1) | Tiêu đề: Tập lưu Quyết định của Sở Xây dựng tỉnh Hưng Yên năm 2009 (từ số 01 - 122) ; [HS 6] Ký hiệu: H31.05.02.H31.09.2009.326 | Mã HT: H31.09.2009.008594 | Năm: 2009 (THBQ: 1) | Tiêu đề: Tập lưu Quyết định của Sở Xây dựng tỉnh Hưng Yên năm 2009 (từ số 01 - 122)",""
47,"H31.05.02.H31.09.2009.327",ĐÃ TỒN TẠI (6 HS),6,"CÙNG TIÊU ĐỀ","Có 6 hồ sơ trùng hoàn toàn cả Tên, Ký hiệu và Năm","H31.05.02.H31.09.2009.327","H31.09.2009.002182","Tập lưu Báo cáo của Sở Xây dựng tỉnh Hưng Yên năm 2009 (từ 01-79)",2009,1,"http://ktdl.soxaydung.hungyen.gov.vn/systems/filesviewdetail/iid/2182/index.aspx?am=0,1,2&rf=639253254813810819","[HS 1] Ký hiệu: H31.05.02.H31.09.2009.327 | Mã HT: H31.09.2009.002182 | Năm: 2009 (THBQ: 1) | Tiêu đề: Tập lưu Báo cáo của Sở Xây dựng tỉnh Hưng Yên năm 2009 (từ 01-79) ; [HS 2] Ký hiệu: H31.05.02.H31.09.2009.327 | Mã HT: H31.09.2009.002283 | Năm: 2009 (THBQ: 1) | Tiêu đề: Tập lưu Báo cáo của Sở Xây dựng tỉnh Hưng Yên năm 2009 (từ 01-79) ; [HS 3] Ký hiệu: H31.05.02.H31.09.2009.327 | Mã HT: H31.09.2009.002460 | Năm: 2009 (THBQ: 1) | Tiêu đề: Tập lưu Báo cáo của Sở Xây dựng tỉnh Hưng Yên năm 2009 (từ 01-79) ; [HS 4] Ký hiệu: H31.05.02.H31.09.2009.327 | Mã HT: H31.09.2009.002637 | Năm: 2009 (THBQ: 1) | Tiêu đề: Tập lưu Báo cáo của Sở Xây dựng tỉnh Hưng Yên năm 2009 (từ 01-79) ; [HS 5] Ký hiệu: H31.05.02.H31.09.2009.327 | Mã HT: H31.09.2009.005616 | Năm: 2009 (THBQ: 1) | Tiêu đề: Tập lưu Báo cáo của Sở Xây dựng tỉnh Hưng Yên năm 2009 (từ 01-79) ; [HS 6] Ký hiệu: H31.05.02.H31.09.2009.327 | Mã HT: H31.09.2009.008595 | Năm: 2009 (THBQ: 1) | Tiêu đề: Tập lưu Báo cáo của Sở Xây dựng tỉnh Hưng Yên năm 2009 (từ 01-79)",""
48,"H31.05.02.H31.09.2009.328",ĐÃ TỒN TẠI (6 HS),6,"CÙNG TIÊU ĐỀ","Có 6 hồ sơ trùng hoàn toàn cả Tên, Ký hiệu và Năm","H31.05.02.H31.09.2009.328","H31.09.2009.002183","Tập lưu Công văn của Sở Xây dựng tỉnh Hưng Yên năm 2009 (từ số 01 - 111)",2009,1,"http://ktdl.soxaydung.hungyen.gov.vn/systems/filesviewdetail/iid/2183/index.aspx?am=0,1,2&rf=639253254821310524","[HS 1] Ký hiệu: H31.05.02.H31.09.2009.328 | Mã HT: H31.09.2009.002183 | Năm: 2009 (THBQ: 1) | Tiêu đề: Tập lưu Công văn của Sở Xây dựng tỉnh Hưng Yên năm 2009 (từ số 01 - 111) ; [HS 2] Ký hiệu: H31.05.02.H31.09.2009.328 | Mã HT: H31.09.2009.002284 | Năm: 2009 (THBQ: 1) | Tiêu đề: Tập lưu Công văn của Sở Xây dựng tỉnh Hưng Yên năm 2009 (từ số 01 - 111) ; [HS 3] Ký hiệu: H31.05.02.H31.09.2009.328 | Mã HT: H31.09.2009.002461 | Năm: 2009 (THBQ: 1) | Tiêu đề: Tập lưu Công văn của Sở Xây dựng tỉnh Hưng Yên năm 2009 (từ số 01 - 111) ; [HS 4] Ký hiệu: H31.05.02.H31.09.2009.328 | Mã HT: H31.09.2009.002638 | Năm: 2009 (THBQ: 1) | Tiêu đề: Tập lưu Công văn của Sở Xây dựng tỉnh Hưng Yên năm 2009 (từ số 01 - 111) ; [HS 5] Ký hiệu: H31.05.02.H31.09.2009.328 | Mã HT: H31.09.2009.005617 | Năm: 2009 (THBQ: 1) | Tiêu đề: Tập lưu Công văn của Sở Xây dựng tỉnh Hưng Yên năm 2009 (từ số 01 - 111) ; [HS 6] Ký hiệu: H31.05.02.H31.09.2009.328 | Mã HT: H31.09.2009.008596 | Năm: 2009 (THBQ: 1) | Tiêu đề: Tập lưu Công văn của Sở Xây dựng tỉnh Hưng Yên năm 2009 (từ số 01 - 111)",""
49,"H31.05.02.H31.09.2009.329",ĐÃ TỒN TẠI (6 HS),6,"CÙNG TIÊU ĐỀ","Có 6 hồ sơ trùng hoàn toàn cả Tên, Ký hiệu và Năm","H31.05.02.H31.09.2009.329","H31.09.2009.002184","Tập lưu Công văn của Sở Xây dựng tỉnh Hưng Yên năm 2009 (từ số 112 - 218)",2009,1,"http://ktdl.soxaydung.hungyen.gov.vn/systems/filesviewdetail/iid/2184/index.aspx?am=0,1,2&rf=639253254828966929","[HS 1] Ký hiệu: H31.05.02.H31.09.2009.329 | Mã HT: H31.09.2009.002184 | Năm: 2009 (THBQ: 1) | Tiêu đề: Tập lưu Công văn của Sở Xây dựng tỉnh Hưng Yên năm 2009 (từ số 112 - 218) ; [HS 2] Ký hiệu: H31.05.02.H31.09.2009.329 | Mã HT: H31.09.2009.002285 | Năm: 2009 (THBQ: 1) | Tiêu đề: Tập lưu Công văn của Sở Xây dựng tỉnh Hưng Yên năm 2009 (từ số 112 - 218) ; [HS 3] Ký hiệu: H31.05.02.H31.09.2009.329 | Mã HT: H31.09.2009.002462 | Năm: 2009 (THBQ: 1) | Tiêu đề: Tập lưu Công văn của Sở Xây dựng tỉnh Hưng Yên năm 2009 (từ số 112 - 218) ; [HS 4] Ký hiệu: H31.05.02.H31.09.2009.329 | Mã HT: H31.09.2009.002639 | Năm: 2009 (THBQ: 1) | Tiêu đề: Tập lưu Công văn của Sở Xây dựng tỉnh Hưng Yên năm 2009 (từ số 112 - 218) ; [HS 5] Ký hiệu: H31.05.02.H31.09.2009.329 | Mã HT: H31.09.2009.005618 | Năm: 2009 (THBQ: 1) | Tiêu đề: Tập lưu Công văn của Sở Xây dựng tỉnh Hưng Yên năm 2009 (từ số 112 - 218) ; [HS 6] Ký hiệu: H31.05.02.H31.09.2009.329 | Mã HT: H31.09.2009.008597 | Năm: 2009 (THBQ: 1) | Tiêu đề: Tập lưu Công văn của Sở Xây dựng tỉnh Hưng Yên năm 2009 (từ số 112 - 218)",""
50,"H31.05.02.H31.09.2009.330",ĐÃ TỒN TẠI (6 HS),6,"CÙNG TIÊU ĐỀ","Có 6 hồ sơ trùng hoàn toàn cả Tên, Ký hiệu và Năm","H31.05.02.H31.09.2009.330","H31.09.2009.002185","Hồ sơ Tập lưu Công văn của Sở Xây dựng tỉnh Hưng Yên năm 2009 (từ số 219 - 294)",2009,1,"http://ktdl.soxaydung.hungyen.gov.vn/systems/filesviewdetail/iid/2185/index.aspx?am=0,1,2&rf=639253254836780012","[HS 1] Ký hiệu: H31.05.02.H31.09.2009.330 | Mã HT: H31.09.2009.002185 | Năm: 2009 (THBQ: 1) | Tiêu đề: Hồ sơ Tập lưu Công văn của Sở Xây dựng tỉnh Hưng Yên năm 2009 (từ số 219 - 294) ; [HS 2] Ký hiệu: H31.05.02.H31.09.2009.330 | Mã HT: H31.09.2009.002286 | Năm: 2009 (THBQ: 1) | Tiêu đề: Hồ sơ Tập lưu Công văn của Sở Xây dựng tỉnh Hưng Yên năm 2009 (từ số 219 - 294) ; [HS 3] Ký hiệu: H31.05.02.H31.09.2009.330 | Mã HT: H31.09.2009.002463 | Năm: 2009 (THBQ: 1) | Tiêu đề: Hồ sơ Tập lưu Công văn của Sở Xây dựng tỉnh Hưng Yên năm 2009 (từ số 219 - 294) ; [HS 4] Ký hiệu: H31.05.02.H31.09.2009.330 | Mã HT: H31.09.2009.002640 | Năm: 2009 (THBQ: 1) | Tiêu đề: Hồ sơ Tập lưu Công văn của Sở Xây dựng tỉnh Hưng Yên năm 2009 (từ số 219 - 294) ; [HS 5] Ký hiệu: H31.05.02.H31.09.2009.330 | Mã HT: H31.09.2009.005619 | Năm: 2009 (THBQ: 1) | Tiêu đề: Hồ sơ Tập lưu Công văn của Sở Xây dựng tỉnh Hưng Yên năm 2009 (từ số 219 - 294) ; [HS 6] Ký hiệu: H31.05.02.H31.09.2009.330 | Mã HT: H31.09.2009.008598 | Năm: 2009 (THBQ: 1) | Tiêu đề: Hồ sơ Tập lưu Công văn của Sở Xây dựng tỉnh Hưng Yên năm 2009 (từ số 219 - 294)",""
51,"H31.05.02.H31.09.2009.331",ĐÃ TỒN TẠI (6 HS),6,"CÙNG TIÊU ĐỀ","Có 6 hồ sơ trùng hoàn toàn cả Tên, Ký hiệu và Năm","H31.05.02.H31.09.2009.331","H31.09.2009.002186","Tập lưu Công văn của Sở Xây dựng tỉnh Hưng Yên năm 2009 (từ số 295 - 364)",2009,1,"http://ktdl.soxaydung.hungyen.gov.vn/systems/filesviewdetail/iid/2186/index.aspx?am=0,1,2&rf=639253254844279729","[HS 1] Ký hiệu: H31.05.02.H31.09.2009.331 | Mã HT: H31.09.2009.002186 | Năm: 2009 (THBQ: 1) | Tiêu đề: Tập lưu Công văn của Sở Xây dựng tỉnh Hưng Yên năm 2009 (từ số 295 - 364) ; [HS 2] Ký hiệu: H31.05.02.H31.09.2009.331 | Mã HT: H31.09.2009.002287 | Năm: 2009 (THBQ: 1) | Tiêu đề: Tập lưu Công văn của Sở Xây dựng tỉnh Hưng Yên năm 2009 (từ số 295 - 364) ; [HS 3] Ký hiệu: H31.05.02.H31.09.2009.331 | Mã HT: H31.09.2009.002464 | Năm: 2009 (THBQ: 1) | Tiêu đề: Tập lưu Công văn của Sở Xây dựng tỉnh Hưng Yên năm 2009 (từ số 295 - 364) ; [HS 4] Ký hiệu: H31.05.02.H31.09.2009.331 | Mã HT: H31.09.2009.002641 | Năm: 2009 (THBQ: 1) | Tiêu đề: Tập lưu Công văn của Sở Xây dựng tỉnh Hưng Yên năm 2009 (từ số 295 - 364) ; [HS 5] Ký hiệu: H31.05.02.H31.09.2009.331 | Mã HT: H31.09.2009.005620 | Năm: 2009 (THBQ: 1) | Tiêu đề: Tập lưu Công văn của Sở Xây dựng tỉnh Hưng Yên năm 2009 (từ số 295 - 364) ; [HS 6] Ký hiệu: H31.05.02.H31.09.2009.331 | Mã HT: H31.09.2009.008599 | Năm: 2009 (THBQ: 1) | Tiêu đề: Tập lưu Công văn của Sở Xây dựng tỉnh Hưng Yên năm 2009 (từ số 295 - 364)",""
52,"H31.05.02.H31.09.2009.332",ĐÃ TỒN TẠI (6 HS),6,"CÙNG TIÊU ĐỀ","Có 6 hồ sơ trùng hoàn toàn cả Tên, Ký hiệu và Năm","H31.05.02.H31.09.2009.332","H31.09.2009.002187","Tập lưu Công văn của Sở Xây dựng tỉnh Hưng Yên năm 2009 (từ số 365 -475)",2009,1,"http://ktdl.soxaydung.hungyen.gov.vn/systems/filesviewdetail/iid/2187/index.aspx?am=0,1,2&rf=639253254851936141","[HS 1] Ký hiệu: H31.05.02.H31.09.2009.332 | Mã HT: H31.09.2009.002187 | Năm: 2009 (THBQ: 1) | Tiêu đề: Tập lưu Công văn của Sở Xây dựng tỉnh Hưng Yên năm 2009 (từ số 365 -475) ; [HS 2] Ký hiệu: H31.05.02.H31.09.2009.332 | Mã HT: H31.09.2009.002288 | Năm: 2009 (THBQ: 1) | Tiêu đề: Tập lưu Công văn của Sở Xây dựng tỉnh Hưng Yên năm 2009 (từ số 365 -475) ; [HS 3] Ký hiệu: H31.05.02.H31.09.2009.332 | Mã HT: H31.09.2009.002465 | Năm: 2009 (THBQ: 1) | Tiêu đề: Tập lưu Công văn của Sở Xây dựng tỉnh Hưng Yên năm 2009 (từ số 365 -475) ; [HS 4] Ký hiệu: H31.05.02.H31.09.2009.332 | Mã HT: H31.09.2009.002642 | Năm: 2009 (THBQ: 1) | Tiêu đề: Tập lưu Công văn của Sở Xây dựng tỉnh Hưng Yên năm 2009 (từ số 365 -475) ; [HS 5] Ký hiệu: H31.05.02.H31.09.2009.332 | Mã HT: H31.09.2009.005621 | Năm: 2009 (THBQ: 1) | Tiêu đề: Tập lưu Công văn của Sở Xây dựng tỉnh Hưng Yên năm 2009 (từ số 365 -475) ; [HS 6] Ký hiệu: H31.05.02.H31.09.2009.332 | Mã HT: H31.09.2009.008600 | Năm: 2009 (THBQ: 1) | Tiêu đề: Tập lưu Công văn của Sở Xây dựng tỉnh Hưng Yên năm 2009 (từ số 365 -475)",""
53,"H31.05.02.H31.09.2009.333",ĐÃ TỒN TẠI (6 HS),6,"CÙNG TIÊU ĐỀ","Có 6 hồ sơ trùng hoàn toàn cả Tên, Ký hiệu và Năm","H31.05.02.H31.09.2009.333","H31.09.2009.002188","Tập lưu Công văn của Sở Xây dựng tỉnh Hưng Yên năm 2009
(từ số 476 - 619)",2009,1,"http://ktdl.soxaydung.hungyen.gov.vn/systems/filesviewdetail/iid/2188/index.aspx?am=0,1,2&rf=639253254859280041","[HS 1] Ký hiệu: H31.05.02.H31.09.2009.333 | Mã HT: H31.09.2009.002188 | Năm: 2009 (THBQ: 1) | Tiêu đề: Tập lưu Công văn của Sở Xây dựng tỉnh Hưng Yên năm 2009
(từ số 476 - 619) ; [HS 2] Ký hiệu: H31.05.02.H31.09.2009.333 | Mã HT: H31.09.2009.002289 | Năm: 2009 (THBQ: 1) | Tiêu đề: Tập lưu Công văn của Sở Xây dựng tỉnh Hưng Yên năm 2009
(từ số 476 - 619) ; [HS 3] Ký hiệu: H31.05.02.H31.09.2009.333 | Mã HT: H31.09.2009.002466 | Năm: 2009 (THBQ: 1) | Tiêu đề: Tập lưu Công văn của Sở Xây dựng tỉnh Hưng Yên năm 2009
(từ số 476 - 619) ; [HS 4] Ký hiệu: H31.05.02.H31.09.2009.333 | Mã HT: H31.09.2009.002643 | Năm: 2009 (THBQ: 1) | Tiêu đề: Tập lưu Công văn của Sở Xây dựng tỉnh Hưng Yên năm 2009
(từ số 476 - 619) ; [HS 5] Ký hiệu: H31.05.02.H31.09.2009.333 | Mã HT: H31.09.2009.005622 | Năm: 2009 (THBQ: 1) | Tiêu đề: Tập lưu Công văn của Sở Xây dựng tỉnh Hưng Yên năm 2009
(từ số 476 - 619) ; [HS 6] Ký hiệu: H31.05.02.H31.09.2009.333 | Mã HT: H31.09.2009.008601 | Năm: 2009 (THBQ: 1) | Tiêu đề: Tập lưu Công văn của Sở Xây dựng tỉnh Hưng Yên năm 2009
(từ số 476 - 619)",""
54,"H31.05.02.H31.09.2009.334",ĐÃ TỒN TẠI (6 HS),6,"CÙNG TIÊU ĐỀ","Có 6 hồ sơ trùng hoàn toàn cả Tên, Ký hiệu và Năm","H31.05.02.H31.09.2009.334","H31.09.2009.002189","Tập lưu Tờ trình của Sở Xây dựng tỉnh Hưng Yên năm 2009 (từ số 01 - 60)",2009,1,"http://ktdl.soxaydung.hungyen.gov.vn/systems/filesviewdetail/iid/2189/index.aspx?am=0,1,2&rf=639253254866937129","[HS 1] Ký hiệu: H31.05.02.H31.09.2009.334 | Mã HT: H31.09.2009.002189 | Năm: 2009 (THBQ: 1) | Tiêu đề: Tập lưu Tờ trình của Sở Xây dựng tỉnh Hưng Yên năm 2009 (từ số 01 - 60) ; [HS 2] Ký hiệu: H31.05.02.H31.09.2009.334 | Mã HT: H31.09.2009.002290 | Năm: 2009 (THBQ: 1) | Tiêu đề: Tập lưu Tờ trình của Sở Xây dựng tỉnh Hưng Yên năm 2009 (từ số 01 - 60) ; [HS 3] Ký hiệu: H31.05.02.H31.09.2009.334 | Mã HT: H31.09.2009.002467 | Năm: 2009 (THBQ: 1) | Tiêu đề: Tập lưu Tờ trình của Sở Xây dựng tỉnh Hưng Yên năm 2009 (từ số 01 - 60) ; [HS 4] Ký hiệu: H31.05.02.H31.09.2009.334 | Mã HT: H31.09.2009.002644 | Năm: 2009 (THBQ: 1) | Tiêu đề: Tập lưu Tờ trình của Sở Xây dựng tỉnh Hưng Yên năm 2009 (từ số 01 - 60) ; [HS 5] Ký hiệu: H31.05.02.H31.09.2009.334 | Mã HT: H31.09.2009.005623 | Năm: 2009 (THBQ: 1) | Tiêu đề: Tập lưu Tờ trình của Sở Xây dựng tỉnh Hưng Yên năm 2009 (từ số 01 - 60) ; [HS 6] Ký hiệu: H31.05.02.H31.09.2009.334 | Mã HT: H31.09.2009.008602 | Năm: 2009 (THBQ: 1) | Tiêu đề: Tập lưu Tờ trình của Sở Xây dựng tỉnh Hưng Yên năm 2009 (từ số 01 - 60)",""
55,"H31.05.02.H31.09.2009.335",ĐÃ TỒN TẠI (6 HS),6,"CÙNG TIÊU ĐỀ","Có 6 hồ sơ trùng hoàn toàn cả Tên, Ký hiệu và Năm","H31.05.02.H31.09.2009.335","H31.09.2009.002190","Tập lưu Tờ trình của Sở Xây dựng tỉnh Hưng Yên năm 2009 (từ số 61 - 125)",2009,1,"http://ktdl.soxaydung.hungyen.gov.vn/systems/filesviewdetail/iid/2190/index.aspx?am=0,1,2&rf=639253254874593531","[HS 1] Ký hiệu: H31.05.02.H31.09.2009.335 | Mã HT: H31.09.2009.002190 | Năm: 2009 (THBQ: 1) | Tiêu đề: Tập lưu Tờ trình của Sở Xây dựng tỉnh Hưng Yên năm 2009 (từ số 61 - 125) ; [HS 2] Ký hiệu: H31.05.02.H31.09.2009.335 | Mã HT: H31.09.2009.002291 | Năm: 2009 (THBQ: 1) | Tiêu đề: Tập lưu Tờ trình của Sở Xây dựng tỉnh Hưng Yên năm 2009 (từ số 61 - 125) ; [HS 3] Ký hiệu: H31.05.02.H31.09.2009.335 | Mã HT: H31.09.2009.002468 | Năm: 2009 (THBQ: 1) | Tiêu đề: Tập lưu Tờ trình của Sở Xây dựng tỉnh Hưng Yên năm 2009 (từ số 61 - 125) ; [HS 4] Ký hiệu: H31.05.02.H31.09.2009.335 | Mã HT: H31.09.2009.002645 | Năm: 2009 (THBQ: 1) | Tiêu đề: Tập lưu Tờ trình của Sở Xây dựng tỉnh Hưng Yên năm 2009 (từ số 61 - 125) ; [HS 5] Ký hiệu: H31.05.02.H31.09.2009.335 | Mã HT: H31.09.2009.005624 | Năm: 2009 (THBQ: 1) | Tiêu đề: Tập lưu Tờ trình của Sở Xây dựng tỉnh Hưng Yên năm 2009 (từ số 61 - 125) ; [HS 6] Ký hiệu: H31.05.02.H31.09.2009.335 | Mã HT: H31.09.2009.008603 | Năm: 2009 (THBQ: 1) | Tiêu đề: Tập lưu Tờ trình của Sở Xây dựng tỉnh Hưng Yên năm 2009 (từ số 61 - 125)",""
56,"H31.05.02.H31.09.2009.336",ĐÃ TỒN TẠI (6 HS),6,"CÙNG TIÊU ĐỀ","Có 6 hồ sơ trùng hoàn toàn cả Tên, Ký hiệu và Năm","H31.05.02.H31.09.2009.336","H31.09.2009.002191","Tập lưu thông báo của Sở Xây dựng tỉnh Hưng Yên năm 2009 (từ số 01 - 89)",2009,1,"http://ktdl.soxaydung.hungyen.gov.vn/systems/filesviewdetail/iid/2191/index.aspx?am=0,1,2&rf=639253254882093490","[HS 1] Ký hiệu: H31.05.02.H31.09.2009.336 | Mã HT: H31.09.2009.002191 | Năm: 2009 (THBQ: 1) | Tiêu đề: Tập lưu thông báo của Sở Xây dựng tỉnh Hưng Yên năm 2009 (từ số 01 - 89) ; [HS 2] Ký hiệu: H31.05.02.H31.09.2009.336 | Mã HT: H31.09.2009.002292 | Năm: 2009 (THBQ: 1) | Tiêu đề: Tập lưu thông báo của Sở Xây dựng tỉnh Hưng Yên năm 2009 (từ số 01 - 89) ; [HS 3] Ký hiệu: H31.05.02.H31.09.2009.336 | Mã HT: H31.09.2009.002469 | Năm: 2009 (THBQ: 1) | Tiêu đề: Tập lưu thông báo của Sở Xây dựng tỉnh Hưng Yên năm 2009 (từ số 01 - 89) ; [HS 4] Ký hiệu: H31.05.02.H31.09.2009.336 | Mã HT: H31.09.2009.002646 | Năm: 2009 (THBQ: 1) | Tiêu đề: Tập lưu thông báo của Sở Xây dựng tỉnh Hưng Yên năm 2009 (từ số 01 - 89) ; [HS 5] Ký hiệu: H31.05.02.H31.09.2009.336 | Mã HT: H31.09.2009.005625 | Năm: 2009 (THBQ: 1) | Tiêu đề: Tập lưu thông báo của Sở Xây dựng tỉnh Hưng Yên năm 2009 (từ số 01 - 89) ; [HS 6] Ký hiệu: H31.05.02.H31.09.2009.336 | Mã HT: H31.09.2009.008604 | Năm: 2009 (THBQ: 1) | Tiêu đề: Tập lưu thông báo của Sở Xây dựng tỉnh Hưng Yên năm 2009 (từ số 01 - 89)",""
57,"H31.05.02.H31.09.2009.337",ĐÃ TỒN TẠI (6 HS),6,"CÙNG TIÊU ĐỀ","Có 6 hồ sơ trùng hoàn toàn cả Tên, Ký hiệu và Năm","H31.05.02.H31.09.2009.337","H31.09.2009.002192","Tập lưu thông báo của Sở Xây dựng tỉnh Hưng Yên năm 2009 (từ số 90 - 179)",2009,1,"http://ktdl.soxaydung.hungyen.gov.vn/systems/filesviewdetail/iid/2192/index.aspx?am=0,1,2&rf=639253254890218159","[HS 1] Ký hiệu: H31.05.02.H31.09.2009.337 | Mã HT: H31.09.2009.002192 | Năm: 2009 (THBQ: 1) | Tiêu đề: Tập lưu thông báo của Sở Xây dựng tỉnh Hưng Yên năm 2009 (từ số 90 - 179) ; [HS 2] Ký hiệu: H31.05.02.H31.09.2009.337 | Mã HT: H31.09.2009.002293 | Năm: 2009 (THBQ: 1) | Tiêu đề: Tập lưu thông báo của Sở Xây dựng tỉnh Hưng Yên năm 2009 (từ số 90 - 179) ; [HS 3] Ký hiệu: H31.05.02.H31.09.2009.337 | Mã HT: H31.09.2009.002470 | Năm: 2009 (THBQ: 1) | Tiêu đề: Tập lưu thông báo của Sở Xây dựng tỉnh Hưng Yên năm 2009 (từ số 90 - 179) ; [HS 4] Ký hiệu: H31.05.02.H31.09.2009.337 | Mã HT: H31.09.2009.002647 | Năm: 2009 (THBQ: 1) | Tiêu đề: Tập lưu thông báo của Sở Xây dựng tỉnh Hưng Yên năm 2009 (từ số 90 - 179) ; [HS 5] Ký hiệu: H31.05.02.H31.09.2009.337 | Mã HT: H31.09.2009.005626 | Năm: 2009 (THBQ: 1) | Tiêu đề: Tập lưu thông báo của Sở Xây dựng tỉnh Hưng Yên năm 2009 (từ số 90 - 179) ; [HS 6] Ký hiệu: H31.05.02.H31.09.2009.337 | Mã HT: H31.09.2009.008605 | Năm: 2009 (THBQ: 1) | Tiêu đề: Tập lưu thông báo của Sở Xây dựng tỉnh Hưng Yên năm 2009 (từ số 90 - 179)",""
58,"H31.05.02.H31.09.2009.338",ĐÃ TỒN TẠI (6 HS),6,"CÙNG TIÊU ĐỀ","Có 6 hồ sơ trùng hoàn toàn cả Tên, Ký hiệu và Năm","H31.05.02.H31.09.2009.338","H31.09.2009.002193","Tập lưu Thông báo của Sở Xây dựng tỉnh Hưng Yên năm 2009 (từ số 180 - 199)",2009,1,"http://ktdl.soxaydung.hungyen.gov.vn/systems/filesviewdetail/iid/2193/index.aspx?am=0,1,2&rf=639253254897405764","[HS 1] Ký hiệu: H31.05.02.H31.09.2009.338 | Mã HT: H31.09.2009.002193 | Năm: 2009 (THBQ: 1) | Tiêu đề: Tập lưu Thông báo của Sở Xây dựng tỉnh Hưng Yên năm 2009 (từ số 180 - 199) ; [HS 2] Ký hiệu: H31.05.02.H31.09.2009.338 | Mã HT: H31.09.2009.002294 | Năm: 2009 (THBQ: 1) | Tiêu đề: Tập lưu Thông báo của Sở Xây dựng tỉnh Hưng Yên năm 2009 (từ số 180 - 199) ; [HS 3] Ký hiệu: H31.05.02.H31.09.2009.338 | Mã HT: H31.09.2009.002471 | Năm: 2009 (THBQ: 1) | Tiêu đề: Tập lưu Thông báo của Sở Xây dựng tỉnh Hưng Yên năm 2009 (từ số 180 - 199) ; [HS 4] Ký hiệu: H31.05.02.H31.09.2009.338 | Mã HT: H31.09.2009.002648 | Năm: 2009 (THBQ: 1) | Tiêu đề: Tập lưu Thông báo của Sở Xây dựng tỉnh Hưng Yên năm 2009 (từ số 180 - 199) ; [HS 5] Ký hiệu: H31.05.02.H31.09.2009.338 | Mã HT: H31.09.2009.005627 | Năm: 2009 (THBQ: 1) | Tiêu đề: Tập lưu Thông báo của Sở Xây dựng tỉnh Hưng Yên năm 2009 (từ số 180 - 199) ; [HS 6] Ký hiệu: H31.05.02.H31.09.2009.338 | Mã HT: H31.09.2009.008606 | Năm: 2009 (THBQ: 1) | Tiêu đề: Tập lưu Thông báo của Sở Xây dựng tỉnh Hưng Yên năm 2009 (từ số 180 - 199)",""
59,"H31.05.02.H31.09.2009.339",ĐÃ TỒN TẠI (6 HS),6,"CÙNG TIÊU ĐỀ","Có 6 hồ sơ trùng hoàn toàn cả Tên, Ký hiệu và Năm","H31.05.02.H31.09.2009.339","H31.09.2009.002194","Tập lưu Kết quả thẩm định của Sở Xây dựng tỉnh Hưng Yên năm 2009 (từ số 01-41)",2009,1,"http://ktdl.soxaydung.hungyen.gov.vn/systems/filesviewdetail/iid/2194/index.aspx?am=0,1,2&rf=639253254904906422","[HS 1] Ký hiệu: H31.05.02.H31.09.2009.339 | Mã HT: H31.09.2009.002194 | Năm: 2009 (THBQ: 1) | Tiêu đề: Tập lưu Kết quả thẩm định của Sở Xây dựng tỉnh Hưng Yên năm 2009 (từ số 01-41) ; [HS 2] Ký hiệu: H31.05.02.H31.09.2009.339 | Mã HT: H31.09.2009.002295 | Năm: 2009 (THBQ: 1) | Tiêu đề: Tập lưu Kết quả thẩm định của Sở Xây dựng tỉnh Hưng Yên năm 2009 (từ số 01-41) ; [HS 3] Ký hiệu: H31.05.02.H31.09.2009.339 | Mã HT: H31.09.2009.002472 | Năm: 2009 (THBQ: 1) | Tiêu đề: Tập lưu Kết quả thẩm định của Sở Xây dựng tỉnh Hưng Yên năm 2009 (từ số 01-41) ; [HS 4] Ký hiệu: H31.05.02.H31.09.2009.339 | Mã HT: H31.09.2009.002649 | Năm: 2009 (THBQ: 1) | Tiêu đề: Tập lưu Kết quả thẩm định của Sở Xây dựng tỉnh Hưng Yên năm 2009 (từ số 01-41) ; [HS 5] Ký hiệu: H31.05.02.H31.09.2009.339 | Mã HT: H31.09.2009.005628 | Năm: 2009 (THBQ: 1) | Tiêu đề: Tập lưu Kết quả thẩm định của Sở Xây dựng tỉnh Hưng Yên năm 2009 (từ số 01-41) ; [HS 6] Ký hiệu: H31.05.02.H31.09.2009.339 | Mã HT: H31.09.2009.008607 | Năm: 2009 (THBQ: 1) | Tiêu đề: Tập lưu Kết quả thẩm định của Sở Xây dựng tỉnh Hưng Yên năm 2009 (từ số 01-41)",""
60,"H31.05.02.H31.09.2009.340",ĐÃ TỒN TẠI (6 HS),6,"CÙNG TIÊU ĐỀ","Có 6 hồ sơ trùng hoàn toàn cả Tên, Ký hiệu và Năm","H31.05.02.H31.09.2009.340","H31.09.2009.002195","Tập lưu Giấy phép xây dựng của Sở Xây dựng tỉnh Hưng Yên năm 2009 (từ số 01 -75)",2009,1,"http://ktdl.soxaydung.hungyen.gov.vn/systems/filesviewdetail/iid/2195/index.aspx?am=0,1,2&rf=639253254912250286","[HS 1] Ký hiệu: H31.05.02.H31.09.2009.340 | Mã HT: H31.09.2009.002195 | Năm: 2009 (THBQ: 1) | Tiêu đề: Tập lưu Giấy phép xây dựng của Sở Xây dựng tỉnh Hưng Yên năm 2009 (từ số 01 -75) ; [HS 2] Ký hiệu: H31.05.02.H31.09.2009.340 | Mã HT: H31.09.2009.002296 | Năm: 2009 (THBQ: 1) | Tiêu đề: Tập lưu Giấy phép xây dựng của Sở Xây dựng tỉnh Hưng Yên năm 2009 (từ số 01 -75) ; [HS 3] Ký hiệu: H31.05.02.H31.09.2009.340 | Mã HT: H31.09.2009.002473 | Năm: 2009 (THBQ: 1) | Tiêu đề: Tập lưu Giấy phép xây dựng của Sở Xây dựng tỉnh Hưng Yên năm 2009 (từ số 01 -75) ; [HS 4] Ký hiệu: H31.05.02.H31.09.2009.340 | Mã HT: H31.09.2009.002650 | Năm: 2009 (THBQ: 1) | Tiêu đề: Tập lưu Giấy phép xây dựng của Sở Xây dựng tỉnh Hưng Yên năm 2009 (từ số 01 -75) ; [HS 5] Ký hiệu: H31.05.02.H31.09.2009.340 | Mã HT: H31.09.2009.005629 | Năm: 2009 (THBQ: 1) | Tiêu đề: Tập lưu Giấy phép xây dựng của Sở Xây dựng tỉnh Hưng Yên năm 2009 (từ số 01 -75) ; [HS 6] Ký hiệu: H31.05.02.H31.09.2009.340 | Mã HT: H31.09.2009.008608 | Năm: 2009 (THBQ: 1) | Tiêu đề: Tập lưu Giấy phép xây dựng của Sở Xây dựng tỉnh Hưng Yên năm 2009 (từ số 01 -75)",""
61,"H31.05.02.H31.09.2010.341",ĐÃ TỒN TẠI (6 HS),6,"CÙNG TIÊU ĐỀ","Có 6 hồ sơ trùng hoàn toàn cả Tên, Ký hiệu và Năm","H31.05.02.H31.09.2010.341","H31.09.2010.002196","Tập lưu Quyết định của Sở Xây dựng tỉnh Hưng Yên năm 2010 (từ số 01 - 68)",2010,1,"http://ktdl.soxaydung.hungyen.gov.vn/systems/filesviewdetail/iid/2196/index.aspx?am=0,1,2&rf=639253254919906678","[HS 1] Ký hiệu: H31.05.02.H31.09.2010.341 | Mã HT: H31.09.2010.002196 | Năm: 2010 (THBQ: 1) | Tiêu đề: Tập lưu Quyết định của Sở Xây dựng tỉnh Hưng Yên năm 2010 (từ số 01 - 68) ; [HS 2] Ký hiệu: H31.05.02.H31.09.2010.341 | Mã HT: H31.09.2010.002297 | Năm: 2010 (THBQ: 1) | Tiêu đề: Tập lưu Quyết định của Sở Xây dựng tỉnh Hưng Yên năm 2010 (từ số 01 - 68) ; [HS 3] Ký hiệu: H31.05.02.H31.09.2010.341 | Mã HT: H31.09.2010.002474 | Năm: 2010 (THBQ: 1) | Tiêu đề: Tập lưu Quyết định của Sở Xây dựng tỉnh Hưng Yên năm 2010 (từ số 01 - 68) ; [HS 4] Ký hiệu: H31.05.02.H31.09.2010.341 | Mã HT: H31.09.2010.002651 | Năm: 2010 (THBQ: 1) | Tiêu đề: Tập lưu Quyết định của Sở Xây dựng tỉnh Hưng Yên năm 2010 (từ số 01 - 68) ; [HS 5] Ký hiệu: H31.05.02.H31.09.2010.341 | Mã HT: H31.09.2010.005630 | Năm: 2010 (THBQ: 1) | Tiêu đề: Tập lưu Quyết định của Sở Xây dựng tỉnh Hưng Yên năm 2010 (từ số 01 - 68) ; [HS 6] Ký hiệu: H31.05.02.H31.09.2010.341 | Mã HT: H31.09.2010.008609 | Năm: 2010 (THBQ: 1) | Tiêu đề: Tập lưu Quyết định của Sở Xây dựng tỉnh Hưng Yên năm 2010 (từ số 01 - 68)",""
62,"H31.05.02.H31.09.2010.342",ĐÃ TỒN TẠI (6 HS),6,"CÙNG TIÊU ĐỀ","Có 6 hồ sơ trùng hoàn toàn cả Tên, Ký hiệu và Năm","H31.05.02.H31.09.2010.342","H31.09.2010.002197","Tập lưu Quyết định của Sở Xây dựng tỉnh Hưng Yên năm 2010 (từ số 69 - 141)",2010,1,"http://ktdl.soxaydung.hungyen.gov.vn/systems/filesviewdetail/iid/2197/index.aspx?am=0,1,2&rf=639253254927406510","[HS 1] Ký hiệu: H31.05.02.H31.09.2010.342 | Mã HT: H31.09.2010.002197 | Năm: 2010 (THBQ: 1) | Tiêu đề: Tập lưu Quyết định của Sở Xây dựng tỉnh Hưng Yên năm 2010 (từ số 69 - 141) ; [HS 2] Ký hiệu: H31.05.02.H31.09.2010.342 | Mã HT: H31.09.2010.002298 | Năm: 2010 (THBQ: 1) | Tiêu đề: Tập lưu Quyết định của Sở Xây dựng tỉnh Hưng Yên năm 2010 (từ số 69 - 141) ; [HS 3] Ký hiệu: H31.05.02.H31.09.2010.342 | Mã HT: H31.09.2010.002475 | Năm: 2010 (THBQ: 1) | Tiêu đề: Tập lưu Quyết định của Sở Xây dựng tỉnh Hưng Yên năm 2010 (từ số 69 - 141) ; [HS 4] Ký hiệu: H31.05.02.H31.09.2010.342 | Mã HT: H31.09.2010.002652 | Năm: 2010 (THBQ: 1) | Tiêu đề: Tập lưu Quyết định của Sở Xây dựng tỉnh Hưng Yên năm 2010 (từ số 69 - 141) ; [HS 5] Ký hiệu: H31.05.02.H31.09.2010.342 | Mã HT: H31.09.2010.005631 | Năm: 2010 (THBQ: 1) | Tiêu đề: Tập lưu Quyết định của Sở Xây dựng tỉnh Hưng Yên năm 2010 (từ số 69 - 141) ; [HS 6] Ký hiệu: H31.05.02.H31.09.2010.342 | Mã HT: H31.09.2010.008610 | Năm: 2010 (THBQ: 1) | Tiêu đề: Tập lưu Quyết định của Sở Xây dựng tỉnh Hưng Yên năm 2010 (từ số 69 - 141)",""
63,"H31.05.02.H31.09.2010.343",ĐÃ TỒN TẠI (6 HS),6,"CÙNG TIÊU ĐỀ","Có 6 hồ sơ trùng hoàn toàn cả Tên, Ký hiệu và Năm","H31.05.02.H31.09.2010.343","H31.09.2010.002198","Hồ sơ Tập lưu Báo cáo của Sở Xây dựng tỉnh Hưng Yên năm 2010 (từ số 01-67)",2010,1,"http://ktdl.soxaydung.hungyen.gov.vn/systems/filesviewdetail/iid/2198/index.aspx?am=0,1,2&rf=639253254934750270","[HS 1] Ký hiệu: H31.05.02.H31.09.2010.343 | Mã HT: H31.09.2010.002198 | Năm: 2010 (THBQ: 1) | Tiêu đề: Hồ sơ Tập lưu Báo cáo của Sở Xây dựng tỉnh Hưng Yên năm 2010 (từ số 01-67) ; [HS 2] Ký hiệu: H31.05.02.H31.09.2010.343 | Mã HT: H31.09.2010.002299 | Năm: 2010 (THBQ: 1) | Tiêu đề: Hồ sơ Tập lưu Báo cáo của Sở Xây dựng tỉnh Hưng Yên năm 2010 (từ số 01-67) ; [HS 3] Ký hiệu: H31.05.02.H31.09.2010.343 | Mã HT: H31.09.2010.002476 | Năm: 2010 (THBQ: 1) | Tiêu đề: Hồ sơ Tập lưu Báo cáo của Sở Xây dựng tỉnh Hưng Yên năm 2010 (từ số 01-67) ; [HS 4] Ký hiệu: H31.05.02.H31.09.2010.343 | Mã HT: H31.09.2010.002653 | Năm: 2010 (THBQ: 1) | Tiêu đề: Hồ sơ Tập lưu Báo cáo của Sở Xây dựng tỉnh Hưng Yên năm 2010 (từ số 01-67) ; [HS 5] Ký hiệu: H31.05.02.H31.09.2010.343 | Mã HT: H31.09.2010.005632 | Năm: 2010 (THBQ: 1) | Tiêu đề: Hồ sơ Tập lưu Báo cáo của Sở Xây dựng tỉnh Hưng Yên năm 2010 (từ số 01-67) ; [HS 6] Ký hiệu: H31.05.02.H31.09.2010.343 | Mã HT: H31.09.2010.008611 | Năm: 2010 (THBQ: 1) | Tiêu đề: Hồ sơ Tập lưu Báo cáo của Sở Xây dựng tỉnh Hưng Yên năm 2010 (từ số 01-67)",""
64,"H31.05.02.H31.09.2010.344",ĐÃ TỒN TẠI (6 HS),6,"CÙNG TIÊU ĐỀ","Có 6 hồ sơ trùng hoàn toàn cả Tên, Ký hiệu và Năm","H31.05.02.H31.09.2010.344","H31.09.2010.002199","Tập lưu Tờ trình của Sở Xây dựng tỉnh Hưng Yên năm 2010 (từ số 01 - 60)",2010,1,"http://ktdl.soxaydung.hungyen.gov.vn/systems/filesviewdetail/iid/2199/index.aspx?am=0,1,2&rf=639253254942719685","[HS 1] Ký hiệu: H31.05.02.H31.09.2010.344 | Mã HT: H31.09.2010.002199 | Năm: 2010 (THBQ: 1) | Tiêu đề: Tập lưu Tờ trình của Sở Xây dựng tỉnh Hưng Yên năm 2010 (từ số 01 - 60) ; [HS 2] Ký hiệu: H31.05.02.H31.09.2010.344 | Mã HT: H31.09.2010.002300 | Năm: 2010 (THBQ: 1) | Tiêu đề: Tập lưu Tờ trình của Sở Xây dựng tỉnh Hưng Yên năm 2010 (từ số 01 - 60) ; [HS 3] Ký hiệu: H31.05.02.H31.09.2010.344 | Mã HT: H31.09.2010.002477 | Năm: 2010 (THBQ: 1) | Tiêu đề: Tập lưu Tờ trình của Sở Xây dựng tỉnh Hưng Yên năm 2010 (từ số 01 - 60) ; [HS 4] Ký hiệu: H31.05.02.H31.09.2010.344 | Mã HT: H31.09.2010.002654 | Năm: 2010 (THBQ: 1) | Tiêu đề: Tập lưu Tờ trình của Sở Xây dựng tỉnh Hưng Yên năm 2010 (từ số 01 - 60) ; [HS 5] Ký hiệu: H31.05.02.H31.09.2010.344 | Mã HT: H31.09.2010.005633 | Năm: 2010 (THBQ: 1) | Tiêu đề: Tập lưu Tờ trình của Sở Xây dựng tỉnh Hưng Yên năm 2010 (từ số 01 - 60) ; [HS 6] Ký hiệu: H31.05.02.H31.09.2010.344 | Mã HT: H31.09.2010.008612 | Năm: 2010 (THBQ: 1) | Tiêu đề: Tập lưu Tờ trình của Sở Xây dựng tỉnh Hưng Yên năm 2010 (từ số 01 - 60)",""
65,"H31.05.02.H31.09.2010.345",ĐÃ TỒN TẠI (6 HS),6,"CÙNG TIÊU ĐỀ","Có 6 hồ sơ trùng hoàn toàn cả Tên, Ký hiệu và Năm","H31.05.02.H31.09.2010.345","H31.09.2010.002200","Tập lưu Tờ trình của Sở Xây dựng tỉnh Hưng Yên năm 2010 
(từ số 61 - 109)",2010,1,"http://ktdl.soxaydung.hungyen.gov.vn/systems/filesviewdetail/iid/2200/index.aspx?am=0,1,2&rf=639253254950219335","[HS 1] Ký hiệu: H31.05.02.H31.09.2010.345 | Mã HT: H31.09.2010.002200 | Năm: 2010 (THBQ: 1) | Tiêu đề: Tập lưu Tờ trình của Sở Xây dựng tỉnh Hưng Yên năm 2010 
(từ số 61 - 109) ; [HS 2] Ký hiệu: H31.05.02.H31.09.2010.345 | Mã HT: H31.09.2010.002301 | Năm: 2010 (THBQ: 1) | Tiêu đề: Tập lưu Tờ trình của Sở Xây dựng tỉnh Hưng Yên năm 2010 
(từ số 61 - 109) ; [HS 3] Ký hiệu: H31.05.02.H31.09.2010.345 | Mã HT: H31.09.2010.002478 | Năm: 2010 (THBQ: 1) | Tiêu đề: Tập lưu Tờ trình của Sở Xây dựng tỉnh Hưng Yên năm 2010 
(từ số 61 - 109) ; [HS 4] Ký hiệu: H31.05.02.H31.09.2010.345 | Mã HT: H31.09.2010.002655 | Năm: 2010 (THBQ: 1) | Tiêu đề: Tập lưu Tờ trình của Sở Xây dựng tỉnh Hưng Yên năm 2010 
(từ số 61 - 109) ; [HS 5] Ký hiệu: H31.05.02.H31.09.2010.345 | Mã HT: H31.09.2010.005634 | Năm: 2010 (THBQ: 1) | Tiêu đề: Tập lưu Tờ trình của Sở Xây dựng tỉnh Hưng Yên năm 2010 
(từ số 61 - 109) ; [HS 6] Ký hiệu: H31.05.02.H31.09.2010.345 | Mã HT: H31.09.2010.008613 | Năm: 2010 (THBQ: 1) | Tiêu đề: Tập lưu Tờ trình của Sở Xây dựng tỉnh Hưng Yên năm 2010 
(từ số 61 - 109)",""
66,"H31.05.02.H31.09.2010.346",ĐÃ TỒN TẠI (6 HS),6,"CÙNG TIÊU ĐỀ","Có 6 hồ sơ trùng hoàn toàn cả Tên, Ký hiệu và Năm","H31.05.02.H31.09.2010.346","H31.09.2010.002201","Tập lưu thông báo của Sở Xây dựng tỉnh Hưng Yên năm 2010 (từ số 01 - 74)",2010,1,"http://ktdl.soxaydung.hungyen.gov.vn/systems/filesviewdetail/iid/2201/index.aspx?am=0,1,2&rf=639253254957876507","[HS 1] Ký hiệu: H31.05.02.H31.09.2010.346 | Mã HT: H31.09.2010.002201 | Năm: 2010 (THBQ: 1) | Tiêu đề: Tập lưu thông báo của Sở Xây dựng tỉnh Hưng Yên năm 2010 (từ số 01 - 74) ; [HS 2] Ký hiệu: H31.05.02.H31.09.2010.346 | Mã HT: H31.09.2010.002302 | Năm: 2010 (THBQ: 1) | Tiêu đề: Tập lưu thông báo của Sở Xây dựng tỉnh Hưng Yên năm 2010 (từ số 01 - 74) ; [HS 3] Ký hiệu: H31.05.02.H31.09.2010.346 | Mã HT: H31.09.2010.002479 | Năm: 2010 (THBQ: 1) | Tiêu đề: Tập lưu thông báo của Sở Xây dựng tỉnh Hưng Yên năm 2010 (từ số 01 - 74) ; [HS 4] Ký hiệu: H31.05.02.H31.09.2010.346 | Mã HT: H31.09.2010.002656 | Năm: 2010 (THBQ: 1) | Tiêu đề: Tập lưu thông báo của Sở Xây dựng tỉnh Hưng Yên năm 2010 (từ số 01 - 74) ; [HS 5] Ký hiệu: H31.05.02.H31.09.2010.346 | Mã HT: H31.09.2010.005635 | Năm: 2010 (THBQ: 1) | Tiêu đề: Tập lưu thông báo của Sở Xây dựng tỉnh Hưng Yên năm 2010 (từ số 01 - 74) ; [HS 6] Ký hiệu: H31.05.02.H31.09.2010.346 | Mã HT: H31.09.2010.008614 | Năm: 2010 (THBQ: 1) | Tiêu đề: Tập lưu thông báo của Sở Xây dựng tỉnh Hưng Yên năm 2010 (từ số 01 - 74)",""
67,"H31.05.02.H31.09.2010.347",ĐÃ TỒN TẠI (6 HS),6,"CÙNG TIÊU ĐỀ","Có 6 hồ sơ trùng hoàn toàn cả Tên, Ký hiệu và Năm","H31.05.02.H31.09.2010.347","H31.09.2010.002202","Tập lưu Thông báo của Sở Xây dựng tỉnh Hưng Yên năm 2010 (từ số 75 - 126)",2010,1,"http://ktdl.soxaydung.hungyen.gov.vn/systems/filesviewdetail/iid/2202/index.aspx?am=0,1,2&rf=639253254965375911","[HS 1] Ký hiệu: H31.05.02.H31.09.2010.347 | Mã HT: H31.09.2010.002202 | Năm: 2010 (THBQ: 1) | Tiêu đề: Tập lưu Thông báo của Sở Xây dựng tỉnh Hưng Yên năm 2010 (từ số 75 - 126) ; [HS 2] Ký hiệu: H31.05.02.H31.09.2010.347 | Mã HT: H31.09.2010.002303 | Năm: 2010 (THBQ: 1) | Tiêu đề: Tập lưu Thông báo của Sở Xây dựng tỉnh Hưng Yên năm 2010 (từ số 75 - 126) ; [HS 3] Ký hiệu: H31.05.02.H31.09.2010.347 | Mã HT: H31.09.2010.002480 | Năm: 2010 (THBQ: 1) | Tiêu đề: Tập lưu Thông báo của Sở Xây dựng tỉnh Hưng Yên năm 2010 (từ số 75 - 126) ; [HS 4] Ký hiệu: H31.05.02.H31.09.2010.347 | Mã HT: H31.09.2010.002657 | Năm: 2010 (THBQ: 1) | Tiêu đề: Tập lưu Thông báo của Sở Xây dựng tỉnh Hưng Yên năm 2010 (từ số 75 - 126) ; [HS 5] Ký hiệu: H31.05.02.H31.09.2010.347 | Mã HT: H31.09.2010.005636 | Năm: 2010 (THBQ: 1) | Tiêu đề: Tập lưu Thông báo của Sở Xây dựng tỉnh Hưng Yên năm 2010 (từ số 75 - 126) ; [HS 6] Ký hiệu: H31.05.02.H31.09.2010.347 | Mã HT: H31.09.2010.008615 | Năm: 2010 (THBQ: 1) | Tiêu đề: Tập lưu Thông báo của Sở Xây dựng tỉnh Hưng Yên năm 2010 (từ số 75 - 126)",""
68,"H31.05.02.H31.09.2010.348",ĐÃ TỒN TẠI (6 HS),6,"CÙNG TIÊU ĐỀ","Có 6 hồ sơ trùng hoàn toàn cả Tên, Ký hiệu và Năm","H31.05.02.H31.09.2010.348","H31.09.2010.002203","Tập lưu Thông báo của Sở Xây dựng tỉnh Hưng Yên năm 2010.",2010,1,"http://ktdl.soxaydung.hungyen.gov.vn/systems/filesviewdetail/iid/2203/index.aspx?am=0,1,2&rf=639253254972876750","[HS 1] Ký hiệu: H31.05.02.H31.09.2010.348 | Mã HT: H31.09.2010.002203 | Năm: 2010 (THBQ: 1) | Tiêu đề: Tập lưu Thông báo của Sở Xây dựng tỉnh Hưng Yên năm 2010. ; [HS 2] Ký hiệu: H31.05.02.H31.09.2010.348 | Mã HT: H31.09.2010.002304 | Năm: 2010 (THBQ: 1) | Tiêu đề: Tập lưu Thông báo của Sở Xây dựng tỉnh Hưng Yên năm 2010. ; [HS 3] Ký hiệu: H31.05.02.H31.09.2010.348 | Mã HT: H31.09.2010.002481 | Năm: 2010 (THBQ: 1) | Tiêu đề: Tập lưu Thông báo của Sở Xây dựng tỉnh Hưng Yên năm 2010. ; [HS 4] Ký hiệu: H31.05.02.H31.09.2010.348 | Mã HT: H31.09.2010.002658 | Năm: 2010 (THBQ: 1) | Tiêu đề: Tập lưu Thông báo của Sở Xây dựng tỉnh Hưng Yên năm 2010. ; [HS 5] Ký hiệu: H31.05.02.H31.09.2010.348 | Mã HT: H31.09.2010.005637 | Năm: 2010 (THBQ: 1) | Tiêu đề: Tập lưu Thông báo của Sở Xây dựng tỉnh Hưng Yên năm 2010. ; [HS 6] Ký hiệu: H31.05.02.H31.09.2010.348 | Mã HT: H31.09.2010.008616 | Năm: 2010 (THBQ: 1) | Tiêu đề: Tập lưu Thông báo của Sở Xây dựng tỉnh Hưng Yên năm 2010.",""
69,"H31.05.02.H31.09.2010.349",ĐÃ TỒN TẠI (6 HS),6,"CÙNG TIÊU ĐỀ","Có 6 hồ sơ trùng hoàn toàn cả Tên, Ký hiệu và Năm","H31.05.02.H31.09.2010.349","H31.09.2010.002204","Tập lưu Thông báo của Sở Xây dựng tỉnh Hưng Yên năm 2010
(từ số 178 - 233)",2010,1,"http://ktdl.soxaydung.hungyen.gov.vn/systems/filesviewdetail/iid/2204/index.aspx?am=0,1,2&rf=639253254980532439","[HS 1] Ký hiệu: H31.05.02.H31.09.2010.349 | Mã HT: H31.09.2010.002204 | Năm: 2010 (THBQ: 1) | Tiêu đề: Tập lưu Thông báo của Sở Xây dựng tỉnh Hưng Yên năm 2010
(từ số 178 - 233) ; [HS 2] Ký hiệu: H31.05.02.H31.09.2010.349 | Mã HT: H31.09.2010.002305 | Năm: 2010 (THBQ: 1) | Tiêu đề: Tập lưu Thông báo của Sở Xây dựng tỉnh Hưng Yên năm 2010
(từ số 178 - 233) ; [HS 3] Ký hiệu: H31.05.02.H31.09.2010.349 | Mã HT: H31.09.2010.002482 | Năm: 2010 (THBQ: 1) | Tiêu đề: Tập lưu Thông báo của Sở Xây dựng tỉnh Hưng Yên năm 2010
(từ số 178 - 233) ; [HS 4] Ký hiệu: H31.05.02.H31.09.2010.349 | Mã HT: H31.09.2010.002659 | Năm: 2010 (THBQ: 1) | Tiêu đề: Tập lưu Thông báo của Sở Xây dựng tỉnh Hưng Yên năm 2010
(từ số 178 - 233) ; [HS 5] Ký hiệu: H31.05.02.H31.09.2010.349 | Mã HT: H31.09.2010.005638 | Năm: 2010 (THBQ: 1) | Tiêu đề: Tập lưu Thông báo của Sở Xây dựng tỉnh Hưng Yên năm 2010
(từ số 178 - 233) ; [HS 6] Ký hiệu: H31.05.02.H31.09.2010.349 | Mã HT: H31.09.2010.008617 | Năm: 2010 (THBQ: 1) | Tiêu đề: Tập lưu Thông báo của Sở Xây dựng tỉnh Hưng Yên năm 2010
(từ số 178 - 233)",""
70,"H31.05.02.H31.09.2010.350",ĐÃ TỒN TẠI (6 HS),6,"CÙNG TIÊU ĐỀ","Có 6 hồ sơ trùng hoàn toàn cả Tên, Ký hiệu và Năm","H31.05.02.H31.09.2010.350","H31.09.2010.002205","Tập lưu Công văn của Sở Xây dựng tỉnh Hưng Yên năm 2010 (từ số 01 - 117)",2010,1,"http://ktdl.soxaydung.hungyen.gov.vn/systems/filesviewdetail/iid/2205/index.aspx?am=0,1,2&rf=639253254988032565","[HS 1] Ký hiệu: H31.05.02.H31.09.2010.350 | Mã HT: H31.09.2010.002205 | Năm: 2010 (THBQ: 1) | Tiêu đề: Tập lưu Công văn của Sở Xây dựng tỉnh Hưng Yên năm 2010 (từ số 01 - 117) ; [HS 2] Ký hiệu: H31.05.02.H31.09.2010.350 | Mã HT: H31.09.2010.002306 | Năm: 2010 (THBQ: 1) | Tiêu đề: Tập lưu Công văn của Sở Xây dựng tỉnh Hưng Yên năm 2010 (từ số 01 - 117) ; [HS 3] Ký hiệu: H31.05.02.H31.09.2010.350 | Mã HT: H31.09.2010.002483 | Năm: 2010 (THBQ: 1) | Tiêu đề: Tập lưu Công văn của Sở Xây dựng tỉnh Hưng Yên năm 2010 (từ số 01 - 117) ; [HS 4] Ký hiệu: H31.05.02.H31.09.2010.350 | Mã HT: H31.09.2010.002660 | Năm: 2010 (THBQ: 1) | Tiêu đề: Tập lưu Công văn của Sở Xây dựng tỉnh Hưng Yên năm 2010 (từ số 01 - 117) ; [HS 5] Ký hiệu: H31.05.02.H31.09.2010.350 | Mã HT: H31.09.2010.005639 | Năm: 2010 (THBQ: 1) | Tiêu đề: Tập lưu Công văn của Sở Xây dựng tỉnh Hưng Yên năm 2010 (từ số 01 - 117) ; [HS 6] Ký hiệu: H31.05.02.H31.09.2010.350 | Mã HT: H31.09.2010.008618 | Năm: 2010 (THBQ: 1) | Tiêu đề: Tập lưu Công văn của Sở Xây dựng tỉnh Hưng Yên năm 2010 (từ số 01 - 117)",""
71,"H31.05.02.H31.09.2010.351",ĐÃ TỒN TẠI (6 HS),6,"CÙNG TIÊU ĐỀ","Có 6 hồ sơ trùng Tên hồ sơ (khác: Mã hệ thống, Năm)","H31.05.02.H31.09.2010.351","H31.09.2011.002206","Tập lưu Công văn của Sở Xây dựng tỉnh Hưng Yên năm 2010 (từ số 118 - 218)",2011,1,"http://ktdl.soxaydung.hungyen.gov.vn/systems/filesviewdetail/iid/2206/index.aspx?am=0,1,2&rf=639253254995532725","[HS 1] Ký hiệu: H31.05.02.H31.09.2010.351 | Mã HT: H31.09.2011.002206 | Năm: 2011 (THBQ: 1) | Tiêu đề: Tập lưu Công văn của Sở Xây dựng tỉnh Hưng Yên năm 2010 (từ số 118 - 218) ; [HS 2] Ký hiệu: H31.05.02.H31.09.2010.351 | Mã HT: H31.09.2010.002307 | Năm: 2010 (THBQ: 1) | Tiêu đề: Tập lưu Công văn của Sở Xây dựng tỉnh Hưng Yên năm 2010 (từ số 118 - 218) ; [HS 3] Ký hiệu: H31.05.02.H31.09.2010.351 | Mã HT: H31.09.2010.002484 | Năm: 2010 (THBQ: 1) | Tiêu đề: Tập lưu Công văn của Sở Xây dựng tỉnh Hưng Yên năm 2010 (từ số 118 - 218) ; [HS 4] Ký hiệu: H31.05.02.H31.09.2010.351 | Mã HT: H31.09.2010.002661 | Năm: 2010 (THBQ: 1) | Tiêu đề: Tập lưu Công văn của Sở Xây dựng tỉnh Hưng Yên năm 2010 (từ số 118 - 218) ; [HS 5] Ký hiệu: H31.05.02.H31.09.2010.351 | Mã HT: H31.09.2010.005640 | Năm: 2010 (THBQ: 1) | Tiêu đề: Tập lưu Công văn của Sở Xây dựng tỉnh Hưng Yên năm 2010 (từ số 118 - 218) ; [HS 6] Ký hiệu: H31.05.02.H31.09.2010.351 | Mã HT: H31.09.2010.008619 | Năm: 2010 (THBQ: 1) | Tiêu đề: Tập lưu Công văn của Sở Xây dựng tỉnh Hưng Yên năm 2010 (từ số 118 - 218)",""
72,"H31.05.02.H31.09.2010.352",ĐÃ TỒN TẠI (6 HS),6,"CÙNG TIÊU ĐỀ","Có 6 hồ sơ trùng hoàn toàn cả Tên, Ký hiệu và Năm","H31.05.02.H31.09.2010.352","H31.09.2010.002207","Tập lưu Công văn của Sở Xây dựng tỉnh Hưng Yên năm 2010 (từ số 219 - 238)",2010,1,"http://ktdl.soxaydung.hungyen.gov.vn/systems/filesviewdetail/iid/2207/index.aspx?am=0,1,2&rf=639253255003033331","[HS 1] Ký hiệu: H31.05.02.H31.09.2010.352 | Mã HT: H31.09.2010.002207 | Năm: 2010 (THBQ: 1) | Tiêu đề: Tập lưu Công văn của Sở Xây dựng tỉnh Hưng Yên năm 2010 (từ số 219 - 238) ; [HS 2] Ký hiệu: H31.05.02.H31.09.2010.352 | Mã HT: H31.09.2010.002308 | Năm: 2010 (THBQ: 1) | Tiêu đề: Tập lưu Công văn của Sở Xây dựng tỉnh Hưng Yên năm 2010 (từ số 219 - 238) ; [HS 3] Ký hiệu: H31.05.02.H31.09.2010.352 | Mã HT: H31.09.2010.002485 | Năm: 2010 (THBQ: 1) | Tiêu đề: Tập lưu Công văn của Sở Xây dựng tỉnh Hưng Yên năm 2010 (từ số 219 - 238) ; [HS 4] Ký hiệu: H31.05.02.H31.09.2010.352 | Mã HT: H31.09.2010.002662 | Năm: 2010 (THBQ: 1) | Tiêu đề: Tập lưu Công văn của Sở Xây dựng tỉnh Hưng Yên năm 2010 (từ số 219 - 238) ; [HS 5] Ký hiệu: H31.05.02.H31.09.2010.352 | Mã HT: H31.09.2010.005641 | Năm: 2010 (THBQ: 1) | Tiêu đề: Tập lưu Công văn của Sở Xây dựng tỉnh Hưng Yên năm 2010 (từ số 219 - 238) ; [HS 6] Ký hiệu: H31.05.02.H31.09.2010.352 | Mã HT: H31.09.2010.008620 | Năm: 2010 (THBQ: 1) | Tiêu đề: Tập lưu Công văn của Sở Xây dựng tỉnh Hưng Yên năm 2010 (từ số 219 - 238)",""
73,"H31.05.02.H31.09.2010.353",ĐÃ TỒN TẠI (6 HS),6,"CÙNG TIÊU ĐỀ","Có 6 hồ sơ trùng hoàn toàn cả Tên, Ký hiệu và Năm","H31.05.02.H31.09.2010.353","H31.09.2010.002208","Tập lưu Công văn của Sở Xây dựng tỉnh Hưng Yên năm 2010 (từ số 239 - 425)",2010,1,"http://ktdl.soxaydung.hungyen.gov.vn/systems/filesviewdetail/iid/2208/index.aspx?am=0,1,2&rf=639253255011158503","[HS 1] Ký hiệu: H31.05.02.H31.09.2010.353 | Mã HT: H31.09.2010.002208 | Năm: 2010 (THBQ: 1) | Tiêu đề: Tập lưu Công văn của Sở Xây dựng tỉnh Hưng Yên năm 2010 (từ số 239 - 425) ; [HS 2] Ký hiệu: H31.05.02.H31.09.2010.353 | Mã HT: H31.09.2010.002309 | Năm: 2010 (THBQ: 1) | Tiêu đề: Tập lưu Công văn của Sở Xây dựng tỉnh Hưng Yên năm 2010 (từ số 239 - 425) ; [HS 3] Ký hiệu: H31.05.02.H31.09.2010.353 | Mã HT: H31.09.2010.002486 | Năm: 2010 (THBQ: 1) | Tiêu đề: Tập lưu Công văn của Sở Xây dựng tỉnh Hưng Yên năm 2010 (từ số 239 - 425) ; [HS 4] Ký hiệu: H31.05.02.H31.09.2010.353 | Mã HT: H31.09.2010.002663 | Năm: 2010 (THBQ: 1) | Tiêu đề: Tập lưu Công văn của Sở Xây dựng tỉnh Hưng Yên năm 2010 (từ số 239 - 425) ; [HS 5] Ký hiệu: H31.05.02.H31.09.2010.353 | Mã HT: H31.09.2010.005642 | Năm: 2010 (THBQ: 1) | Tiêu đề: Tập lưu Công văn của Sở Xây dựng tỉnh Hưng Yên năm 2010 (từ số 239 - 425) ; [HS 6] Ký hiệu: H31.05.02.H31.09.2010.353 | Mã HT: H31.09.2010.008621 | Năm: 2010 (THBQ: 1) | Tiêu đề: Tập lưu Công văn của Sở Xây dựng tỉnh Hưng Yên năm 2010 (từ số 239 - 425)",""
74,"H31.05.02.H31.09.2010.354",ĐÃ TỒN TẠI (6 HS),6,"CÙNG TIÊU ĐỀ","Có 6 hồ sơ trùng hoàn toàn cả Tên, Ký hiệu và Năm","H31.05.02.H31.09.2010.354","H31.09.2010.002209","Tập lưu Công văn của Sở Xây dựng tỉnh Hưng Yên năm 2010 (từ số 421, 426 - 497)",2010,1,"http://ktdl.soxaydung.hungyen.gov.vn/systems/filesviewdetail/iid/2209/index.aspx?am=0,1,2&rf=639253255018658181","[HS 1] Ký hiệu: H31.05.02.H31.09.2010.354 | Mã HT: H31.09.2010.002209 | Năm: 2010 (THBQ: 1) | Tiêu đề: Tập lưu Công văn của Sở Xây dựng tỉnh Hưng Yên năm 2010 (từ số 421, 426 - 497) ; [HS 2] Ký hiệu: H31.05.02.H31.09.2010.354 | Mã HT: H31.09.2010.002310 | Năm: 2010 (THBQ: 1) | Tiêu đề: Tập lưu Công văn của Sở Xây dựng tỉnh Hưng Yên năm 2010 (từ số 421, 426 - 497) ; [HS 3] Ký hiệu: H31.05.02.H31.09.2010.354 | Mã HT: H31.09.2010.002487 | Năm: 2010 (THBQ: 1) | Tiêu đề: Tập lưu Công văn của Sở Xây dựng tỉnh Hưng Yên năm 2010 (từ số 421, 426 - 497) ; [HS 4] Ký hiệu: H31.05.02.H31.09.2010.354 | Mã HT: H31.09.2010.002664 | Năm: 2010 (THBQ: 1) | Tiêu đề: Tập lưu Công văn của Sở Xây dựng tỉnh Hưng Yên năm 2010 (từ số 421, 426 - 497) ; [HS 5] Ký hiệu: H31.05.02.H31.09.2010.354 | Mã HT: H31.09.2010.005643 | Năm: 2010 (THBQ: 1) | Tiêu đề: Tập lưu Công văn của Sở Xây dựng tỉnh Hưng Yên năm 2010 (từ số 421, 426 - 497) ; [HS 6] Ký hiệu: H31.05.02.H31.09.2010.354 | Mã HT: H31.09.2010.008622 | Năm: 2010 (THBQ: 1) | Tiêu đề: Tập lưu Công văn của Sở Xây dựng tỉnh Hưng Yên năm 2010 (từ số 421, 426 - 497)",""
75,"H31.05.02.H31.09.2010.355",ĐÃ TỒN TẠI (6 HS),6,"CÙNG TIÊU ĐỀ","Có 6 hồ sơ trùng hoàn toàn cả Tên, Ký hiệu và Năm","H31.05.02.H31.09.2010.355","H31.09.2010.002210","Tập lưu Công văn của Sở Xây dựng tỉnh Hưng Yên năm 2010 (từ số 498 - 602)",2010,1,"http://ktdl.soxaydung.hungyen.gov.vn/systems/filesviewdetail/iid/2210/index.aspx?am=0,1,2&rf=639253255026158349","[HS 1] Ký hiệu: H31.05.02.H31.09.2010.355 | Mã HT: H31.09.2010.002210 | Năm: 2010 (THBQ: 1) | Tiêu đề: Tập lưu Công văn của Sở Xây dựng tỉnh Hưng Yên năm 2010 (từ số 498 - 602) ; [HS 2] Ký hiệu: H31.05.02.H31.09.2010.355 | Mã HT: H31.09.2010.002311 | Năm: 2010 (THBQ: 1) | Tiêu đề: Tập lưu Công văn của Sở Xây dựng tỉnh Hưng Yên năm 2010 (từ số 498 - 602) ; [HS 3] Ký hiệu: H31.05.02.H31.09.2010.355 | Mã HT: H31.09.2010.002488 | Năm: 2010 (THBQ: 1) | Tiêu đề: Tập lưu Công văn của Sở Xây dựng tỉnh Hưng Yên năm 2010 (từ số 498 - 602) ; [HS 4] Ký hiệu: H31.05.02.H31.09.2010.355 | Mã HT: H31.09.2010.002665 | Năm: 2010 (THBQ: 1) | Tiêu đề: Tập lưu Công văn của Sở Xây dựng tỉnh Hưng Yên năm 2010 (từ số 498 - 602) ; [HS 5] Ký hiệu: H31.05.02.H31.09.2010.355 | Mã HT: H31.09.2010.005644 | Năm: 2010 (THBQ: 1) | Tiêu đề: Tập lưu Công văn của Sở Xây dựng tỉnh Hưng Yên năm 2010 (từ số 498 - 602) ; [HS 6] Ký hiệu: H31.05.02.H31.09.2010.355 | Mã HT: H31.09.2010.008623 | Năm: 2010 (THBQ: 1) | Tiêu đề: Tập lưu Công văn của Sở Xây dựng tỉnh Hưng Yên năm 2010 (từ số 498 - 602)",""
76,"H31.05.02.H31.09.2010.356",ĐÃ TỒN TẠI (6 HS),6,"CÙNG TIÊU ĐỀ","Có 6 hồ sơ trùng Tên hồ sơ (khác: Mã hệ thống, Năm)","H31.05.02.H31.09.2010.356","H31.09.2010.002312","Tập lưu kết quả thẩm định của Sở Xây dựng tỉnh Hưng Yên năm 2010 (từ số 498-602)",2010,1,"http://ktdl.soxaydung.hungyen.gov.vn/systems/filesviewdetail/iid/2312/index.aspx?am=0,1,2&rf=639253255033970989","[HS 1] Ký hiệu: H31.05.02.H31.09.2010.356 | Mã HT: H31.09.2010.002312 | Năm: 2010 (THBQ: 1) | Tiêu đề: Tập lưu kết quả thẩm định của Sở Xây dựng tỉnh Hưng Yên năm 2010 (từ số 498-602) ; [HS 2] Ký hiệu: H31.05.02.H31.09.2010.356 | Mã HT: H31.09.2010.002489 | Năm: 2010 (THBQ: 1) | Tiêu đề: Tập lưu kết quả thẩm định của Sở Xây dựng tỉnh Hưng Yên năm 2010 (từ số 498-602) ; [HS 3] Ký hiệu: H31.05.02.H31.09.2010.356 | Mã HT: H31.09.2010.002666 | Năm: 2010 (THBQ: 1) | Tiêu đề: Tập lưu kết quả thẩm định của Sở Xây dựng tỉnh Hưng Yên năm 2010 (từ số 498-602) ; [HS 4] Ký hiệu: H31.05.02.H31.09.2010.356 | Mã HT: H31.09.2010.005645 | Năm: 2010 (THBQ: 1) | Tiêu đề: Tập lưu kết quả thẩm định của Sở Xây dựng tỉnh Hưng Yên năm 2010 (từ số 498-602) ; [HS 5] Ký hiệu: H31.05.02.H31.09.2010.356 | Mã HT: H31.09.2010.008624 | Năm: 2010 (THBQ: 1) | Tiêu đề: Tập lưu kết quả thẩm định của Sở Xây dựng tỉnh Hưng Yên năm 2010 (từ số 498-602) ; [HS 6] Ký hiệu: H31.05.02.H31.09.2010.356 | Mã HT: H31.09.2009.002211 | Năm: 2009 (THBQ: 1) | Tiêu đề: Tập lưu kết quả thẩm định của Sở Xây dựng tỉnh Hưng Yên năm 2010 (từ số 498-602)",""
77,"H31.05.02.H31.09.2010.357",ĐÃ TỒN TẠI (6 HS),6,"CÙNG TIÊU ĐỀ","Có 6 hồ sơ trùng hoàn toàn cả Tên, Ký hiệu và Năm","H31.05.02.H31.09.2010.357","H31.09.2010.002212","Hồ sơ Tập lưu giấy phép xây dựng của Sở Xây dựng tỉnh Hưng Yên năm 2010 (từ số 01-88)",2010,1,"http://ktdl.soxaydung.hungyen.gov.vn/systems/filesviewdetail/iid/2212/index.aspx?am=0,1,2&rf=639253255041627405","[HS 1] Ký hiệu: H31.05.02.H31.09.2010.357 | Mã HT: H31.09.2010.002212 | Năm: 2010 (THBQ: 1) | Tiêu đề: Hồ sơ Tập lưu giấy phép xây dựng của Sở Xây dựng tỉnh Hưng Yên năm 2010 (từ số 01-88) ; [HS 2] Ký hiệu: H31.05.02.H31.09.2010.357 | Mã HT: H31.09.2010.002313 | Năm: 2010 (THBQ: 1) | Tiêu đề: Hồ sơ Tập lưu giấy phép xây dựng của Sở Xây dựng tỉnh Hưng Yên năm 2010 (từ số 01-88) ; [HS 3] Ký hiệu: H31.05.02.H31.09.2010.357 | Mã HT: H31.09.2010.002490 | Năm: 2010 (THBQ: 1) | Tiêu đề: Hồ sơ Tập lưu giấy phép xây dựng của Sở Xây dựng tỉnh Hưng Yên năm 2010 (từ số 01-88) ; [HS 4] Ký hiệu: H31.05.02.H31.09.2010.357 | Mã HT: H31.09.2010.002667 | Năm: 2010 (THBQ: 1) | Tiêu đề: Hồ sơ Tập lưu giấy phép xây dựng của Sở Xây dựng tỉnh Hưng Yên năm 2010 (từ số 01-88) ; [HS 5] Ký hiệu: H31.05.02.H31.09.2010.357 | Mã HT: H31.09.2010.005646 | Năm: 2010 (THBQ: 1) | Tiêu đề: Hồ sơ Tập lưu giấy phép xây dựng của Sở Xây dựng tỉnh Hưng Yên năm 2010 (từ số 01-88) ; [HS 6] Ký hiệu: H31.05.02.H31.09.2010.357 | Mã HT: H31.09.2010.008625 | Năm: 2010 (THBQ: 1) | Tiêu đề: Hồ sơ Tập lưu giấy phép xây dựng của Sở Xây dựng tỉnh Hưng Yên năm 2010 (từ số 01-88)",""
78,"H31.05.02.H31.09.2010.358",ĐÃ TỒN TẠI (6 HS),6,"CÙNG TIÊU ĐỀ","Có 6 hồ sơ trùng Tên hồ sơ (khác: Mã hệ thống, Năm)","H31.05.02.H31.09.2010.358","H31.09.2010.002314","Hồ sơ Tập lưu chứng chỉ Quy hoạch của Sở Xây dựng tỉnh Hưng Yên năm 2009-2010",2010,1,"http://ktdl.soxaydung.hungyen.gov.vn/systems/filesviewdetail/iid/2314/index.aspx?am=0,1,2&rf=639253255049284266","[HS 1] Ký hiệu: H31.05.02.H31.09.2010.358 | Mã HT: H31.09.2010.002314 | Năm: 2010 (THBQ: 1) | Tiêu đề: Hồ sơ Tập lưu chứng chỉ Quy hoạch của Sở Xây dựng tỉnh Hưng Yên năm 2009-2010 ; [HS 2] Ký hiệu: H31.05.02.H31.09.2010.358 | Mã HT: H31.09.2010.002491 | Năm: 2010 (THBQ: 1) | Tiêu đề: Hồ sơ Tập lưu chứng chỉ Quy hoạch của Sở Xây dựng tỉnh Hưng Yên năm 2009-2010 ; [HS 3] Ký hiệu: H31.05.02.H31.09.2010.358 | Mã HT: H31.09.2010.002668 | Năm: 2010 (THBQ: 1) | Tiêu đề: Hồ sơ Tập lưu chứng chỉ Quy hoạch của Sở Xây dựng tỉnh Hưng Yên năm 2009-2010 ; [HS 4] Ký hiệu: H31.05.02.H31.09.2010.358 | Mã HT: H31.09.2010.005647 | Năm: 2010 (THBQ: 1) | Tiêu đề: Hồ sơ Tập lưu chứng chỉ Quy hoạch của Sở Xây dựng tỉnh Hưng Yên năm 2009-2010 ; [HS 5] Ký hiệu: H31.05.02.H31.09.2010.358 | Mã HT: H31.09.2010.008626 | Năm: 2010 (THBQ: 1) | Tiêu đề: Hồ sơ Tập lưu chứng chỉ Quy hoạch của Sở Xây dựng tỉnh Hưng Yên năm 2009-2010 ; [HS 6] Ký hiệu: H31.05.02.H31.09.2010.358 | Mã HT: H31.09.2009.002213 | Năm: 2009 (THBQ: 1) | Tiêu đề: Hồ sơ Tập lưu chứng chỉ Quy hoạch của Sở Xây dựng tỉnh Hưng Yên năm 2009-2010",""
79,"H31.05.02.H31.09.2011.359",ĐÃ TỒN TẠI (6 HS),6,"CÙNG TIÊU ĐỀ","Có 6 hồ sơ trùng hoàn toàn cả Tên, Ký hiệu và Năm","H31.05.02.H31.09.2011.359","H31.09.2011.002214","Tập lưu Quyết định của Sở Xây dựng tỉnh Hưng Yên năm
2011 (từ số 01 - 99)",2011,1,"http://ktdl.soxaydung.hungyen.gov.vn/systems/filesviewdetail/iid/2214/index.aspx?am=0,1,2&rf=639253255056784398","[HS 1] Ký hiệu: H31.05.02.H31.09.2011.359 | Mã HT: H31.09.2011.002214 | Năm: 2011 (THBQ: 1) | Tiêu đề: Tập lưu Quyết định của Sở Xây dựng tỉnh Hưng Yên năm
2011 (từ số 01 - 99) ; [HS 2] Ký hiệu: H31.05.02.H31.09.2011.359 | Mã HT: H31.09.2011.002315 | Năm: 2011 (THBQ: 1) | Tiêu đề: Tập lưu Quyết định của Sở Xây dựng tỉnh Hưng Yên năm
2011 (từ số 01 - 99) ; [HS 3] Ký hiệu: H31.05.02.H31.09.2011.359 | Mã HT: H31.09.2011.002492 | Năm: 2011 (THBQ: 1) | Tiêu đề: Tập lưu Quyết định của Sở Xây dựng tỉnh Hưng Yên năm
2011 (từ số 01 - 99) ; [HS 4] Ký hiệu: H31.05.02.H31.09.2011.359 | Mã HT: H31.09.2011.002669 | Năm: 2011 (THBQ: 1) | Tiêu đề: Tập lưu Quyết định của Sở Xây dựng tỉnh Hưng Yên năm
2011 (từ số 01 - 99) ; [HS 5] Ký hiệu: H31.05.02.H31.09.2011.359 | Mã HT: H31.09.2011.005648 | Năm: 2011 (THBQ: 1) | Tiêu đề: Tập lưu Quyết định của Sở Xây dựng tỉnh Hưng Yên năm
2011 (từ số 01 - 99) ; [HS 6] Ký hiệu: H31.05.02.H31.09.2011.359 | Mã HT: H31.09.2011.008627 | Năm: 2011 (THBQ: 1) | Tiêu đề: Tập lưu Quyết định của Sở Xây dựng tỉnh Hưng Yên năm
2011 (từ số 01 - 99)",""
80,"H31.05.02.H31.09.2011.360",ĐÃ TỒN TẠI (6 HS),6,"CÙNG TIÊU ĐỀ","Có 6 hồ sơ trùng hoàn toàn cả Tên, Ký hiệu và Năm","H31.05.02.H31.09.2011.360","H31.09.2011.002215","Tập lưu báo cáo của Sở Xây dựng tỉnh Hưng Yên năm 2011 (từ số 01-88)",2011,1,"http://ktdl.soxaydung.hungyen.gov.vn/systems/filesviewdetail/iid/2215/index.aspx?am=0,1,2&rf=639253255064127871","[HS 1] Ký hiệu: H31.05.02.H31.09.2011.360 | Mã HT: H31.09.2011.002215 | Năm: 2011 (THBQ: 1) | Tiêu đề: Tập lưu báo cáo của Sở Xây dựng tỉnh Hưng Yên năm 2011 (từ số 01-88) ; [HS 2] Ký hiệu: H31.05.02.H31.09.2011.360 | Mã HT: H31.09.2011.002316 | Năm: 2011 (THBQ: 1) | Tiêu đề: Tập lưu báo cáo của Sở Xây dựng tỉnh Hưng Yên năm 2011 (từ số 01-88) ; [HS 3] Ký hiệu: H31.05.02.H31.09.2011.360 | Mã HT: H31.09.2011.002493 | Năm: 2011 (THBQ: 1) | Tiêu đề: Tập lưu báo cáo của Sở Xây dựng tỉnh Hưng Yên năm 2011 (từ số 01-88) ; [HS 4] Ký hiệu: H31.05.02.H31.09.2011.360 | Mã HT: H31.09.2011.002670 | Năm: 2011 (THBQ: 1) | Tiêu đề: Tập lưu báo cáo của Sở Xây dựng tỉnh Hưng Yên năm 2011 (từ số 01-88) ; [HS 5] Ký hiệu: H31.05.02.H31.09.2011.360 | Mã HT: H31.09.2011.005649 | Năm: 2011 (THBQ: 1) | Tiêu đề: Tập lưu báo cáo của Sở Xây dựng tỉnh Hưng Yên năm 2011 (từ số 01-88) ; [HS 6] Ký hiệu: H31.05.02.H31.09.2011.360 | Mã HT: H31.09.2011.008628 | Năm: 2011 (THBQ: 1) | Tiêu đề: Tập lưu báo cáo của Sở Xây dựng tỉnh Hưng Yên năm 2011 (từ số 01-88)",""
81,"H31.05.02.H31.09.2011.361",ĐÃ TỒN TẠI (6 HS),6,"CÙNG TIÊU ĐỀ","Có 6 hồ sơ trùng hoàn toàn cả Tên, Ký hiệu và Năm","H31.05.02.H31.09.2011.361","H31.09.2011.002216","Tập lưu Tờ trình của Sở Xây dựng tỉnh Hưng Yên năm 2011 (từ số 01 - 50)",2011,1,"http://ktdl.soxaydung.hungyen.gov.vn/systems/filesviewdetail/iid/2216/index.aspx?am=0,1,2&rf=639253255071784290","[HS 1] Ký hiệu: H31.05.02.H31.09.2011.361 | Mã HT: H31.09.2011.002216 | Năm: 2011 (THBQ: 1) | Tiêu đề: Tập lưu Tờ trình của Sở Xây dựng tỉnh Hưng Yên năm 2011 (từ số 01 - 50) ; [HS 2] Ký hiệu: H31.05.02.H31.09.2011.361 | Mã HT: H31.09.2011.002317 | Năm: 2011 (THBQ: 1) | Tiêu đề: Tập lưu Tờ trình của Sở Xây dựng tỉnh Hưng Yên năm 2011 (từ số 01 - 50) ; [HS 3] Ký hiệu: H31.05.02.H31.09.2011.361 | Mã HT: H31.09.2011.002494 | Năm: 2011 (THBQ: 1) | Tiêu đề: Tập lưu Tờ trình của Sở Xây dựng tỉnh Hưng Yên năm 2011 (từ số 01 - 50) ; [HS 4] Ký hiệu: H31.05.02.H31.09.2011.361 | Mã HT: H31.09.2011.002671 | Năm: 2011 (THBQ: 1) | Tiêu đề: Tập lưu Tờ trình của Sở Xây dựng tỉnh Hưng Yên năm 2011 (từ số 01 - 50) ; [HS 5] Ký hiệu: H31.05.02.H31.09.2011.361 | Mã HT: H31.09.2011.005650 | Năm: 2011 (THBQ: 1) | Tiêu đề: Tập lưu Tờ trình của Sở Xây dựng tỉnh Hưng Yên năm 2011 (từ số 01 - 50) ; [HS 6] Ký hiệu: H31.05.02.H31.09.2011.361 | Mã HT: H31.09.2011.008629 | Năm: 2011 (THBQ: 1) | Tiêu đề: Tập lưu Tờ trình của Sở Xây dựng tỉnh Hưng Yên năm 2011 (từ số 01 - 50)",""
82,"H31.05.02.H31.09.2011.362",ĐÃ TỒN TẠI (6 HS),6,"CÙNG TIÊU ĐỀ","Có 6 hồ sơ trùng hoàn toàn cả Tên, Ký hiệu và Năm","H31.05.02.H31.09.2011.362","H31.09.2011.002217","Hồ sơ Tập lưu Tờ trình của Sở Xây dựng tỉnh Hưng Yên năm 2011 (từ số 51 - 99)",2011,1,"http://ktdl.soxaydung.hungyen.gov.vn/systems/filesviewdetail/iid/2217/index.aspx?am=0,1,2&rf=639253255079596943","[HS 1] Ký hiệu: H31.05.02.H31.09.2011.362 | Mã HT: H31.09.2011.002217 | Năm: 2011 (THBQ: 1) | Tiêu đề: Hồ sơ Tập lưu Tờ trình của Sở Xây dựng tỉnh Hưng Yên năm 2011 (từ số 51 - 99) ; [HS 2] Ký hiệu: H31.05.02.H31.09.2011.362 | Mã HT: H31.09.2011.002318 | Năm: 2011 (THBQ: 1) | Tiêu đề: Hồ sơ Tập lưu Tờ trình của Sở Xây dựng tỉnh Hưng Yên năm 2011 (từ số 51 - 99) ; [HS 3] Ký hiệu: H31.05.02.H31.09.2011.362 | Mã HT: H31.09.2011.002495 | Năm: 2011 (THBQ: 1) | Tiêu đề: Hồ sơ Tập lưu Tờ trình của Sở Xây dựng tỉnh Hưng Yên năm 2011 (từ số 51 - 99) ; [HS 4] Ký hiệu: H31.05.02.H31.09.2011.362 | Mã HT: H31.09.2011.002672 | Năm: 2011 (THBQ: 1) | Tiêu đề: Hồ sơ Tập lưu Tờ trình của Sở Xây dựng tỉnh Hưng Yên năm 2011 (từ số 51 - 99) ; [HS 5] Ký hiệu: H31.05.02.H31.09.2011.362 | Mã HT: H31.09.2011.005651 | Năm: 2011 (THBQ: 1) | Tiêu đề: Hồ sơ Tập lưu Tờ trình của Sở Xây dựng tỉnh Hưng Yên năm 2011 (từ số 51 - 99) ; [HS 6] Ký hiệu: H31.05.02.H31.09.2011.362 | Mã HT: H31.09.2011.008630 | Năm: 2011 (THBQ: 1) | Tiêu đề: Hồ sơ Tập lưu Tờ trình của Sở Xây dựng tỉnh Hưng Yên năm 2011 (từ số 51 - 99)",""
83,"H31.05.02.H31.09.2011.363",ĐÃ TỒN TẠI (6 HS),6,"CÙNG TIÊU ĐỀ","Có 6 hồ sơ trùng hoàn toàn cả Tên, Ký hiệu và Năm","H31.05.02.H31.09.2011.363","H31.09.2011.002218","Tập lưu Tờ trình của Sở Xây dựng tỉnh Hưng Yên năm 2011 (từ số 100-128)",2011,1,"http://ktdl.soxaydung.hungyen.gov.vn/systems/filesviewdetail/iid/2218/index.aspx?am=0,1,2&rf=639253255086940856","[HS 1] Ký hiệu: H31.05.02.H31.09.2011.363 | Mã HT: H31.09.2011.002218 | Năm: 2011 (THBQ: 1) | Tiêu đề: Tập lưu Tờ trình của Sở Xây dựng tỉnh Hưng Yên năm 2011 (từ số 100-128) ; [HS 2] Ký hiệu: H31.05.02.H31.09.2011.363 | Mã HT: H31.09.2011.002319 | Năm: 2011 (THBQ: 1) | Tiêu đề: Tập lưu Tờ trình của Sở Xây dựng tỉnh Hưng Yên năm 2011 (từ số 100-128) ; [HS 3] Ký hiệu: H31.05.02.H31.09.2011.363 | Mã HT: H31.09.2011.002496 | Năm: 2011 (THBQ: 1) | Tiêu đề: Tập lưu Tờ trình của Sở Xây dựng tỉnh Hưng Yên năm 2011 (từ số 100-128) ; [HS 4] Ký hiệu: H31.05.02.H31.09.2011.363 | Mã HT: H31.09.2011.002673 | Năm: 2011 (THBQ: 1) | Tiêu đề: Tập lưu Tờ trình của Sở Xây dựng tỉnh Hưng Yên năm 2011 (từ số 100-128) ; [HS 5] Ký hiệu: H31.05.02.H31.09.2011.363 | Mã HT: H31.09.2011.005652 | Năm: 2011 (THBQ: 1) | Tiêu đề: Tập lưu Tờ trình của Sở Xây dựng tỉnh Hưng Yên năm 2011 (từ số 100-128) ; [HS 6] Ký hiệu: H31.05.02.H31.09.2011.363 | Mã HT: H31.09.2011.008631 | Năm: 2011 (THBQ: 1) | Tiêu đề: Tập lưu Tờ trình của Sở Xây dựng tỉnh Hưng Yên năm 2011 (từ số 100-128)",""
84,"H31.05.02.H31.09.2011.364",ĐÃ TỒN TẠI (6 HS),6,"CÙNG TIÊU ĐỀ","Có 6 hồ sơ trùng hoàn toàn cả Tên, Ký hiệu và Năm","H31.05.02.H31.09.2011.364","H31.09.2011.002219","Hồ sơ Tập lưu Thông báo của Sở Xây dựng tỉnh Hưng Yên năm 2011 (từ số 01 - 58)",2011,1,"http://ktdl.soxaydung.hungyen.gov.vn/systems/filesviewdetail/iid/2219/index.aspx?am=0,1,2&rf=639253255094285165","[HS 1] Ký hiệu: H31.05.02.H31.09.2011.364 | Mã HT: H31.09.2011.002219 | Năm: 2011 (THBQ: 1) | Tiêu đề: Hồ sơ Tập lưu Thông báo của Sở Xây dựng tỉnh Hưng Yên năm 2011 (từ số 01 - 58) ; [HS 2] Ký hiệu: H31.05.02.H31.09.2011.364 | Mã HT: H31.09.2011.002320 | Năm: 2011 (THBQ: 1) | Tiêu đề: Hồ sơ Tập lưu Thông báo của Sở Xây dựng tỉnh Hưng Yên năm 2011 (từ số 01 - 58) ; [HS 3] Ký hiệu: H31.05.02.H31.09.2011.364 | Mã HT: H31.09.2011.002497 | Năm: 2011 (THBQ: 1) | Tiêu đề: Hồ sơ Tập lưu Thông báo của Sở Xây dựng tỉnh Hưng Yên năm 2011 (từ số 01 - 58) ; [HS 4] Ký hiệu: H31.05.02.H31.09.2011.364 | Mã HT: H31.09.2011.002674 | Năm: 2011 (THBQ: 1) | Tiêu đề: Hồ sơ Tập lưu Thông báo của Sở Xây dựng tỉnh Hưng Yên năm 2011 (từ số 01 - 58) ; [HS 5] Ký hiệu: H31.05.02.H31.09.2011.364 | Mã HT: H31.09.2011.005653 | Năm: 2011 (THBQ: 1) | Tiêu đề: Hồ sơ Tập lưu Thông báo của Sở Xây dựng tỉnh Hưng Yên năm 2011 (từ số 01 - 58) ; [HS 6] Ký hiệu: H31.05.02.H31.09.2011.364 | Mã HT: H31.09.2011.008632 | Năm: 2011 (THBQ: 1) | Tiêu đề: Hồ sơ Tập lưu Thông báo của Sở Xây dựng tỉnh Hưng Yên năm 2011 (từ số 01 - 58)",""
85,"H31.05.02.H31.09.2011.365",ĐÃ TỒN TẠI (6 HS),6,"CÙNG TIÊU ĐỀ","Có 6 hồ sơ trùng hoàn toàn cả Tên, Ký hiệu và Năm","H31.05.02.H31.09.2011.365","H31.09.2011.002220","Hồ sơ Tập lưu Thông báo của Sở Xây dựng tỉnh Hưng Yên năm 2011 (từ số 59-105)",2011,1,"http://ktdl.soxaydung.hungyen.gov.vn/systems/filesviewdetail/iid/2220/index.aspx?am=0,1,2&rf=639253255101941550","[HS 1] Ký hiệu: H31.05.02.H31.09.2011.365 | Mã HT: H31.09.2011.002220 | Năm: 2011 (THBQ: 1) | Tiêu đề: Hồ sơ Tập lưu Thông báo của Sở Xây dựng tỉnh Hưng Yên năm 2011 (từ số 59-105) ; [HS 2] Ký hiệu: H31.05.02.H31.09.2011.365 | Mã HT: H31.09.2011.002321 | Năm: 2011 (THBQ: 1) | Tiêu đề: Hồ sơ Tập lưu Thông báo của Sở Xây dựng tỉnh Hưng Yên năm 2011 (từ số 59-105) ; [HS 3] Ký hiệu: H31.05.02.H31.09.2011.365 | Mã HT: H31.09.2011.002498 | Năm: 2011 (THBQ: 1) | Tiêu đề: Hồ sơ Tập lưu Thông báo của Sở Xây dựng tỉnh Hưng Yên năm 2011 (từ số 59-105) ; [HS 4] Ký hiệu: H31.05.02.H31.09.2011.365 | Mã HT: H31.09.2011.002675 | Năm: 2011 (THBQ: 1) | Tiêu đề: Hồ sơ Tập lưu Thông báo của Sở Xây dựng tỉnh Hưng Yên năm 2011 (từ số 59-105) ; [HS 5] Ký hiệu: H31.05.02.H31.09.2011.365 | Mã HT: H31.09.2011.005654 | Năm: 2011 (THBQ: 1) | Tiêu đề: Hồ sơ Tập lưu Thông báo của Sở Xây dựng tỉnh Hưng Yên năm 2011 (từ số 59-105) ; [HS 6] Ký hiệu: H31.05.02.H31.09.2011.365 | Mã HT: H31.09.2011.008633 | Năm: 2011 (THBQ: 1) | Tiêu đề: Hồ sơ Tập lưu Thông báo của Sở Xây dựng tỉnh Hưng Yên năm 2011 (từ số 59-105)",""
86,"H31.05.02.H31.09.2011.366",ĐÃ TỒN TẠI (6 HS),6,"CÙNG TIÊU ĐỀ","Có 6 hồ sơ trùng hoàn toàn cả Tên, Ký hiệu và Năm","H31.05.02.H31.09.2011.366","H31.09.2011.002221","Tập lưu Thông báo của Sở Xây dựng tỉnh Hưng Yên năm 2011 (từ số 105 – 192)",2011,1,"http://ktdl.soxaydung.hungyen.gov.vn/systems/filesviewdetail/iid/2221/index.aspx?am=0,1,2&rf=639253255109754518","[HS 1] Ký hiệu: H31.05.02.H31.09.2011.366 | Mã HT: H31.09.2011.002221 | Năm: 2011 (THBQ: 1) | Tiêu đề: Tập lưu Thông báo của Sở Xây dựng tỉnh Hưng Yên năm 2011 (từ số 105 – 192) ; [HS 2] Ký hiệu: H31.05.02.H31.09.2011.366 | Mã HT: H31.09.2011.002322 | Năm: 2011 (THBQ: 1) | Tiêu đề: Tập lưu Thông báo của Sở Xây dựng tỉnh Hưng Yên năm 2011 (từ số 105 – 192) ; [HS 3] Ký hiệu: H31.05.02.H31.09.2011.366 | Mã HT: H31.09.2011.002499 | Năm: 2011 (THBQ: 1) | Tiêu đề: Tập lưu Thông báo của Sở Xây dựng tỉnh Hưng Yên năm 2011 (từ số 105 – 192) ; [HS 4] Ký hiệu: H31.05.02.H31.09.2011.366 | Mã HT: H31.09.2011.002676 | Năm: 2011 (THBQ: 1) | Tiêu đề: Tập lưu Thông báo của Sở Xây dựng tỉnh Hưng Yên năm 2011 (từ số 105 – 192) ; [HS 5] Ký hiệu: H31.05.02.H31.09.2011.366 | Mã HT: H31.09.2011.005655 | Năm: 2011 (THBQ: 1) | Tiêu đề: Tập lưu Thông báo của Sở Xây dựng tỉnh Hưng Yên năm 2011 (từ số 105 – 192) ; [HS 6] Ký hiệu: H31.05.02.H31.09.2011.366 | Mã HT: H31.09.2011.008634 | Năm: 2011 (THBQ: 1) | Tiêu đề: Tập lưu Thông báo của Sở Xây dựng tỉnh Hưng Yên năm 2011 (từ số 105 – 192)",""
87,"H31.05.02.H31.09.2011.367",ĐÃ TỒN TẠI (6 HS),6,"CÙNG TIÊU ĐỀ","Có 6 hồ sơ trùng hoàn toàn cả Tên, Ký hiệu và Năm","H31.05.02.H31.09.2011.367","H31.09.2011.002222","Tập lưu Thông báo của Sở Xây dựng tỉnh Hưng Yên năm 2011 (từ số 193 - 260)",2011,1,"http://ktdl.soxaydung.hungyen.gov.vn/systems/filesviewdetail/iid/2222/index.aspx?am=0,1,2&rf=639253255117410636","[HS 1] Ký hiệu: H31.05.02.H31.09.2011.367 | Mã HT: H31.09.2011.002222 | Năm: 2011 (THBQ: 1) | Tiêu đề: Tập lưu Thông báo của Sở Xây dựng tỉnh Hưng Yên năm 2011 (từ số 193 - 260) ; [HS 2] Ký hiệu: H31.05.02.H31.09.2011.367 | Mã HT: H31.09.2011.002323 | Năm: 2011 (THBQ: 1) | Tiêu đề: Tập lưu Thông báo của Sở Xây dựng tỉnh Hưng Yên năm 2011 (từ số 193 - 260) ; [HS 3] Ký hiệu: H31.05.02.H31.09.2011.367 | Mã HT: H31.09.2011.002500 | Năm: 2011 (THBQ: 1) | Tiêu đề: Tập lưu Thông báo của Sở Xây dựng tỉnh Hưng Yên năm 2011 (từ số 193 - 260) ; [HS 4] Ký hiệu: H31.05.02.H31.09.2011.367 | Mã HT: H31.09.2011.002677 | Năm: 2011 (THBQ: 1) | Tiêu đề: Tập lưu Thông báo của Sở Xây dựng tỉnh Hưng Yên năm 2011 (từ số 193 - 260) ; [HS 5] Ký hiệu: H31.05.02.H31.09.2011.367 | Mã HT: H31.09.2011.005656 | Năm: 2011 (THBQ: 1) | Tiêu đề: Tập lưu Thông báo của Sở Xây dựng tỉnh Hưng Yên năm 2011 (từ số 193 - 260) ; [HS 6] Ký hiệu: H31.05.02.H31.09.2011.367 | Mã HT: H31.09.2011.008635 | Năm: 2011 (THBQ: 1) | Tiêu đề: Tập lưu Thông báo của Sở Xây dựng tỉnh Hưng Yên năm 2011 (từ số 193 - 260)",""
88,"H31.05.02.H31.09.2011.368",ĐÃ TỒN TẠI (6 HS),6,"CÙNG TIÊU ĐỀ","Có 6 hồ sơ trùng hoàn toàn cả Tên, Ký hiệu và Năm","H31.05.02.H31.09.2011.368","H31.09.2011.002223","Tập lưu Công văn của Sở Xây dựng tỉnh Hưng Yên năm 2011 (từ số 01 - 125)",2011,1,"http://ktdl.soxaydung.hungyen.gov.vn/systems/filesviewdetail/iid/2223/index.aspx?am=0,1,2&rf=639253255124598265","[HS 1] Ký hiệu: H31.05.02.H31.09.2011.368 | Mã HT: H31.09.2011.002223 | Năm: 2011 (THBQ: 1) | Tiêu đề: Tập lưu Công văn của Sở Xây dựng tỉnh Hưng Yên năm 2011 (từ số 01 - 125) ; [HS 2] Ký hiệu: H31.05.02.H31.09.2011.368 | Mã HT: H31.09.2011.002324 | Năm: 2011 (THBQ: 1) | Tiêu đề: Tập lưu Công văn của Sở Xây dựng tỉnh Hưng Yên năm 2011 (từ số 01 - 125) ; [HS 3] Ký hiệu: H31.05.02.H31.09.2011.368 | Mã HT: H31.09.2011.002501 | Năm: 2011 (THBQ: 1) | Tiêu đề: Tập lưu Công văn của Sở Xây dựng tỉnh Hưng Yên năm 2011 (từ số 01 - 125) ; [HS 4] Ký hiệu: H31.05.02.H31.09.2011.368 | Mã HT: H31.09.2011.002678 | Năm: 2011 (THBQ: 1) | Tiêu đề: Tập lưu Công văn của Sở Xây dựng tỉnh Hưng Yên năm 2011 (từ số 01 - 125) ; [HS 5] Ký hiệu: H31.05.02.H31.09.2011.368 | Mã HT: H31.09.2011.005657 | Năm: 2011 (THBQ: 1) | Tiêu đề: Tập lưu Công văn của Sở Xây dựng tỉnh Hưng Yên năm 2011 (từ số 01 - 125) ; [HS 6] Ký hiệu: H31.05.02.H31.09.2011.368 | Mã HT: H31.09.2011.008636 | Năm: 2011 (THBQ: 1) | Tiêu đề: Tập lưu Công văn của Sở Xây dựng tỉnh Hưng Yên năm 2011 (từ số 01 - 125)",""
89,"H31.05.02.H31.09.2011.369",ĐÃ TỒN TẠI (6 HS),6,"CÙNG TIÊU ĐỀ","Có 6 hồ sơ trùng hoàn toàn cả Tên, Ký hiệu và Năm","H31.05.02.H31.09.2011.369","H31.09.2011.002224","Hồ sơ Tập lưu Công văn của Sở Xây dựng tỉnh Hưng Yên năm 2011(từ số 126 - 182)",2011,1,"http://ktdl.soxaydung.hungyen.gov.vn/systems/filesviewdetail/iid/2224/index.aspx?am=0,1,2&rf=639253255131942158","[HS 1] Ký hiệu: H31.05.02.H31.09.2011.369 | Mã HT: H31.09.2011.002224 | Năm: 2011 (THBQ: 1) | Tiêu đề: Hồ sơ Tập lưu Công văn của Sở Xây dựng tỉnh Hưng Yên năm 2011(từ số 126 - 182) ; [HS 2] Ký hiệu: H31.05.02.H31.09.2011.369 | Mã HT: H31.09.2011.002325 | Năm: 2011 (THBQ: 1) | Tiêu đề: Hồ sơ Tập lưu Công văn của Sở Xây dựng tỉnh Hưng Yên năm 2011(từ số 126 - 182) ; [HS 3] Ký hiệu: H31.05.02.H31.09.2011.369 | Mã HT: H31.09.2011.002502 | Năm: 2011 (THBQ: 1) | Tiêu đề: Hồ sơ Tập lưu Công văn của Sở Xây dựng tỉnh Hưng Yên năm 2011(từ số 126 - 182) ; [HS 4] Ký hiệu: H31.05.02.H31.09.2011.369 | Mã HT: H31.09.2011.002679 | Năm: 2011 (THBQ: 1) | Tiêu đề: Hồ sơ Tập lưu Công văn của Sở Xây dựng tỉnh Hưng Yên năm 2011(từ số 126 - 182) ; [HS 5] Ký hiệu: H31.05.02.H31.09.2011.369 | Mã HT: H31.09.2011.005658 | Năm: 2011 (THBQ: 1) | Tiêu đề: Hồ sơ Tập lưu Công văn của Sở Xây dựng tỉnh Hưng Yên năm 2011(từ số 126 - 182) ; [HS 6] Ký hiệu: H31.05.02.H31.09.2011.369 | Mã HT: H31.09.2011.008637 | Năm: 2011 (THBQ: 1) | Tiêu đề: Hồ sơ Tập lưu Công văn của Sở Xây dựng tỉnh Hưng Yên năm 2011(từ số 126 - 182)",""
90,"H31.05.02.H31.09.2011.370",ĐÃ TỒN TẠI (6 HS),6,"CÙNG TIÊU ĐỀ","Có 6 hồ sơ trùng hoàn toàn cả Tên, Ký hiệu và Năm","H31.05.02.H31.09.2011.370","H31.09.2011.002225","Tập lưu Công văn của Sở Xây dựng tỉnh Hưng Yên năm 2011 (từ số 183 - 283)",2011,1,"http://ktdl.soxaydung.hungyen.gov.vn/systems/filesviewdetail/iid/2225/index.aspx?am=0,1,2&rf=639253255139286082","[HS 1] Ký hiệu: H31.05.02.H31.09.2011.370 | Mã HT: H31.09.2011.002225 | Năm: 2011 (THBQ: 1) | Tiêu đề: Tập lưu Công văn của Sở Xây dựng tỉnh Hưng Yên năm 2011 (từ số 183 - 283) ; [HS 2] Ký hiệu: H31.05.02.H31.09.2011.370 | Mã HT: H31.09.2011.002326 | Năm: 2011 (THBQ: 1) | Tiêu đề: Tập lưu Công văn của Sở Xây dựng tỉnh Hưng Yên năm 2011 (từ số 183 - 283) ; [HS 3] Ký hiệu: H31.05.02.H31.09.2011.370 | Mã HT: H31.09.2011.002503 | Năm: 2011 (THBQ: 1) | Tiêu đề: Tập lưu Công văn của Sở Xây dựng tỉnh Hưng Yên năm 2011 (từ số 183 - 283) ; [HS 4] Ký hiệu: H31.05.02.H31.09.2011.370 | Mã HT: H31.09.2011.002680 | Năm: 2011 (THBQ: 1) | Tiêu đề: Tập lưu Công văn của Sở Xây dựng tỉnh Hưng Yên năm 2011 (từ số 183 - 283) ; [HS 5] Ký hiệu: H31.05.02.H31.09.2011.370 | Mã HT: H31.09.2011.005659 | Năm: 2011 (THBQ: 1) | Tiêu đề: Tập lưu Công văn của Sở Xây dựng tỉnh Hưng Yên năm 2011 (từ số 183 - 283) ; [HS 6] Ký hiệu: H31.05.02.H31.09.2011.370 | Mã HT: H31.09.2011.008638 | Năm: 2011 (THBQ: 1) | Tiêu đề: Tập lưu Công văn của Sở Xây dựng tỉnh Hưng Yên năm 2011 (từ số 183 - 283)",""
91,"H31.05.02.H31.09.2011.371",ĐÃ TỒN TẠI (6 HS),6,"CÙNG TIÊU ĐỀ","Có 6 hồ sơ trùng hoàn toàn cả Tên, Ký hiệu và Năm","H31.05.02.H31.09.2011.371","H31.09.2011.002226","Tập lưu Công văn của Sở Xây dựng tỉnh Hưng Yên năm 2011 (từ số 285 - 418)",2011,1,"http://ktdl.soxaydung.hungyen.gov.vn/systems/filesviewdetail/iid/2226/index.aspx?am=0,1,2&rf=639253255147411213","[HS 1] Ký hiệu: H31.05.02.H31.09.2011.371 | Mã HT: H31.09.2011.002226 | Năm: 2011 (THBQ: 1) | Tiêu đề: Tập lưu Công văn của Sở Xây dựng tỉnh Hưng Yên năm 2011 (từ số 285 - 418) ; [HS 2] Ký hiệu: H31.05.02.H31.09.2011.371 | Mã HT: H31.09.2011.002327 | Năm: 2011 (THBQ: 1) | Tiêu đề: Tập lưu Công văn của Sở Xây dựng tỉnh Hưng Yên năm 2011 (từ số 285 - 418) ; [HS 3] Ký hiệu: H31.05.02.H31.09.2011.371 | Mã HT: H31.09.2011.002504 | Năm: 2011 (THBQ: 1) | Tiêu đề: Tập lưu Công văn của Sở Xây dựng tỉnh Hưng Yên năm 2011 (từ số 285 - 418) ; [HS 4] Ký hiệu: H31.05.02.H31.09.2011.371 | Mã HT: H31.09.2011.002681 | Năm: 2011 (THBQ: 1) | Tiêu đề: Tập lưu Công văn của Sở Xây dựng tỉnh Hưng Yên năm 2011 (từ số 285 - 418) ; [HS 5] Ký hiệu: H31.05.02.H31.09.2011.371 | Mã HT: H31.09.2011.005660 | Năm: 2011 (THBQ: 1) | Tiêu đề: Tập lưu Công văn của Sở Xây dựng tỉnh Hưng Yên năm 2011 (từ số 285 - 418) ; [HS 6] Ký hiệu: H31.05.02.H31.09.2011.371 | Mã HT: H31.09.2011.008639 | Năm: 2011 (THBQ: 1) | Tiêu đề: Tập lưu Công văn của Sở Xây dựng tỉnh Hưng Yên năm 2011 (từ số 285 - 418)",""
92,"H31.05.02.H31.09.2011.372",ĐÃ TỒN TẠI (6 HS),6,"CÙNG TIÊU ĐỀ","Có 6 hồ sơ trùng hoàn toàn cả Tên, Ký hiệu và Năm","H31.05.02.H31.09.2011.372","H31.09.2011.002227","Tập lưu Công văn của Sở Xây dựng tỉnh Hưng Yên năm 2011 (từ số 418 - 513)",2011,1,"http://ktdl.soxaydung.hungyen.gov.vn/systems/filesviewdetail/iid/2227/index.aspx?am=0,1,2&rf=639253255154910931","[HS 1] Ký hiệu: H31.05.02.H31.09.2011.372 | Mã HT: H31.09.2011.002227 | Năm: 2011 (THBQ: 1) | Tiêu đề: Tập lưu Công văn của Sở Xây dựng tỉnh Hưng Yên năm 2011 (từ số 418 - 513) ; [HS 2] Ký hiệu: H31.05.02.H31.09.2011.372 | Mã HT: H31.09.2011.002328 | Năm: 2011 (THBQ: 1) | Tiêu đề: Tập lưu Công văn của Sở Xây dựng tỉnh Hưng Yên năm 2011 (từ số 418 - 513) ; [HS 3] Ký hiệu: H31.05.02.H31.09.2011.372 | Mã HT: H31.09.2011.002505 | Năm: 2011 (THBQ: 1) | Tiêu đề: Tập lưu Công văn của Sở Xây dựng tỉnh Hưng Yên năm 2011 (từ số 418 - 513) ; [HS 4] Ký hiệu: H31.05.02.H31.09.2011.372 | Mã HT: H31.09.2011.002682 | Năm: 2011 (THBQ: 1) | Tiêu đề: Tập lưu Công văn của Sở Xây dựng tỉnh Hưng Yên năm 2011 (từ số 418 - 513) ; [HS 5] Ký hiệu: H31.05.02.H31.09.2011.372 | Mã HT: H31.09.2011.005661 | Năm: 2011 (THBQ: 1) | Tiêu đề: Tập lưu Công văn của Sở Xây dựng tỉnh Hưng Yên năm 2011 (từ số 418 - 513) ; [HS 6] Ký hiệu: H31.05.02.H31.09.2011.372 | Mã HT: H31.09.2011.008640 | Năm: 2011 (THBQ: 1) | Tiêu đề: Tập lưu Công văn của Sở Xây dựng tỉnh Hưng Yên năm 2011 (từ số 418 - 513)",""
93,"H31.05.02.H31.09.2011.373",ĐÃ TỒN TẠI (6 HS),6,"CÙNG TIÊU ĐỀ","Có 6 hồ sơ trùng hoàn toàn cả Tên, Ký hiệu và Năm","H31.05.02.H31.09.2011.373","H31.09.2011.002228","Tập lưu Công văn của Sở Xây dựng tỉnh Hưng Yên năm 2011 (từ số 514 - 685)",2011,1,"http://ktdl.soxaydung.hungyen.gov.vn/systems/filesviewdetail/iid/2228/index.aspx?am=0,1,2&rf=639253255162724049","[HS 1] Ký hiệu: H31.05.02.H31.09.2011.373 | Mã HT: H31.09.2011.002228 | Năm: 2011 (THBQ: 1) | Tiêu đề: Tập lưu Công văn của Sở Xây dựng tỉnh Hưng Yên năm 2011 (từ số 514 - 685) ; [HS 2] Ký hiệu: H31.05.02.H31.09.2011.373 | Mã HT: H31.09.2011.002329 | Năm: 2011 (THBQ: 1) | Tiêu đề: Tập lưu Công văn của Sở Xây dựng tỉnh Hưng Yên năm 2011 (từ số 514 - 685) ; [HS 3] Ký hiệu: H31.05.02.H31.09.2011.373 | Mã HT: H31.09.2011.002506 | Năm: 2011 (THBQ: 1) | Tiêu đề: Tập lưu Công văn của Sở Xây dựng tỉnh Hưng Yên năm 2011 (từ số 514 - 685) ; [HS 4] Ký hiệu: H31.05.02.H31.09.2011.373 | Mã HT: H31.09.2011.002683 | Năm: 2011 (THBQ: 1) | Tiêu đề: Tập lưu Công văn của Sở Xây dựng tỉnh Hưng Yên năm 2011 (từ số 514 - 685) ; [HS 5] Ký hiệu: H31.05.02.H31.09.2011.373 | Mã HT: H31.09.2011.005662 | Năm: 2011 (THBQ: 1) | Tiêu đề: Tập lưu Công văn của Sở Xây dựng tỉnh Hưng Yên năm 2011 (từ số 514 - 685) ; [HS 6] Ký hiệu: H31.05.02.H31.09.2011.373 | Mã HT: H31.09.2011.008641 | Năm: 2011 (THBQ: 1) | Tiêu đề: Tập lưu Công văn của Sở Xây dựng tỉnh Hưng Yên năm 2011 (từ số 514 - 685)",""
94,"H31.05.02.H31.09.2011.374",ĐÃ TỒN TẠI (6 HS),6,"CÙNG TIÊU ĐỀ","Có 6 hồ sơ trùng hoàn toàn cả Tên, Ký hiệu và Năm","H31.05.02.H31.09.2011.374","H31.09.2011.002229","Tập lưu Kết quả thẩm định của Sở Xây dựng tỉnh Hưng Yên năm 2011 (từ số 01 - 38)",2011,1,"http://ktdl.soxaydung.hungyen.gov.vn/systems/filesviewdetail/iid/2229/index.aspx?am=0,1,2&rf=639253255170536696","[HS 1] Ký hiệu: H31.05.02.H31.09.2011.374 | Mã HT: H31.09.2011.002229 | Năm: 2011 (THBQ: 1) | Tiêu đề: Tập lưu Kết quả thẩm định của Sở Xây dựng tỉnh Hưng Yên năm 2011 (từ số 01 - 38) ; [HS 2] Ký hiệu: H31.05.02.H31.09.2011.374 | Mã HT: H31.09.2011.002330 | Năm: 2011 (THBQ: 1) | Tiêu đề: Tập lưu Kết quả thẩm định của Sở Xây dựng tỉnh Hưng Yên năm 2011 (từ số 01 - 38) ; [HS 3] Ký hiệu: H31.05.02.H31.09.2011.374 | Mã HT: H31.09.2011.002507 | Năm: 2011 (THBQ: 1) | Tiêu đề: Tập lưu Kết quả thẩm định của Sở Xây dựng tỉnh Hưng Yên năm 2011 (từ số 01 - 38) ; [HS 4] Ký hiệu: H31.05.02.H31.09.2011.374 | Mã HT: H31.09.2011.002684 | Năm: 2011 (THBQ: 1) | Tiêu đề: Tập lưu Kết quả thẩm định của Sở Xây dựng tỉnh Hưng Yên năm 2011 (từ số 01 - 38) ; [HS 5] Ký hiệu: H31.05.02.H31.09.2011.374 | Mã HT: H31.09.2011.005663 | Năm: 2011 (THBQ: 1) | Tiêu đề: Tập lưu Kết quả thẩm định của Sở Xây dựng tỉnh Hưng Yên năm 2011 (từ số 01 - 38) ; [HS 6] Ký hiệu: H31.05.02.H31.09.2011.374 | Mã HT: H31.09.2011.008642 | Năm: 2011 (THBQ: 1) | Tiêu đề: Tập lưu Kết quả thẩm định của Sở Xây dựng tỉnh Hưng Yên năm 2011 (từ số 01 - 38)",""
95,"H31.05.02.H31.09.2011.375",ĐÃ TỒN TẠI (6 HS),6,"CÙNG TIÊU ĐỀ","Có 6 hồ sơ trùng hoàn toàn cả Tên, Ký hiệu và Năm","H31.05.02.H31.09.2011.375","H31.09.2011.002230","Tập lưu Giấy phép xây dựng của Sở Xây dựng tỉnh Hưng Yên năm 2011 (từ số 01 - 59)",2011,1,"http://ktdl.soxaydung.hungyen.gov.vn/systems/filesviewdetail/iid/2230/index.aspx?am=0,1,2&rf=639253255178193398","[HS 1] Ký hiệu: H31.05.02.H31.09.2011.375 | Mã HT: H31.09.2011.002230 | Năm: 2011 (THBQ: 1) | Tiêu đề: Tập lưu Giấy phép xây dựng của Sở Xây dựng tỉnh Hưng Yên năm 2011 (từ số 01 - 59) ; [HS 2] Ký hiệu: H31.05.02.H31.09.2011.375 | Mã HT: H31.09.2011.002331 | Năm: 2011 (THBQ: 1) | Tiêu đề: Tập lưu Giấy phép xây dựng của Sở Xây dựng tỉnh Hưng Yên năm 2011 (từ số 01 - 59) ; [HS 3] Ký hiệu: H31.05.02.H31.09.2011.375 | Mã HT: H31.09.2011.002508 | Năm: 2011 (THBQ: 1) | Tiêu đề: Tập lưu Giấy phép xây dựng của Sở Xây dựng tỉnh Hưng Yên năm 2011 (từ số 01 - 59) ; [HS 4] Ký hiệu: H31.05.02.H31.09.2011.375 | Mã HT: H31.09.2011.002685 | Năm: 2011 (THBQ: 1) | Tiêu đề: Tập lưu Giấy phép xây dựng của Sở Xây dựng tỉnh Hưng Yên năm 2011 (từ số 01 - 59) ; [HS 5] Ký hiệu: H31.05.02.H31.09.2011.375 | Mã HT: H31.09.2011.005664 | Năm: 2011 (THBQ: 1) | Tiêu đề: Tập lưu Giấy phép xây dựng của Sở Xây dựng tỉnh Hưng Yên năm 2011 (từ số 01 - 59) ; [HS 6] Ký hiệu: H31.05.02.H31.09.2011.375 | Mã HT: H31.09.2011.008643 | Năm: 2011 (THBQ: 1) | Tiêu đề: Tập lưu Giấy phép xây dựng của Sở Xây dựng tỉnh Hưng Yên năm 2011 (từ số 01 - 59)",""
96,"H31.05.02.H31.09.2011.376",ĐÃ TỒN TẠI (6 HS),6,"CÙNG TIÊU ĐỀ","Có 6 hồ sơ trùng hoàn toàn cả Tên, Ký hiệu và Năm","H31.05.02.H31.09.2011.376","H31.09.2011.002231","Tập lưu giấy phép thầu của Sở Xây dựng tỉnh Hưng Yên năm 2011",2011,1,"http://ktdl.soxaydung.hungyen.gov.vn/systems/filesviewdetail/iid/2231/index.aspx?am=0,1,2&rf=639253255186161995","[HS 1] Ký hiệu: H31.05.02.H31.09.2011.376 | Mã HT: H31.09.2011.002231 | Năm: 2011 (THBQ: 1) | Tiêu đề: Tập lưu giấy phép thầu của Sở Xây dựng tỉnh Hưng Yên năm 2011 ; [HS 2] Ký hiệu: H31.05.02.H31.09.2011.376 | Mã HT: H31.09.2011.002332 | Năm: 2011 (THBQ: 1) | Tiêu đề: Tập lưu giấy phép thầu của Sở Xây dựng tỉnh Hưng Yên năm 2011 ; [HS 3] Ký hiệu: H31.05.02.H31.09.2011.376 | Mã HT: H31.09.2011.002509 | Năm: 2011 (THBQ: 1) | Tiêu đề: Tập lưu giấy phép thầu của Sở Xây dựng tỉnh Hưng Yên năm 2011 ; [HS 4] Ký hiệu: H31.05.02.H31.09.2011.376 | Mã HT: H31.09.2011.002686 | Năm: 2011 (THBQ: 1) | Tiêu đề: Tập lưu giấy phép thầu của Sở Xây dựng tỉnh Hưng Yên năm 2011 ; [HS 5] Ký hiệu: H31.05.02.H31.09.2011.376 | Mã HT: H31.09.2011.005665 | Năm: 2011 (THBQ: 1) | Tiêu đề: Tập lưu giấy phép thầu của Sở Xây dựng tỉnh Hưng Yên năm 2011 ; [HS 6] Ký hiệu: H31.05.02.H31.09.2011.376 | Mã HT: H31.09.2011.008644 | Năm: 2011 (THBQ: 1) | Tiêu đề: Tập lưu giấy phép thầu của Sở Xây dựng tỉnh Hưng Yên năm 2011",""
97,"H31.05.02.H31.09.2011.377",ĐÃ TỒN TẠI (6 HS),6,"CÙNG TIÊU ĐỀ","Có 6 hồ sơ trùng hoàn toàn cả Tên, Ký hiệu và Năm","H31.05.02.H31.09.2011.377","H31.09.2011.002232","Tập lưu Chứng chỉ Quy hoạch của Sở Xây dựng tỉnh Hưng Yên năm 2011",2011,1,"http://ktdl.soxaydung.hungyen.gov.vn/systems/filesviewdetail/iid/2232/index.aspx?am=0,1,2&rf=639253255193661731","[HS 1] Ký hiệu: H31.05.02.H31.09.2011.377 | Mã HT: H31.09.2011.002232 | Năm: 2011 (THBQ: 1) | Tiêu đề: Tập lưu Chứng chỉ Quy hoạch của Sở Xây dựng tỉnh Hưng Yên năm 2011 ; [HS 2] Ký hiệu: H31.05.02.H31.09.2011.377 | Mã HT: H31.09.2011.002333 | Năm: 2011 (THBQ: 1) | Tiêu đề: Tập lưu Chứng chỉ Quy hoạch của Sở Xây dựng tỉnh Hưng Yên năm 2011 ; [HS 3] Ký hiệu: H31.05.02.H31.09.2011.377 | Mã HT: H31.09.2011.002510 | Năm: 2011 (THBQ: 1) | Tiêu đề: Tập lưu Chứng chỉ Quy hoạch của Sở Xây dựng tỉnh Hưng Yên năm 2011 ; [HS 4] Ký hiệu: H31.05.02.H31.09.2011.377 | Mã HT: H31.09.2011.002687 | Năm: 2011 (THBQ: 1) | Tiêu đề: Tập lưu Chứng chỉ Quy hoạch của Sở Xây dựng tỉnh Hưng Yên năm 2011 ; [HS 5] Ký hiệu: H31.05.02.H31.09.2011.377 | Mã HT: H31.09.2011.005666 | Năm: 2011 (THBQ: 1) | Tiêu đề: Tập lưu Chứng chỉ Quy hoạch của Sở Xây dựng tỉnh Hưng Yên năm 2011 ; [HS 6] Ký hiệu: H31.05.02.H31.09.2011.377 | Mã HT: H31.09.2011.008645 | Năm: 2011 (THBQ: 1) | Tiêu đề: Tập lưu Chứng chỉ Quy hoạch của Sở Xây dựng tỉnh Hưng Yên năm 2011",""
98,"H31.05.02.H31.09.2012.378",ĐÃ TỒN TẠI (6 HS),6,"CÙNG TIÊU ĐỀ","Có 6 hồ sơ trùng hoàn toàn cả Tên, Ký hiệu và Năm","H31.05.02.H31.09.2012.378","H31.09.2012.002233","Tập lưu Quyết định của Sở Xây dựng tỉnh Hưng Yên năm 2012 (từ số 01 - 105)",2012,1,"http://ktdl.soxaydung.hungyen.gov.vn/systems/filesviewdetail/iid/2233/index.aspx?am=0,1,2&rf=639253255201630609","[HS 1] Ký hiệu: H31.05.02.H31.09.2012.378 | Mã HT: H31.09.2012.002233 | Năm: 2012 (THBQ: 1) | Tiêu đề: Tập lưu Quyết định của Sở Xây dựng tỉnh Hưng Yên năm 2012 (từ số 01 - 105) ; [HS 2] Ký hiệu: H31.05.02.H31.09.2012.378 | Mã HT: H31.09.2012.002334 | Năm: 2012 (THBQ: 1) | Tiêu đề: Tập lưu Quyết định của Sở Xây dựng tỉnh Hưng Yên năm 2012 (từ số 01 - 105) ; [HS 3] Ký hiệu: H31.05.02.H31.09.2012.378 | Mã HT: H31.09.2012.002511 | Năm: 2012 (THBQ: 1) | Tiêu đề: Tập lưu Quyết định của Sở Xây dựng tỉnh Hưng Yên năm 2012 (từ số 01 - 105) ; [HS 4] Ký hiệu: H31.05.02.H31.09.2012.378 | Mã HT: H31.09.2012.002688 | Năm: 2012 (THBQ: 1) | Tiêu đề: Tập lưu Quyết định của Sở Xây dựng tỉnh Hưng Yên năm 2012 (từ số 01 - 105) ; [HS 5] Ký hiệu: H31.05.02.H31.09.2012.378 | Mã HT: H31.09.2012.005667 | Năm: 2012 (THBQ: 1) | Tiêu đề: Tập lưu Quyết định của Sở Xây dựng tỉnh Hưng Yên năm 2012 (từ số 01 - 105) ; [HS 6] Ký hiệu: H31.05.02.H31.09.2012.378 | Mã HT: H31.09.2012.008646 | Năm: 2012 (THBQ: 1) | Tiêu đề: Tập lưu Quyết định của Sở Xây dựng tỉnh Hưng Yên năm 2012 (từ số 01 - 105)",""
99,"H31.05.02.H31.09.2012.379",ĐÃ TỒN TẠI (6 HS),6,"CÙNG TIÊU ĐỀ","Có 6 hồ sơ trùng hoàn toàn cả Tên, Ký hiệu và Năm","H31.05.02.H31.09.2012.379","H31.09.2012.002234","Tập lưu Báo cáo của Sở Xây dựng tỉnh Hưng Yên năm 2012 (từ số 01 - 58)",2012,1,"http://ktdl.soxaydung.hungyen.gov.vn/systems/filesviewdetail/iid/2234/index.aspx?am=0,1,2&rf=639253255209131232","[HS 1] Ký hiệu: H31.05.02.H31.09.2012.379 | Mã HT: H31.09.2012.002234 | Năm: 2012 (THBQ: 1) | Tiêu đề: Tập lưu Báo cáo của Sở Xây dựng tỉnh Hưng Yên năm 2012 (từ số 01 - 58) ; [HS 2] Ký hiệu: H31.05.02.H31.09.2012.379 | Mã HT: H31.09.2012.002335 | Năm: 2012 (THBQ: 1) | Tiêu đề: Tập lưu Báo cáo của Sở Xây dựng tỉnh Hưng Yên năm 2012 (từ số 01 - 58) ; [HS 3] Ký hiệu: H31.05.02.H31.09.2012.379 | Mã HT: H31.09.2012.002512 | Năm: 2012 (THBQ: 1) | Tiêu đề: Tập lưu Báo cáo của Sở Xây dựng tỉnh Hưng Yên năm 2012 (từ số 01 - 58) ; [HS 4] Ký hiệu: H31.05.02.H31.09.2012.379 | Mã HT: H31.09.2012.002689 | Năm: 2012 (THBQ: 1) | Tiêu đề: Tập lưu Báo cáo của Sở Xây dựng tỉnh Hưng Yên năm 2012 (từ số 01 - 58) ; [HS 5] Ký hiệu: H31.05.02.H31.09.2012.379 | Mã HT: H31.09.2012.005668 | Năm: 2012 (THBQ: 1) | Tiêu đề: Tập lưu Báo cáo của Sở Xây dựng tỉnh Hưng Yên năm 2012 (từ số 01 - 58) ; [HS 6] Ký hiệu: H31.05.02.H31.09.2012.379 | Mã HT: H31.09.2012.008647 | Năm: 2012 (THBQ: 1) | Tiêu đề: Tập lưu Báo cáo của Sở Xây dựng tỉnh Hưng Yên năm 2012 (từ số 01 - 58)",""
100,"H31.05.02.H31.09.2012.380",ĐÃ TỒN TẠI (6 HS),6,"CÙNG TIÊU ĐỀ","Có 6 hồ sơ trùng hoàn toàn cả Tên, Ký hiệu và Năm","H31.05.02.H31.09.2012.380","H31.09.2012.002235","Tập lưu Báo cáo của Sở Xây dựng tỉnh Hưng Yên năm 2012 (từ số 62 - 104)",2012,1,"http://ktdl.soxaydung.hungyen.gov.vn/systems/filesviewdetail/iid/2235/index.aspx?am=0,1,2&rf=639253255216787146","[HS 1] Ký hiệu: H31.05.02.H31.09.2012.380 | Mã HT: H31.09.2012.002235 | Năm: 2012 (THBQ: 1) | Tiêu đề: Tập lưu Báo cáo của Sở Xây dựng tỉnh Hưng Yên năm 2012 (từ số 62 - 104) ; [HS 2] Ký hiệu: H31.05.02.H31.09.2012.380 | Mã HT: H31.09.2012.002336 | Năm: 2012 (THBQ: 1) | Tiêu đề: Tập lưu Báo cáo của Sở Xây dựng tỉnh Hưng Yên năm 2012 (từ số 62 - 104) ; [HS 3] Ký hiệu: H31.05.02.H31.09.2012.380 | Mã HT: H31.09.2012.002513 | Năm: 2012 (THBQ: 1) | Tiêu đề: Tập lưu Báo cáo của Sở Xây dựng tỉnh Hưng Yên năm 2012 (từ số 62 - 104) ; [HS 4] Ký hiệu: H31.05.02.H31.09.2012.380 | Mã HT: H31.09.2012.002690 | Năm: 2012 (THBQ: 1) | Tiêu đề: Tập lưu Báo cáo của Sở Xây dựng tỉnh Hưng Yên năm 2012 (từ số 62 - 104) ; [HS 5] Ký hiệu: H31.05.02.H31.09.2012.380 | Mã HT: H31.09.2012.005669 | Năm: 2012 (THBQ: 1) | Tiêu đề: Tập lưu Báo cáo của Sở Xây dựng tỉnh Hưng Yên năm 2012 (từ số 62 - 104) ; [HS 6] Ký hiệu: H31.05.02.H31.09.2012.380 | Mã HT: H31.09.2012.008648 | Năm: 2012 (THBQ: 1) | Tiêu đề: Tập lưu Báo cáo của Sở Xây dựng tỉnh Hưng Yên năm 2012 (từ số 62 - 104)",""
101,"H31.05.02.H31.09.2012.381",ĐÃ TỒN TẠI (6 HS),6,"CÙNG TIÊU ĐỀ","Có 6 hồ sơ trùng hoàn toàn cả Tên, Ký hiệu và Năm","H31.05.02.H31.09.2012.381","H31.09.2012.002236","Tập lưu Tờ trình của Sở Xây Dựng tỉnh Hưng Yên năm 2012 (từ số 01-62)",2012,1,"http://ktdl.soxaydung.hungyen.gov.vn/systems/filesviewdetail/iid/2236/index.aspx?am=0,1,2&rf=639253255224131784","[HS 1] Ký hiệu: H31.05.02.H31.09.2012.381 | Mã HT: H31.09.2012.002236 | Năm: 2012 (THBQ: 1) | Tiêu đề: Tập lưu Tờ trình của Sở Xây Dựng tỉnh Hưng Yên năm 2012 (từ số 01-62) ; [HS 2] Ký hiệu: H31.05.02.H31.09.2012.381 | Mã HT: H31.09.2012.002337 | Năm: 2012 (THBQ: 1) | Tiêu đề: Tập lưu Tờ trình của Sở Xây Dựng tỉnh Hưng Yên năm 2012 (từ số 01-62) ; [HS 3] Ký hiệu: H31.05.02.H31.09.2012.381 | Mã HT: H31.09.2012.002514 | Năm: 2012 (THBQ: 1) | Tiêu đề: Tập lưu Tờ trình của Sở Xây Dựng tỉnh Hưng Yên năm 2012 (từ số 01-62) ; [HS 4] Ký hiệu: H31.05.02.H31.09.2012.381 | Mã HT: H31.09.2012.002691 | Năm: 2012 (THBQ: 1) | Tiêu đề: Tập lưu Tờ trình của Sở Xây Dựng tỉnh Hưng Yên năm 2012 (từ số 01-62) ; [HS 5] Ký hiệu: H31.05.02.H31.09.2012.381 | Mã HT: H31.09.2012.005670 | Năm: 2012 (THBQ: 1) | Tiêu đề: Tập lưu Tờ trình của Sở Xây Dựng tỉnh Hưng Yên năm 2012 (từ số 01-62) ; [HS 6] Ký hiệu: H31.05.02.H31.09.2012.381 | Mã HT: H31.09.2012.008649 | Năm: 2012 (THBQ: 1) | Tiêu đề: Tập lưu Tờ trình của Sở Xây Dựng tỉnh Hưng Yên năm 2012 (từ số 01-62)",""
102,"H31.05.02.H31.09.2012.382",ĐÃ TỒN TẠI (5 HS),5,"CÙNG TIÊU ĐỀ","Có 5 hồ sơ trùng hoàn toàn cả Tên, Ký hiệu và Năm","H31.05.02.H31.09.2012.382","H31.09.2012.002338","Tập lưu Tờ trình của Sở Xây dựng tỉnh Hưng Yên năm 2012 (từ số 63 - 106)",2012,1,"http://ktdl.soxaydung.hungyen.gov.vn/systems/filesviewdetail/iid/2338/index.aspx?am=0,1,2&rf=639253255231787906","[HS 1] Ký hiệu: H31.05.02.H31.09.2012.382 | Mã HT: H31.09.2012.002338 | Năm: 2012 (THBQ: 1) | Tiêu đề: Tập lưu Tờ trình của Sở Xây dựng tỉnh Hưng Yên năm 2012 (từ số 63 - 106) ; [HS 2] Ký hiệu: H31.05.02.H31.09.2012.382 | Mã HT: H31.09.2012.002515 | Năm: 2012 (THBQ: 1) | Tiêu đề: Tập lưu Tờ trình của Sở Xây dựng tỉnh Hưng Yên năm 2012 (từ số 63 - 106) ; [HS 3] Ký hiệu: H31.05.02.H31.09.2012.382 | Mã HT: H31.09.2012.002692 | Năm: 2012 (THBQ: 1) | Tiêu đề: Tập lưu Tờ trình của Sở Xây dựng tỉnh Hưng Yên năm 2012 (từ số 63 - 106) ; [HS 4] Ký hiệu: H31.05.02.H31.09.2012.382 | Mã HT: H31.09.2012.005671 | Năm: 2012 (THBQ: 1) | Tiêu đề: Tập lưu Tờ trình của Sở Xây dựng tỉnh Hưng Yên năm 2012 (từ số 63 - 106) ; [HS 5] Ký hiệu: H31.05.02.H31.09.2012.382 | Mã HT: H31.09.2012.008650 | Năm: 2012 (THBQ: 1) | Tiêu đề: Tập lưu Tờ trình của Sở Xây dựng tỉnh Hưng Yên năm 2012 (từ số 63 - 106)",""
103,"H31.05.02.H31.09.2012.383",ĐÃ TỒN TẠI (5 HS),5,"CÙNG TIÊU ĐỀ","Có 5 hồ sơ trùng hoàn toàn cả Tên, Ký hiệu và Năm","H31.05.02.H31.09.2012.383","H31.09.2012.002339","Tập lưu Tờ trình của Sở Xây dựng tỉnh Hưng Yên năm 2012 (từ số 107 - 146)",2012,1,"http://ktdl.soxaydung.hungyen.gov.vn/systems/filesviewdetail/iid/2339/index.aspx?am=0,1,2&rf=639253255239288360","[HS 1] Ký hiệu: H31.05.02.H31.09.2012.383 | Mã HT: H31.09.2012.002339 | Năm: 2012 (THBQ: 1) | Tiêu đề: Tập lưu Tờ trình của Sở Xây dựng tỉnh Hưng Yên năm 2012 (từ số 107 - 146) ; [HS 2] Ký hiệu: H31.05.02.H31.09.2012.383 | Mã HT: H31.09.2012.002516 | Năm: 2012 (THBQ: 1) | Tiêu đề: Tập lưu Tờ trình của Sở Xây dựng tỉnh Hưng Yên năm 2012 (từ số 107 - 146) ; [HS 3] Ký hiệu: H31.05.02.H31.09.2012.383 | Mã HT: H31.09.2012.002693 | Năm: 2012 (THBQ: 1) | Tiêu đề: Tập lưu Tờ trình của Sở Xây dựng tỉnh Hưng Yên năm 2012 (từ số 107 - 146) ; [HS 4] Ký hiệu: H31.05.02.H31.09.2012.383 | Mã HT: H31.09.2012.005672 | Năm: 2012 (THBQ: 1) | Tiêu đề: Tập lưu Tờ trình của Sở Xây dựng tỉnh Hưng Yên năm 2012 (từ số 107 - 146) ; [HS 5] Ký hiệu: H31.05.02.H31.09.2012.383 | Mã HT: H31.09.2012.008651 | Năm: 2012 (THBQ: 1) | Tiêu đề: Tập lưu Tờ trình của Sở Xây dựng tỉnh Hưng Yên năm 2012 (từ số 107 - 146)",""
104,"H31.05.02.H31.09.2012.384",ĐÃ TỒN TẠI (5 HS),5,"CÙNG TIÊU ĐỀ","Có 5 hồ sơ trùng hoàn toàn cả Tên, Ký hiệu và Năm","H31.05.02.H31.09.2012.384","H31.09.2012.002340","Tập lưu Thông báo của Sở Xây dựng tỉnh Hưng Yên năm 2012
(từ số 01 - 108)",2012,1,"http://ktdl.soxaydung.hungyen.gov.vn/systems/filesviewdetail/iid/2340/index.aspx?am=0,1,2&rf=639253255246631532","[HS 1] Ký hiệu: H31.05.02.H31.09.2012.384 | Mã HT: H31.09.2012.002340 | Năm: 2012 (THBQ: 1) | Tiêu đề: Tập lưu Thông báo của Sở Xây dựng tỉnh Hưng Yên năm 2012
(từ số 01 - 108) ; [HS 2] Ký hiệu: H31.05.02.H31.09.2012.384 | Mã HT: H31.09.2012.002517 | Năm: 2012 (THBQ: 1) | Tiêu đề: Tập lưu Thông báo của Sở Xây dựng tỉnh Hưng Yên năm 2012
(từ số 01 - 108) ; [HS 3] Ký hiệu: H31.05.02.H31.09.2012.384 | Mã HT: H31.09.2012.002694 | Năm: 2012 (THBQ: 1) | Tiêu đề: Tập lưu Thông báo của Sở Xây dựng tỉnh Hưng Yên năm 2012
(từ số 01 - 108) ; [HS 4] Ký hiệu: H31.05.02.H31.09.2012.384 | Mã HT: H31.09.2012.005673 | Năm: 2012 (THBQ: 1) | Tiêu đề: Tập lưu Thông báo của Sở Xây dựng tỉnh Hưng Yên năm 2012
(từ số 01 - 108) ; [HS 5] Ký hiệu: H31.05.02.H31.09.2012.384 | Mã HT: H31.09.2012.008652 | Năm: 2012 (THBQ: 1) | Tiêu đề: Tập lưu Thông báo của Sở Xây dựng tỉnh Hưng Yên năm 2012
(từ số 01 - 108)",""
105,"H31.05.02.H31.09.2012.385",ĐÃ TỒN TẠI (5 HS),5,"CÙNG TIÊU ĐỀ","Có 5 hồ sơ trùng hoàn toàn cả Tên, Ký hiệu và Năm","H31.05.02.H31.09.2012.385","H31.09.2012.002341","Hồ sơ Tập lưu Thông báo của Sở Xây dựng tỉnh Hưng Yên năm 2012 (từ số 109 - 184)",2012,1,"http://ktdl.soxaydung.hungyen.gov.vn/systems/filesviewdetail/iid/2341/index.aspx?am=0,1,2&rf=639253255253975389","[HS 1] Ký hiệu: H31.05.02.H31.09.2012.385 | Mã HT: H31.09.2012.002341 | Năm: 2012 (THBQ: 1) | Tiêu đề: Hồ sơ Tập lưu Thông báo của Sở Xây dựng tỉnh Hưng Yên năm 2012 (từ số 109 - 184) ; [HS 2] Ký hiệu: H31.05.02.H31.09.2012.385 | Mã HT: H31.09.2012.002518 | Năm: 2012 (THBQ: 1) | Tiêu đề: Hồ sơ Tập lưu Thông báo của Sở Xây dựng tỉnh Hưng Yên năm 2012 (từ số 109 - 184) ; [HS 3] Ký hiệu: H31.05.02.H31.09.2012.385 | Mã HT: H31.09.2012.002695 | Năm: 2012 (THBQ: 1) | Tiêu đề: Hồ sơ Tập lưu Thông báo của Sở Xây dựng tỉnh Hưng Yên năm 2012 (từ số 109 - 184) ; [HS 4] Ký hiệu: H31.05.02.H31.09.2012.385 | Mã HT: H31.09.2012.005674 | Năm: 2012 (THBQ: 1) | Tiêu đề: Hồ sơ Tập lưu Thông báo của Sở Xây dựng tỉnh Hưng Yên năm 2012 (từ số 109 - 184) ; [HS 5] Ký hiệu: H31.05.02.H31.09.2012.385 | Mã HT: H31.09.2012.008653 | Năm: 2012 (THBQ: 1) | Tiêu đề: Hồ sơ Tập lưu Thông báo của Sở Xây dựng tỉnh Hưng Yên năm 2012 (từ số 109 - 184)",""
106,"H31.05.02.H31.09.2012.386",ĐÃ TỒN TẠI (5 HS),5,"CÙNG TIÊU ĐỀ","Có 5 hồ sơ trùng hoàn toàn cả Tên, Ký hiệu và Năm","H31.05.02.H31.09.2012.386","H31.09.2012.002342","Tập lưu Thông báo của Sở Xây dựng tỉnh Hưng Yên năm 2012 (từ số 185 - 249)",2012,1,"http://ktdl.soxaydung.hungyen.gov.vn/systems/filesviewdetail/iid/2342/index.aspx?am=0,1,2&rf=639253255261631761","[HS 1] Ký hiệu: H31.05.02.H31.09.2012.386 | Mã HT: H31.09.2012.002342 | Năm: 2012 (THBQ: 1) | Tiêu đề: Tập lưu Thông báo của Sở Xây dựng tỉnh Hưng Yên năm 2012 (từ số 185 - 249) ; [HS 2] Ký hiệu: H31.05.02.H31.09.2012.386 | Mã HT: H31.09.2012.002519 | Năm: 2012 (THBQ: 1) | Tiêu đề: Tập lưu Thông báo của Sở Xây dựng tỉnh Hưng Yên năm 2012 (từ số 185 - 249) ; [HS 3] Ký hiệu: H31.05.02.H31.09.2012.386 | Mã HT: H31.09.2012.002696 | Năm: 2012 (THBQ: 1) | Tiêu đề: Tập lưu Thông báo của Sở Xây dựng tỉnh Hưng Yên năm 2012 (từ số 185 - 249) ; [HS 4] Ký hiệu: H31.05.02.H31.09.2012.386 | Mã HT: H31.09.2012.005675 | Năm: 2012 (THBQ: 1) | Tiêu đề: Tập lưu Thông báo của Sở Xây dựng tỉnh Hưng Yên năm 2012 (từ số 185 - 249) ; [HS 5] Ký hiệu: H31.05.02.H31.09.2012.386 | Mã HT: H31.09.2012.008654 | Năm: 2012 (THBQ: 1) | Tiêu đề: Tập lưu Thông báo của Sở Xây dựng tỉnh Hưng Yên năm 2012 (từ số 185 - 249)",""
107,"H31.05.02.H31.09.2012.387",ĐÃ TỒN TẠI (5 HS),5,"CÙNG TIÊU ĐỀ","Có 5 hồ sơ trùng hoàn toàn cả Tên, Ký hiệu và Năm","H31.05.02.H31.09.2012.387","H31.09.2012.002343","Tập lưu Công văn của Sở Xây dựng tỉnh Hưng Yên năm 2012 (từ số 01 - 112)",2012,1,"http://ktdl.soxaydung.hungyen.gov.vn/systems/filesviewdetail/iid/2343/index.aspx?am=0,1,2&rf=639253255269600879","[HS 1] Ký hiệu: H31.05.02.H31.09.2012.387 | Mã HT: H31.09.2012.002343 | Năm: 2012 (THBQ: 1) | Tiêu đề: Tập lưu Công văn của Sở Xây dựng tỉnh Hưng Yên năm 2012 (từ số 01 - 112) ; [HS 2] Ký hiệu: H31.05.02.H31.09.2012.387 | Mã HT: H31.09.2012.002520 | Năm: 2012 (THBQ: 1) | Tiêu đề: Tập lưu Công văn của Sở Xây dựng tỉnh Hưng Yên năm 2012 (từ số 01 - 112) ; [HS 3] Ký hiệu: H31.05.02.H31.09.2012.387 | Mã HT: H31.09.2012.002697 | Năm: 2012 (THBQ: 1) | Tiêu đề: Tập lưu Công văn của Sở Xây dựng tỉnh Hưng Yên năm 2012 (từ số 01 - 112) ; [HS 4] Ký hiệu: H31.05.02.H31.09.2012.387 | Mã HT: H31.09.2012.005676 | Năm: 2012 (THBQ: 1) | Tiêu đề: Tập lưu Công văn của Sở Xây dựng tỉnh Hưng Yên năm 2012 (từ số 01 - 112) ; [HS 5] Ký hiệu: H31.05.02.H31.09.2012.387 | Mã HT: H31.09.2012.008655 | Năm: 2012 (THBQ: 1) | Tiêu đề: Tập lưu Công văn của Sở Xây dựng tỉnh Hưng Yên năm 2012 (từ số 01 - 112)",""
108,"H31.05.02.H31.09.2012.388",ĐÃ TỒN TẠI (5 HS),5,"CÙNG TIÊU ĐỀ","Có 5 hồ sơ trùng hoàn toàn cả Tên, Ký hiệu và Năm","H31.05.02.H31.09.2012.388","H31.09.2012.002344","Hồ sơ Tập lưu Công văn của Sở Xây dựng tỉnh Hưng Yên năm 2012 (từ số 113-228)",2012,1,"http://ktdl.soxaydung.hungyen.gov.vn/systems/filesviewdetail/iid/2344/index.aspx?am=0,1,2&rf=639253255276945053","[HS 1] Ký hiệu: H31.05.02.H31.09.2012.388 | Mã HT: H31.09.2012.002344 | Năm: 2012 (THBQ: 1) | Tiêu đề: Hồ sơ Tập lưu Công văn của Sở Xây dựng tỉnh Hưng Yên năm 2012 (từ số 113-228) ; [HS 2] Ký hiệu: H31.05.02.H31.09.2012.388 | Mã HT: H31.09.2012.002521 | Năm: 2012 (THBQ: 1) | Tiêu đề: Hồ sơ Tập lưu Công văn của Sở Xây dựng tỉnh Hưng Yên năm 2012 (từ số 113-228) ; [HS 3] Ký hiệu: H31.05.02.H31.09.2012.388 | Mã HT: H31.09.2012.002698 | Năm: 2012 (THBQ: 1) | Tiêu đề: Hồ sơ Tập lưu Công văn của Sở Xây dựng tỉnh Hưng Yên năm 2012 (từ số 113-228) ; [HS 4] Ký hiệu: H31.05.02.H31.09.2012.388 | Mã HT: H31.09.2012.005677 | Năm: 2012 (THBQ: 1) | Tiêu đề: Hồ sơ Tập lưu Công văn của Sở Xây dựng tỉnh Hưng Yên năm 2012 (từ số 113-228) ; [HS 5] Ký hiệu: H31.05.02.H31.09.2012.388 | Mã HT: H31.09.2012.008656 | Năm: 2012 (THBQ: 1) | Tiêu đề: Hồ sơ Tập lưu Công văn của Sở Xây dựng tỉnh Hưng Yên năm 2012 (từ số 113-228)",""
109,"H31.05.02.H31.09.2012.389",ĐÃ TỒN TẠI (5 HS),5,"CÙNG TIÊU ĐỀ","Có 5 hồ sơ trùng hoàn toàn cả Tên, Ký hiệu và Năm","H31.05.02.H31.09.2012.389","H31.09.2012.002345","Hồ sơ Tập lưu Công văn của Sở Xây dựng tỉnh Hưng Yên năm 2012 (từ số 229 - 347)",2012,1,"http://ktdl.soxaydung.hungyen.gov.vn/systems/filesviewdetail/iid/2345/index.aspx?am=0,1,2&rf=639253255284600983","[HS 1] Ký hiệu: H31.05.02.H31.09.2012.389 | Mã HT: H31.09.2012.002345 | Năm: 2012 (THBQ: 1) | Tiêu đề: Hồ sơ Tập lưu Công văn của Sở Xây dựng tỉnh Hưng Yên năm 2012 (từ số 229 - 347) ; [HS 2] Ký hiệu: H31.05.02.H31.09.2012.389 | Mã HT: H31.09.2012.002522 | Năm: 2012 (THBQ: 1) | Tiêu đề: Hồ sơ Tập lưu Công văn của Sở Xây dựng tỉnh Hưng Yên năm 2012 (từ số 229 - 347) ; [HS 3] Ký hiệu: H31.05.02.H31.09.2012.389 | Mã HT: H31.09.2012.002699 | Năm: 2012 (THBQ: 1) | Tiêu đề: Hồ sơ Tập lưu Công văn của Sở Xây dựng tỉnh Hưng Yên năm 2012 (từ số 229 - 347) ; [HS 4] Ký hiệu: H31.05.02.H31.09.2012.389 | Mã HT: H31.09.2012.005678 | Năm: 2012 (THBQ: 1) | Tiêu đề: Hồ sơ Tập lưu Công văn của Sở Xây dựng tỉnh Hưng Yên năm 2012 (từ số 229 - 347) ; [HS 5] Ký hiệu: H31.05.02.H31.09.2012.389 | Mã HT: H31.09.2012.008657 | Năm: 2012 (THBQ: 1) | Tiêu đề: Hồ sơ Tập lưu Công văn của Sở Xây dựng tỉnh Hưng Yên năm 2012 (từ số 229 - 347)",""
110,"H31.05.02.H31.09.2012.390",ĐÃ TỒN TẠI (5 HS),5,"CÙNG TIÊU ĐỀ","Có 5 hồ sơ trùng hoàn toàn cả Tên, Ký hiệu và Năm","H31.05.02.H31.09.2012.390","H31.09.2012.002346","Hồ sơ Tập lưu Công văn của Sở Xây dựng tỉnh Hưng Yên năm 2012 (từ số 348-391)",2012,1,"http://ktdl.soxaydung.hungyen.gov.vn/systems/filesviewdetail/iid/2346/index.aspx?am=0,1,2&rf=639253255292414162","[HS 1] Ký hiệu: H31.05.02.H31.09.2012.390 | Mã HT: H31.09.2012.002346 | Năm: 2012 (THBQ: 1) | Tiêu đề: Hồ sơ Tập lưu Công văn của Sở Xây dựng tỉnh Hưng Yên năm 2012 (từ số 348-391) ; [HS 2] Ký hiệu: H31.05.02.H31.09.2012.390 | Mã HT: H31.09.2012.002523 | Năm: 2012 (THBQ: 1) | Tiêu đề: Hồ sơ Tập lưu Công văn của Sở Xây dựng tỉnh Hưng Yên năm 2012 (từ số 348-391) ; [HS 3] Ký hiệu: H31.05.02.H31.09.2012.390 | Mã HT: H31.09.2012.002700 | Năm: 2012 (THBQ: 1) | Tiêu đề: Hồ sơ Tập lưu Công văn của Sở Xây dựng tỉnh Hưng Yên năm 2012 (từ số 348-391) ; [HS 4] Ký hiệu: H31.05.02.H31.09.2012.390 | Mã HT: H31.09.2012.005679 | Năm: 2012 (THBQ: 1) | Tiêu đề: Hồ sơ Tập lưu Công văn của Sở Xây dựng tỉnh Hưng Yên năm 2012 (từ số 348-391) ; [HS 5] Ký hiệu: H31.05.02.H31.09.2012.390 | Mã HT: H31.09.2012.008658 | Năm: 2012 (THBQ: 1) | Tiêu đề: Hồ sơ Tập lưu Công văn của Sở Xây dựng tỉnh Hưng Yên năm 2012 (từ số 348-391)",""
111,"H31.05.02.H31.09.2012.391",ĐÃ TỒN TẠI (5 HS),5,"CÙNG TIÊU ĐỀ","Có 5 hồ sơ trùng hoàn toàn cả Tên, Ký hiệu và Năm","H31.05.02.H31.09.2012.391","H31.09.2012.002347","Tập lưu Công văn của Sở Xây dựng tỉnh Hưng Yên năm 2012 (từ số 392-574)",2012,1,"http://ktdl.soxaydung.hungyen.gov.vn/systems/filesviewdetail/iid/2347/index.aspx?am=0,1,2&rf=639253255300226491","[HS 1] Ký hiệu: H31.05.02.H31.09.2012.391 | Mã HT: H31.09.2012.002347 | Năm: 2012 (THBQ: 1) | Tiêu đề: Tập lưu Công văn của Sở Xây dựng tỉnh Hưng Yên năm 2012 (từ số 392-574) ; [HS 2] Ký hiệu: H31.05.02.H31.09.2012.391 | Mã HT: H31.09.2012.002524 | Năm: 2012 (THBQ: 1) | Tiêu đề: Tập lưu Công văn của Sở Xây dựng tỉnh Hưng Yên năm 2012 (từ số 392-574) ; [HS 3] Ký hiệu: H31.05.02.H31.09.2012.391 | Mã HT: H31.09.2012.002701 | Năm: 2012 (THBQ: 1) | Tiêu đề: Tập lưu Công văn của Sở Xây dựng tỉnh Hưng Yên năm 2012 (từ số 392-574) ; [HS 4] Ký hiệu: H31.05.02.H31.09.2012.391 | Mã HT: H31.09.2012.005680 | Năm: 2012 (THBQ: 1) | Tiêu đề: Tập lưu Công văn của Sở Xây dựng tỉnh Hưng Yên năm 2012 (từ số 392-574) ; [HS 5] Ký hiệu: H31.05.02.H31.09.2012.391 | Mã HT: H31.09.2012.008659 | Năm: 2012 (THBQ: 1) | Tiêu đề: Tập lưu Công văn của Sở Xây dựng tỉnh Hưng Yên năm 2012 (từ số 392-574)",""
112,"H31.05.02.H31.09.2012.392",ĐÃ TỒN TẠI (5 HS),5,"CÙNG TIÊU ĐỀ","Có 5 hồ sơ trùng hoàn toàn cả Tên, Ký hiệu và Năm","H31.05.02.H31.09.2012.392","H31.09.2012.002348","Tập lưu chứng chỉ Quy hoạch của Sở Xây dựng tỉnh Hưng Yên năm 2012",2012,1,"http://ktdl.soxaydung.hungyen.gov.vn/systems/filesviewdetail/iid/2348/index.aspx?am=0,1,2&rf=639253255307882686","[HS 1] Ký hiệu: H31.05.02.H31.09.2012.392 | Mã HT: H31.09.2012.002348 | Năm: 2012 (THBQ: 1) | Tiêu đề: Tập lưu chứng chỉ Quy hoạch của Sở Xây dựng tỉnh Hưng Yên năm 2012 ; [HS 2] Ký hiệu: H31.05.02.H31.09.2012.392 | Mã HT: H31.09.2012.002525 | Năm: 2012 (THBQ: 1) | Tiêu đề: Tập lưu chứng chỉ Quy hoạch của Sở Xây dựng tỉnh Hưng Yên năm 2012 ; [HS 3] Ký hiệu: H31.05.02.H31.09.2012.392 | Mã HT: H31.09.2012.002702 | Năm: 2012 (THBQ: 1) | Tiêu đề: Tập lưu chứng chỉ Quy hoạch của Sở Xây dựng tỉnh Hưng Yên năm 2012 ; [HS 4] Ký hiệu: H31.05.02.H31.09.2012.392 | Mã HT: H31.09.2012.005681 | Năm: 2012 (THBQ: 1) | Tiêu đề: Tập lưu chứng chỉ Quy hoạch của Sở Xây dựng tỉnh Hưng Yên năm 2012 ; [HS 5] Ký hiệu: H31.05.02.H31.09.2012.392 | Mã HT: H31.09.2012.008660 | Năm: 2012 (THBQ: 1) | Tiêu đề: Tập lưu chứng chỉ Quy hoạch của Sở Xây dựng tỉnh Hưng Yên năm 2012",""
113,"H31.05.02.H31.09.2012.393",ĐÃ TỒN TẠI (5 HS),5,"CÙNG TIÊU ĐỀ","Có 5 hồ sơ trùng hoàn toàn cả Tên, Ký hiệu và Năm","H31.05.02.H31.09.2012.393","H31.09.2012.002349","Tập lưu Kết quả thẩm định của Sở Xây dựng tỉnh Hưng Yên năm 2012 (từ số 01 - 30)",2012,1,"http://ktdl.soxaydung.hungyen.gov.vn/systems/filesviewdetail/iid/2349/index.aspx?am=0,1,2&rf=639253255315383363","[HS 1] Ký hiệu: H31.05.02.H31.09.2012.393 | Mã HT: H31.09.2012.002349 | Năm: 2012 (THBQ: 1) | Tiêu đề: Tập lưu Kết quả thẩm định của Sở Xây dựng tỉnh Hưng Yên năm 2012 (từ số 01 - 30) ; [HS 2] Ký hiệu: H31.05.02.H31.09.2012.393 | Mã HT: H31.09.2012.002526 | Năm: 2012 (THBQ: 1) | Tiêu đề: Tập lưu Kết quả thẩm định của Sở Xây dựng tỉnh Hưng Yên năm 2012 (từ số 01 - 30) ; [HS 3] Ký hiệu: H31.05.02.H31.09.2012.393 | Mã HT: H31.09.2012.002703 | Năm: 2012 (THBQ: 1) | Tiêu đề: Tập lưu Kết quả thẩm định của Sở Xây dựng tỉnh Hưng Yên năm 2012 (từ số 01 - 30) ; [HS 4] Ký hiệu: H31.05.02.H31.09.2012.393 | Mã HT: H31.09.2012.005682 | Năm: 2012 (THBQ: 1) | Tiêu đề: Tập lưu Kết quả thẩm định của Sở Xây dựng tỉnh Hưng Yên năm 2012 (từ số 01 - 30) ; [HS 5] Ký hiệu: H31.05.02.H31.09.2012.393 | Mã HT: H31.09.2012.008661 | Năm: 2012 (THBQ: 1) | Tiêu đề: Tập lưu Kết quả thẩm định của Sở Xây dựng tỉnh Hưng Yên năm 2012 (từ số 01 - 30)",""
114,"H31.05.02.H31.09.2012.394",ĐÃ TỒN TẠI (5 HS),5,"CÙNG TIÊU ĐỀ","Có 5 hồ sơ trùng hoàn toàn cả Tên, Ký hiệu và Năm","H31.05.02.H31.09.2012.394","H31.09.2012.002350","Tập lưu Giấy phép thầu của Sở Xây dựng tỉnh Hưng Yên năm 2012 (từ số 01 - 09).",2012,1,"http://ktdl.soxaydung.hungyen.gov.vn/systems/filesviewdetail/iid/2350/index.aspx?am=0,1,2&rf=639253255322727524","[HS 1] Ký hiệu: H31.05.02.H31.09.2012.394 | Mã HT: H31.09.2012.002350 | Năm: 2012 (THBQ: 1) | Tiêu đề: Tập lưu Giấy phép thầu của Sở Xây dựng tỉnh Hưng Yên năm 2012 (từ số 01 - 09). ; [HS 2] Ký hiệu: H31.05.02.H31.09.2012.394 | Mã HT: H31.09.2012.002527 | Năm: 2012 (THBQ: 1) | Tiêu đề: Tập lưu Giấy phép thầu của Sở Xây dựng tỉnh Hưng Yên năm 2012 (từ số 01 - 09). ; [HS 3] Ký hiệu: H31.05.02.H31.09.2012.394 | Mã HT: H31.09.2012.002704 | Năm: 2012 (THBQ: 1) | Tiêu đề: Tập lưu Giấy phép thầu của Sở Xây dựng tỉnh Hưng Yên năm 2012 (từ số 01 - 09). ; [HS 4] Ký hiệu: H31.05.02.H31.09.2012.394 | Mã HT: H31.09.2012.005683 | Năm: 2012 (THBQ: 1) | Tiêu đề: Tập lưu Giấy phép thầu của Sở Xây dựng tỉnh Hưng Yên năm 2012 (từ số 01 - 09). ; [HS 5] Ký hiệu: H31.05.02.H31.09.2012.394 | Mã HT: H31.09.2012.008662 | Năm: 2012 (THBQ: 1) | Tiêu đề: Tập lưu Giấy phép thầu của Sở Xây dựng tỉnh Hưng Yên năm 2012 (từ số 01 - 09).",""
115,"H31.05.02.H31.09.2012.395",ĐÃ TỒN TẠI (5 HS),5,"CÙNG TIÊU ĐỀ","Có 5 hồ sơ trùng hoàn toàn cả Tên, Ký hiệu và Năm","H31.05.02.H31.09.2012.395","H31.09.2012.002351","Hồ sơ Tập lưu Giấy phép Xây dựng của Sở Xây dựng tỉnh Hưng Yên năm 2012 (từ số 01 - 37)",2012,1,"http://ktdl.soxaydung.hungyen.gov.vn/systems/filesviewdetail/iid/2351/index.aspx?am=0,1,2&rf=639253255330383924","[HS 1] Ký hiệu: H31.05.02.H31.09.2012.395 | Mã HT: H31.09.2012.002351 | Năm: 2012 (THBQ: 1) | Tiêu đề: Hồ sơ Tập lưu Giấy phép Xây dựng của Sở Xây dựng tỉnh Hưng Yên năm 2012 (từ số 01 - 37) ; [HS 2] Ký hiệu: H31.05.02.H31.09.2012.395 | Mã HT: H31.09.2012.002528 | Năm: 2012 (THBQ: 1) | Tiêu đề: Hồ sơ Tập lưu Giấy phép Xây dựng của Sở Xây dựng tỉnh Hưng Yên năm 2012 (từ số 01 - 37) ; [HS 3] Ký hiệu: H31.05.02.H31.09.2012.395 | Mã HT: H31.09.2012.002705 | Năm: 2012 (THBQ: 1) | Tiêu đề: Hồ sơ Tập lưu Giấy phép Xây dựng của Sở Xây dựng tỉnh Hưng Yên năm 2012 (từ số 01 - 37) ; [HS 4] Ký hiệu: H31.05.02.H31.09.2012.395 | Mã HT: H31.09.2012.005684 | Năm: 2012 (THBQ: 1) | Tiêu đề: Hồ sơ Tập lưu Giấy phép Xây dựng của Sở Xây dựng tỉnh Hưng Yên năm 2012 (từ số 01 - 37) ; [HS 5] Ký hiệu: H31.05.02.H31.09.2012.395 | Mã HT: H31.09.2012.008663 | Năm: 2012 (THBQ: 1) | Tiêu đề: Hồ sơ Tập lưu Giấy phép Xây dựng của Sở Xây dựng tỉnh Hưng Yên năm 2012 (từ số 01 - 37)",""
116,"H31.05.02.H31.09.2013.396",ĐÃ TỒN TẠI (5 HS),5,"CÙNG TIÊU ĐỀ","Có 5 hồ sơ trùng hoàn toàn cả Tên, Ký hiệu và Năm","H31.05.02.H31.09.2013.396","H31.09.2013.002352","Tập lưu Quyết định của Sở Xây dựng tỉnh Hưng Yên năm 2013 (từ số 01 - 85)",2013,1,"http://ktdl.soxaydung.hungyen.gov.vn/systems/filesviewdetail/iid/2352/index.aspx?am=0,1,2&rf=639253255338664619","[HS 1] Ký hiệu: H31.05.02.H31.09.2013.396 | Mã HT: H31.09.2013.002352 | Năm: 2013 (THBQ: 1) | Tiêu đề: Tập lưu Quyết định của Sở Xây dựng tỉnh Hưng Yên năm 2013 (từ số 01 - 85) ; [HS 2] Ký hiệu: H31.05.02.H31.09.2013.396 | Mã HT: H31.09.2013.002529 | Năm: 2013 (THBQ: 1) | Tiêu đề: Tập lưu Quyết định của Sở Xây dựng tỉnh Hưng Yên năm 2013 (từ số 01 - 85) ; [HS 3] Ký hiệu: H31.05.02.H31.09.2013.396 | Mã HT: H31.09.2013.002706 | Năm: 2013 (THBQ: 1) | Tiêu đề: Tập lưu Quyết định của Sở Xây dựng tỉnh Hưng Yên năm 2013 (từ số 01 - 85) ; [HS 4] Ký hiệu: H31.05.02.H31.09.2013.396 | Mã HT: H31.09.2013.005685 | Năm: 2013 (THBQ: 1) | Tiêu đề: Tập lưu Quyết định của Sở Xây dựng tỉnh Hưng Yên năm 2013 (từ số 01 - 85) ; [HS 5] Ký hiệu: H31.05.02.H31.09.2013.396 | Mã HT: H31.09.2013.008664 | Năm: 2013 (THBQ: 1) | Tiêu đề: Tập lưu Quyết định của Sở Xây dựng tỉnh Hưng Yên năm 2013 (từ số 01 - 85)",""
117,"H31.05.02.H31.09.2013.397",ĐÃ TỒN TẠI (5 HS),5,"CÙNG TIÊU ĐỀ","Có 5 hồ sơ trùng hoàn toàn cả Tên, Ký hiệu và Năm","H31.05.02.H31.09.2013.397","H31.09.2013.002353","Tập lưu quyết định của Sở Xây dựng tỉnh Hưng Yên năm 2013 (từ số 86 - 129).",2013,1,"http://ktdl.soxaydung.hungyen.gov.vn/systems/filesviewdetail/iid/2353/index.aspx?am=0,1,2&rf=639253255346477706","[HS 1] Ký hiệu: H31.05.02.H31.09.2013.397 | Mã HT: H31.09.2013.002353 | Năm: 2013 (THBQ: 1) | Tiêu đề: Tập lưu quyết định của Sở Xây dựng tỉnh Hưng Yên năm 2013 (từ số 86 - 129). ; [HS 2] Ký hiệu: H31.05.02.H31.09.2013.397 | Mã HT: H31.09.2013.002530 | Năm: 2013 (THBQ: 1) | Tiêu đề: Tập lưu quyết định của Sở Xây dựng tỉnh Hưng Yên năm 2013 (từ số 86 - 129). ; [HS 3] Ký hiệu: H31.05.02.H31.09.2013.397 | Mã HT: H31.09.2013.002707 | Năm: 2013 (THBQ: 1) | Tiêu đề: Tập lưu quyết định của Sở Xây dựng tỉnh Hưng Yên năm 2013 (từ số 86 - 129). ; [HS 4] Ký hiệu: H31.05.02.H31.09.2013.397 | Mã HT: H31.09.2013.005686 | Năm: 2013 (THBQ: 1) | Tiêu đề: Tập lưu quyết định của Sở Xây dựng tỉnh Hưng Yên năm 2013 (từ số 86 - 129). ; [HS 5] Ký hiệu: H31.05.02.H31.09.2013.397 | Mã HT: H31.09.2013.008665 | Năm: 2013 (THBQ: 1) | Tiêu đề: Tập lưu quyết định của Sở Xây dựng tỉnh Hưng Yên năm 2013 (từ số 86 - 129).",""
118,"H31.05.02.H31.09.2013.398",ĐÃ TỒN TẠI (5 HS),5,"CÙNG TIÊU ĐỀ","Có 5 hồ sơ trùng hoàn toàn cả Tên, Ký hiệu và Năm","H31.05.02.H31.09.2013.398","H31.09.2013.002354","Tập lưu Báo cáo của Sở Xây dựng tỉnh Hưng Yên năm 2013 (từ số 01 - 48)",2013,1,"http://ktdl.soxaydung.hungyen.gov.vn/systems/filesviewdetail/iid/2354/index.aspx?am=0,1,2&rf=639253255353821711","[HS 1] Ký hiệu: H31.05.02.H31.09.2013.398 | Mã HT: H31.09.2013.002354 | Năm: 2013 (THBQ: 1) | Tiêu đề: Tập lưu Báo cáo của Sở Xây dựng tỉnh Hưng Yên năm 2013 (từ số 01 - 48) ; [HS 2] Ký hiệu: H31.05.02.H31.09.2013.398 | Mã HT: H31.09.2013.002531 | Năm: 2013 (THBQ: 1) | Tiêu đề: Tập lưu Báo cáo của Sở Xây dựng tỉnh Hưng Yên năm 2013 (từ số 01 - 48) ; [HS 3] Ký hiệu: H31.05.02.H31.09.2013.398 | Mã HT: H31.09.2013.002708 | Năm: 2013 (THBQ: 1) | Tiêu đề: Tập lưu Báo cáo của Sở Xây dựng tỉnh Hưng Yên năm 2013 (từ số 01 - 48) ; [HS 4] Ký hiệu: H31.05.02.H31.09.2013.398 | Mã HT: H31.09.2013.005687 | Năm: 2013 (THBQ: 1) | Tiêu đề: Tập lưu Báo cáo của Sở Xây dựng tỉnh Hưng Yên năm 2013 (từ số 01 - 48) ; [HS 5] Ký hiệu: H31.05.02.H31.09.2013.398 | Mã HT: H31.09.2013.008666 | Năm: 2013 (THBQ: 1) | Tiêu đề: Tập lưu Báo cáo của Sở Xây dựng tỉnh Hưng Yên năm 2013 (từ số 01 - 48)",""
119,"H31.05.02.H31.09.2013.399",ĐÃ TỒN TẠI (5 HS),5,"CÙNG TIÊU ĐỀ","Có 5 hồ sơ trùng hoàn toàn cả Tên, Ký hiệu và Năm","H31.05.02.H31.09.2013.399","H31.09.2013.002355","Tập lưu Báo cáo của Sở Xây dựng tỉnh Hưng Yên năm 2013 (từ số 49-101)",2013,1,"http://ktdl.soxaydung.hungyen.gov.vn/systems/filesviewdetail/iid/2355/index.aspx?am=0,1,2&rf=639253255361633926","[HS 1] Ký hiệu: H31.05.02.H31.09.2013.399 | Mã HT: H31.09.2013.002355 | Năm: 2013 (THBQ: 1) | Tiêu đề: Tập lưu Báo cáo của Sở Xây dựng tỉnh Hưng Yên năm 2013 (từ số 49-101) ; [HS 2] Ký hiệu: H31.05.02.H31.09.2013.399 | Mã HT: H31.09.2013.002532 | Năm: 2013 (THBQ: 1) | Tiêu đề: Tập lưu Báo cáo của Sở Xây dựng tỉnh Hưng Yên năm 2013 (từ số 49-101) ; [HS 3] Ký hiệu: H31.05.02.H31.09.2013.399 | Mã HT: H31.09.2013.002709 | Năm: 2013 (THBQ: 1) | Tiêu đề: Tập lưu Báo cáo của Sở Xây dựng tỉnh Hưng Yên năm 2013 (từ số 49-101) ; [HS 4] Ký hiệu: H31.05.02.H31.09.2013.399 | Mã HT: H31.09.2013.005688 | Năm: 2013 (THBQ: 1) | Tiêu đề: Tập lưu Báo cáo của Sở Xây dựng tỉnh Hưng Yên năm 2013 (từ số 49-101) ; [HS 5] Ký hiệu: H31.05.02.H31.09.2013.399 | Mã HT: H31.09.2013.008667 | Năm: 2013 (THBQ: 1) | Tiêu đề: Tập lưu Báo cáo của Sở Xây dựng tỉnh Hưng Yên năm 2013 (từ số 49-101)",""
120,"H31.05.02.H31.09.2013.400",ĐÃ TỒN TẠI (5 HS),5,"CÙNG TIÊU ĐỀ","Có 5 hồ sơ trùng hoàn toàn cả Tên, Ký hiệu và Năm","H31.05.02.H31.09.2013.400","H31.09.2013.002356","Tập lưu Báo cáo của Sở Xây dựng tỉnh Hưng Yên năm 2013 (từ số 102 - 129)",2013,1,"http://ktdl.soxaydung.hungyen.gov.vn/systems/filesviewdetail/iid/2356/index.aspx?am=0,1,2&rf=639253255369290310","[HS 1] Ký hiệu: H31.05.02.H31.09.2013.400 | Mã HT: H31.09.2013.002356 | Năm: 2013 (THBQ: 1) | Tiêu đề: Tập lưu Báo cáo của Sở Xây dựng tỉnh Hưng Yên năm 2013 (từ số 102 - 129) ; [HS 2] Ký hiệu: H31.05.02.H31.09.2013.400 | Mã HT: H31.09.2013.002533 | Năm: 2013 (THBQ: 1) | Tiêu đề: Tập lưu Báo cáo của Sở Xây dựng tỉnh Hưng Yên năm 2013 (từ số 102 - 129) ; [HS 3] Ký hiệu: H31.05.02.H31.09.2013.400 | Mã HT: H31.09.2013.002710 | Năm: 2013 (THBQ: 1) | Tiêu đề: Tập lưu Báo cáo của Sở Xây dựng tỉnh Hưng Yên năm 2013 (từ số 102 - 129) ; [HS 4] Ký hiệu: H31.05.02.H31.09.2013.400 | Mã HT: H31.09.2013.005689 | Năm: 2013 (THBQ: 1) | Tiêu đề: Tập lưu Báo cáo của Sở Xây dựng tỉnh Hưng Yên năm 2013 (từ số 102 - 129) ; [HS 5] Ký hiệu: H31.05.02.H31.09.2013.400 | Mã HT: H31.09.2013.008668 | Năm: 2013 (THBQ: 1) | Tiêu đề: Tập lưu Báo cáo của Sở Xây dựng tỉnh Hưng Yên năm 2013 (từ số 102 - 129)",""
121,"H31.05.02.H31.09.2013.401",ĐÃ TỒN TẠI (5 HS),5,"CÙNG TIÊU ĐỀ","Có 5 hồ sơ trùng hoàn toàn cả Tên, Ký hiệu và Năm","H31.05.02.H31.09.2013.401","H31.09.2013.002357","Hồ sơ Tập lưu Tờ trình của Sở Xây dựng tỉnh Hưng Yên năm 2013 (từ số 01 - 45)",2013,1,"http://ktdl.soxaydung.hungyen.gov.vn/systems/filesviewdetail/iid/2357/index.aspx?am=0,1,2&rf=639253255377103597","[HS 1] Ký hiệu: H31.05.02.H31.09.2013.401 | Mã HT: H31.09.2013.002357 | Năm: 2013 (THBQ: 1) | Tiêu đề: Hồ sơ Tập lưu Tờ trình của Sở Xây dựng tỉnh Hưng Yên năm 2013 (từ số 01 - 45) ; [HS 2] Ký hiệu: H31.05.02.H31.09.2013.401 | Mã HT: H31.09.2013.002534 | Năm: 2013 (THBQ: 1) | Tiêu đề: Hồ sơ Tập lưu Tờ trình của Sở Xây dựng tỉnh Hưng Yên năm 2013 (từ số 01 - 45) ; [HS 3] Ký hiệu: H31.05.02.H31.09.2013.401 | Mã HT: H31.09.2013.002711 | Năm: 2013 (THBQ: 1) | Tiêu đề: Hồ sơ Tập lưu Tờ trình của Sở Xây dựng tỉnh Hưng Yên năm 2013 (từ số 01 - 45) ; [HS 4] Ký hiệu: H31.05.02.H31.09.2013.401 | Mã HT: H31.09.2013.005690 | Năm: 2013 (THBQ: 1) | Tiêu đề: Hồ sơ Tập lưu Tờ trình của Sở Xây dựng tỉnh Hưng Yên năm 2013 (từ số 01 - 45) ; [HS 5] Ký hiệu: H31.05.02.H31.09.2013.401 | Mã HT: H31.09.2013.008669 | Năm: 2013 (THBQ: 1) | Tiêu đề: Hồ sơ Tập lưu Tờ trình của Sở Xây dựng tỉnh Hưng Yên năm 2013 (từ số 01 - 45)",""
122,"H31.05.02.H31.09.2013.402",ĐÃ TỒN TẠI (5 HS),5,"CÙNG TIÊU ĐỀ","Có 5 hồ sơ trùng hoàn toàn cả Tên, Ký hiệu và Năm","H31.05.02.H31.09.2013.402","H31.09.2013.002358","Tập lưu Tờ trình của Sở Xây dựng tỉnh Hưng Yên năm 2013 (từ số 46 - 87)",2013,1,"http://ktdl.soxaydung.hungyen.gov.vn/systems/filesviewdetail/iid/2358/index.aspx?am=0,1,2&rf=639253255384290596","[HS 1] Ký hiệu: H31.05.02.H31.09.2013.402 | Mã HT: H31.09.2013.002358 | Năm: 2013 (THBQ: 1) | Tiêu đề: Tập lưu Tờ trình của Sở Xây dựng tỉnh Hưng Yên năm 2013 (từ số 46 - 87) ; [HS 2] Ký hiệu: H31.05.02.H31.09.2013.402 | Mã HT: H31.09.2013.002535 | Năm: 2013 (THBQ: 1) | Tiêu đề: Tập lưu Tờ trình của Sở Xây dựng tỉnh Hưng Yên năm 2013 (từ số 46 - 87) ; [HS 3] Ký hiệu: H31.05.02.H31.09.2013.402 | Mã HT: H31.09.2013.002712 | Năm: 2013 (THBQ: 1) | Tiêu đề: Tập lưu Tờ trình của Sở Xây dựng tỉnh Hưng Yên năm 2013 (từ số 46 - 87) ; [HS 4] Ký hiệu: H31.05.02.H31.09.2013.402 | Mã HT: H31.09.2013.005691 | Năm: 2013 (THBQ: 1) | Tiêu đề: Tập lưu Tờ trình của Sở Xây dựng tỉnh Hưng Yên năm 2013 (từ số 46 - 87) ; [HS 5] Ký hiệu: H31.05.02.H31.09.2013.402 | Mã HT: H31.09.2013.008670 | Năm: 2013 (THBQ: 1) | Tiêu đề: Tập lưu Tờ trình của Sở Xây dựng tỉnh Hưng Yên năm 2013 (từ số 46 - 87)",""
123,"H31.05.02.H31.09.2013.403",ĐÃ TỒN TẠI (5 HS),5,"CÙNG TIÊU ĐỀ","Có 5 hồ sơ trùng hoàn toàn cả Tên, Ký hiệu và Năm","H31.05.02.H31.09.2013.403","H31.09.2013.002359","Hồ sơ Tập lưu Tờ trình của Sở Xây dựng tỉnh Hưng Yên năm 2013 (từ số 88-123)",2013,1,"http://ktdl.soxaydung.hungyen.gov.vn/systems/filesviewdetail/iid/2359/index.aspx?am=0,1,2&rf=639253255391791119","[HS 1] Ký hiệu: H31.05.02.H31.09.2013.403 | Mã HT: H31.09.2013.002359 | Năm: 2013 (THBQ: 1) | Tiêu đề: Hồ sơ Tập lưu Tờ trình của Sở Xây dựng tỉnh Hưng Yên năm 2013 (từ số 88-123) ; [HS 2] Ký hiệu: H31.05.02.H31.09.2013.403 | Mã HT: H31.09.2013.002536 | Năm: 2013 (THBQ: 1) | Tiêu đề: Hồ sơ Tập lưu Tờ trình của Sở Xây dựng tỉnh Hưng Yên năm 2013 (từ số 88-123) ; [HS 3] Ký hiệu: H31.05.02.H31.09.2013.403 | Mã HT: H31.09.2013.002713 | Năm: 2013 (THBQ: 1) | Tiêu đề: Hồ sơ Tập lưu Tờ trình của Sở Xây dựng tỉnh Hưng Yên năm 2013 (từ số 88-123) ; [HS 4] Ký hiệu: H31.05.02.H31.09.2013.403 | Mã HT: H31.09.2013.005692 | Năm: 2013 (THBQ: 1) | Tiêu đề: Hồ sơ Tập lưu Tờ trình của Sở Xây dựng tỉnh Hưng Yên năm 2013 (từ số 88-123) ; [HS 5] Ký hiệu: H31.05.02.H31.09.2013.403 | Mã HT: H31.09.2013.008671 | Năm: 2013 (THBQ: 1) | Tiêu đề: Hồ sơ Tập lưu Tờ trình của Sở Xây dựng tỉnh Hưng Yên năm 2013 (từ số 88-123)",""
124,"H31.05.02.H31.09.2013.404",ĐÃ TỒN TẠI (5 HS),5,"CÙNG TIÊU ĐỀ","Có 5 hồ sơ trùng hoàn toàn cả Tên, Ký hiệu và Năm","H31.05.02.H31.09.2013.404","H31.09.2013.002360","Hồ sơ Tập lưu thông báo của Sở Xây dựng tỉnh Hưng Yên năm 2013 (từ số 01 - 58)",2013,1,"http://ktdl.soxaydung.hungyen.gov.vn/systems/filesviewdetail/iid/2360/index.aspx?am=0,1,2&rf=639253255398978294","[HS 1] Ký hiệu: H31.05.02.H31.09.2013.404 | Mã HT: H31.09.2013.002360 | Năm: 2013 (THBQ: 1) | Tiêu đề: Hồ sơ Tập lưu thông báo của Sở Xây dựng tỉnh Hưng Yên năm 2013 (từ số 01 - 58) ; [HS 2] Ký hiệu: H31.05.02.H31.09.2013.404 | Mã HT: H31.09.2013.002537 | Năm: 2013 (THBQ: 1) | Tiêu đề: Hồ sơ Tập lưu thông báo của Sở Xây dựng tỉnh Hưng Yên năm 2013 (từ số 01 - 58) ; [HS 3] Ký hiệu: H31.05.02.H31.09.2013.404 | Mã HT: H31.09.2013.002714 | Năm: 2013 (THBQ: 1) | Tiêu đề: Hồ sơ Tập lưu thông báo của Sở Xây dựng tỉnh Hưng Yên năm 2013 (từ số 01 - 58) ; [HS 4] Ký hiệu: H31.05.02.H31.09.2013.404 | Mã HT: H31.09.2013.005693 | Năm: 2013 (THBQ: 1) | Tiêu đề: Hồ sơ Tập lưu thông báo của Sở Xây dựng tỉnh Hưng Yên năm 2013 (từ số 01 - 58) ; [HS 5] Ký hiệu: H31.05.02.H31.09.2013.404 | Mã HT: H31.09.2013.008672 | Năm: 2013 (THBQ: 1) | Tiêu đề: Hồ sơ Tập lưu thông báo của Sở Xây dựng tỉnh Hưng Yên năm 2013 (từ số 01 - 58)",""
125,"H31.05.02.H31.09.2013.405",ĐÃ TỒN TẠI (5 HS),5,"CÙNG TIÊU ĐỀ","Có 5 hồ sơ trùng hoàn toàn cả Tên, Ký hiệu và Năm","H31.05.02.H31.09.2013.405","H31.09.2013.002361","Tập lưu Thông báo của Sở Xây dựng tỉnh Hưng Yên năm 2013 (từ số 59 - 116)",2013,1,"http://ktdl.soxaydung.hungyen.gov.vn/systems/filesviewdetail/iid/2361/index.aspx?am=0,1,2&rf=639253255406791418","[HS 1] Ký hiệu: H31.05.02.H31.09.2013.405 | Mã HT: H31.09.2013.002361 | Năm: 2013 (THBQ: 1) | Tiêu đề: Tập lưu Thông báo của Sở Xây dựng tỉnh Hưng Yên năm 2013 (từ số 59 - 116) ; [HS 2] Ký hiệu: H31.05.02.H31.09.2013.405 | Mã HT: H31.09.2013.002538 | Năm: 2013 (THBQ: 1) | Tiêu đề: Tập lưu Thông báo của Sở Xây dựng tỉnh Hưng Yên năm 2013 (từ số 59 - 116) ; [HS 3] Ký hiệu: H31.05.02.H31.09.2013.405 | Mã HT: H31.09.2013.002715 | Năm: 2013 (THBQ: 1) | Tiêu đề: Tập lưu Thông báo của Sở Xây dựng tỉnh Hưng Yên năm 2013 (từ số 59 - 116) ; [HS 4] Ký hiệu: H31.05.02.H31.09.2013.405 | Mã HT: H31.09.2013.005694 | Năm: 2013 (THBQ: 1) | Tiêu đề: Tập lưu Thông báo của Sở Xây dựng tỉnh Hưng Yên năm 2013 (từ số 59 - 116) ; [HS 5] Ký hiệu: H31.05.02.H31.09.2013.405 | Mã HT: H31.09.2013.008673 | Năm: 2013 (THBQ: 1) | Tiêu đề: Tập lưu Thông báo của Sở Xây dựng tỉnh Hưng Yên năm 2013 (từ số 59 - 116)",""
126,"H31.05.02.H31.09.2013.406",ĐÃ TỒN TẠI (5 HS),5,"CÙNG TIÊU ĐỀ","Có 5 hồ sơ trùng hoàn toàn cả Tên, Ký hiệu và Năm","H31.05.02.H31.09.2013.406","H31.09.2013.002362","Tập lưu Thông báo của Sở Xây dựng tỉnh Hưng Yên năm 2013 (từ số 117 - 199)",2013,1,"http://ktdl.soxaydung.hungyen.gov.vn/systems/filesviewdetail/iid/2362/index.aspx?am=0,1,2&rf=639253255414291235","[HS 1] Ký hiệu: H31.05.02.H31.09.2013.406 | Mã HT: H31.09.2013.002362 | Năm: 2013 (THBQ: 1) | Tiêu đề: Tập lưu Thông báo của Sở Xây dựng tỉnh Hưng Yên năm 2013 (từ số 117 - 199) ; [HS 2] Ký hiệu: H31.05.02.H31.09.2013.406 | Mã HT: H31.09.2013.002539 | Năm: 2013 (THBQ: 1) | Tiêu đề: Tập lưu Thông báo của Sở Xây dựng tỉnh Hưng Yên năm 2013 (từ số 117 - 199) ; [HS 3] Ký hiệu: H31.05.02.H31.09.2013.406 | Mã HT: H31.09.2013.002716 | Năm: 2013 (THBQ: 1) | Tiêu đề: Tập lưu Thông báo của Sở Xây dựng tỉnh Hưng Yên năm 2013 (từ số 117 - 199) ; [HS 4] Ký hiệu: H31.05.02.H31.09.2013.406 | Mã HT: H31.09.2013.005695 | Năm: 2013 (THBQ: 1) | Tiêu đề: Tập lưu Thông báo của Sở Xây dựng tỉnh Hưng Yên năm 2013 (từ số 117 - 199) ; [HS 5] Ký hiệu: H31.05.02.H31.09.2013.406 | Mã HT: H31.09.2013.008674 | Năm: 2013 (THBQ: 1) | Tiêu đề: Tập lưu Thông báo của Sở Xây dựng tỉnh Hưng Yên năm 2013 (từ số 117 - 199)",""
127,"H31.05.02.H31.09.2013.407",ĐÃ TỒN TẠI (5 HS),5,"CÙNG TIÊU ĐỀ","Có 5 hồ sơ trùng hoàn toàn cả Tên, Ký hiệu và Năm","H31.05.02.H31.09.2013.407","H31.09.2013.002363","Tập lưu Thông báo của Sở Xây dựng tỉnh Hưng Yên năm 2013 (từ số 200a - 275)",2013,1,"http://ktdl.soxaydung.hungyen.gov.vn/systems/filesviewdetail/iid/2363/index.aspx?am=0,1,2&rf=639253255421635834","[HS 1] Ký hiệu: H31.05.02.H31.09.2013.407 | Mã HT: H31.09.2013.002363 | Năm: 2013 (THBQ: 1) | Tiêu đề: Tập lưu Thông báo của Sở Xây dựng tỉnh Hưng Yên năm 2013 (từ số 200a - 275) ; [HS 2] Ký hiệu: H31.05.02.H31.09.2013.407 | Mã HT: H31.09.2013.002540 | Năm: 2013 (THBQ: 1) | Tiêu đề: Tập lưu Thông báo của Sở Xây dựng tỉnh Hưng Yên năm 2013 (từ số 200a - 275) ; [HS 3] Ký hiệu: H31.05.02.H31.09.2013.407 | Mã HT: H31.09.2013.002717 | Năm: 2013 (THBQ: 1) | Tiêu đề: Tập lưu Thông báo của Sở Xây dựng tỉnh Hưng Yên năm 2013 (từ số 200a - 275) ; [HS 4] Ký hiệu: H31.05.02.H31.09.2013.407 | Mã HT: H31.09.2013.005696 | Năm: 2013 (THBQ: 1) | Tiêu đề: Tập lưu Thông báo của Sở Xây dựng tỉnh Hưng Yên năm 2013 (từ số 200a - 275) ; [HS 5] Ký hiệu: H31.05.02.H31.09.2013.407 | Mã HT: H31.09.2013.008675 | Năm: 2013 (THBQ: 1) | Tiêu đề: Tập lưu Thông báo của Sở Xây dựng tỉnh Hưng Yên năm 2013 (từ số 200a - 275)",""
128,"H31.05.02.H31.09.2013.408",ĐÃ TỒN TẠI (5 HS),5,"CÙNG TIÊU ĐỀ","Có 5 hồ sơ trùng hoàn toàn cả Tên, Ký hiệu và Năm","H31.05.02.H31.09.2013.408","H31.09.2013.002364","Tập lưu Công văn của Sở Xây dựng tỉnh Hưng Yên năm 2013 (từ số 01 - 77)",2013,1,"http://ktdl.soxaydung.hungyen.gov.vn/systems/filesviewdetail/iid/2364/index.aspx?am=0,1,2&rf=639253255429447704","[HS 1] Ký hiệu: H31.05.02.H31.09.2013.408 | Mã HT: H31.09.2013.002364 | Năm: 2013 (THBQ: 1) | Tiêu đề: Tập lưu Công văn của Sở Xây dựng tỉnh Hưng Yên năm 2013 (từ số 01 - 77) ; [HS 2] Ký hiệu: H31.05.02.H31.09.2013.408 | Mã HT: H31.09.2013.002541 | Năm: 2013 (THBQ: 1) | Tiêu đề: Tập lưu Công văn của Sở Xây dựng tỉnh Hưng Yên năm 2013 (từ số 01 - 77) ; [HS 3] Ký hiệu: H31.05.02.H31.09.2013.408 | Mã HT: H31.09.2013.002718 | Năm: 2013 (THBQ: 1) | Tiêu đề: Tập lưu Công văn của Sở Xây dựng tỉnh Hưng Yên năm 2013 (từ số 01 - 77) ; [HS 4] Ký hiệu: H31.05.02.H31.09.2013.408 | Mã HT: H31.09.2013.005697 | Năm: 2013 (THBQ: 1) | Tiêu đề: Tập lưu Công văn của Sở Xây dựng tỉnh Hưng Yên năm 2013 (từ số 01 - 77) ; [HS 5] Ký hiệu: H31.05.02.H31.09.2013.408 | Mã HT: H31.09.2013.008676 | Năm: 2013 (THBQ: 1) | Tiêu đề: Tập lưu Công văn của Sở Xây dựng tỉnh Hưng Yên năm 2013 (từ số 01 - 77)",""
129,"H31.05.02.H31.09.2013.409",ĐÃ TỒN TẠI (5 HS),5,"CÙNG TIÊU ĐỀ","Có 5 hồ sơ trùng hoàn toàn cả Tên, Ký hiệu và Năm","H31.05.02.H31.09.2013.409","H31.09.2013.002365","Hồ sơ Tập lưu Công văn của Sở Xây dựng tỉnh Hưng Yên năm 2013 (từ số 78-177)",2013,1,"http://ktdl.soxaydung.hungyen.gov.vn/systems/filesviewdetail/iid/2365/index.aspx?am=0,1,2&rf=639253255436636004","[HS 1] Ký hiệu: H31.05.02.H31.09.2013.409 | Mã HT: H31.09.2013.002365 | Năm: 2013 (THBQ: 1) | Tiêu đề: Hồ sơ Tập lưu Công văn của Sở Xây dựng tỉnh Hưng Yên năm 2013 (từ số 78-177) ; [HS 2] Ký hiệu: H31.05.02.H31.09.2013.409 | Mã HT: H31.09.2013.002542 | Năm: 2013 (THBQ: 1) | Tiêu đề: Hồ sơ Tập lưu Công văn của Sở Xây dựng tỉnh Hưng Yên năm 2013 (từ số 78-177) ; [HS 3] Ký hiệu: H31.05.02.H31.09.2013.409 | Mã HT: H31.09.2013.002719 | Năm: 2013 (THBQ: 1) | Tiêu đề: Hồ sơ Tập lưu Công văn của Sở Xây dựng tỉnh Hưng Yên năm 2013 (từ số 78-177) ; [HS 4] Ký hiệu: H31.05.02.H31.09.2013.409 | Mã HT: H31.09.2013.005698 | Năm: 2013 (THBQ: 1) | Tiêu đề: Hồ sơ Tập lưu Công văn của Sở Xây dựng tỉnh Hưng Yên năm 2013 (từ số 78-177) ; [HS 5] Ký hiệu: H31.05.02.H31.09.2013.409 | Mã HT: H31.09.2013.008677 | Năm: 2013 (THBQ: 1) | Tiêu đề: Hồ sơ Tập lưu Công văn của Sở Xây dựng tỉnh Hưng Yên năm 2013 (từ số 78-177)",""
130,"H31.05.02.H31.09.2013.410",ĐÃ TỒN TẠI (5 HS),5,"CÙNG TIÊU ĐỀ","Có 5 hồ sơ trùng hoàn toàn cả Tên, Ký hiệu và Năm","H31.05.02.H31.09.2013.410","H31.09.2013.002366","Hồ sơ Tập lưu Công văn của Sở Xây dựng tỉnh Hưng Yên năm 2013 (từ số 178-241)",2013,1,"http://ktdl.soxaydung.hungyen.gov.vn/systems/filesviewdetail/iid/2366/index.aspx?am=0,1,2&rf=639253255444604202","[HS 1] Ký hiệu: H31.05.02.H31.09.2013.410 | Mã HT: H31.09.2013.002366 | Năm: 2013 (THBQ: 1) | Tiêu đề: Hồ sơ Tập lưu Công văn của Sở Xây dựng tỉnh Hưng Yên năm 2013 (từ số 178-241) ; [HS 2] Ký hiệu: H31.05.02.H31.09.2013.410 | Mã HT: H31.09.2013.002543 | Năm: 2013 (THBQ: 1) | Tiêu đề: Hồ sơ Tập lưu Công văn của Sở Xây dựng tỉnh Hưng Yên năm 2013 (từ số 178-241) ; [HS 3] Ký hiệu: H31.05.02.H31.09.2013.410 | Mã HT: H31.09.2013.002720 | Năm: 2013 (THBQ: 1) | Tiêu đề: Hồ sơ Tập lưu Công văn của Sở Xây dựng tỉnh Hưng Yên năm 2013 (từ số 178-241) ; [HS 4] Ký hiệu: H31.05.02.H31.09.2013.410 | Mã HT: H31.09.2013.005699 | Năm: 2013 (THBQ: 1) | Tiêu đề: Hồ sơ Tập lưu Công văn của Sở Xây dựng tỉnh Hưng Yên năm 2013 (từ số 178-241) ; [HS 5] Ký hiệu: H31.05.02.H31.09.2013.410 | Mã HT: H31.09.2013.008678 | Năm: 2013 (THBQ: 1) | Tiêu đề: Hồ sơ Tập lưu Công văn của Sở Xây dựng tỉnh Hưng Yên năm 2013 (từ số 178-241)",""
131,"H31.05.02.H31.09.2013.411",ĐÃ TỒN TẠI (5 HS),5,"CÙNG TIÊU ĐỀ","Có 5 hồ sơ trùng hoàn toàn cả Tên, Ký hiệu và Năm","H31.05.02.H31.09.2013.411","H31.09.2013.002367","Hồ sơ Tập lưu Công văn của Sở Xây dựng tỉnh Hưng Yên năm 2013 (từ số 242 - 354)",2013,1,"http://ktdl.soxaydung.hungyen.gov.vn/systems/filesviewdetail/iid/2367/index.aspx?am=0,1,2&rf=639253255451635781","[HS 1] Ký hiệu: H31.05.02.H31.09.2013.411 | Mã HT: H31.09.2013.002367 | Năm: 2013 (THBQ: 1) | Tiêu đề: Hồ sơ Tập lưu Công văn của Sở Xây dựng tỉnh Hưng Yên năm 2013 (từ số 242 - 354) ; [HS 2] Ký hiệu: H31.05.02.H31.09.2013.411 | Mã HT: H31.09.2013.002544 | Năm: 2013 (THBQ: 1) | Tiêu đề: Hồ sơ Tập lưu Công văn của Sở Xây dựng tỉnh Hưng Yên năm 2013 (từ số 242 - 354) ; [HS 3] Ký hiệu: H31.05.02.H31.09.2013.411 | Mã HT: H31.09.2013.002721 | Năm: 2013 (THBQ: 1) | Tiêu đề: Hồ sơ Tập lưu Công văn của Sở Xây dựng tỉnh Hưng Yên năm 2013 (từ số 242 - 354) ; [HS 4] Ký hiệu: H31.05.02.H31.09.2013.411 | Mã HT: H31.09.2013.005700 | Năm: 2013 (THBQ: 1) | Tiêu đề: Hồ sơ Tập lưu Công văn của Sở Xây dựng tỉnh Hưng Yên năm 2013 (từ số 242 - 354) ; [HS 5] Ký hiệu: H31.05.02.H31.09.2013.411 | Mã HT: H31.09.2013.008679 | Năm: 2013 (THBQ: 1) | Tiêu đề: Hồ sơ Tập lưu Công văn của Sở Xây dựng tỉnh Hưng Yên năm 2013 (từ số 242 - 354)",""
132,"H31.05.02.H31.09.2013.412",ĐÃ TỒN TẠI (5 HS),5,"CÙNG TIÊU ĐỀ","Có 5 hồ sơ trùng hoàn toàn cả Tên, Ký hiệu và Năm","H31.05.02.H31.09.2013.412","H31.09.2013.002368","Hồ sơ Tập lưu Công văn của Sở Xây dựng tỉnh Hưng Yên năm 2013 (từ số 355-423)",2013,1,"http://ktdl.soxaydung.hungyen.gov.vn/systems/filesviewdetail/iid/2368/index.aspx?am=0,1,2&rf=639253255459448696","[HS 1] Ký hiệu: H31.05.02.H31.09.2013.412 | Mã HT: H31.09.2013.002368 | Năm: 2013 (THBQ: 1) | Tiêu đề: Hồ sơ Tập lưu Công văn của Sở Xây dựng tỉnh Hưng Yên năm 2013 (từ số 355-423) ; [HS 2] Ký hiệu: H31.05.02.H31.09.2013.412 | Mã HT: H31.09.2013.002545 | Năm: 2013 (THBQ: 1) | Tiêu đề: Hồ sơ Tập lưu Công văn của Sở Xây dựng tỉnh Hưng Yên năm 2013 (từ số 355-423) ; [HS 3] Ký hiệu: H31.05.02.H31.09.2013.412 | Mã HT: H31.09.2013.002722 | Năm: 2013 (THBQ: 1) | Tiêu đề: Hồ sơ Tập lưu Công văn của Sở Xây dựng tỉnh Hưng Yên năm 2013 (từ số 355-423) ; [HS 4] Ký hiệu: H31.05.02.H31.09.2013.412 | Mã HT: H31.09.2013.005701 | Năm: 2013 (THBQ: 1) | Tiêu đề: Hồ sơ Tập lưu Công văn của Sở Xây dựng tỉnh Hưng Yên năm 2013 (từ số 355-423) ; [HS 5] Ký hiệu: H31.05.02.H31.09.2013.412 | Mã HT: H31.09.2013.008680 | Năm: 2013 (THBQ: 1) | Tiêu đề: Hồ sơ Tập lưu Công văn của Sở Xây dựng tỉnh Hưng Yên năm 2013 (từ số 355-423)",""
133,"H31.05.02.H31.09.2013.413",ĐÃ TỒN TẠI (5 HS),5,"CÙNG TIÊU ĐỀ","Có 5 hồ sơ trùng hoàn toàn cả Tên, Ký hiệu và Năm","H31.05.02.H31.09.2013.413","H31.09.2013.002369","Tập lưu Công văn của Sở Xây dựng tỉnh Hưng Yên năm 2013 (từ số 424 - 498)",2013,1,"http://ktdl.soxaydung.hungyen.gov.vn/systems/filesviewdetail/iid/2369/index.aspx?am=0,1,2&rf=639253255467417161","[HS 1] Ký hiệu: H31.05.02.H31.09.2013.413 | Mã HT: H31.09.2013.002369 | Năm: 2013 (THBQ: 1) | Tiêu đề: Tập lưu Công văn của Sở Xây dựng tỉnh Hưng Yên năm 2013 (từ số 424 - 498) ; [HS 2] Ký hiệu: H31.05.02.H31.09.2013.413 | Mã HT: H31.09.2013.002546 | Năm: 2013 (THBQ: 1) | Tiêu đề: Tập lưu Công văn của Sở Xây dựng tỉnh Hưng Yên năm 2013 (từ số 424 - 498) ; [HS 3] Ký hiệu: H31.05.02.H31.09.2013.413 | Mã HT: H31.09.2013.002723 | Năm: 2013 (THBQ: 1) | Tiêu đề: Tập lưu Công văn của Sở Xây dựng tỉnh Hưng Yên năm 2013 (từ số 424 - 498) ; [HS 4] Ký hiệu: H31.05.02.H31.09.2013.413 | Mã HT: H31.09.2013.005702 | Năm: 2013 (THBQ: 1) | Tiêu đề: Tập lưu Công văn của Sở Xây dựng tỉnh Hưng Yên năm 2013 (từ số 424 - 498) ; [HS 5] Ký hiệu: H31.05.02.H31.09.2013.413 | Mã HT: H31.09.2013.008681 | Năm: 2013 (THBQ: 1) | Tiêu đề: Tập lưu Công văn của Sở Xây dựng tỉnh Hưng Yên năm 2013 (từ số 424 - 498)",""
134,"H31.05.02.H31.09.2013.414",ĐÃ TỒN TẠI (5 HS),5,"CÙNG TIÊU ĐỀ","Có 5 hồ sơ trùng hoàn toàn cả Tên, Ký hiệu và Năm","H31.05.02.H31.09.2013.414","H31.09.2013.002370","Tập lưu Công văn của Sở Xây dựng tỉnh Hưng Yên năm 2013 (từ số 499 - 548)",2013,1,"http://ktdl.soxaydung.hungyen.gov.vn/systems/filesviewdetail/iid/2370/index.aspx?am=0,1,2&rf=639253255474761780","[HS 1] Ký hiệu: H31.05.02.H31.09.2013.414 | Mã HT: H31.09.2013.002370 | Năm: 2013 (THBQ: 1) | Tiêu đề: Tập lưu Công văn của Sở Xây dựng tỉnh Hưng Yên năm 2013 (từ số 499 - 548) ; [HS 2] Ký hiệu: H31.05.02.H31.09.2013.414 | Mã HT: H31.09.2013.002547 | Năm: 2013 (THBQ: 1) | Tiêu đề: Tập lưu Công văn của Sở Xây dựng tỉnh Hưng Yên năm 2013 (từ số 499 - 548) ; [HS 3] Ký hiệu: H31.05.02.H31.09.2013.414 | Mã HT: H31.09.2013.002724 | Năm: 2013 (THBQ: 1) | Tiêu đề: Tập lưu Công văn của Sở Xây dựng tỉnh Hưng Yên năm 2013 (từ số 499 - 548) ; [HS 4] Ký hiệu: H31.05.02.H31.09.2013.414 | Mã HT: H31.09.2013.005703 | Năm: 2013 (THBQ: 1) | Tiêu đề: Tập lưu Công văn của Sở Xây dựng tỉnh Hưng Yên năm 2013 (từ số 499 - 548) ; [HS 5] Ký hiệu: H31.05.02.H31.09.2013.414 | Mã HT: H31.09.2013.008682 | Năm: 2013 (THBQ: 1) | Tiêu đề: Tập lưu Công văn của Sở Xây dựng tỉnh Hưng Yên năm 2013 (từ số 499 - 548)",""
135,"H31.05.02.H31.09.2013.415",ĐÃ TỒN TẠI (5 HS),5,"CÙNG TIÊU ĐỀ","Có 5 hồ sơ trùng hoàn toàn cả Tên, Ký hiệu và Năm","H31.05.02.H31.09.2013.415","H31.09.2013.002371","Hồ sơ Tập lưu kết quả thẩm định của Sở Xây dựng tỉnh Hưng Yên năm 2013 (từ số 01-45)",2013,1,"http://ktdl.soxaydung.hungyen.gov.vn/systems/filesviewdetail/iid/2371/index.aspx?am=0,1,2&rf=639253255482574478","[HS 1] Ký hiệu: H31.05.02.H31.09.2013.415 | Mã HT: H31.09.2013.002371 | Năm: 2013 (THBQ: 1) | Tiêu đề: Hồ sơ Tập lưu kết quả thẩm định của Sở Xây dựng tỉnh Hưng Yên năm 2013 (từ số 01-45) ; [HS 2] Ký hiệu: H31.05.02.H31.09.2013.415 | Mã HT: H31.09.2013.002548 | Năm: 2013 (THBQ: 1) | Tiêu đề: Hồ sơ Tập lưu kết quả thẩm định của Sở Xây dựng tỉnh Hưng Yên năm 2013 (từ số 01-45) ; [HS 3] Ký hiệu: H31.05.02.H31.09.2013.415 | Mã HT: H31.09.2013.002725 | Năm: 2013 (THBQ: 1) | Tiêu đề: Hồ sơ Tập lưu kết quả thẩm định của Sở Xây dựng tỉnh Hưng Yên năm 2013 (từ số 01-45) ; [HS 4] Ký hiệu: H31.05.02.H31.09.2013.415 | Mã HT: H31.09.2013.005704 | Năm: 2013 (THBQ: 1) | Tiêu đề: Hồ sơ Tập lưu kết quả thẩm định của Sở Xây dựng tỉnh Hưng Yên năm 2013 (từ số 01-45) ; [HS 5] Ký hiệu: H31.05.02.H31.09.2013.415 | Mã HT: H31.09.2013.008683 | Năm: 2013 (THBQ: 1) | Tiêu đề: Hồ sơ Tập lưu kết quả thẩm định của Sở Xây dựng tỉnh Hưng Yên năm 2013 (từ số 01-45)",""
136,"H31.05.02.H31.09.2013.416",ĐÃ TỒN TẠI (5 HS),5,"CÙNG TIÊU ĐỀ","Có 5 hồ sơ trùng hoàn toàn cả Tên, Ký hiệu và Năm","H31.05.02.H31.09.2013.416","H31.09.2013.002372","Tập lưu Kết quả thẩm định của Sở Xây dựng tỉnh Hưng Yên năm 2013 (từ số 46 - 68)",2013,1,"http://ktdl.soxaydung.hungyen.gov.vn/systems/filesviewdetail/iid/2372/index.aspx?am=0,1,2&rf=639253255490074361","[HS 1] Ký hiệu: H31.05.02.H31.09.2013.416 | Mã HT: H31.09.2013.002372 | Năm: 2013 (THBQ: 1) | Tiêu đề: Tập lưu Kết quả thẩm định của Sở Xây dựng tỉnh Hưng Yên năm 2013 (từ số 46 - 68) ; [HS 2] Ký hiệu: H31.05.02.H31.09.2013.416 | Mã HT: H31.09.2013.002549 | Năm: 2013 (THBQ: 1) | Tiêu đề: Tập lưu Kết quả thẩm định của Sở Xây dựng tỉnh Hưng Yên năm 2013 (từ số 46 - 68) ; [HS 3] Ký hiệu: H31.05.02.H31.09.2013.416 | Mã HT: H31.09.2013.002726 | Năm: 2013 (THBQ: 1) | Tiêu đề: Tập lưu Kết quả thẩm định của Sở Xây dựng tỉnh Hưng Yên năm 2013 (từ số 46 - 68) ; [HS 4] Ký hiệu: H31.05.02.H31.09.2013.416 | Mã HT: H31.09.2013.005705 | Năm: 2013 (THBQ: 1) | Tiêu đề: Tập lưu Kết quả thẩm định của Sở Xây dựng tỉnh Hưng Yên năm 2013 (từ số 46 - 68) ; [HS 5] Ký hiệu: H31.05.02.H31.09.2013.416 | Mã HT: H31.09.2013.008684 | Năm: 2013 (THBQ: 1) | Tiêu đề: Tập lưu Kết quả thẩm định của Sở Xây dựng tỉnh Hưng Yên năm 2013 (từ số 46 - 68)",""
137,"H31.05.02.H31.09.2013.417",ĐÃ TỒN TẠI (5 HS),5,"CÙNG TIÊU ĐỀ","Có 5 hồ sơ trùng hoàn toàn cả Tên, Ký hiệu và Năm","H31.05.02.H31.09.2013.417","H31.09.2013.002373","Tập lưu Chứng chỉ Quy hoạch của Sở Xây dựng tỉnh Hưng Yên năm 2013 (từ số 01 - 13)",2013,1,"http://ktdl.soxaydung.hungyen.gov.vn/systems/filesviewdetail/iid/2373/index.aspx?am=0,1,2&rf=639253255498355312","[HS 1] Ký hiệu: H31.05.02.H31.09.2013.417 | Mã HT: H31.09.2013.002373 | Năm: 2013 (THBQ: 1) | Tiêu đề: Tập lưu Chứng chỉ Quy hoạch của Sở Xây dựng tỉnh Hưng Yên năm 2013 (từ số 01 - 13) ; [HS 2] Ký hiệu: H31.05.02.H31.09.2013.417 | Mã HT: H31.09.2013.002550 | Năm: 2013 (THBQ: 1) | Tiêu đề: Tập lưu Chứng chỉ Quy hoạch của Sở Xây dựng tỉnh Hưng Yên năm 2013 (từ số 01 - 13) ; [HS 3] Ký hiệu: H31.05.02.H31.09.2013.417 | Mã HT: H31.09.2013.002727 | Năm: 2013 (THBQ: 1) | Tiêu đề: Tập lưu Chứng chỉ Quy hoạch của Sở Xây dựng tỉnh Hưng Yên năm 2013 (từ số 01 - 13) ; [HS 4] Ký hiệu: H31.05.02.H31.09.2013.417 | Mã HT: H31.09.2013.005706 | Năm: 2013 (THBQ: 1) | Tiêu đề: Tập lưu Chứng chỉ Quy hoạch của Sở Xây dựng tỉnh Hưng Yên năm 2013 (từ số 01 - 13) ; [HS 5] Ký hiệu: H31.05.02.H31.09.2013.417 | Mã HT: H31.09.2013.008685 | Năm: 2013 (THBQ: 1) | Tiêu đề: Tập lưu Chứng chỉ Quy hoạch của Sở Xây dựng tỉnh Hưng Yên năm 2013 (từ số 01 - 13)",""
138,"H31.05.02.H31.09.2013.418",ĐÃ TỒN TẠI (5 HS),5,"CÙNG TIÊU ĐỀ","Có 5 hồ sơ trùng hoàn toàn cả Tên, Ký hiệu và Năm","H31.05.02.H31.09.2013.418","H31.09.2013.002374","Tập lưu Quyết định Giấy phép xây dựng giấy phép thầu cho nhà thầu nước ngoài của Sở Xây dựng tỉnh Hưng Yên năm 2013 (từ số 01 - 09)",2013,1,"http://ktdl.soxaydung.hungyen.gov.vn/systems/filesviewdetail/iid/2374/index.aspx?am=0,1,2&rf=639253255506324239","[HS 1] Ký hiệu: H31.05.02.H31.09.2013.418 | Mã HT: H31.09.2013.002374 | Năm: 2013 (THBQ: 1) | Tiêu đề: Tập lưu Quyết định Giấy phép xây dựng giấy phép thầu cho nhà thầu nước ngoài của Sở Xây dựng tỉnh Hưng Yên năm 2013 (từ số 01 - 09) ; [HS 2] Ký hiệu: H31.05.02.H31.09.2013.418 | Mã HT: H31.09.2013.002551 | Năm: 2013 (THBQ: 1) | Tiêu đề: Tập lưu Quyết định Giấy phép xây dựng giấy phép thầu cho nhà thầu nước ngoài của Sở Xây dựng tỉnh Hưng Yên năm 2013 (từ số 01 - 09) ; [HS 3] Ký hiệu: H31.05.02.H31.09.2013.418 | Mã HT: H31.09.2013.002728 | Năm: 2013 (THBQ: 1) | Tiêu đề: Tập lưu Quyết định Giấy phép xây dựng giấy phép thầu cho nhà thầu nước ngoài của Sở Xây dựng tỉnh Hưng Yên năm 2013 (từ số 01 - 09) ; [HS 4] Ký hiệu: H31.05.02.H31.09.2013.418 | Mã HT: H31.09.2013.005707 | Năm: 2013 (THBQ: 1) | Tiêu đề: Tập lưu Quyết định Giấy phép xây dựng giấy phép thầu cho nhà thầu nước ngoài của Sở Xây dựng tỉnh Hưng Yên năm 2013 (từ số 01 - 09) ; [HS 5] Ký hiệu: H31.05.02.H31.09.2013.418 | Mã HT: H31.09.2013.008686 | Năm: 2013 (THBQ: 1) | Tiêu đề: Tập lưu Quyết định Giấy phép xây dựng giấy phép thầu cho nhà thầu nước ngoài của Sở Xây dựng tỉnh Hưng Yên năm 2013 (từ số 01 - 09)",""
139,"H31.05.02.H31.09.2013.419",ĐÃ TỒN TẠI (5 HS),5,"CÙNG TIÊU ĐỀ","Có 5 hồ sơ trùng hoàn toàn cả Tên, Ký hiệu và Năm","H31.05.02.H31.09.2013.419","H31.09.2013.002375","Tập lưu Giấy phép xây dựng của Sở Xây dựng tỉnh Hưng Yên năm 2013 (từ số 01 - 2)",2013,1,"http://ktdl.soxaydung.hungyen.gov.vn/systems/filesviewdetail/iid/2375/index.aspx?am=0,1,2&rf=639253255513981091","[HS 1] Ký hiệu: H31.05.02.H31.09.2013.419 | Mã HT: H31.09.2013.002375 | Năm: 2013 (THBQ: 1) | Tiêu đề: Tập lưu Giấy phép xây dựng của Sở Xây dựng tỉnh Hưng Yên năm 2013 (từ số 01 - 2) ; [HS 2] Ký hiệu: H31.05.02.H31.09.2013.419 | Mã HT: H31.09.2013.002552 | Năm: 2013 (THBQ: 1) | Tiêu đề: Tập lưu Giấy phép xây dựng của Sở Xây dựng tỉnh Hưng Yên năm 2013 (từ số 01 - 2) ; [HS 3] Ký hiệu: H31.05.02.H31.09.2013.419 | Mã HT: H31.09.2013.002729 | Năm: 2013 (THBQ: 1) | Tiêu đề: Tập lưu Giấy phép xây dựng của Sở Xây dựng tỉnh Hưng Yên năm 2013 (từ số 01 - 2) ; [HS 4] Ký hiệu: H31.05.02.H31.09.2013.419 | Mã HT: H31.09.2013.005708 | Năm: 2013 (THBQ: 1) | Tiêu đề: Tập lưu Giấy phép xây dựng của Sở Xây dựng tỉnh Hưng Yên năm 2013 (từ số 01 - 2) ; [HS 5] Ký hiệu: H31.05.02.H31.09.2013.419 | Mã HT: H31.09.2013.008687 | Năm: 2013 (THBQ: 1) | Tiêu đề: Tập lưu Giấy phép xây dựng của Sở Xây dựng tỉnh Hưng Yên năm 2013 (từ số 01 - 2)",""
140,"H31.05.02.H31.09.2014.420",ĐÃ TỒN TẠI (5 HS),5,"CÙNG TIÊU ĐỀ","Có 5 hồ sơ trùng hoàn toàn cả Tên, Ký hiệu và Năm","H31.05.02.H31.09.2014.420","H31.09.2014.002376","Tập lưu quyết định của Sở Xây dựng tỉnh Hưng Yên năm 2014 (từ số 01-67)",2014,1,"http://ktdl.soxaydung.hungyen.gov.vn/systems/filesviewdetail/iid/2376/index.aspx?am=0,1,2&rf=639253255521794194","[HS 1] Ký hiệu: H31.05.02.H31.09.2014.420 | Mã HT: H31.09.2014.002376 | Năm: 2014 (THBQ: 1) | Tiêu đề: Tập lưu quyết định của Sở Xây dựng tỉnh Hưng Yên năm 2014 (từ số 01-67) ; [HS 2] Ký hiệu: H31.05.02.H31.09.2014.420 | Mã HT: H31.09.2014.002553 | Năm: 2014 (THBQ: 1) | Tiêu đề: Tập lưu quyết định của Sở Xây dựng tỉnh Hưng Yên năm 2014 (từ số 01-67) ; [HS 3] Ký hiệu: H31.05.02.H31.09.2014.420 | Mã HT: H31.09.2014.002730 | Năm: 2014 (THBQ: 1) | Tiêu đề: Tập lưu quyết định của Sở Xây dựng tỉnh Hưng Yên năm 2014 (từ số 01-67) ; [HS 4] Ký hiệu: H31.05.02.H31.09.2014.420 | Mã HT: H31.09.2014.005709 | Năm: 2014 (THBQ: 1) | Tiêu đề: Tập lưu quyết định của Sở Xây dựng tỉnh Hưng Yên năm 2014 (từ số 01-67) ; [HS 5] Ký hiệu: H31.05.02.H31.09.2014.420 | Mã HT: H31.09.2014.008688 | Năm: 2014 (THBQ: 1) | Tiêu đề: Tập lưu quyết định của Sở Xây dựng tỉnh Hưng Yên năm 2014 (từ số 01-67)",""
141,"H31.05.02.H31.09.2014.421",ĐÃ TỒN TẠI (5 HS),5,"CÙNG TIÊU ĐỀ","Có 5 hồ sơ trùng hoàn toàn cả Tên, Ký hiệu và Năm","H31.05.02.H31.09.2014.421","H31.09.2014.002377","Tập lưu Báo cáo của Sở Xây dựng tỉnh Hưng Yên năm 2014 (từ số 01 - 48)",2014,1,"http://ktdl.soxaydung.hungyen.gov.vn/systems/filesviewdetail/iid/2377/index.aspx?am=0,1,2&rf=639253255529137114","[HS 1] Ký hiệu: H31.05.02.H31.09.2014.421 | Mã HT: H31.09.2014.002377 | Năm: 2014 (THBQ: 1) | Tiêu đề: Tập lưu Báo cáo của Sở Xây dựng tỉnh Hưng Yên năm 2014 (từ số 01 - 48) ; [HS 2] Ký hiệu: H31.05.02.H31.09.2014.421 | Mã HT: H31.09.2014.002554 | Năm: 2014 (THBQ: 1) | Tiêu đề: Tập lưu Báo cáo của Sở Xây dựng tỉnh Hưng Yên năm 2014 (từ số 01 - 48) ; [HS 3] Ký hiệu: H31.05.02.H31.09.2014.421 | Mã HT: H31.09.2014.002731 | Năm: 2014 (THBQ: 1) | Tiêu đề: Tập lưu Báo cáo của Sở Xây dựng tỉnh Hưng Yên năm 2014 (từ số 01 - 48) ; [HS 4] Ký hiệu: H31.05.02.H31.09.2014.421 | Mã HT: H31.09.2014.005710 | Năm: 2014 (THBQ: 1) | Tiêu đề: Tập lưu Báo cáo của Sở Xây dựng tỉnh Hưng Yên năm 2014 (từ số 01 - 48) ; [HS 5] Ký hiệu: H31.05.02.H31.09.2014.421 | Mã HT: H31.09.2014.008689 | Năm: 2014 (THBQ: 1) | Tiêu đề: Tập lưu Báo cáo của Sở Xây dựng tỉnh Hưng Yên năm 2014 (từ số 01 - 48)",""
142,"H31.05.02.H31.09.2014.422",ĐÃ TỒN TẠI (5 HS),5,"CÙNG TIÊU ĐỀ","Có 5 hồ sơ trùng hoàn toàn cả Tên, Ký hiệu và Năm","H31.05.02.H31.09.2014.422","H31.09.2014.002378","Hồ sơ Tập lưu Báo cáo của Sở Xây dựng tỉnh Hưng Yên năm 2014",2014,1,"http://ktdl.soxaydung.hungyen.gov.vn/systems/filesviewdetail/iid/2378/index.aspx?am=0,1,2&rf=639253255537262306","[HS 1] Ký hiệu: H31.05.02.H31.09.2014.422 | Mã HT: H31.09.2014.002378 | Năm: 2014 (THBQ: 1) | Tiêu đề: Hồ sơ Tập lưu Báo cáo của Sở Xây dựng tỉnh Hưng Yên năm 2014 ; [HS 2] Ký hiệu: H31.05.02.H31.09.2014.422 | Mã HT: H31.09.2014.002555 | Năm: 2014 (THBQ: 1) | Tiêu đề: Hồ sơ Tập lưu Báo cáo của Sở Xây dựng tỉnh Hưng Yên năm 2014 ; [HS 3] Ký hiệu: H31.05.02.H31.09.2014.422 | Mã HT: H31.09.2014.002732 | Năm: 2014 (THBQ: 1) | Tiêu đề: Hồ sơ Tập lưu Báo cáo của Sở Xây dựng tỉnh Hưng Yên năm 2014 ; [HS 4] Ký hiệu: H31.05.02.H31.09.2014.422 | Mã HT: H31.09.2014.005711 | Năm: 2014 (THBQ: 1) | Tiêu đề: Hồ sơ Tập lưu Báo cáo của Sở Xây dựng tỉnh Hưng Yên năm 2014 ; [HS 5] Ký hiệu: H31.05.02.H31.09.2014.422 | Mã HT: H31.09.2014.008690 | Năm: 2014 (THBQ: 1) | Tiêu đề: Hồ sơ Tập lưu Báo cáo của Sở Xây dựng tỉnh Hưng Yên năm 2014",""
143,"H31.05.02.H31.09.2014.423",ĐÃ TỒN TẠI (5 HS),5,"CÙNG TIÊU ĐỀ","Có 5 hồ sơ trùng hoàn toàn cả Tên, Ký hiệu và Năm","H31.05.02.H31.09.2014.423","H31.09.2014.002379","Tập lưu Báo cáo của Sở Xây dựng tỉnh Hưng Yên năm 2014 (từ số 96 - 113)",2014,1,"http://ktdl.soxaydung.hungyen.gov.vn/systems/filesviewdetail/iid/2379/index.aspx?am=0,1,2&rf=639253255544919293","[HS 1] Ký hiệu: H31.05.02.H31.09.2014.423 | Mã HT: H31.09.2014.002379 | Năm: 2014 (THBQ: 1) | Tiêu đề: Tập lưu Báo cáo của Sở Xây dựng tỉnh Hưng Yên năm 2014 (từ số 96 - 113) ; [HS 2] Ký hiệu: H31.05.02.H31.09.2014.423 | Mã HT: H31.09.2014.002556 | Năm: 2014 (THBQ: 1) | Tiêu đề: Tập lưu Báo cáo của Sở Xây dựng tỉnh Hưng Yên năm 2014 (từ số 96 - 113) ; [HS 3] Ký hiệu: H31.05.02.H31.09.2014.423 | Mã HT: H31.09.2014.002733 | Năm: 2014 (THBQ: 1) | Tiêu đề: Tập lưu Báo cáo của Sở Xây dựng tỉnh Hưng Yên năm 2014 (từ số 96 - 113) ; [HS 4] Ký hiệu: H31.05.02.H31.09.2014.423 | Mã HT: H31.09.2014.005712 | Năm: 2014 (THBQ: 1) | Tiêu đề: Tập lưu Báo cáo của Sở Xây dựng tỉnh Hưng Yên năm 2014 (từ số 96 - 113) ; [HS 5] Ký hiệu: H31.05.02.H31.09.2014.423 | Mã HT: H31.09.2014.008691 | Năm: 2014 (THBQ: 1) | Tiêu đề: Tập lưu Báo cáo của Sở Xây dựng tỉnh Hưng Yên năm 2014 (từ số 96 - 113)",""
144,"H31.05.02.H31.09.2014.424",ĐÃ TỒN TẠI (5 HS),5,"CÙNG TIÊU ĐỀ","Có 5 hồ sơ trùng hoàn toàn cả Tên, Ký hiệu và Năm","H31.05.02.H31.09.2014.424","H31.09.2014.002380","Tập lưu Tờ trình của Sở Xây dựng tỉnh Hưng Yên năm 2014 (từ số 01 - 52)",2014,1,"http://ktdl.soxaydung.hungyen.gov.vn/systems/filesviewdetail/iid/2380/index.aspx?am=0,1,2&rf=639253255552575854","[HS 1] Ký hiệu: H31.05.02.H31.09.2014.424 | Mã HT: H31.09.2014.002380 | Năm: 2014 (THBQ: 1) | Tiêu đề: Tập lưu Tờ trình của Sở Xây dựng tỉnh Hưng Yên năm 2014 (từ số 01 - 52) ; [HS 2] Ký hiệu: H31.05.02.H31.09.2014.424 | Mã HT: H31.09.2014.002557 | Năm: 2014 (THBQ: 1) | Tiêu đề: Tập lưu Tờ trình của Sở Xây dựng tỉnh Hưng Yên năm 2014 (từ số 01 - 52) ; [HS 3] Ký hiệu: H31.05.02.H31.09.2014.424 | Mã HT: H31.09.2014.002734 | Năm: 2014 (THBQ: 1) | Tiêu đề: Tập lưu Tờ trình của Sở Xây dựng tỉnh Hưng Yên năm 2014 (từ số 01 - 52) ; [HS 4] Ký hiệu: H31.05.02.H31.09.2014.424 | Mã HT: H31.09.2014.005713 | Năm: 2014 (THBQ: 1) | Tiêu đề: Tập lưu Tờ trình của Sở Xây dựng tỉnh Hưng Yên năm 2014 (từ số 01 - 52) ; [HS 5] Ký hiệu: H31.05.02.H31.09.2014.424 | Mã HT: H31.09.2014.008692 | Năm: 2014 (THBQ: 1) | Tiêu đề: Tập lưu Tờ trình của Sở Xây dựng tỉnh Hưng Yên năm 2014 (từ số 01 - 52)",""
145,"H31.05.02.H31.09.2014.425",ĐÃ TỒN TẠI (5 HS),5,"CÙNG TIÊU ĐỀ","Có 5 hồ sơ trùng hoàn toàn cả Tên, Ký hiệu và Năm","H31.05.02.H31.09.2014.425","H31.09.2014.002381","Tờ trình; Sở Xây dựng tỉnh Hưng Yên; Năm 2014",2014,1,"http://ktdl.soxaydung.hungyen.gov.vn/systems/filesviewdetail/iid/2381/index.aspx?am=0,1,2&rf=639253255560075276","[HS 1] Ký hiệu: H31.05.02.H31.09.2014.425 | Mã HT: H31.09.2014.002381 | Năm: 2014 (THBQ: 1) | Tiêu đề: Tờ trình; Sở Xây dựng tỉnh Hưng Yên; Năm 2014 ; [HS 2] Ký hiệu: H31.05.02.H31.09.2014.425 | Mã HT: H31.09.2014.002558 | Năm: 2014 (THBQ: 1) | Tiêu đề: Tờ trình; Sở Xây dựng tỉnh Hưng Yên; Năm 2014 ; [HS 3] Ký hiệu: H31.05.02.H31.09.2014.425 | Mã HT: H31.09.2014.002735 | Năm: 2014 (THBQ: 1) | Tiêu đề: Tờ trình; Sở Xây dựng tỉnh Hưng Yên; Năm 2014 ; [HS 4] Ký hiệu: H31.05.02.H31.09.2014.425 | Mã HT: H31.09.2014.005714 | Năm: 2014 (THBQ: 1) | Tiêu đề: Tờ trình; Sở Xây dựng tỉnh Hưng Yên; Năm 2014 ; [HS 5] Ký hiệu: H31.05.02.H31.09.2014.425 | Mã HT: H31.09.2014.008693 | Năm: 2014 (THBQ: 1) | Tiêu đề: Tờ trình; Sở Xây dựng tỉnh Hưng Yên; Năm 2014",""
146,"H31.05.02.H31.09.2014.426",ĐÃ TỒN TẠI (5 HS),5,"CÙNG TIÊU ĐỀ","Có 5 hồ sơ trùng hoàn toàn cả Tên, Ký hiệu và Năm","H31.05.02.H31.09.2014.426","H31.09.2014.002382","Hồ sơ Tập lưu Thông báo của Sở Xây dựng tỉnh Hưng Yên năm 2014
(từ số 01 - 76)",2014,1,"http://ktdl.soxaydung.hungyen.gov.vn/systems/filesviewdetail/iid/2382/index.aspx?am=0,1,2&rf=639253255568044221","[HS 1] Ký hiệu: H31.05.02.H31.09.2014.426 | Mã HT: H31.09.2014.002382 | Năm: 2014 (THBQ: 1) | Tiêu đề: Hồ sơ Tập lưu Thông báo của Sở Xây dựng tỉnh Hưng Yên năm 2014
(từ số 01 - 76) ; [HS 2] Ký hiệu: H31.05.02.H31.09.2014.426 | Mã HT: H31.09.2014.002559 | Năm: 2014 (THBQ: 1) | Tiêu đề: Hồ sơ Tập lưu Thông báo của Sở Xây dựng tỉnh Hưng Yên năm 2014
(từ số 01 - 76) ; [HS 3] Ký hiệu: H31.05.02.H31.09.2014.426 | Mã HT: H31.09.2014.002736 | Năm: 2014 (THBQ: 1) | Tiêu đề: Hồ sơ Tập lưu Thông báo của Sở Xây dựng tỉnh Hưng Yên năm 2014
(từ số 01 - 76) ; [HS 4] Ký hiệu: H31.05.02.H31.09.2014.426 | Mã HT: H31.09.2014.005715 | Năm: 2014 (THBQ: 1) | Tiêu đề: Hồ sơ Tập lưu Thông báo của Sở Xây dựng tỉnh Hưng Yên năm 2014
(từ số 01 - 76) ; [HS 5] Ký hiệu: H31.05.02.H31.09.2014.426 | Mã HT: H31.09.2014.008694 | Năm: 2014 (THBQ: 1) | Tiêu đề: Hồ sơ Tập lưu Thông báo của Sở Xây dựng tỉnh Hưng Yên năm 2014
(từ số 01 - 76)",""
147,"H31.05.02.H31.09.2014.427",ĐÃ TỒN TẠI (5 HS),5,"CÙNG TIÊU ĐỀ","Có 5 hồ sơ trùng hoàn toàn cả Tên, Ký hiệu và Năm","H31.05.02.H31.09.2014.427","H31.09.2014.002383","Tập lưu Thông báo của Sở Xây dựng tỉnh Hưng Yên năm 2014 (từ số 77 - 120)",2014,1,"http://ktdl.soxaydung.hungyen.gov.vn/systems/filesviewdetail/iid/2383/index.aspx?am=0,1,2&rf=639253255575701108","[HS 1] Ký hiệu: H31.05.02.H31.09.2014.427 | Mã HT: H31.09.2014.002383 | Năm: 2014 (THBQ: 1) | Tiêu đề: Tập lưu Thông báo của Sở Xây dựng tỉnh Hưng Yên năm 2014 (từ số 77 - 120) ; [HS 2] Ký hiệu: H31.05.02.H31.09.2014.427 | Mã HT: H31.09.2014.002560 | Năm: 2014 (THBQ: 1) | Tiêu đề: Tập lưu Thông báo của Sở Xây dựng tỉnh Hưng Yên năm 2014 (từ số 77 - 120) ; [HS 3] Ký hiệu: H31.05.02.H31.09.2014.427 | Mã HT: H31.09.2014.002737 | Năm: 2014 (THBQ: 1) | Tiêu đề: Tập lưu Thông báo của Sở Xây dựng tỉnh Hưng Yên năm 2014 (từ số 77 - 120) ; [HS 4] Ký hiệu: H31.05.02.H31.09.2014.427 | Mã HT: H31.09.2014.005716 | Năm: 2014 (THBQ: 1) | Tiêu đề: Tập lưu Thông báo của Sở Xây dựng tỉnh Hưng Yên năm 2014 (từ số 77 - 120) ; [HS 5] Ký hiệu: H31.05.02.H31.09.2014.427 | Mã HT: H31.09.2014.008695 | Năm: 2014 (THBQ: 1) | Tiêu đề: Tập lưu Thông báo của Sở Xây dựng tỉnh Hưng Yên năm 2014 (từ số 77 - 120)",""
148,"H31.05.02.H31.09.2014.428",ĐÃ TỒN TẠI (5 HS),5,"CÙNG TIÊU ĐỀ","Có 5 hồ sơ trùng hoàn toàn cả Tên, Ký hiệu và Năm","H31.05.02.H31.09.2014.428","H31.09.2014.002384","Hồ sơ Tập lưu Thông báo của Sở Xây dựng tỉnh Hưng Yên năm 2014 ( từ số 121 - 197a)",2014,1,"http://ktdl.soxaydung.hungyen.gov.vn/systems/filesviewdetail/iid/2384/index.aspx?am=0,1,2&rf=639253255583356975","[HS 1] Ký hiệu: H31.05.02.H31.09.2014.428 | Mã HT: H31.09.2014.002384 | Năm: 2014 (THBQ: 1) | Tiêu đề: Hồ sơ Tập lưu Thông báo của Sở Xây dựng tỉnh Hưng Yên năm 2014 ( từ số 121 - 197a) ; [HS 2] Ký hiệu: H31.05.02.H31.09.2014.428 | Mã HT: H31.09.2014.002561 | Năm: 2014 (THBQ: 1) | Tiêu đề: Hồ sơ Tập lưu Thông báo của Sở Xây dựng tỉnh Hưng Yên năm 2014 ( từ số 121 - 197a) ; [HS 3] Ký hiệu: H31.05.02.H31.09.2014.428 | Mã HT: H31.09.2014.002738 | Năm: 2014 (THBQ: 1) | Tiêu đề: Hồ sơ Tập lưu Thông báo của Sở Xây dựng tỉnh Hưng Yên năm 2014 ( từ số 121 - 197a) ; [HS 4] Ký hiệu: H31.05.02.H31.09.2014.428 | Mã HT: H31.09.2014.005717 | Năm: 2014 (THBQ: 1) | Tiêu đề: Hồ sơ Tập lưu Thông báo của Sở Xây dựng tỉnh Hưng Yên năm 2014 ( từ số 121 - 197a) ; [HS 5] Ký hiệu: H31.05.02.H31.09.2014.428 | Mã HT: H31.09.2014.008696 | Năm: 2014 (THBQ: 1) | Tiêu đề: Hồ sơ Tập lưu Thông báo của Sở Xây dựng tỉnh Hưng Yên năm 2014 ( từ số 121 - 197a)",""
149,"H31.05.02.H31.09.2014.429",ĐÃ TỒN TẠI (5 HS),5,"CÙNG TIÊU ĐỀ","Có 5 hồ sơ trùng hoàn toàn cả Tên, Ký hiệu và Năm","H31.05.02.H31.09.2014.429","H31.09.2014.002385","Tập lưu Thông báo của Sở Xây dựng tỉnh Hưng Yên  năm 2014 (từ số 197 - 276)",2014,1,"http://ktdl.soxaydung.hungyen.gov.vn/systems/filesviewdetail/iid/2385/index.aspx?am=0,1,2&rf=639253255591170126","[HS 1] Ký hiệu: H31.05.02.H31.09.2014.429 | Mã HT: H31.09.2014.002385 | Năm: 2014 (THBQ: 1) | Tiêu đề: Tập lưu Thông báo của Sở Xây dựng tỉnh Hưng Yên  năm 2014 (từ số 197 - 276) ; [HS 2] Ký hiệu: H31.05.02.H31.09.2014.429 | Mã HT: H31.09.2014.002562 | Năm: 2014 (THBQ: 1) | Tiêu đề: Tập lưu Thông báo của Sở Xây dựng tỉnh Hưng Yên  năm 2014 (từ số 197 - 276) ; [HS 3] Ký hiệu: H31.05.02.H31.09.2014.429 | Mã HT: H31.09.2014.002739 | Năm: 2014 (THBQ: 1) | Tiêu đề: Tập lưu Thông báo của Sở Xây dựng tỉnh Hưng Yên  năm 2014 (từ số 197 - 276) ; [HS 4] Ký hiệu: H31.05.02.H31.09.2014.429 | Mã HT: H31.09.2014.005718 | Năm: 2014 (THBQ: 1) | Tiêu đề: Tập lưu Thông báo của Sở Xây dựng tỉnh Hưng Yên  năm 2014 (từ số 197 - 276) ; [HS 5] Ký hiệu: H31.05.02.H31.09.2014.429 | Mã HT: H31.09.2014.008697 | Năm: 2014 (THBQ: 1) | Tiêu đề: Tập lưu Thông báo của Sở Xây dựng tỉnh Hưng Yên  năm 2014 (từ số 197 - 276)",""
150,"H31.05.02.H31.09.2014.430",ĐÃ TỒN TẠI (5 HS),5,"CÙNG TIÊU ĐỀ","Có 5 hồ sơ trùng hoàn toàn cả Tên, Ký hiệu và Năm","H31.05.02.H31.09.2014.430","H31.09.2014.002386","Hồ sơ Tập lưu Công văn của Sở Xây dựng tỉnh Hưng Yên năm 2014 (từ số 01-87)",2014,1,"http://ktdl.soxaydung.hungyen.gov.vn/systems/filesviewdetail/iid/2386/index.aspx?am=0,1,2&rf=639253255598826493","[HS 1] Ký hiệu: H31.05.02.H31.09.2014.430 | Mã HT: H31.09.2014.002386 | Năm: 2014 (THBQ: 1) | Tiêu đề: Hồ sơ Tập lưu Công văn của Sở Xây dựng tỉnh Hưng Yên năm 2014 (từ số 01-87) ; [HS 2] Ký hiệu: H31.05.02.H31.09.2014.430 | Mã HT: H31.09.2014.002563 | Năm: 2014 (THBQ: 1) | Tiêu đề: Hồ sơ Tập lưu Công văn của Sở Xây dựng tỉnh Hưng Yên năm 2014 (từ số 01-87) ; [HS 3] Ký hiệu: H31.05.02.H31.09.2014.430 | Mã HT: H31.09.2014.002740 | Năm: 2014 (THBQ: 1) | Tiêu đề: Hồ sơ Tập lưu Công văn của Sở Xây dựng tỉnh Hưng Yên năm 2014 (từ số 01-87) ; [HS 4] Ký hiệu: H31.05.02.H31.09.2014.430 | Mã HT: H31.09.2014.005719 | Năm: 2014 (THBQ: 1) | Tiêu đề: Hồ sơ Tập lưu Công văn của Sở Xây dựng tỉnh Hưng Yên năm 2014 (từ số 01-87) ; [HS 5] Ký hiệu: H31.05.02.H31.09.2014.430 | Mã HT: H31.09.2014.008698 | Năm: 2014 (THBQ: 1) | Tiêu đề: Hồ sơ Tập lưu Công văn của Sở Xây dựng tỉnh Hưng Yên năm 2014 (từ số 01-87)",""
151,"H31.05.02.H31.09.2014.431",ĐÃ TỒN TẠI (5 HS),5,"CÙNG TIÊU ĐỀ","Có 5 hồ sơ trùng hoàn toàn cả Tên, Ký hiệu và Năm","H31.05.02.H31.09.2014.431","H31.09.2014.002387","Tập lưu Công văn của Sở Xây dựng tỉnh Hưng Yên năm 2014 (từ số 90 - 185)",2014,1,"http://ktdl.soxaydung.hungyen.gov.vn/systems/filesviewdetail/iid/2387/index.aspx?am=0,1,2&rf=639253255606951979","[HS 1] Ký hiệu: H31.05.02.H31.09.2014.431 | Mã HT: H31.09.2014.002387 | Năm: 2014 (THBQ: 1) | Tiêu đề: Tập lưu Công văn của Sở Xây dựng tỉnh Hưng Yên năm 2014 (từ số 90 - 185) ; [HS 2] Ký hiệu: H31.05.02.H31.09.2014.431 | Mã HT: H31.09.2014.002564 | Năm: 2014 (THBQ: 1) | Tiêu đề: Tập lưu Công văn của Sở Xây dựng tỉnh Hưng Yên năm 2014 (từ số 90 - 185) ; [HS 3] Ký hiệu: H31.05.02.H31.09.2014.431 | Mã HT: H31.09.2014.002741 | Năm: 2014 (THBQ: 1) | Tiêu đề: Tập lưu Công văn của Sở Xây dựng tỉnh Hưng Yên năm 2014 (từ số 90 - 185) ; [HS 4] Ký hiệu: H31.05.02.H31.09.2014.431 | Mã HT: H31.09.2014.005720 | Năm: 2014 (THBQ: 1) | Tiêu đề: Tập lưu Công văn của Sở Xây dựng tỉnh Hưng Yên năm 2014 (từ số 90 - 185) ; [HS 5] Ký hiệu: H31.05.02.H31.09.2014.431 | Mã HT: H31.09.2014.008699 | Năm: 2014 (THBQ: 1) | Tiêu đề: Tập lưu Công văn của Sở Xây dựng tỉnh Hưng Yên năm 2014 (từ số 90 - 185)",""
152,"H31.05.02.H31.09.2014.432",ĐÃ TỒN TẠI (5 HS),5,"CÙNG TIÊU ĐỀ","Có 5 hồ sơ trùng hoàn toàn cả Tên, Ký hiệu và Năm","H31.05.02.H31.09.2014.432","H31.09.2014.002388","Tập lưu Công văn của Sở Xây dựng tỉnh Hưng Yên năm 2014 (từ số 186 - 264)",2014,1,"http://ktdl.soxaydung.hungyen.gov.vn/systems/filesviewdetail/iid/2388/index.aspx?am=0,1,2&rf=639253255614764306","[HS 1] Ký hiệu: H31.05.02.H31.09.2014.432 | Mã HT: H31.09.2014.002388 | Năm: 2014 (THBQ: 1) | Tiêu đề: Tập lưu Công văn của Sở Xây dựng tỉnh Hưng Yên năm 2014 (từ số 186 - 264) ; [HS 2] Ký hiệu: H31.05.02.H31.09.2014.432 | Mã HT: H31.09.2014.002565 | Năm: 2014 (THBQ: 1) | Tiêu đề: Tập lưu Công văn của Sở Xây dựng tỉnh Hưng Yên năm 2014 (từ số 186 - 264) ; [HS 3] Ký hiệu: H31.05.02.H31.09.2014.432 | Mã HT: H31.09.2014.002742 | Năm: 2014 (THBQ: 1) | Tiêu đề: Tập lưu Công văn của Sở Xây dựng tỉnh Hưng Yên năm 2014 (từ số 186 - 264) ; [HS 4] Ký hiệu: H31.05.02.H31.09.2014.432 | Mã HT: H31.09.2014.005721 | Năm: 2014 (THBQ: 1) | Tiêu đề: Tập lưu Công văn của Sở Xây dựng tỉnh Hưng Yên năm 2014 (từ số 186 - 264) ; [HS 5] Ký hiệu: H31.05.02.H31.09.2014.432 | Mã HT: H31.09.2014.008700 | Năm: 2014 (THBQ: 1) | Tiêu đề: Tập lưu Công văn của Sở Xây dựng tỉnh Hưng Yên năm 2014 (từ số 186 - 264)",""
153,"H31.05.02.H31.09.2014.433",ĐÃ TỒN TẠI (5 HS),5,"CÙNG TIÊU ĐỀ","Có 5 hồ sơ trùng hoàn toàn cả Tên, Ký hiệu và Năm","H31.05.02.H31.09.2014.433","H31.09.2014.002389","Tập lưu Công văn của Sở Xây dựng tỉnh Hưng Yên năm 2014 (từ số 265 - 368)",2014,1,"http://ktdl.soxaydung.hungyen.gov.vn/systems/filesviewdetail/iid/2389/index.aspx?am=0,1,2&rf=639253255622576693","[HS 1] Ký hiệu: H31.05.02.H31.09.2014.433 | Mã HT: H31.09.2014.002389 | Năm: 2014 (THBQ: 1) | Tiêu đề: Tập lưu Công văn của Sở Xây dựng tỉnh Hưng Yên năm 2014 (từ số 265 - 368) ; [HS 2] Ký hiệu: H31.05.02.H31.09.2014.433 | Mã HT: H31.09.2014.002566 | Năm: 2014 (THBQ: 1) | Tiêu đề: Tập lưu Công văn của Sở Xây dựng tỉnh Hưng Yên năm 2014 (từ số 265 - 368) ; [HS 3] Ký hiệu: H31.05.02.H31.09.2014.433 | Mã HT: H31.09.2014.002743 | Năm: 2014 (THBQ: 1) | Tiêu đề: Tập lưu Công văn của Sở Xây dựng tỉnh Hưng Yên năm 2014 (từ số 265 - 368) ; [HS 4] Ký hiệu: H31.05.02.H31.09.2014.433 | Mã HT: H31.09.2014.005722 | Năm: 2014 (THBQ: 1) | Tiêu đề: Tập lưu Công văn của Sở Xây dựng tỉnh Hưng Yên năm 2014 (từ số 265 - 368) ; [HS 5] Ký hiệu: H31.05.02.H31.09.2014.433 | Mã HT: H31.09.2014.008701 | Năm: 2014 (THBQ: 1) | Tiêu đề: Tập lưu Công văn của Sở Xây dựng tỉnh Hưng Yên năm 2014 (từ số 265 - 368)",""
154,"H31.05.02.H31.09.2014.434",ĐÃ TỒN TẠI (5 HS),5,"CÙNG TIÊU ĐỀ","Có 5 hồ sơ trùng hoàn toàn cả Tên, Ký hiệu và Năm","H31.05.02.H31.09.2014.434","H31.09.2014.002390","Tập lưu Công văn của Sở Xây dựng tỉnh Hưng Yên năm 2014 (từ số 369 - 441)",2014,1,"http://ktdl.soxaydung.hungyen.gov.vn/systems/filesviewdetail/iid/2390/index.aspx?am=0,1,2&rf=639253255629920886","[HS 1] Ký hiệu: H31.05.02.H31.09.2014.434 | Mã HT: H31.09.2014.002390 | Năm: 2014 (THBQ: 1) | Tiêu đề: Tập lưu Công văn của Sở Xây dựng tỉnh Hưng Yên năm 2014 (từ số 369 - 441) ; [HS 2] Ký hiệu: H31.05.02.H31.09.2014.434 | Mã HT: H31.09.2014.002567 | Năm: 2014 (THBQ: 1) | Tiêu đề: Tập lưu Công văn của Sở Xây dựng tỉnh Hưng Yên năm 2014 (từ số 369 - 441) ; [HS 3] Ký hiệu: H31.05.02.H31.09.2014.434 | Mã HT: H31.09.2014.002744 | Năm: 2014 (THBQ: 1) | Tiêu đề: Tập lưu Công văn của Sở Xây dựng tỉnh Hưng Yên năm 2014 (từ số 369 - 441) ; [HS 4] Ký hiệu: H31.05.02.H31.09.2014.434 | Mã HT: H31.09.2014.005723 | Năm: 2014 (THBQ: 1) | Tiêu đề: Tập lưu Công văn của Sở Xây dựng tỉnh Hưng Yên năm 2014 (từ số 369 - 441) ; [HS 5] Ký hiệu: H31.05.02.H31.09.2014.434 | Mã HT: H31.09.2014.008702 | Năm: 2014 (THBQ: 1) | Tiêu đề: Tập lưu Công văn của Sở Xây dựng tỉnh Hưng Yên năm 2014 (từ số 369 - 441)",""
155,"H31.05.02.H31.09.2014.435",ĐÃ TỒN TẠI (5 HS),5,"CÙNG TIÊU ĐỀ","Có 5 hồ sơ trùng hoàn toàn cả Tên, Ký hiệu và Năm","H31.05.02.H31.09.2014.435","H31.09.2014.002391","Tập lưu Công văn của Sở Xây dựng tỉnh Hưng Yên năm 2014 (từ số 442 - 518)",2014,1,"http://ktdl.soxaydung.hungyen.gov.vn/systems/filesviewdetail/iid/2391/index.aspx?am=0,1,2&rf=639253255638201929","[HS 1] Ký hiệu: H31.05.02.H31.09.2014.435 | Mã HT: H31.09.2014.002391 | Năm: 2014 (THBQ: 1) | Tiêu đề: Tập lưu Công văn của Sở Xây dựng tỉnh Hưng Yên năm 2014 (từ số 442 - 518) ; [HS 2] Ký hiệu: H31.05.02.H31.09.2014.435 | Mã HT: H31.09.2014.002568 | Năm: 2014 (THBQ: 1) | Tiêu đề: Tập lưu Công văn của Sở Xây dựng tỉnh Hưng Yên năm 2014 (từ số 442 - 518) ; [HS 3] Ký hiệu: H31.05.02.H31.09.2014.435 | Mã HT: H31.09.2014.002745 | Năm: 2014 (THBQ: 1) | Tiêu đề: Tập lưu Công văn của Sở Xây dựng tỉnh Hưng Yên năm 2014 (từ số 442 - 518) ; [HS 4] Ký hiệu: H31.05.02.H31.09.2014.435 | Mã HT: H31.09.2014.005724 | Năm: 2014 (THBQ: 1) | Tiêu đề: Tập lưu Công văn của Sở Xây dựng tỉnh Hưng Yên năm 2014 (từ số 442 - 518) ; [HS 5] Ký hiệu: H31.05.02.H31.09.2014.435 | Mã HT: H31.09.2014.008703 | Năm: 2014 (THBQ: 1) | Tiêu đề: Tập lưu Công văn của Sở Xây dựng tỉnh Hưng Yên năm 2014 (từ số 442 - 518)",""
156,"H31.05.02.H31.09.2014.436",ĐÃ TỒN TẠI (5 HS),5,"CÙNG TIÊU ĐỀ","Có 5 hồ sơ trùng hoàn toàn cả Tên, Ký hiệu và Năm","H31.05.02.H31.09.2014.436","H31.09.2014.002392","Tập lưu Báo cáo kết quả thẩm tra của Sở Xây dựng tỉnh Hưng Yên năm 2014 (từ số 01 - 38)",2014,1,"http://ktdl.soxaydung.hungyen.gov.vn/systems/filesviewdetail/iid/2392/index.aspx?am=0,1,2&rf=639253255646014510","[HS 1] Ký hiệu: H31.05.02.H31.09.2014.436 | Mã HT: H31.09.2014.002392 | Năm: 2014 (THBQ: 1) | Tiêu đề: Tập lưu Báo cáo kết quả thẩm tra của Sở Xây dựng tỉnh Hưng Yên năm 2014 (từ số 01 - 38) ; [HS 2] Ký hiệu: H31.05.02.H31.09.2014.436 | Mã HT: H31.09.2014.002569 | Năm: 2014 (THBQ: 1) | Tiêu đề: Tập lưu Báo cáo kết quả thẩm tra của Sở Xây dựng tỉnh Hưng Yên năm 2014 (từ số 01 - 38) ; [HS 3] Ký hiệu: H31.05.02.H31.09.2014.436 | Mã HT: H31.09.2014.002746 | Năm: 2014 (THBQ: 1) | Tiêu đề: Tập lưu Báo cáo kết quả thẩm tra của Sở Xây dựng tỉnh Hưng Yên năm 2014 (từ số 01 - 38) ; [HS 4] Ký hiệu: H31.05.02.H31.09.2014.436 | Mã HT: H31.09.2014.005725 | Năm: 2014 (THBQ: 1) | Tiêu đề: Tập lưu Báo cáo kết quả thẩm tra của Sở Xây dựng tỉnh Hưng Yên năm 2014 (từ số 01 - 38) ; [HS 5] Ký hiệu: H31.05.02.H31.09.2014.436 | Mã HT: H31.09.2014.008704 | Năm: 2014 (THBQ: 1) | Tiêu đề: Tập lưu Báo cáo kết quả thẩm tra của Sở Xây dựng tỉnh Hưng Yên năm 2014 (từ số 01 - 38)",""
157,"H31.05.02.H31.09.2014.437",ĐÃ TỒN TẠI (5 HS),5,"CÙNG TIÊU ĐỀ","Có 5 hồ sơ trùng hoàn toàn cả Tên, Ký hiệu và Năm","H31.05.02.H31.09.2014.437","H31.09.2014.002393","Tập lưu Báo cáo kết quả thẩm tra của Sở Xây dựng tỉnh Hưng Yên năm 2014 (từ số 39 - 78)",2014,1,"http://ktdl.soxaydung.hungyen.gov.vn/systems/filesviewdetail/iid/2393/index.aspx?am=0,1,2&rf=639253255653671059","[HS 1] Ký hiệu: H31.05.02.H31.09.2014.437 | Mã HT: H31.09.2014.002393 | Năm: 2014 (THBQ: 1) | Tiêu đề: Tập lưu Báo cáo kết quả thẩm tra của Sở Xây dựng tỉnh Hưng Yên năm 2014 (từ số 39 - 78) ; [HS 2] Ký hiệu: H31.05.02.H31.09.2014.437 | Mã HT: H31.09.2014.002570 | Năm: 2014 (THBQ: 1) | Tiêu đề: Tập lưu Báo cáo kết quả thẩm tra của Sở Xây dựng tỉnh Hưng Yên năm 2014 (từ số 39 - 78) ; [HS 3] Ký hiệu: H31.05.02.H31.09.2014.437 | Mã HT: H31.09.2014.002747 | Năm: 2014 (THBQ: 1) | Tiêu đề: Tập lưu Báo cáo kết quả thẩm tra của Sở Xây dựng tỉnh Hưng Yên năm 2014 (từ số 39 - 78) ; [HS 4] Ký hiệu: H31.05.02.H31.09.2014.437 | Mã HT: H31.09.2014.005726 | Năm: 2014 (THBQ: 1) | Tiêu đề: Tập lưu Báo cáo kết quả thẩm tra của Sở Xây dựng tỉnh Hưng Yên năm 2014 (từ số 39 - 78) ; [HS 5] Ký hiệu: H31.05.02.H31.09.2014.437 | Mã HT: H31.09.2014.008705 | Năm: 2014 (THBQ: 1) | Tiêu đề: Tập lưu Báo cáo kết quả thẩm tra của Sở Xây dựng tỉnh Hưng Yên năm 2014 (từ số 39 - 78)",""
158,"H31.05.02.H31.09.2014.438",ĐÃ TỒN TẠI (5 HS),5,"CÙNG TIÊU ĐỀ","Có 5 hồ sơ trùng hoàn toàn cả Tên, Ký hiệu và Năm","H31.05.02.H31.09.2014.438","H31.09.2014.002394","Tập lưu Báo cáo kết quả thẩm tra của Sở Xây dựng tỉnh Hưng Yên năm 2014 (từ số 79 - 110)",2014,1,"http://ktdl.soxaydung.hungyen.gov.vn/systems/filesviewdetail/iid/2394/index.aspx?am=0,1,2&rf=639253255661483606","[HS 1] Ký hiệu: H31.05.02.H31.09.2014.438 | Mã HT: H31.09.2014.002394 | Năm: 2014 (THBQ: 1) | Tiêu đề: Tập lưu Báo cáo kết quả thẩm tra của Sở Xây dựng tỉnh Hưng Yên năm 2014 (từ số 79 - 110) ; [HS 2] Ký hiệu: H31.05.02.H31.09.2014.438 | Mã HT: H31.09.2014.002571 | Năm: 2014 (THBQ: 1) | Tiêu đề: Tập lưu Báo cáo kết quả thẩm tra của Sở Xây dựng tỉnh Hưng Yên năm 2014 (từ số 79 - 110) ; [HS 3] Ký hiệu: H31.05.02.H31.09.2014.438 | Mã HT: H31.09.2014.002748 | Năm: 2014 (THBQ: 1) | Tiêu đề: Tập lưu Báo cáo kết quả thẩm tra của Sở Xây dựng tỉnh Hưng Yên năm 2014 (từ số 79 - 110) ; [HS 4] Ký hiệu: H31.05.02.H31.09.2014.438 | Mã HT: H31.09.2014.005727 | Năm: 2014 (THBQ: 1) | Tiêu đề: Tập lưu Báo cáo kết quả thẩm tra của Sở Xây dựng tỉnh Hưng Yên năm 2014 (từ số 79 - 110) ; [HS 5] Ký hiệu: H31.05.02.H31.09.2014.438 | Mã HT: H31.09.2014.008706 | Năm: 2014 (THBQ: 1) | Tiêu đề: Tập lưu Báo cáo kết quả thẩm tra của Sở Xây dựng tỉnh Hưng Yên năm 2014 (từ số 79 - 110)",""
159,"H31.05.02.H31.09.2014.439",ĐÃ TỒN TẠI (5 HS),5,"CÙNG TIÊU ĐỀ","Có 5 hồ sơ trùng hoàn toàn cả Tên, Ký hiệu và Năm","H31.05.02.H31.09.2014.439","H31.09.2014.002395","Tập lưu Báo cáo kết quả thẩm tra của Sở Xây dựng tỉnh Hưng Yên năm 2014 (từ số 111 - 134)",2014,1,"http://ktdl.soxaydung.hungyen.gov.vn/systems/filesviewdetail/iid/2395/index.aspx?am=0,1,2&rf=639253255668983725","[HS 1] Ký hiệu: H31.05.02.H31.09.2014.439 | Mã HT: H31.09.2014.002395 | Năm: 2014 (THBQ: 1) | Tiêu đề: Tập lưu Báo cáo kết quả thẩm tra của Sở Xây dựng tỉnh Hưng Yên năm 2014 (từ số 111 - 134) ; [HS 2] Ký hiệu: H31.05.02.H31.09.2014.439 | Mã HT: H31.09.2014.002572 | Năm: 2014 (THBQ: 1) | Tiêu đề: Tập lưu Báo cáo kết quả thẩm tra của Sở Xây dựng tỉnh Hưng Yên năm 2014 (từ số 111 - 134) ; [HS 3] Ký hiệu: H31.05.02.H31.09.2014.439 | Mã HT: H31.09.2014.002749 | Năm: 2014 (THBQ: 1) | Tiêu đề: Tập lưu Báo cáo kết quả thẩm tra của Sở Xây dựng tỉnh Hưng Yên năm 2014 (từ số 111 - 134) ; [HS 4] Ký hiệu: H31.05.02.H31.09.2014.439 | Mã HT: H31.09.2014.005728 | Năm: 2014 (THBQ: 1) | Tiêu đề: Tập lưu Báo cáo kết quả thẩm tra của Sở Xây dựng tỉnh Hưng Yên năm 2014 (từ số 111 - 134) ; [HS 5] Ký hiệu: H31.05.02.H31.09.2014.439 | Mã HT: H31.09.2014.008707 | Năm: 2014 (THBQ: 1) | Tiêu đề: Tập lưu Báo cáo kết quả thẩm tra của Sở Xây dựng tỉnh Hưng Yên năm 2014 (từ số 111 - 134)",""
160,"H31.05.02.H31.09.2014.440",ĐÃ TỒN TẠI (5 HS),5,"CÙNG TIÊU ĐỀ","Có 5 hồ sơ trùng hoàn toàn cả Tên, Ký hiệu và Năm","H31.05.02.H31.09.2014.440","H31.09.2014.002396","Tập lưu Giấy phép xây dựng của Sở Xây dựng tỉnh Hưng Yên năm 2014 (từ số 01 - 61)",2014,1,"http://ktdl.soxaydung.hungyen.gov.vn/systems/filesviewdetail/iid/2396/index.aspx?am=0,1,2&rf=639253255676640152","[HS 1] Ký hiệu: H31.05.02.H31.09.2014.440 | Mã HT: H31.09.2014.002396 | Năm: 2014 (THBQ: 1) | Tiêu đề: Tập lưu Giấy phép xây dựng của Sở Xây dựng tỉnh Hưng Yên năm 2014 (từ số 01 - 61) ; [HS 2] Ký hiệu: H31.05.02.H31.09.2014.440 | Mã HT: H31.09.2014.002573 | Năm: 2014 (THBQ: 1) | Tiêu đề: Tập lưu Giấy phép xây dựng của Sở Xây dựng tỉnh Hưng Yên năm 2014 (từ số 01 - 61) ; [HS 3] Ký hiệu: H31.05.02.H31.09.2014.440 | Mã HT: H31.09.2014.002750 | Năm: 2014 (THBQ: 1) | Tiêu đề: Tập lưu Giấy phép xây dựng của Sở Xây dựng tỉnh Hưng Yên năm 2014 (từ số 01 - 61) ; [HS 4] Ký hiệu: H31.05.02.H31.09.2014.440 | Mã HT: H31.09.2014.005729 | Năm: 2014 (THBQ: 1) | Tiêu đề: Tập lưu Giấy phép xây dựng của Sở Xây dựng tỉnh Hưng Yên năm 2014 (từ số 01 - 61) ; [HS 5] Ký hiệu: H31.05.02.H31.09.2014.440 | Mã HT: H31.09.2014.008708 | Năm: 2014 (THBQ: 1) | Tiêu đề: Tập lưu Giấy phép xây dựng của Sở Xây dựng tỉnh Hưng Yên năm 2014 (từ số 01 - 61)",""
161,"H31.05.02.H31.09.2014.441",ĐÃ TỒN TẠI (5 HS),5,"CÙNG TIÊU ĐỀ","Có 5 hồ sơ trùng hoàn toàn cả Tên, Ký hiệu và Năm","H31.05.02.H31.09.2014.441","H31.09.2014.002397","Tập lưu Quyết định Giấy phép xây dựng giấy phép thầu cho nhà thầu nước ngoài của Sở Xây dựng tỉnh Hưng Yên năm 2014 (từ số 01 - 08)",2014,1,"http://ktdl.soxaydung.hungyen.gov.vn/systems/filesviewdetail/iid/2397/index.aspx?am=0,1,2&rf=639253255684140253","[HS 1] Ký hiệu: H31.05.02.H31.09.2014.441 | Mã HT: H31.09.2014.002397 | Năm: 2014 (THBQ: 1) | Tiêu đề: Tập lưu Quyết định Giấy phép xây dựng giấy phép thầu cho nhà thầu nước ngoài của Sở Xây dựng tỉnh Hưng Yên năm 2014 (từ số 01 - 08) ; [HS 2] Ký hiệu: H31.05.02.H31.09.2014.441 | Mã HT: H31.09.2014.002574 | Năm: 2014 (THBQ: 1) | Tiêu đề: Tập lưu Quyết định Giấy phép xây dựng giấy phép thầu cho nhà thầu nước ngoài của Sở Xây dựng tỉnh Hưng Yên năm 2014 (từ số 01 - 08) ; [HS 3] Ký hiệu: H31.05.02.H31.09.2014.441 | Mã HT: H31.09.2014.002751 | Năm: 2014 (THBQ: 1) | Tiêu đề: Tập lưu Quyết định Giấy phép xây dựng giấy phép thầu cho nhà thầu nước ngoài của Sở Xây dựng tỉnh Hưng Yên năm 2014 (từ số 01 - 08) ; [HS 4] Ký hiệu: H31.05.02.H31.09.2014.441 | Mã HT: H31.09.2014.005730 | Năm: 2014 (THBQ: 1) | Tiêu đề: Tập lưu Quyết định Giấy phép xây dựng giấy phép thầu cho nhà thầu nước ngoài của Sở Xây dựng tỉnh Hưng Yên năm 2014 (từ số 01 - 08) ; [HS 5] Ký hiệu: H31.05.02.H31.09.2014.441 | Mã HT: H31.09.2014.008709 | Năm: 2014 (THBQ: 1) | Tiêu đề: Tập lưu Quyết định Giấy phép xây dựng giấy phép thầu cho nhà thầu nước ngoài của Sở Xây dựng tỉnh Hưng Yên năm 2014 (từ số 01 - 08)",""
162,"H31.05.02.H31.09.2014.442",ĐÃ TỒN TẠI (5 HS),5,"CÙNG TIÊU ĐỀ","Có 5 hồ sơ trùng hoàn toàn cả Tên, Ký hiệu và Năm","H31.05.02.H31.09.2014.442","H31.09.2014.002398","Hồ sơ Tập lưu Chứng chỉ quy hoạch Sở Xây dựng tỉnh Hưng Yên năm 2014 (từ số 01 - 11)",2014,1,"http://ktdl.soxaydung.hungyen.gov.vn/systems/filesviewdetail/iid/2398/index.aspx?am=0,1,2&rf=639253255691953023","[HS 1] Ký hiệu: H31.05.02.H31.09.2014.442 | Mã HT: H31.09.2014.002398 | Năm: 2014 (THBQ: 1) | Tiêu đề: Hồ sơ Tập lưu Chứng chỉ quy hoạch Sở Xây dựng tỉnh Hưng Yên năm 2014 (từ số 01 - 11) ; [HS 2] Ký hiệu: H31.05.02.H31.09.2014.442 | Mã HT: H31.09.2014.002575 | Năm: 2014 (THBQ: 1) | Tiêu đề: Hồ sơ Tập lưu Chứng chỉ quy hoạch Sở Xây dựng tỉnh Hưng Yên năm 2014 (từ số 01 - 11) ; [HS 3] Ký hiệu: H31.05.02.H31.09.2014.442 | Mã HT: H31.09.2014.002752 | Năm: 2014 (THBQ: 1) | Tiêu đề: Hồ sơ Tập lưu Chứng chỉ quy hoạch Sở Xây dựng tỉnh Hưng Yên năm 2014 (từ số 01 - 11) ; [HS 4] Ký hiệu: H31.05.02.H31.09.2014.442 | Mã HT: H31.09.2014.005731 | Năm: 2014 (THBQ: 1) | Tiêu đề: Hồ sơ Tập lưu Chứng chỉ quy hoạch Sở Xây dựng tỉnh Hưng Yên năm 2014 (từ số 01 - 11) ; [HS 5] Ký hiệu: H31.05.02.H31.09.2014.442 | Mã HT: H31.09.2014.008710 | Năm: 2014 (THBQ: 1) | Tiêu đề: Hồ sơ Tập lưu Chứng chỉ quy hoạch Sở Xây dựng tỉnh Hưng Yên năm 2014 (từ số 01 - 11)",""
163,"H31.05.02.H31.09.2015.443",ĐÃ TỒN TẠI (5 HS),5,"CÙNG TIÊU ĐỀ","Có 5 hồ sơ trùng hoàn toàn cả Tên, Ký hiệu và Năm","H31.05.02.H31.09.2015.443","H31.09.2015.002399","Tập lưu Quyết định của Sở Xây dựng tỉnh Hưng Yên năm 2015 (từ số 01 - 79)",2015,1,"http://ktdl.soxaydung.hungyen.gov.vn/systems/filesviewdetail/iid/2399/index.aspx?am=0,1,2&rf=639253255699765607","[HS 1] Ký hiệu: H31.05.02.H31.09.2015.443 | Mã HT: H31.09.2015.002399 | Năm: 2015 (THBQ: 1) | Tiêu đề: Tập lưu Quyết định của Sở Xây dựng tỉnh Hưng Yên năm 2015 (từ số 01 - 79) ; [HS 2] Ký hiệu: H31.05.02.H31.09.2015.443 | Mã HT: H31.09.2015.002576 | Năm: 2015 (THBQ: 1) | Tiêu đề: Tập lưu Quyết định của Sở Xây dựng tỉnh Hưng Yên năm 2015 (từ số 01 - 79) ; [HS 3] Ký hiệu: H31.05.02.H31.09.2015.443 | Mã HT: H31.09.2015.002753 | Năm: 2015 (THBQ: 1) | Tiêu đề: Tập lưu Quyết định của Sở Xây dựng tỉnh Hưng Yên năm 2015 (từ số 01 - 79) ; [HS 4] Ký hiệu: H31.05.02.H31.09.2015.443 | Mã HT: H31.09.2015.005732 | Năm: 2015 (THBQ: 1) | Tiêu đề: Tập lưu Quyết định của Sở Xây dựng tỉnh Hưng Yên năm 2015 (từ số 01 - 79) ; [HS 5] Ký hiệu: H31.05.02.H31.09.2015.443 | Mã HT: H31.09.2015.008711 | Năm: 2015 (THBQ: 1) | Tiêu đề: Tập lưu Quyết định của Sở Xây dựng tỉnh Hưng Yên năm 2015 (từ số 01 - 79)",""
164,"H31.05.02.H31.09.2015.444",ĐÃ TỒN TẠI (5 HS),5,"CÙNG TIÊU ĐỀ","Có 5 hồ sơ trùng hoàn toàn cả Tên, Ký hiệu và Năm","H31.05.02.H31.09.2015.444","H31.09.2015.002400","Tập lưu Tờ trình của Sở Xây dựng tỉnh Hưng Yên năm 2015 (từ số 01 - 36)",2015,1,"http://ktdl.soxaydung.hungyen.gov.vn/systems/filesviewdetail/iid/2400/index.aspx?am=0,1,2&rf=639253255706953664","[HS 1] Ký hiệu: H31.05.02.H31.09.2015.444 | Mã HT: H31.09.2015.002400 | Năm: 2015 (THBQ: 1) | Tiêu đề: Tập lưu Tờ trình của Sở Xây dựng tỉnh Hưng Yên năm 2015 (từ số 01 - 36) ; [HS 2] Ký hiệu: H31.05.02.H31.09.2015.444 | Mã HT: H31.09.2015.002577 | Năm: 2015 (THBQ: 1) | Tiêu đề: Tập lưu Tờ trình của Sở Xây dựng tỉnh Hưng Yên năm 2015 (từ số 01 - 36) ; [HS 3] Ký hiệu: H31.05.02.H31.09.2015.444 | Mã HT: H31.09.2015.002754 | Năm: 2015 (THBQ: 1) | Tiêu đề: Tập lưu Tờ trình của Sở Xây dựng tỉnh Hưng Yên năm 2015 (từ số 01 - 36) ; [HS 4] Ký hiệu: H31.05.02.H31.09.2015.444 | Mã HT: H31.09.2015.005733 | Năm: 2015 (THBQ: 1) | Tiêu đề: Tập lưu Tờ trình của Sở Xây dựng tỉnh Hưng Yên năm 2015 (từ số 01 - 36) ; [HS 5] Ký hiệu: H31.05.02.H31.09.2015.444 | Mã HT: H31.09.2015.008712 | Năm: 2015 (THBQ: 1) | Tiêu đề: Tập lưu Tờ trình của Sở Xây dựng tỉnh Hưng Yên năm 2015 (từ số 01 - 36)",""
165,"H31.05.02.H31.09.2015.445",ĐÃ TỒN TẠI (5 HS),5,"CÙNG TIÊU ĐỀ","Có 5 hồ sơ trùng hoàn toàn cả Tên, Ký hiệu và Năm","H31.05.02.H31.09.2015.445","H31.09.2015.002401","Hồ sơ Tập lưu Tờ trình của Sở xây dựng tỉnh Hưng Yên năm 2015 (từ số 37-79)",2015,1,"http://ktdl.soxaydung.hungyen.gov.vn/systems/filesviewdetail/iid/2401/index.aspx?am=0,1,2&rf=639253255716328897","[HS 1] Ký hiệu: H31.05.02.H31.09.2015.445 | Mã HT: H31.09.2015.002401 | Năm: 2015 (THBQ: 1) | Tiêu đề: Hồ sơ Tập lưu Tờ trình của Sở xây dựng tỉnh Hưng Yên năm 2015 (từ số 37-79) ; [HS 2] Ký hiệu: H31.05.02.H31.09.2015.445 | Mã HT: H31.09.2015.002578 | Năm: 2015 (THBQ: 1) | Tiêu đề: Hồ sơ Tập lưu Tờ trình của Sở xây dựng tỉnh Hưng Yên năm 2015 (từ số 37-79) ; [HS 3] Ký hiệu: H31.05.02.H31.09.2015.445 | Mã HT: H31.09.2015.002755 | Năm: 2015 (THBQ: 1) | Tiêu đề: Hồ sơ Tập lưu Tờ trình của Sở xây dựng tỉnh Hưng Yên năm 2015 (từ số 37-79) ; [HS 4] Ký hiệu: H31.05.02.H31.09.2015.445 | Mã HT: H31.09.2015.005734 | Năm: 2015 (THBQ: 1) | Tiêu đề: Hồ sơ Tập lưu Tờ trình của Sở xây dựng tỉnh Hưng Yên năm 2015 (từ số 37-79) ; [HS 5] Ký hiệu: H31.05.02.H31.09.2015.445 | Mã HT: H31.09.2015.008713 | Năm: 2015 (THBQ: 1) | Tiêu đề: Hồ sơ Tập lưu Tờ trình của Sở xây dựng tỉnh Hưng Yên năm 2015 (từ số 37-79)",""
166,"H31.05.02.H31.09.2015.446",ĐÃ TỒN TẠI (5 HS),5,"CÙNG TIÊU ĐỀ","Có 5 hồ sơ trùng hoàn toàn cả Tên, Ký hiệu và Năm","H31.05.02.H31.09.2015.446","H31.09.2015.002402","Tập lưu Thông báo của Sở Xây dựng tỉnh Hưng Yên năm 2015 (từ số 01-37)",2015,1,"http://ktdl.soxaydung.hungyen.gov.vn/systems/filesviewdetail/iid/2402/index.aspx?am=0,1,2&rf=639253255723672280","[HS 1] Ký hiệu: H31.05.02.H31.09.2015.446 | Mã HT: H31.09.2015.002402 | Năm: 2015 (THBQ: 1) | Tiêu đề: Tập lưu Thông báo của Sở Xây dựng tỉnh Hưng Yên năm 2015 (từ số 01-37) ; [HS 2] Ký hiệu: H31.05.02.H31.09.2015.446 | Mã HT: H31.09.2015.002579 | Năm: 2015 (THBQ: 1) | Tiêu đề: Tập lưu Thông báo của Sở Xây dựng tỉnh Hưng Yên năm 2015 (từ số 01-37) ; [HS 3] Ký hiệu: H31.05.02.H31.09.2015.446 | Mã HT: H31.09.2015.002756 | Năm: 2015 (THBQ: 1) | Tiêu đề: Tập lưu Thông báo của Sở Xây dựng tỉnh Hưng Yên năm 2015 (từ số 01-37) ; [HS 4] Ký hiệu: H31.05.02.H31.09.2015.446 | Mã HT: H31.09.2015.005735 | Năm: 2015 (THBQ: 1) | Tiêu đề: Tập lưu Thông báo của Sở Xây dựng tỉnh Hưng Yên năm 2015 (từ số 01-37) ; [HS 5] Ký hiệu: H31.05.02.H31.09.2015.446 | Mã HT: H31.09.2015.008714 | Năm: 2015 (THBQ: 1) | Tiêu đề: Tập lưu Thông báo của Sở Xây dựng tỉnh Hưng Yên năm 2015 (từ số 01-37)",""
167,"H31.05.02.H31.09.2015.447",ĐÃ TỒN TẠI (5 HS),5,"CÙNG TIÊU ĐỀ","Có 5 hồ sơ trùng hoàn toàn cả Tên, Ký hiệu và Năm","H31.05.02.H31.09.2015.447","H31.09.2015.002403","Tập lưu Thông báo của Sở Xây dựng tỉnh Hưng Yên năm 2015 (từ số 38-80)",2015,1,"http://ktdl.soxaydung.hungyen.gov.vn/systems/filesviewdetail/iid/2403/index.aspx?am=0,1,2&rf=639253255731328722","[HS 1] Ký hiệu: H31.05.02.H31.09.2015.447 | Mã HT: H31.09.2015.002403 | Năm: 2015 (THBQ: 1) | Tiêu đề: Tập lưu Thông báo của Sở Xây dựng tỉnh Hưng Yên năm 2015 (từ số 38-80) ; [HS 2] Ký hiệu: H31.05.02.H31.09.2015.447 | Mã HT: H31.09.2015.002580 | Năm: 2015 (THBQ: 1) | Tiêu đề: Tập lưu Thông báo của Sở Xây dựng tỉnh Hưng Yên năm 2015 (từ số 38-80) ; [HS 3] Ký hiệu: H31.05.02.H31.09.2015.447 | Mã HT: H31.09.2015.002757 | Năm: 2015 (THBQ: 1) | Tiêu đề: Tập lưu Thông báo của Sở Xây dựng tỉnh Hưng Yên năm 2015 (từ số 38-80) ; [HS 4] Ký hiệu: H31.05.02.H31.09.2015.447 | Mã HT: H31.09.2015.005736 | Năm: 2015 (THBQ: 1) | Tiêu đề: Tập lưu Thông báo của Sở Xây dựng tỉnh Hưng Yên năm 2015 (từ số 38-80) ; [HS 5] Ký hiệu: H31.05.02.H31.09.2015.447 | Mã HT: H31.09.2015.008715 | Năm: 2015 (THBQ: 1) | Tiêu đề: Tập lưu Thông báo của Sở Xây dựng tỉnh Hưng Yên năm 2015 (từ số 38-80)",""
168,"H31.05.02.H31.09.2015.448",ĐÃ TỒN TẠI (5 HS),5,"CÙNG TIÊU ĐỀ","Có 5 hồ sơ trùng hoàn toàn cả Tên, Ký hiệu và Năm","H31.05.02.H31.09.2015.448","H31.09.2015.002404","Tập lưu Thông báo của Sở Xây dựng tỉnh Hưng Yên năm 2015 (từ số 81 - 139 )",2015,1,"http://ktdl.soxaydung.hungyen.gov.vn/systems/filesviewdetail/iid/2404/index.aspx?am=0,1,2&rf=639253255738985133","[HS 1] Ký hiệu: H31.05.02.H31.09.2015.448 | Mã HT: H31.09.2015.002404 | Năm: 2015 (THBQ: 1) | Tiêu đề: Tập lưu Thông báo của Sở Xây dựng tỉnh Hưng Yên năm 2015 (từ số 81 - 139 ) ; [HS 2] Ký hiệu: H31.05.02.H31.09.2015.448 | Mã HT: H31.09.2015.002581 | Năm: 2015 (THBQ: 1) | Tiêu đề: Tập lưu Thông báo của Sở Xây dựng tỉnh Hưng Yên năm 2015 (từ số 81 - 139 ) ; [HS 3] Ký hiệu: H31.05.02.H31.09.2015.448 | Mã HT: H31.09.2015.002758 | Năm: 2015 (THBQ: 1) | Tiêu đề: Tập lưu Thông báo của Sở Xây dựng tỉnh Hưng Yên năm 2015 (từ số 81 - 139 ) ; [HS 4] Ký hiệu: H31.05.02.H31.09.2015.448 | Mã HT: H31.09.2015.005737 | Năm: 2015 (THBQ: 1) | Tiêu đề: Tập lưu Thông báo của Sở Xây dựng tỉnh Hưng Yên năm 2015 (từ số 81 - 139 ) ; [HS 5] Ký hiệu: H31.05.02.H31.09.2015.448 | Mã HT: H31.09.2015.008716 | Năm: 2015 (THBQ: 1) | Tiêu đề: Tập lưu Thông báo của Sở Xây dựng tỉnh Hưng Yên năm 2015 (từ số 81 - 139 )",""
169,"H31.05.02.H31.09.2015.449",ĐÃ TỒN TẠI (5 HS),5,"CÙNG TIÊU ĐỀ","Có 5 hồ sơ trùng hoàn toàn cả Tên, Ký hiệu và Năm","H31.05.02.H31.09.2015.449","H31.09.2015.002405","Tập lưu Thông báo của Sở Xây dựng tỉnh Hưng Yên năm 2015",2015,1,"http://ktdl.soxaydung.hungyen.gov.vn/systems/filesviewdetail/iid/2405/index.aspx?am=0,1,2&rf=639253255746798313","[HS 1] Ký hiệu: H31.05.02.H31.09.2015.449 | Mã HT: H31.09.2015.002405 | Năm: 2015 (THBQ: 1) | Tiêu đề: Tập lưu Thông báo của Sở Xây dựng tỉnh Hưng Yên năm 2015 ; [HS 2] Ký hiệu: H31.05.02.H31.09.2015.449 | Mã HT: H31.09.2015.002582 | Năm: 2015 (THBQ: 1) | Tiêu đề: Tập lưu Thông báo của Sở Xây dựng tỉnh Hưng Yên năm 2015 ; [HS 3] Ký hiệu: H31.05.02.H31.09.2015.449 | Mã HT: H31.09.2015.002759 | Năm: 2015 (THBQ: 1) | Tiêu đề: Tập lưu Thông báo của Sở Xây dựng tỉnh Hưng Yên năm 2015 ; [HS 4] Ký hiệu: H31.05.02.H31.09.2015.449 | Mã HT: H31.09.2015.005738 | Năm: 2015 (THBQ: 1) | Tiêu đề: Tập lưu Thông báo của Sở Xây dựng tỉnh Hưng Yên năm 2015 ; [HS 5] Ký hiệu: H31.05.02.H31.09.2015.449 | Mã HT: H31.09.2015.008717 | Năm: 2015 (THBQ: 1) | Tiêu đề: Tập lưu Thông báo của Sở Xây dựng tỉnh Hưng Yên năm 2015",""
170,"H31.05.02.H31.09.2015.450",ĐÃ TỒN TẠI (5 HS),5,"CÙNG TIÊU ĐỀ","Có 5 hồ sơ trùng hoàn toàn cả Tên, Ký hiệu và Năm","H31.05.02.H31.09.2015.450","H31.09.2015.002406","Tập lưu Thông báo của Sở Xây dựng tỉnh Hưng Yên năm 2015",2015,1,"http://ktdl.soxaydung.hungyen.gov.vn/systems/filesviewdetail/iid/2406/index.aspx?am=0,1,2&rf=639253255754141774","[HS 1] Ký hiệu: H31.05.02.H31.09.2015.450 | Mã HT: H31.09.2015.002406 | Năm: 2015 (THBQ: 1) | Tiêu đề: Tập lưu Thông báo của Sở Xây dựng tỉnh Hưng Yên năm 2015 ; [HS 2] Ký hiệu: H31.05.02.H31.09.2015.450 | Mã HT: H31.09.2015.002583 | Năm: 2015 (THBQ: 1) | Tiêu đề: Tập lưu Thông báo của Sở Xây dựng tỉnh Hưng Yên năm 2015 ; [HS 3] Ký hiệu: H31.05.02.H31.09.2015.450 | Mã HT: H31.09.2015.002760 | Năm: 2015 (THBQ: 1) | Tiêu đề: Tập lưu Thông báo của Sở Xây dựng tỉnh Hưng Yên năm 2015 ; [HS 4] Ký hiệu: H31.05.02.H31.09.2015.450 | Mã HT: H31.09.2015.005739 | Năm: 2015 (THBQ: 1) | Tiêu đề: Tập lưu Thông báo của Sở Xây dựng tỉnh Hưng Yên năm 2015 ; [HS 5] Ký hiệu: H31.05.02.H31.09.2015.450 | Mã HT: H31.09.2015.008718 | Năm: 2015 (THBQ: 1) | Tiêu đề: Tập lưu Thông báo của Sở Xây dựng tỉnh Hưng Yên năm 2015",""
171,"H31.05.02.H31.09.2015.451",ĐÃ TỒN TẠI (5 HS),5,"CÙNG TIÊU ĐỀ","Có 5 hồ sơ trùng hoàn toàn cả Tên, Ký hiệu và Năm","H31.05.02.H31.09.2015.451","H31.09.2015.002407","Tập lưu Công văn của Sở Xây dựng tỉnh Hưng Yên năm 2015",2015,1,"http://ktdl.soxaydung.hungyen.gov.vn/systems/filesviewdetail/iid/2407/index.aspx?am=0,1,2&rf=639253255761954777","[HS 1] Ký hiệu: H31.05.02.H31.09.2015.451 | Mã HT: H31.09.2015.002407 | Năm: 2015 (THBQ: 1) | Tiêu đề: Tập lưu Công văn của Sở Xây dựng tỉnh Hưng Yên năm 2015 ; [HS 2] Ký hiệu: H31.05.02.H31.09.2015.451 | Mã HT: H31.09.2015.002584 | Năm: 2015 (THBQ: 1) | Tiêu đề: Tập lưu Công văn của Sở Xây dựng tỉnh Hưng Yên năm 2015 ; [HS 3] Ký hiệu: H31.05.02.H31.09.2015.451 | Mã HT: H31.09.2015.002761 | Năm: 2015 (THBQ: 1) | Tiêu đề: Tập lưu Công văn của Sở Xây dựng tỉnh Hưng Yên năm 2015 ; [HS 4] Ký hiệu: H31.05.02.H31.09.2015.451 | Mã HT: H31.09.2015.005740 | Năm: 2015 (THBQ: 1) | Tiêu đề: Tập lưu Công văn của Sở Xây dựng tỉnh Hưng Yên năm 2015 ; [HS 5] Ký hiệu: H31.05.02.H31.09.2015.451 | Mã HT: H31.09.2015.008719 | Năm: 2015 (THBQ: 1) | Tiêu đề: Tập lưu Công văn của Sở Xây dựng tỉnh Hưng Yên năm 2015",""
172,"H31.05.02.H31.09.2015.452",ĐÃ TỒN TẠI (5 HS),5,"CÙNG TIÊU ĐỀ","Có 5 hồ sơ trùng hoàn toàn cả Tên, Ký hiệu và Năm","H31.05.02.H31.09.2015.452","H31.09.2015.002408","Tập lưu Công văn của Sở Xây dựng tỉnh Hưng Yên năm 2015 (từ số 92 - 172)",2015,1,"http://ktdl.soxaydung.hungyen.gov.vn/systems/filesviewdetail/iid/2408/index.aspx?am=0,1,2&rf=639253255769923406","[HS 1] Ký hiệu: H31.05.02.H31.09.2015.452 | Mã HT: H31.09.2015.002408 | Năm: 2015 (THBQ: 1) | Tiêu đề: Tập lưu Công văn của Sở Xây dựng tỉnh Hưng Yên năm 2015 (từ số 92 - 172) ; [HS 2] Ký hiệu: H31.05.02.H31.09.2015.452 | Mã HT: H31.09.2015.002585 | Năm: 2015 (THBQ: 1) | Tiêu đề: Tập lưu Công văn của Sở Xây dựng tỉnh Hưng Yên năm 2015 (từ số 92 - 172) ; [HS 3] Ký hiệu: H31.05.02.H31.09.2015.452 | Mã HT: H31.09.2015.002762 | Năm: 2015 (THBQ: 1) | Tiêu đề: Tập lưu Công văn của Sở Xây dựng tỉnh Hưng Yên năm 2015 (từ số 92 - 172) ; [HS 4] Ký hiệu: H31.05.02.H31.09.2015.452 | Mã HT: H31.09.2015.005741 | Năm: 2015 (THBQ: 1) | Tiêu đề: Tập lưu Công văn của Sở Xây dựng tỉnh Hưng Yên năm 2015 (từ số 92 - 172) ; [HS 5] Ký hiệu: H31.05.02.H31.09.2015.452 | Mã HT: H31.09.2015.008720 | Năm: 2015 (THBQ: 1) | Tiêu đề: Tập lưu Công văn của Sở Xây dựng tỉnh Hưng Yên năm 2015 (từ số 92 - 172)",""
173,"H31.05.02.H31.09.2015.453",ĐÃ TỒN TẠI (5 HS),5,"CÙNG TIÊU ĐỀ","Có 5 hồ sơ trùng hoàn toàn cả Tên, Ký hiệu và Năm","H31.05.02.H31.09.2015.453","H31.09.2015.002409","Tập lưu Công văn của Sở Xây dựng tỉnh Hưng Yên năm 2015 (từ số 174-216)",2015,1,"http://ktdl.soxaydung.hungyen.gov.vn/systems/filesviewdetail/iid/2409/index.aspx?am=0,1,2&rf=639253255777424127","[HS 1] Ký hiệu: H31.05.02.H31.09.2015.453 | Mã HT: H31.09.2015.002409 | Năm: 2015 (THBQ: 1) | Tiêu đề: Tập lưu Công văn của Sở Xây dựng tỉnh Hưng Yên năm 2015 (từ số 174-216) ; [HS 2] Ký hiệu: H31.05.02.H31.09.2015.453 | Mã HT: H31.09.2015.002586 | Năm: 2015 (THBQ: 1) | Tiêu đề: Tập lưu Công văn của Sở Xây dựng tỉnh Hưng Yên năm 2015 (từ số 174-216) ; [HS 3] Ký hiệu: H31.05.02.H31.09.2015.453 | Mã HT: H31.09.2015.002763 | Năm: 2015 (THBQ: 1) | Tiêu đề: Tập lưu Công văn của Sở Xây dựng tỉnh Hưng Yên năm 2015 (từ số 174-216) ; [HS 4] Ký hiệu: H31.05.02.H31.09.2015.453 | Mã HT: H31.09.2015.005742 | Năm: 2015 (THBQ: 1) | Tiêu đề: Tập lưu Công văn của Sở Xây dựng tỉnh Hưng Yên năm 2015 (từ số 174-216) ; [HS 5] Ký hiệu: H31.05.02.H31.09.2015.453 | Mã HT: H31.09.2015.008721 | Năm: 2015 (THBQ: 1) | Tiêu đề: Tập lưu Công văn của Sở Xây dựng tỉnh Hưng Yên năm 2015 (từ số 174-216)",""
174,"H31.05.02.H31.09.2015.454",ĐÃ TỒN TẠI (5 HS),5,"CÙNG TIÊU ĐỀ","Có 5 hồ sơ trùng hoàn toàn cả Tên, Ký hiệu và Năm","H31.05.02.H31.09.2015.454","H31.09.2015.002410","Tập lưu Công văn của Sở Xây dựng tỉnh Hưng Yên năm 2015 (từ số 217 - 272)",2015,1,"http://ktdl.soxaydung.hungyen.gov.vn/systems/filesviewdetail/iid/2410/index.aspx?am=0,1,2&rf=639253255785549360","[HS 1] Ký hiệu: H31.05.02.H31.09.2015.454 | Mã HT: H31.09.2015.002410 | Năm: 2015 (THBQ: 1) | Tiêu đề: Tập lưu Công văn của Sở Xây dựng tỉnh Hưng Yên năm 2015 (từ số 217 - 272) ; [HS 2] Ký hiệu: H31.05.02.H31.09.2015.454 | Mã HT: H31.09.2015.002587 | Năm: 2015 (THBQ: 1) | Tiêu đề: Tập lưu Công văn của Sở Xây dựng tỉnh Hưng Yên năm 2015 (từ số 217 - 272) ; [HS 3] Ký hiệu: H31.05.02.H31.09.2015.454 | Mã HT: H31.09.2015.002764 | Năm: 2015 (THBQ: 1) | Tiêu đề: Tập lưu Công văn của Sở Xây dựng tỉnh Hưng Yên năm 2015 (từ số 217 - 272) ; [HS 4] Ký hiệu: H31.05.02.H31.09.2015.454 | Mã HT: H31.09.2015.005743 | Năm: 2015 (THBQ: 1) | Tiêu đề: Tập lưu Công văn của Sở Xây dựng tỉnh Hưng Yên năm 2015 (từ số 217 - 272) ; [HS 5] Ký hiệu: H31.05.02.H31.09.2015.454 | Mã HT: H31.09.2015.008722 | Năm: 2015 (THBQ: 1) | Tiêu đề: Tập lưu Công văn của Sở Xây dựng tỉnh Hưng Yên năm 2015 (từ số 217 - 272)",""
175,"H31.05.02.H31.09.2015.455",ĐÃ TỒN TẠI (5 HS),5,"CÙNG TIÊU ĐỀ","Có 5 hồ sơ trùng hoàn toàn cả Tên, Ký hiệu và Năm","H31.05.02.H31.09.2015.455","H31.09.2015.002411","Tập lưu Công văn của Sở Xây dựng tỉnh Hưng Yên năm 2015 (từ số 273 - 359)",2015,1,"http://ktdl.soxaydung.hungyen.gov.vn/systems/filesviewdetail/iid/2411/index.aspx?am=0,1,2&rf=639253255793049153","[HS 1] Ký hiệu: H31.05.02.H31.09.2015.455 | Mã HT: H31.09.2015.002411 | Năm: 2015 (THBQ: 1) | Tiêu đề: Tập lưu Công văn của Sở Xây dựng tỉnh Hưng Yên năm 2015 (từ số 273 - 359) ; [HS 2] Ký hiệu: H31.05.02.H31.09.2015.455 | Mã HT: H31.09.2015.002588 | Năm: 2015 (THBQ: 1) | Tiêu đề: Tập lưu Công văn của Sở Xây dựng tỉnh Hưng Yên năm 2015 (từ số 273 - 359) ; [HS 3] Ký hiệu: H31.05.02.H31.09.2015.455 | Mã HT: H31.09.2015.002765 | Năm: 2015 (THBQ: 1) | Tiêu đề: Tập lưu Công văn của Sở Xây dựng tỉnh Hưng Yên năm 2015 (từ số 273 - 359) ; [HS 4] Ký hiệu: H31.05.02.H31.09.2015.455 | Mã HT: H31.09.2015.005744 | Năm: 2015 (THBQ: 1) | Tiêu đề: Tập lưu Công văn của Sở Xây dựng tỉnh Hưng Yên năm 2015 (từ số 273 - 359) ; [HS 5] Ký hiệu: H31.05.02.H31.09.2015.455 | Mã HT: H31.09.2015.008723 | Năm: 2015 (THBQ: 1) | Tiêu đề: Tập lưu Công văn của Sở Xây dựng tỉnh Hưng Yên năm 2015 (từ số 273 - 359)",""
176,"H31.05.02.H31.09.2015.456",ĐÃ TỒN TẠI (5 HS),5,"CÙNG TIÊU ĐỀ","Có 5 hồ sơ trùng hoàn toàn cả Tên, Ký hiệu và Năm","H31.05.02.H31.09.2015.456","H31.09.2015.002412","Tập lưu Công văn của Sở Xây dựng tỉnh Hưng Yên năm 2015 (từ số 360 - 504)",2015,1,"http://ktdl.soxaydung.hungyen.gov.vn/systems/filesviewdetail/iid/2412/index.aspx?am=0,1,2&rf=639253255800705042","[HS 1] Ký hiệu: H31.05.02.H31.09.2015.456 | Mã HT: H31.09.2015.002412 | Năm: 2015 (THBQ: 1) | Tiêu đề: Tập lưu Công văn của Sở Xây dựng tỉnh Hưng Yên năm 2015 (từ số 360 - 504) ; [HS 2] Ký hiệu: H31.05.02.H31.09.2015.456 | Mã HT: H31.09.2015.002589 | Năm: 2015 (THBQ: 1) | Tiêu đề: Tập lưu Công văn của Sở Xây dựng tỉnh Hưng Yên năm 2015 (từ số 360 - 504) ; [HS 3] Ký hiệu: H31.05.02.H31.09.2015.456 | Mã HT: H31.09.2015.002766 | Năm: 2015 (THBQ: 1) | Tiêu đề: Tập lưu Công văn của Sở Xây dựng tỉnh Hưng Yên năm 2015 (từ số 360 - 504) ; [HS 4] Ký hiệu: H31.05.02.H31.09.2015.456 | Mã HT: H31.09.2015.005745 | Năm: 2015 (THBQ: 1) | Tiêu đề: Tập lưu Công văn của Sở Xây dựng tỉnh Hưng Yên năm 2015 (từ số 360 - 504) ; [HS 5] Ký hiệu: H31.05.02.H31.09.2015.456 | Mã HT: H31.09.2015.008724 | Năm: 2015 (THBQ: 1) | Tiêu đề: Tập lưu Công văn của Sở Xây dựng tỉnh Hưng Yên năm 2015 (từ số 360 - 504)",""
177,"H31.05.02.H31.09.2015.457",ĐÃ TỒN TẠI (5 HS),5,"CÙNG TIÊU ĐỀ","Có 5 hồ sơ trùng Tên hồ sơ (khác: Mã hệ thống, Năm)","H31.05.02.H31.09.2015.457","H31.09.2015.002767","Hồ sơ Quyết định của UBND tỉnh Hưng Yên về việc quy định chức năng, nhiệm vụ, quyền hạn và cơ cấu tổ chức của Sở Xây dựng năm 2010",2015,1,"http://ktdl.soxaydung.hungyen.gov.vn/systems/filesviewdetail/iid/2767/index.aspx?am=0,1,2&rf=639253255808205708","[HS 1] Ký hiệu: H31.05.02.H31.09.2015.457 | Mã HT: H31.09.2015.002767 | Năm: 2015 (THBQ: 1) | Tiêu đề: Hồ sơ Quyết định của UBND tỉnh Hưng Yên về việc quy định chức năng, nhiệm vụ, quyền hạn và cơ cấu tổ chức của Sở Xây dựng năm 2010 ; [HS 2] Ký hiệu: H31.05.02.H31.09.2015.457 | Mã HT: H31.09.2015.005746 | Năm: 2015 (THBQ: 1) | Tiêu đề: Hồ sơ Quyết định của UBND tỉnh Hưng Yên về việc quy định chức năng, nhiệm vụ, quyền hạn và cơ cấu tổ chức của Sở Xây dựng năm 2010 ; [HS 3] Ký hiệu: H31.05.02.H31.09.2015.457 | Mã HT: H31.09.2015.008725 | Năm: 2015 (THBQ: 1) | Tiêu đề: Hồ sơ Quyết định của UBND tỉnh Hưng Yên về việc quy định chức năng, nhiệm vụ, quyền hạn và cơ cấu tổ chức của Sở Xây dựng năm 2010 ; [HS 4] Ký hiệu: H31.05.02.H31.09.2015.457 | Mã HT: H31.09.2010.002413 | Năm: 2010 (THBQ: 1) | Tiêu đề: Hồ sơ Quyết định của UBND tỉnh Hưng Yên về việc quy định chức năng, nhiệm vụ, quyền hạn và cơ cấu tổ chức của Sở Xây dựng năm 2010 ; [HS 5] Ký hiệu: H31.05.02.H31.09.2015.457 | Mã HT: H31.09.2010.002590 | Năm: 2010 (THBQ: 1) | Tiêu đề: Hồ sơ Quyết định của UBND tỉnh Hưng Yên về việc quy định chức năng, nhiệm vụ, quyền hạn và cơ cấu tổ chức của Sở Xây dựng năm 2010",""