STT,Mã hồ sơ,Nhóm trạng thái,Trạng thái chi tiết,Số bản ghi hiện tại,Kiểm chứng 10%,Bản ghi giữ lại (#1),Thời gian cập nhật
1,H31.05.02.H31.09.2005.281,HOÀN THÀNH,Chưa xử lý,-,false,-,2026-09-19 07:54:31
2,H31.05.02.H31.09.2005.282,HOÀN THÀNH,"Đạt chuẩn (1 bản duy nhất) (Hồ sơ chuẩn, không có bản trùng thừa)",1,true,Tập lưu Báo cáo của Sở Xây dựng tỉnh Hưng Yên năm 2005 (từ số 01 - 36),2026-09-21 14:04:10
3,H31.05.02.H31.09.2005.283,HOÀN THÀNH,Chưa xử lý,-,false,-,2026-09-19 07:54:35
4,H31.05.02.H31.09.2005.284,HOÀN THÀNH,Chưa xử lý,-,false,-,2026-09-19 07:54:38
5,H31.05.02.H31.09.2005.285,HOÀN THÀNH,Chưa xử lý,-,false,-,2026-09-19 07:54:40
6,H31.05.02.H31.09.2005.286,HOÀN THÀNH,Chưa xử lý,-,false,-,2026-09-19 07:54:43
7,H31.05.02.H31.09.2005.287,HOÀN THÀNH,Chưa xử lý,-,false,-,2026-09-19 07:54:45
8,H31.05.02.H31.09.2005.288,HOÀN THÀNH,Chưa xử lý,-,false,-,2026-09-19 07:54:47
9,H31.05.02.H31.09.2005.289,HOÀN THÀNH,Chưa xử lý,-,false,-,2026-09-19 07:54:50
10,H31.05.02.H31.09.2006.290,HOÀN THÀNH,Chưa xử lý,-,false,-,2026-09-19 07:54:52
11,H31.05.02.H31.09.2006.291,HOÀN THÀNH,Chưa xử lý,-,false,-,2026-09-19 07:54:54
12,H31.05.02.H31.09.2006.292,HOÀN THÀNH,"Đạt chuẩn (1 bản duy nhất) (Hồ sơ chuẩn, không có bản trùng thừa)",1,true,Tập lưu Tờ trình của Sở Xây dựng tỉnh Hưng Yên năm 2006 (từ số 01 - 54),2026-09-21 12:03:44
13,H31.05.02.H31.09.2006.293,HOÀN THÀNH,Chưa xử lý,-,false,-,2026-09-19 07:54:59
14,H31.05.02.H31.09.2006.294,HOÀN THÀNH,Chưa xử lý,-,false,-,2026-09-19 07:55:02
15,H31.05.02.H31.09.2006.295,HOÀN THÀNH,Chưa xử lý,-,false,-,2026-09-19 07:55:04
16,H31.05.02.H31.09.2006.296,HOÀN THÀNH,Chưa xử lý,-,false,-,2026-09-19 07:55:06
17,H31.05.02.H31.09.2006.297,HOÀN THÀNH,Chưa xử lý,-,false,-,2026-09-19 07:55:09
18,H31.05.02.H31.09.2006.298,HOÀN THÀNH,Chưa xử lý,-,false,-,2026-09-19 07:55:11
19,H31.05.02.H31.09.2006.299,HOÀN THÀNH,Chưa xử lý,-,false,-,2026-09-19 07:55:13
20,H31.05.02.H31.09.2006.300,HOÀN THÀNH,Chưa xử lý,-,false,-,2026-09-19 07:55:16
21,H31.05.02.H31.09.2007.301,HOÀN THÀNH,"Đạt chuẩn (1 bản duy nhất) (Hồ sơ chuẩn, không có bản trùng thừa)",1,true,"Hồ sơ Tập lưu Quyết định, Kết luận của Sở Xây dựng tỉnh Hưng Yên năm 2007 (từ số 01 - 59)",2026-09-21 14:04:15
22,H31.05.02.H31.09.2007.302,HOÀN THÀNH,Chưa xử lý,-,false,-,2026-09-19 07:55:21
23,H31.05.02.H31.09.2007.303,HOÀN THÀNH,Chưa xử lý,-,false,-,2026-09-19 07:55:23
24,H31.05.02.H31.09.2007.304,HOÀN THÀNH,Chưa xử lý,-,false,-,2026-09-19 07:55:25
25,H31.05.02.H31.09.2007.305,HOÀN THÀNH,Chưa xử lý,-,false,-,2026-09-19 07:55:28
26,H31.05.02.H31.09.2007.306,HOÀN THÀNH,Chưa xử lý,-,false,-,2026-09-19 07:55:30
27,H31.05.02.H31.09.2007.307,HOÀN THÀNH,Chưa xử lý,-,false,-,2026-09-19 07:55:32
28,H31.05.02.H31.09.2007.308,HOÀN THÀNH,Chưa xử lý,-,false,-,2026-09-19 07:55:39
29,H31.05.02.H31.09.2007.309,HOÀN THÀNH,Chưa xử lý,-,false,-,2026-09-19 07:55:45
30,H31.05.02.H31.09.2008.310,HOÀN THÀNH,Chưa xử lý,-,false,-,2026-09-19 07:55:51
31,H31.05.02.H31.09.2008.311,HOÀN THÀNH,Chưa xử lý,-,false,-,2026-09-19 07:55:57
32,H31.05.02.H31.09.2008.312,HOÀN THÀNH,"Đạt chuẩn (1 bản duy nhất) (Hồ sơ chuẩn, không có bản trùng thừa)",1,true,Tập lưu Tờ trình của Sở Xây dựng tỉnh Hưng Yên năm 2008 (từ số 01 - 58),2026-09-21 14:04:19
33,H31.05.02.H31.09.2008.313,HOÀN THÀNH,Chưa xử lý,-,false,-,2026-09-19 07:56:09
34,H31.05.02.H31.09.2008.314,HOÀN THÀNH,Chưa xử lý,-,false,-,2026-09-19 07:56:15
35,H31.05.02.H31.09.2008.315,HOÀN THÀNH,Chưa xử lý,-,false,-,2026-09-19 07:56:21
36,H31.05.02.H31.09.2008.316,HOÀN THÀNH,Chưa xử lý,-,false,-,2026-09-19 07:56:27
37,H31.05.02.H31.09.2008.317,HOÀN THÀNH,"Đạt chuẩn (1 bản duy nhất) (Hồ sơ chuẩn, không có bản trùng thừa)",1,true,Tập lưu Công văn của Sở Xây dựng tỉnh Hưng Yên năm 2008 (từ số 271 - 365),2026-09-21 12:03:49
38,H31.05.02.H31.09.2008.318,HOÀN THÀNH,Chưa xử lý,-,false,-,2026-09-19 07:56:39
39,H31.05.02.H31.09.2008.319,HOÀN THÀNH,Chưa xử lý,-,false,-,2026-09-19 07:56:45
40,H31.05.02.H31.09.2008.320,HOÀN THÀNH,Chưa xử lý,-,false,-,2026-09-19 07:56:51
41,H31.05.02.H31.09.2008.321,HOÀN THÀNH,"Đạt chuẩn (1 bản duy nhất) (Hồ sơ chuẩn, không có bản trùng thừa)",1,true,Tập lưu Thông báo của Sở Xây dựng tỉnh Hưng Yên năm 2008. (từ số 52 - 124),2026-09-21 12:03:52
42,H31.05.02.H31.09.2008.322,HOÀN THÀNH,Chưa xử lý,-,false,-,2026-09-19 07:57:03
43,H31.05.02.H31.09.2008.323,HOÀN THÀNH,Chưa xử lý,-,false,-,2026-09-19 07:57:09
44,H31.05.02.H31.09.2008.324,HOÀN THÀNH,Chưa xử lý,-,false,-,2026-09-19 07:57:15
45,H31.05.02.H31.09.2008.325,HOÀN THÀNH,Chưa xử lý,-,false,-,2026-09-19 07:57:21
46,H31.05.02.H31.09.2009.326,HOÀN THÀNH,Chưa xử lý,-,false,-,2026-09-19 07:57:27
47,H31.05.02.H31.09.2009.327,HOÀN THÀNH,"Đạt chuẩn (1 bản duy nhất) (Hồ sơ chuẩn, không có bản trùng thừa)",1,true,Tập lưu Báo cáo của Sở Xây dựng tỉnh Hưng Yên năm 2009 (từ 01-79),2026-09-21 12:03:55
48,H31.05.02.H31.09.2009.328,HOÀN THÀNH,Chưa xử lý,-,false,-,2026-09-19 07:57:39
49,H31.05.02.H31.09.2009.329,HOÀN THÀNH,Chưa xử lý,-,false,-,2026-09-19 07:57:45
50,H31.05.02.H31.09.2009.330,HOÀN THÀNH,Chưa xử lý,-,false,-,2026-09-19 07:57:51
51,H31.05.02.H31.09.2009.331,HOÀN THÀNH,Chưa xử lý,-,false,-,2026-09-19 07:57:57
52,H31.05.02.H31.09.2009.332,HOÀN THÀNH,Chưa xử lý,-,false,-,2026-09-19 07:58:03
53,H31.05.02.H31.09.2009.333,HOÀN THÀNH,Chưa xử lý,-,false,-,2026-09-19 07:58:09
54,H31.05.02.H31.09.2009.334,HOÀN THÀNH,Chưa xử lý,-,false,-,2026-09-19 07:58:15
55,H31.05.02.H31.09.2009.335,HOÀN THÀNH,"Đạt chuẩn (1 bản duy nhất) (Hồ sơ chuẩn, không có bản trùng thừa)",1,true,Tập lưu Tờ trình của Sở Xây dựng tỉnh Hưng Yên năm 2009 (từ số 61 - 125),2026-09-21 12:03:58
56,H31.05.02.H31.09.2009.336,HOÀN THÀNH,Chưa xử lý,-,false,-,2026-09-19 07:58:27
57,H31.05.02.H31.09.2009.337,HOÀN THÀNH,"Đạt chuẩn (1 bản duy nhất) (Hồ sơ chuẩn, không có bản trùng thừa)",1,true,Tập lưu thông báo của Sở Xây dựng tỉnh Hưng Yên năm 2009 (từ số 90 - 179),2026-09-21 12:04:01
58,H31.05.02.H31.09.2009.338,HOÀN THÀNH,Chưa xử lý,-,false,-,2026-09-19 07:58:39
59,H31.05.02.H31.09.2009.339,HOÀN THÀNH,"Đạt chuẩn (1 bản duy nhất) (Hồ sơ chuẩn, không có bản trùng thừa)",1,true,Tập lưu Kết quả thẩm định của Sở Xây dựng tỉnh Hưng Yên năm 2009 (từ số 01-41),2026-09-21 12:04:03
60,H31.05.02.H31.09.2009.340,HOÀN THÀNH,Chưa xử lý,-,false,-,2026-09-19 07:58:51
61,H31.05.02.H31.09.2010.341,HOÀN THÀNH,Chưa xử lý,-,false,-,2026-09-19 07:58:57
62,H31.05.02.H31.09.2010.342,HOÀN THÀNH,"Đạt chuẩn (1 bản duy nhất) (Hồ sơ chuẩn, không có bản trùng thừa)",1,true,Tập lưu Quyết định của Sở Xây dựng tỉnh Hưng Yên năm 2010 (từ số 69 - 141),2026-09-21 12:04:05
63,H31.05.02.H31.09.2010.343,HOÀN THÀNH,Chưa xử lý,-,false,-,2026-09-19 07:59:09
64,H31.05.02.H31.09.2010.344,HOÀN THÀNH,Chưa xử lý,-,false,-,2026-09-19 07:59:15
65,H31.05.02.H31.09.2010.345,HOÀN THÀNH,"Đạt chuẩn (1 bản duy nhất) (Hồ sơ chuẩn, không có bản trùng thừa)",1,true,"Tập lưu Tờ trình của Sở Xây dựng tỉnh Hưng Yên năm 2010 
(từ số 61 - 109)",2026-09-21 12:04:08
66,H31.05.02.H31.09.2010.346,HOÀN THÀNH,Chưa xử lý,-,false,-,2026-09-19 07:59:27
67,H31.05.02.H31.09.2010.347,HOÀN THÀNH,Chưa xử lý,-,false,-,2026-09-19 07:59:33
68,H31.05.02.H31.09.2010.348,HOÀN THÀNH,Chưa xử lý,-,false,-,2026-09-19 07:59:39
69,H31.05.02.H31.09.2010.349,HOÀN THÀNH,Chưa xử lý,-,false,-,2026-09-19 07:59:45
70,H31.05.02.H31.09.2010.350,HOÀN THÀNH,"Đạt chuẩn (1 bản duy nhất) (Hồ sơ chuẩn, không có bản trùng thừa)",1,true,Tập lưu Công văn của Sở Xây dựng tỉnh Hưng Yên năm 2010 (từ số 01 - 117),2026-09-21 12:04:11
71,H31.05.02.H31.09.2010.351,HOÀN THÀNH,Chưa xử lý,-,false,-,2026-09-19 07:59:57
72,H31.05.02.H31.09.2010.352,HOÀN THÀNH,Chưa xử lý,-,false,-,2026-09-19 08:00:03
73,H31.05.02.H31.09.2010.353,HOÀN THÀNH,Chưa xử lý,-,false,-,2026-09-19 08:00:09
74,H31.05.02.H31.09.2010.354,HOÀN THÀNH,Chưa xử lý,-,false,-,2026-09-19 08:00:15
75,H31.05.02.H31.09.2010.355,HOÀN THÀNH,Chưa xử lý,-,false,-,2026-09-19 08:00:21
76,H31.05.02.H31.09.2010.356,HOÀN THÀNH,Chưa xử lý,-,false,-,2026-09-19 08:00:27
77,H31.05.02.H31.09.2010.357,HOÀN THÀNH,"Đạt chuẩn (1 bản duy nhất) (Hồ sơ chuẩn, không có bản trùng thừa)",1,true,Hồ sơ Tập lưu giấy phép xây dựng của Sở Xây dựng tỉnh Hưng Yên năm 2010 (từ số 01-88),2026-09-21 14:04:29
78,H31.05.02.H31.09.2010.358,HOÀN THÀNH,Chưa xử lý,-,false,-,2026-09-19 08:00:39
79,H31.05.02.H31.09.2011.359,HOÀN THÀNH,"Đạt chuẩn (1 bản duy nhất) (Hồ sơ chuẩn, không có bản trùng thừa)",1,true,"Tập lưu Quyết định của Sở Xây dựng tỉnh Hưng Yên năm
2011 (từ số 01 - 99)",2026-09-21 12:04:14
80,H31.05.02.H31.09.2011.360,HOÀN THÀNH,Chưa xử lý,-,false,-,2026-09-19 08:00:51
81,H31.05.02.H31.09.2011.361,HOÀN THÀNH,Chưa xử lý,-,false,-,2026-09-19 08:00:57
82,H31.05.02.H31.09.2011.362,HOÀN THÀNH,"Đạt chuẩn (1 bản duy nhất) (Hồ sơ chuẩn, không có bản trùng thừa)",1,true,Hồ sơ Tập lưu Tờ trình của Sở Xây dựng tỉnh Hưng Yên năm 2011 (từ số 51 - 99),2026-09-21 14:04:33
83,H31.05.02.H31.09.2011.363,HOÀN THÀNH,Chưa xử lý,-,false,-,2026-09-19 08:01:09
84,H31.05.02.H31.09.2011.364,HOÀN THÀNH,"Đạt chuẩn (1 bản duy nhất) (Hồ sơ chuẩn, không có bản trùng thừa)",1,true,Hồ sơ Tập lưu Thông báo của Sở Xây dựng tỉnh Hưng Yên năm 2011 (từ số 01 - 58),2026-09-21 14:04:35
85,H31.05.02.H31.09.2011.365,HOÀN THÀNH,Checklist: Đã hoàn thành (Tự động Pass),1,false,Hồ sơ Tập lưu Thông báo của Sở Xây dựng tỉnh Hưng Yên năm 2011 (từ số 59-105),2026-09-21 14:04:36
86,H31.05.02.H31.09.2011.366,HOÀN THÀNH,Checklist: Đã hoàn thành (Tự động Pass),1,false,Tập lưu Thông báo của Sở Xây dựng tỉnh Hưng Yên năm 2011 (từ số 105 – 192),2026-09-21 14:04:36
87,H31.05.02.H31.09.2011.367,HOÀN THÀNH,Checklist: Đã hoàn thành (Tự động Pass),1,false,Tập lưu Thông báo của Sở Xây dựng tỉnh Hưng Yên năm 2011 (từ số 193 - 260),2026-09-21 14:04:36
88,H31.05.02.H31.09.2011.368,HOÀN THÀNH,Checklist: Đã hoàn thành (Tự động Pass),1,false,Tập lưu Công văn của Sở Xây dựng tỉnh Hưng Yên năm 2011 (từ số 01 - 125),2026-09-21 14:04:36
89,H31.05.02.H31.09.2011.369,HOÀN THÀNH,Checklist: Đã hoàn thành (Tự động Pass),1,false,Hồ sơ Tập lưu Công văn của Sở Xây dựng tỉnh Hưng Yên năm 2011(từ số 126 - 182),2026-09-21 14:04:36
90,H31.05.02.H31.09.2011.370,HOÀN THÀNH,Checklist: Đã hoàn thành (Tự động Pass),1,false,Tập lưu Công văn của Sở Xây dựng tỉnh Hưng Yên năm 2011 (từ số 183 - 283),2026-09-21 14:04:37
91,H31.05.02.H31.09.2011.371,HOÀN THÀNH,Checklist: Đã hoàn thành (Tự động Pass),1,false,Tập lưu Công văn của Sở Xây dựng tỉnh Hưng Yên năm 2011 (từ số 285 - 418),2026-09-21 14:04:37
92,H31.05.02.H31.09.2011.372,HOÀN THÀNH,Checklist: Đã hoàn thành (Tự động Pass),1,false,Tập lưu Công văn của Sở Xây dựng tỉnh Hưng Yên năm 2011 (từ số 418 - 513),2026-09-21 14:04:37
93,H31.05.02.H31.09.2011.373,HOÀN THÀNH,Checklist: Đã hoàn thành (Tự động Pass),1,false,Tập lưu Công văn của Sở Xây dựng tỉnh Hưng Yên năm 2011 (từ số 514 - 685),2026-09-21 14:04:37
94,H31.05.02.H31.09.2011.374,HOÀN THÀNH,Checklist: Đã hoàn thành (Tự động Pass),1,false,Tập lưu Kết quả thẩm định của Sở Xây dựng tỉnh Hưng Yên năm 2011 (từ số 01 - 38),2026-09-21 14:04:37
95,H31.05.02.H31.09.2011.375,HOÀN THÀNH,Checklist: Đã hoàn thành (Tự động Pass),1,false,Tập lưu Giấy phép xây dựng của Sở Xây dựng tỉnh Hưng Yên năm 2011 (từ số 01 - 59),2026-09-21 14:04:37
96,H31.05.02.H31.09.2011.376,HOÀN THÀNH,Checklist: Đã hoàn thành (Tự động Pass),1,false,Tập lưu giấy phép thầu của Sở Xây dựng tỉnh Hưng Yên năm 2011,2026-09-21 14:04:38
97,H31.05.02.H31.09.2011.377,HOÀN THÀNH,Checklist: Đã hoàn thành (Tự động Pass),1,false,Tập lưu Chứng chỉ Quy hoạch của Sở Xây dựng tỉnh Hưng Yên năm 2011,2026-09-21 14:04:38
98,H31.05.02.H31.09.2012.378,HOÀN THÀNH,Checklist: Đã hoàn thành (Tự động Pass),1,false,Tập lưu Quyết định của Sở Xây dựng tỉnh Hưng Yên năm 2012 (từ số 01 - 105),2026-09-21 14:04:38
99,H31.05.02.H31.09.2012.379,HOÀN THÀNH,Checklist: Đã hoàn thành (Tự động Pass),1,false,Tập lưu Báo cáo của Sở Xây dựng tỉnh Hưng Yên năm 2012 (từ số 01 - 58),2026-09-21 14:04:38
100,H31.05.02.H31.09.2012.380,HOÀN THÀNH,Checklist: Đã hoàn thành (Tự động Pass),1,false,Tập lưu Báo cáo của Sở Xây dựng tỉnh Hưng Yên năm 2012 (từ số 62 - 104),2026-09-21 14:04:38
101,H31.05.02.H31.09.2012.381,HOÀN THÀNH,Chưa xử lý,-,false,-,2026-09-19 08:02:47
102,H31.05.02.H31.09.2012.382,HOÀN THÀNH,Chưa xử lý,-,false,-,2026-09-19 08:02:53
103,H31.05.02.H31.09.2012.383,HOÀN THÀNH,Chưa xử lý,-,false,-,2026-09-19 08:02:59
104,H31.05.02.H31.09.2012.384,HOÀN THÀNH,Chưa xử lý,-,false,-,2026-09-19 08:03:05
105,H31.05.02.H31.09.2012.385,HOÀN THÀNH,Chưa xử lý,-,false,-,2026-09-19 08:03:11
106,H31.05.02.H31.09.2012.386,HOÀN THÀNH,Chưa xử lý,-,false,-,2026-09-19 08:03:17
107,H31.05.02.H31.09.2012.387,HOÀN THÀNH,"Đạt chuẩn (1 bản duy nhất) (Hồ sơ chuẩn, không có bản trùng thừa)",1,true,Tập lưu Công văn của Sở Xây dựng tỉnh Hưng Yên năm 2012 (từ số 01 - 112),2026-09-21 12:04:20
108,H31.05.02.H31.09.2012.388,HOÀN THÀNH,Chưa xử lý,-,false,-,2026-09-19 08:03:29
109,H31.05.02.H31.09.2012.389,HOÀN THÀNH,Chưa xử lý,-,false,-,2026-09-19 08:03:35
110,H31.05.02.H31.09.2012.390,HOÀN THÀNH,"Đạt chuẩn (1 bản duy nhất) (Hồ sơ chuẩn, không có bản trùng thừa)",1,true,Hồ sơ Tập lưu Công văn của Sở Xây dựng tỉnh Hưng Yên năm 2012 (từ số 348-391),2026-09-21 12:04:23
111,H31.05.02.H31.09.2012.391,HOÀN THÀNH,Chưa xử lý,-,false,-,2026-09-19 08:03:47
112,H31.05.02.H31.09.2012.392,HOÀN THÀNH,Chưa xử lý,-,false,-,2026-09-19 08:03:53
113,H31.05.02.H31.09.2012.393,HOÀN THÀNH,Chưa xử lý,-,false,-,2026-09-19 08:03:59
114,H31.05.02.H31.09.2012.394,HOÀN THÀNH,Chưa xử lý,-,false,-,2026-09-19 08:04:05
115,H31.05.02.H31.09.2012.395,HOÀN THÀNH,Chưa xử lý,-,false,-,2026-09-19 08:04:11
116,H31.05.02.H31.09.2013.396,HOÀN THÀNH,Chưa xử lý,-,false,-,2026-09-19 08:04:17
117,H31.05.02.H31.09.2013.397,HOÀN THÀNH,Chưa xử lý,-,false,-,2026-09-19 08:04:23
118,H31.05.02.H31.09.2013.398,HOÀN THÀNH,Chưa xử lý,-,false,-,2026-09-19 08:04:29
119,H31.05.02.H31.09.2013.399,HOÀN THÀNH,Chưa xử lý,-,false,-,2026-09-19 08:04:34
120,H31.05.02.H31.09.2013.400,HOÀN THÀNH,Chưa xử lý,-,false,-,2026-09-19 08:04:40
121,H31.05.02.H31.09.2013.401,HOÀN THÀNH,"Đạt chuẩn (1 bản duy nhất) (Hồ sơ chuẩn, không có bản trùng thừa)",1,true,Hồ sơ Tập lưu Tờ trình của Sở Xây dựng tỉnh Hưng Yên năm 2013 (từ số 01 - 45),2026-09-21 12:04:26
122,H31.05.02.H31.09.2013.402,HOÀN THÀNH,Chưa xử lý,-,false,-,2026-09-19 08:04:52
123,H31.05.02.H31.09.2013.403,HOÀN THÀNH,Chưa xử lý,-,false,-,2026-09-19 08:04:58
124,H31.05.02.H31.09.2013.404,HOÀN THÀNH,Chưa xử lý,-,false,-,2026-09-19 08:05:04
125,H31.05.02.H31.09.2013.405,HOÀN THÀNH,Chưa xử lý,-,false,-,2026-09-19 08:05:10
126,H31.05.02.H31.09.2013.406,HOÀN THÀNH,Chưa xử lý,-,false,-,2026-09-19 08:05:16
127,H31.05.02.H31.09.2013.407,HOÀN THÀNH,"Đạt chuẩn (1 bản duy nhất) (Hồ sơ chuẩn, không có bản trùng thừa)",1,true,Tập lưu Thông báo của Sở Xây dựng tỉnh Hưng Yên năm 2013 (từ số 200a - 275),2026-09-21 12:04:29
128,H31.05.02.H31.09.2013.408,HOÀN THÀNH,Chưa xử lý,-,false,-,2026-09-19 08:05:28
129,H31.05.02.H31.09.2013.409,HOÀN THÀNH,"Đạt chuẩn (1 bản duy nhất) (Hồ sơ chuẩn, không có bản trùng thừa)",1,true,Hồ sơ Tập lưu Công văn của Sở Xây dựng tỉnh Hưng Yên năm 2013 (từ số 78-177),2026-09-21 12:04:32
130,H31.05.02.H31.09.2013.410,HOÀN THÀNH,Chưa xử lý,-,false,-,2026-09-19 08:05:40
131,H31.05.02.H31.09.2013.411,HOÀN THÀNH,Chưa xử lý,-,false,-,2026-09-19 08:05:46
132,H31.05.02.H31.09.2013.412,HOÀN THÀNH,Chưa xử lý,-,false,-,2026-09-19 08:05:52
133,H31.05.02.H31.09.2013.413,HOÀN THÀNH,Chưa xử lý,-,false,-,2026-09-19 08:05:58
134,H31.05.02.H31.09.2013.414,HOÀN THÀNH,Chưa xử lý,-,false,-,2026-09-19 08:06:04
135,H31.05.02.H31.09.2013.415,HOÀN THÀNH,Chưa xử lý,-,false,-,2026-09-19 08:06:10
136,H31.05.02.H31.09.2013.416,HOÀN THÀNH,Chưa xử lý,-,false,-,2026-09-19 08:06:16
137,H31.05.02.H31.09.2013.417,HOÀN THÀNH,Chưa xử lý,-,false,-,2026-09-19 08:06:22
138,H31.05.02.H31.09.2013.418,HOÀN THÀNH,Chưa xử lý,-,false,-,2026-09-19 08:06:28
139,H31.05.02.H31.09.2013.419,HOÀN THÀNH,Chưa xử lý,-,false,-,2026-09-19 08:06:34
140,H31.05.02.H31.09.2014.420,HOÀN THÀNH,Chưa xử lý,-,false,-,2026-09-19 08:06:40
141,H31.05.02.H31.09.2014.421,HOÀN THÀNH,Chưa xử lý,-,false,-,2026-09-19 08:06:46
142,H31.05.02.H31.09.2014.422,HOÀN THÀNH,Chưa xử lý,-,false,-,2026-09-19 08:06:52
143,H31.05.02.H31.09.2014.423,HOÀN THÀNH,Chưa xử lý,-,false,-,2026-09-19 08:06:58
144,H31.05.02.H31.09.2014.424,HOÀN THÀNH,Chưa xử lý,-,false,-,2026-09-19 08:07:04
145,H31.05.02.H31.09.2014.425,HOÀN THÀNH,Chưa xử lý,-,false,-,2026-09-19 08:07:10
146,H31.05.02.H31.09.2014.426,HOÀN THÀNH,Chưa xử lý,-,false,-,2026-09-19 08:07:16
147,H31.05.02.H31.09.2014.427,HOÀN THÀNH,Chưa xử lý,-,false,-,2026-09-19 08:07:22
148,H31.05.02.H31.09.2014.428,HOÀN THÀNH,Chưa xử lý,-,false,-,2026-09-19 08:07:28
149,H31.05.02.H31.09.2014.429,HOÀN THÀNH,Chưa xử lý,-,false,-,2026-09-19 08:07:34
150,H31.05.02.H31.09.2014.430,HOÀN THÀNH,Chưa xử lý,-,false,-,2026-09-19 08:07:40
151,H31.05.02.H31.09.2014.431,HOÀN THÀNH,Chưa xử lý,-,false,-,2026-09-19 08:07:46
152,H31.05.02.H31.09.2014.432,HOÀN THÀNH,Chưa xử lý,-,false,-,2026-09-19 08:07:52
153,H31.05.02.H31.09.2014.433,HOÀN THÀNH,Chưa xử lý,-,false,-,2026-09-19 08:07:58
154,H31.05.02.H31.09.2014.434,HOÀN THÀNH,Chưa xử lý,-,false,-,2026-09-19 08:08:04
155,H31.05.02.H31.09.2014.435,HOÀN THÀNH,Chưa xử lý,-,false,-,2026-09-19 08:08:10
156,H31.05.02.H31.09.2014.436,HOÀN THÀNH,Chưa xử lý,-,false,-,2026-09-19 08:08:16
157,H31.05.02.H31.09.2014.437,HOÀN THÀNH,Chưa xử lý,-,false,-,2026-09-19 08:08:22
158,H31.05.02.H31.09.2014.438,HOÀN THÀNH,Chưa xử lý,-,false,-,2026-09-19 08:08:28
159,H31.05.02.H31.09.2014.439,HOÀN THÀNH,Chưa xử lý,-,false,-,2026-09-19 08:08:34
160,H31.05.02.H31.09.2014.440,HOÀN THÀNH,Chưa xử lý,-,false,-,2026-09-19 08:08:40
161,H31.05.02.H31.09.2014.441,HOÀN THÀNH,Chưa xử lý,-,false,-,2026-09-19 08:08:46
162,H31.05.02.H31.09.2014.442,HOÀN THÀNH,Chưa xử lý,-,false,-,2026-09-19 08:08:52
163,H31.05.02.H31.09.2015.443,HOÀN THÀNH,Chưa xử lý,-,false,-,2026-09-19 08:08:58
164,H31.05.02.H31.09.2015.444,HOÀN THÀNH,Chưa xử lý,-,false,-,2026-09-19 08:09:04
165,H31.05.02.H31.09.2015.445,HOÀN THÀNH,Chưa xử lý,-,false,-,2026-09-19 08:09:10
166,H31.05.02.H31.09.2015.446,HOÀN THÀNH,"Đạt chuẩn (1 bản duy nhất) (Hồ sơ chuẩn, không có bản trùng thừa)",1,true,Tập lưu Thông báo của Sở Xây dựng tỉnh Hưng Yên năm 2015 (từ số 01-37),2026-09-21 12:04:39
167,H31.05.02.H31.09.2015.447,HOÀN THÀNH,Chưa xử lý,-,false,-,2026-09-19 08:09:22
168,H31.05.02.H31.09.2015.448,HOÀN THÀNH,Chưa xử lý,-,false,-,2026-09-19 08:09:28
169,H31.05.02.H31.09.2015.449,HOÀN THÀNH,Chưa xử lý,-,false,-,2026-09-19 08:09:34
170,H31.05.02.H31.09.2015.450,HOÀN THÀNH,Chưa xử lý,-,false,-,2026-09-19 08:09:40
171,H31.05.02.H31.09.2015.451,HOÀN THÀNH,Chưa xử lý,-,false,-,2026-09-19 08:09:46
172,H31.05.02.H31.09.2015.452,HOÀN THÀNH,Chưa xử lý,-,false,-,2026-09-19 08:09:52
173,H31.05.02.H31.09.2015.453,HOÀN THÀNH,Chưa xử lý,-,false,-,2026-09-19 08:09:58
174,H31.05.02.H31.09.2015.454,HOÀN THÀNH,Chưa xử lý,-,false,-,2026-09-19 08:10:04
175,H31.05.02.H31.09.2015.455,HOÀN THÀNH,Chưa xử lý,-,false,-,2026-09-19 08:10:10
176,H31.05.02.H31.09.2015.456,HOÀN THÀNH,Chưa xử lý,-,false,-,2026-09-19 08:10:16
177,H31.05.02.H31.09.2015.457,HOÀN THÀNH,Chưa xử lý,-,false,-,2026-09-19 08:10:22
178,H31.05.02.H31.09.2017.2178,HOÀN THÀNH,"Đạt chuẩn (1 bản duy nhất) (Hồ sơ chuẩn, không có bản trùng thừa)",1,true,"Phương án thiết kế kiến trúc điều chỉnh, bổ sung các mẫu nhà của dự án khu biệt thự Thủy Nguyên, thuộc phân khu 9-12 khu đô thị thương mại và du lịch Văn Giang (Ecopark).",2026-09-21 11:21:13
179,H31.05.02.H31.09.2017.2177,HOÀN THÀNH,"Đạt chuẩn (1 bản duy nhất) (Hồ sơ chuẩn, không có bản trùng thừa)",1,true,"Phương án thiết kế kiến trúc điều chỉnh một số mẫu Biệt thự của dự án Khu biệt thự Thủy Nguyên thuộc phân khu 9-12 khu đô thị thương mại và du lịch Văn Giàng (Ecopark) tại xã Xuân Quan, huyện Văn Giang",2026-09-21 11:21:16
180,H31.05.02.H31.09.2017.2176,HOÀN THÀNH,"Đạt chuẩn (1 bản duy nhất) (Hồ sơ chuẩn, không có bản trùng thừa)",1,true,"Phương án thiết kế kiến trúc các mẫu nhà thuộc dự án khu Biệt thư và nhà phố vườn Vạn Tuế (Sago Palm Garden) tại xã Phụng Công, huyện Văn Giang",2026-09-21 11:21:18
181,H31.05.02.H31.09.2017.2175,HOÀN THÀNH,"Đạt chuẩn (1 bản duy nhất) (Hồ sơ chuẩn, không có bản trùng thừa)",1,true,"Phương án thiết kế kiến trúc mẫu nhà điển hình của dự án thành phần Khu nhà ở 10 (gđ 1), thuộc Khu đô thị thương mại và du lịch Văn Giang. (Ecopark) tại xã Xuân Quan, huyện Văn Giang",2026-09-21 11:21:20
182,H31.05.02.H31.09.2017.2174,HOÀN THÀNH,"Đạt chuẩn (1 bản duy nhất) (Hồ sơ chuẩn, không có bản trùng thừa)",1,true,Phương án thiết kế kiến trúc mẫu nhà diễn hình của dự án thành phần Khu biệt thự đảo (gđ1) thuộc khu đô thị thương mại và du lịch Văn Giang (Ecopark),2026-09-21 11:21:22
183,H31.05.02.H31.09.2017.2173,HOÀN THÀNH,"Đạt chuẩn (1 bản duy nhất) (Hồ sơ chuẩn, không có bản trùng thừa)",1,true,"Phương án thiết kế kiến trúc bổ sung các mẫu nhà của dự án thành phần Khu biệt thự đảo (gđ 1) thuộc khu đô thị thương mại và du lịch Văn Giang (Ecopark) tại xã Xuân Quan, huyện Văn Giang",2026-09-21 11:21:24
184,H31.05.02.H31.09.2016.2080,HOÀN THÀNH,"Đạt chuẩn (1 bản duy nhất) (Hồ sơ chuẩn, không có bản trùng thừa)",1,true,Hồ sơ quyết toán công trình tòa nhà hỗn hợp cao tầng và khu nhà ở đế bán của công ty cổ phần đầu tư đô thị Phúc Thành tại thị trấn Bần Yên Nhân - Mỹ Hào năm 2016.,2026-09-21 11:21:26
185,H31.05.02.H31.09.2016.2079,HOÀN THÀNH,"Đạt chuẩn (1 bản duy nhất) (Hồ sơ chuẩn, không có bản trùng thừa)",1,true,"Về việc cho ý kiến thẩm định dự án của các doanh nghiệp trên địa bàn xã Cung Hưng, huyện Yên Mỹ",2026-09-21 11:21:29
186,H31.05.02.H31.09.2016.2078,HOÀN THÀNH,"Đạt chuẩn (1 bản duy nhất) (Hồ sơ chuẩn, không có bản trùng thừa)",1,true,"Về việc cho ý kiến thẩm định dự án của các doanh nghiệp trên địa bàn xã Trung Hòa, huyện Yên Mỹ.",2026-09-21 11:21:31
187,H31.05.02.H31.09.2016.2077,HOÀN THÀNH,"Đạt chuẩn (1 bản duy nhất) (Hồ sơ chuẩn, không có bản trùng thừa)",1,true,"Về việc cho ý kiến thẩm định dự án của các doanh nghiệp trên địa bàn xã Thanh Long, huyện Yên Mỹ",2026-09-21 11:21:33
188,H31.05.02.H31.09.2016.2076,HOÀN THÀNH,"Đạt chuẩn (1 bản duy nhất) (Hồ sơ chuẩn, không có bản trùng thừa)",1,true,"Về việc cho ý kiến thẩm định dự án của các doanh nghiệp trên địa bàn xã Tân Lập, huyện Yên Mỹ",2026-09-21 11:21:35
189,H31.05.02.H31.09.2016.2064,HOÀN THÀNH,"Đạt chuẩn (1 bản duy nhất) (Hồ sơ chuẩn, không có bản trùng thừa)",1,true,"Về việc cho ý kiến thẩm định dự án của các doanh nghiệp trên địa bàn xã Đình Dù và xã Trưng Trắc, huyện Văn Lâm",2026-09-21 11:21:37
190,H31.05.02.H31.09.2016.2063,HOÀN THÀNH,"Đạt chuẩn (1 bản duy nhất) (Hồ sơ chuẩn, không có bản trùng thừa)",1,true,"Về việc cho ý kiến thẩm định dự án của các doanh nghiệp trên địa bàn xã Chỉ Đạo, huyện Văn Lâm (tập 2)",2026-09-21 11:21:39
191,H31.05.02.H31.09.2016.2062,HOÀN THÀNH,"Đạt chuẩn (1 bản duy nhất) (Hồ sơ chuẩn, không có bản trùng thừa)",1,true,"Về việc cho ý kiến thẩm định dự án của các doanh nghiệp trên địa bàn xã Chỉ Đạo, huyện Văn Lâm (tập 1)",2026-09-21 11:21:42
192,H31.05.02.H31.09.2016.2061,HOÀN THÀNH,"Đạt chuẩn (1 bản duy nhất) (Hồ sơ chuẩn, không có bản trùng thừa)",1,true,Về việc cho ý kiến thẩm định dự án của các doanh nghiệp trên địa bàn thị trấn Như Quỳnh huyện Văn Lâm,2026-09-21 11:21:44
193,H31.05.02.H31.09.2016.2060,HOÀN THÀNH,"Đạt chuẩn (1 bản duy nhất) (Hồ sơ chuẩn, không có bản trùng thừa)",1,true,"Về việc cho ý kiến thẩm định dự án của các doanh nghiệp trên địa bàn huyện Văn Lâm, tỉnh Hưng Yên.",2026-09-21 11:21:46
194,H31.05.02.H31.09.2016.2059,HOÀN THÀNH,"Đạt chuẩn (1 bản duy nhất) (Hồ sơ chuẩn, không có bản trùng thừa)",1,true,"Về việc cho ý kiến thẩm định dự án của các doanh nghiệp trên địa bàn xã Tân Tiến, huyện Văn Giang.",2026-09-21 11:21:48
195,H31.05.02.H31.09.2016.2058,HOÀN THÀNH,"Đạt chuẩn (1 bản duy nhất) (Hồ sơ chuẩn, không có bản trùng thừa)",1,true,"Về việc cho ý kiến thẩm định dự án của các doanh nghiệp trên địa bàn xã Nghĩa Trụ, huyện Văn Giang.",2026-09-21 11:21:50
196,H31.05.02.H31.09.2016.2057,HOÀN THÀNH,"Đạt chuẩn (1 bản duy nhất) (Hồ sơ chuẩn, không có bản trùng thừa)",1,true,"Về việc cho ý kiến thẩm định dự án của các doanh nghiệp trên địa bàn xã Long Hưng, huyện Văn Giang",2026-09-21 11:21:52
197,H31.05.02.H31.09.2016.2056,HOÀN THÀNH,"Đạt chuẩn (1 bản duy nhất) (Hồ sơ chuẩn, không có bản trùng thừa)",1,true,"Về việc cho ý kiến thẩm định dự án của các doanh nghiệp trên địa bàn thị trấn Văn Giang, huyện Văn Giang",2026-09-21 11:21:54
198,H31.05.02.H31.09.2016.2055,HOÀN THÀNH,"Đạt chuẩn (1 bản duy nhất) (Hồ sơ chuẩn, không có bản trùng thừa)",1,true,Về việc cho ý kiến thẩm định dự án của các doanh nghiệp trên địa bàn huyện Văn Giang,2026-09-21 11:21:56
199,H31.05.02.H31.09.2016.2054,HOÀN THÀNH,"Đạt chuẩn (1 bản duy nhất) (Hồ sơ chuẩn, không có bản trùng thừa)",1,true,"Tham gia ý kiến cho dự án đầu tư của Công ty Cổ phần tập đoàn đầu tư xây dựng DĐK để xây dựng trung tâm thương mại, kinh doanh hàng hóa và các loại hình dịch vụ tại xã Nhật Tân, huyện Tiên Lữ",2026-09-21 11:21:59
200,H31.05.02.H31.09.2016.2052,HOÀN THÀNH,"Đạt chuẩn (1 bản duy nhất) (Hồ sơ chuẩn, không có bản trùng thừa)",1,true,Về việc cho ý kiến thẩm định dự án của các doanh nghiệp trên địa bàn huyện Phù Cừ,2026-09-21 11:22:01
201,H31.05.02.H31.09.2016.2051,HOÀN THÀNH,"Đạt chuẩn (1 bản duy nhất) (Hồ sơ chuẩn, không có bản trùng thừa)",1,true,"Về việc cho ý kiến thẩm định dự án của các doanh nghiệp trên địa bàn xã Phùng Chí Kiên, huyện Mỹ Hào",2026-09-21 11:22:03
202,H31.05.02.H31.09.2016.2050,HOÀN THÀNH,"Đạt chuẩn (1 bản duy nhất) (Hồ sơ chuẩn, không có bản trùng thừa)",1,true,"Về việc cho ý kiến thẩm định dự án của các doanh nghiệp trên địa bàn xã Nhân Hòa, huyện Mỹ Hào",2026-09-21 12:04:46
203,H31.05.02.H31.09.2016.2049,HOÀN THÀNH,"Đạt chuẩn (1 bản duy nhất) (Hồ sơ chuẩn, không có bản trùng thừa)",1,true,"Về việc cho ý kiến thẩm định dự án của các doanh nghiệp địa bàn xã Dị Sử, huyện Mỹ Hào (tập 2)",2026-09-21 11:22:07
204,H31.05.02.H31.09.2016.2045,HOÀN THÀNH,"Đạt chuẩn (1 bản duy nhất) (Hồ sơ chuẩn, không có bản trùng thừa)",1,true,"Về việc cho ý kiến thẩm định dự án của các doanh nghiệp trên địa bàn thị trấn Bần Yên Nhân, huyện Mỹ Hào (tập 1)",2026-09-21 11:22:09
205,H31.05.02.H31.09.2016.2044,HOÀN THÀNH,"Đạt chuẩn (1 bản duy nhất) (Hồ sơ chuẩn, không có bản trùng thừa)",1,true,Về việc cho ý kiến thẩm định dự án của các doanh nghiệp trên địa bàn huyện Mỹ Hào,2026-09-21 11:22:11
206,H31.05.02.H31.09.2016.2035,HOÀN THÀNH,"Đạt chuẩn (1 bản duy nhất) (Hồ sơ chuẩn, không có bản trùng thừa)",1,true,Về việc cho ý kiến thẩm định dự án của các doanh nghiệp trên địa bàn thành phố Hưng Yên,2026-09-21 11:22:13
207,H31.05.02.H31.09.2016.2034,HOÀN THÀNH,"Đạt chuẩn (1 bản duy nhất) (Hồ sơ chuẩn, không có bản trùng thừa)",1,true,Về việc cho ý kiến thẩm định dự án của các doanh nghiệp trên địa bàn huyện Ân Thi,2026-09-21 11:22:16
208,H31.05.02.H31.09.2016.2027,HOÀN THÀNH,"Đạt chuẩn (1 bản duy nhất) (Hồ sơ chuẩn, không có bản trùng thừa)",1,true,"Phương án kiến trúc công trình: Nhà làm việc Huyện uỷ Văn Lâm tại thị trấn Như Quỳnh, huyện Văn Lâm",2026-09-21 11:22:18
209,H31.05.02.H31.09.2016.2026,HOÀN THÀNH,"Đạt chuẩn (1 bản duy nhất) (Hồ sơ chuẩn, không có bản trùng thừa)",1,true,Phương án thiết kế kiến trúc bổ sung các mẫu nhà của dự án thành phần khu nhà phố Thủy Nguyên thuộc phân khu 9-12 Khu đô thị thương mại và du lịch Văn Giang,2026-09-21 11:22:20
210,H31.05.02.H31.09.2016.2025,HOÀN THÀNH,"Đạt chuẩn (1 bản duy nhất) (Hồ sơ chuẩn, không có bản trùng thừa)",1,true,"Phương ánh thiết kế kiến trúc điều chỉnh các mẫu nhà của Dự án thành phần Khu biệt thự Thủy Nguyên, thuộc phân khu 9-12 Khu đô thị thương mại và du lịch Văn Giang, huyện Văn Giang",2026-09-21 11:22:22
211,H31.05.02.H31.09.2016.2024,HOÀN THÀNH,"Đạt chuẩn (1 bản duy nhất) (Hồ sơ chuẩn, không có bản trùng thừa)",1,true,"Thiết kế cơ sở phần kiến trúc dự án Khu biệt thự Thủy Nguyên (giai đoạn 2) huyện Văn Giang, tỉnh Hưng Yên",2026-09-21 11:22:24
212,H31.05.02.H31.09.2016.2008,HOÀN THÀNH,"Đạt chuẩn (1 bản duy nhất) (Hồ sơ chuẩn, không có bản trùng thừa)",1,true,"Phương án kiến trúc hạng mục nhà ở thấp tầng + nhà 9 tầng Dự án 1 khu hỗn hợp văn phòng thương mại và nhà ở; Dự án 2: Khu nhà ở thương mại và đô thị tại thị trấn Bần Yên Nhân, huyện Mỹ Hào",2026-09-21 11:22:26
213,H31.05.02.H31.09.2016.2007,HOÀN THÀNH,"Đạt chuẩn (1 bản duy nhất) (Hồ sơ chuẩn, không có bản trùng thừa)",1,true,"Phương án kiến trúc toàn nhà hỗ hợp cao tầng và khu nhà ở để bán tại thị trấn Bần Yên Nhân, huyện Mỹ Hào",2026-09-21 11:22:28
214,H31.05.02.H31.09.2015.1936,HOÀN THÀNH,"Đạt chuẩn (1 bản duy nhất) (Hồ sơ chuẩn, không có bản trùng thừa)",1,true,"Phương án kiến trúc công trình: Cải tạo sửa chữa nghĩa trang liệt sĩ xã Tân Việt tại xã Tân Việt, huyện Yên Mỹ",2026-09-21 11:22:31
215,H31.05.02.H31.09.2015.1935,HOÀN THÀNH,"Đạt chuẩn (1 bản duy nhất) (Hồ sơ chuẩn, không có bản trùng thừa)",1,true,"Phương án kiến trúc công trình: Trang trí cảnh quan khu trung tâm huyện Yên Mỹ tại huyện Yên Mỹ, tỉnh Hưng Yên",2026-09-21 11:22:33
216,H31.05.02.H31.09.2015.1934,HOÀN THÀNH,"Đạt chuẩn (1 bản duy nhất) (Hồ sơ chuẩn, không có bản trùng thừa)",1,true,Phương án kiến trúc công trình trụ sở làm Bảo hiểm xã hội huyện Yên Mỹ,2026-09-21 11:22:35
217,H31.05.02.H31.09.2015.1933,HOÀN THÀNH,"Đạt chuẩn (1 bản duy nhất) (Hồ sơ chuẩn, không có bản trùng thừa)",1,true,"Dự án chợ và HTKT khu nhà ở thương mại Như Quỳnh. Hạng mục nhà chia lô tại thị trấn Như Quỳnh, huyện Văn Lâm",2026-09-21 11:22:37
218,H31.05.02.H31.09.2015.1932,HOÀN THÀNH,"Đạt chuẩn (1 bản duy nhất) (Hồ sơ chuẩn, không có bản trùng thừa)",1,true,"Phương án kiến trúc khu nhà ở Bắc Việt. tại thị trấn Như Quỳnh, huyện Văn Lâm",2026-09-21 11:22:39
219,H31.05.02.H31.09.2016.1929,HOÀN THÀNH,"Đạt chuẩn (1 bản duy nhất) (Hồ sơ chuẩn, không có bản trùng thừa)",1,true,"Phương án kiến trúc khu đô thị thương mại du lịch Văn Giang Ecopark. Tổ hợp chung cư cao tầng dake View tại thị trấn Văn Giang, huyện Văn Giang",2026-09-21 12:04:51
220,H31.05.02.H31.09.2015.1930,HOÀN THÀNH,"Đạt chuẩn (1 bản duy nhất) (Hồ sơ chuẩn, không có bản trùng thừa)",1,true,"Phương án kiến trúc công trình & khu nhà ở cao tầng Lake View thuộc phân khu 9-12 khu đô thị thương mại và du lịch Văn Giang, huyện Văn Giang",2026-09-21 11:22:43
221,H31.05.02.H31.09.2015.1916,HOÀN THÀNH,"Đạt chuẩn (1 bản duy nhất) (Hồ sơ chuẩn, không có bản trùng thừa)",1,true,Phương án kiến trúc Công trình: Trụ sở làm việc Huyện uỷ Khoái Châu năm 2015,2026-09-21 11:22:46
222,H31.05.02.H31.09.2015.1915,HOÀN THÀNH,"Đạt chuẩn (1 bản duy nhất) (Hồ sơ chuẩn, không có bản trùng thừa)",1,true,"Bản vẽ phương án kiến trúc dự án xây dựng chợ Phố Hiến Công trình: Nhà chợ 2 tầng CP1 và CP2 tại phường Lê Lợi, TP. Hưng Yên năm 2015.",2026-09-21 11:22:48
223,H31.05.02.H31.09.2015.1914,HOÀN THÀNH,"Đạt chuẩn (1 bản duy nhất) (Hồ sơ chuẩn, không có bản trùng thừa)",1,true,"Phương án kiến trúc điều chỉnh Dự án: Đầu tư xây dựng chợ Phố Hiến, Công trình: Nhà chia lô khu D tại đường Điện Biên, phường Lê Lợi, TP. Hưng Yên năm 2015.",2026-09-21 11:22:50
224,H31.05.02.H31.09.2015.1913,HOÀN THÀNH,"Đạt chuẩn (1 bản duy nhất) (Hồ sơ chuẩn, không có bản trùng thừa)",1,true,"Phương án kiến trúc xây dựng chợ Phố Hiến (Chợ chính, TTTM 7 tầng) tại đường Điện Biên, phường Lê Lợi, TP Hưng Yên năm 2015.",2026-09-21 11:22:52
225,H31.05.02.H31.09.2010-2015.1912,HOÀN THÀNH,"Đạt chuẩn (1 bản duy nhất) (Hồ sơ chuẩn, không có bản trùng thừa)",1,true,"Về phương án kiến trúc Công trình: Nhà ở Tân Phố Hiến tại phường Lam Sơn, TP. Hưng Yên năm 2015",2026-09-21 11:22:54
226,H31.05.02.H31.09.2014.1900,HOÀN THÀNH,"Đạt chuẩn (1 bản duy nhất) (Hồ sơ chuẩn, không có bản trùng thừa)",1,true,"Về việc cho ý kiến tham gia cho dự án đầu tư của công ty TNHH UMG Việt Nam trên địa bàn xã Trưng Trắc, huyện Văn Lâm",2026-09-21 11:22:56
227,H31.05.02.H31.09.2014.1899,HOÀN THÀNH,"Đạt chuẩn (1 bản duy nhất) (Hồ sơ chuẩn, không có bản trùng thừa)",1,true,"Về việc cho ý kiến thẩm định dự án đầu tư của công ty TNHH Phương Anh trên địa bàn thị trấn Như Quỳnh, huyện Văn Lâm",2026-09-21 11:22:58
228,H31.05.02.H31.09.2014.1898,HOÀN THÀNH,"Đạt chuẩn (1 bản duy nhất) (Hồ sơ chuẩn, không có bản trùng thừa)",1,true,"Về việc cho ý kiến thẩm định dự án của các doanh nghiệp trên địa bàn huyện Văn Lâm, tỉnh Hưng Yên",2026-09-21 11:23:01
229,H31.05.02.H31.09.2014.1897,HOÀN THÀNH,"Đạt chuẩn (1 bản duy nhất) (Hồ sơ chuẩn, không có bản trùng thừa)",1,true,Về việc cho ý kiến thẩm định dự án của các doanh nghiệp trên địa bàn huyện Văn Giang,2026-09-21 11:23:03
230,H31.05.02.H31.09.2014.1896,HOÀN THÀNH,"Đạt chuẩn (1 bản duy nhất) (Hồ sơ chuẩn, không có bản trùng thừa)",1,true,Về việc cho ý kiến thẩm định dự án của các doanh nghiệp trên địa bàn huyện Tiên Lữ,2026-09-21 11:23:05
231,H31.05.02.H31.09.2014.1895,HOÀN THÀNH,"Đạt chuẩn (1 bản duy nhất) (Hồ sơ chuẩn, không có bản trùng thừa)",1,true,Về việc cho ý kiến thẩm định dự án của các doanh nghiệp trên địa bàn huyện Phù Cừ,2026-09-21 11:23:07
232,H31.05.02.H31.09.2014.1894,HOÀN THÀNH,"Đạt chuẩn (1 bản duy nhất) (Hồ sơ chuẩn, không có bản trùng thừa)",1,true,Về việc cho ý kiến thẩm định dự án của các doanh nghiệp trên địa làn huyện Mỹ Hào,2026-09-21 11:23:09
233,H31.05.02.H31.09.2014.1893,HOÀN THÀNH,"Đạt chuẩn (1 bản duy nhất) (Hồ sơ chuẩn, không có bản trùng thừa)",1,true,Về việc cho ý kiến thẩm định dự án của các doanh nghiệp trên địa bàn thành phố Hưng Yên,2026-09-21 11:23:11
234,H31.05.02.H31.09.2014.1892,HOÀN THÀNH,"Đạt chuẩn (1 bản duy nhất) (Hồ sơ chuẩn, không có bản trùng thừa)",1,true,"Về việc tham gia ý kiến dự án đầu tư nhà máy may mặc và nhà trẻ mầm non Trường Phúc tại xã Quang Vinh, huyện Ân Thi",2026-09-21 11:23:13
235,H31.05.02.H31.09.2013.1850,HOÀN THÀNH,"Đạt chuẩn (1 bản duy nhất) (Hồ sơ chuẩn, không có bản trùng thừa)",1,true,Dự toán chi phí thiết kế quy hoạch đồ án quy hoạch chung xây dựng dọc tuyến đường bộ nối 2 đường cao tốc HN - HP và Cầu Giê - Ninh Bình,2026-09-21 11:23:16
236,H31.05.02.H31.09.2013.1849,HOÀN THÀNH,"Đạt chuẩn (1 bản duy nhất) (Hồ sơ chuẩn, không có bản trùng thừa)",1,true,"Về việc cho ý kiến thẩm định dự án của các doanh nghiệp trên địa bàn xã Minh Châu, huyện Yên Mỹ",2026-09-21 11:23:18
237,H31.05.02.H31.09.2013.1848,HOÀN THÀNH,"Đạt chuẩn (1 bản duy nhất) (Hồ sơ chuẩn, không có bản trùng thừa)",1,true,"Về việc cho ý kiến thẩm định dự án của các doanh nghiệp trên địa bàn xã Giai Phạm, huyện Yên Mỹ.",2026-09-21 11:23:20
238,H31.05.02.H31.09.2013.1847,HOÀN THÀNH,"Đạt chuẩn (1 bản duy nhất) (Hồ sơ chuẩn, không có bản trùng thừa)",1,true,"Về việc cho ý kiến thẩm định dự án của các doanh nghiệp trên địa bàn huyện Văn Lâm, tỉnh Hưng Yên.",2026-09-21 11:23:22
239,H31.05.02.H31.09.2013.1846,HOÀN THÀNH,"Đạt chuẩn (1 bản duy nhất) (Hồ sơ chuẩn, không có bản trùng thừa)",1,true,Về việc cho ý kiến thẩm định dự án đầu tư của Công ty TNHH giáo dục Y khoa Nhật Bản (Việt Nam).,2026-09-21 11:23:24
240,H31.05.02.H31.09.2013.1845,HOÀN THÀNH,"Đạt chuẩn (1 bản duy nhất) (Hồ sơ chuẩn, không có bản trùng thừa)",1,true,Về việc cho ý kiến thẩm định dự án của các doanh nghiệp trên địa bàn huyện Mỹ Hào,2026-09-21 11:23:26
241,H31.05.02.H31.09.2013.1844,HOÀN THÀNH,"Đạt chuẩn (1 bản duy nhất) (Hồ sơ chuẩn, không có bản trùng thừa)",1,true,Về việc cho ý kiến thẩm định dự án của các doanh nghiệp trên địa bàn huyện Kim Động,2026-09-21 11:23:28
242,H31.05.02.H31.09.2013.1843,HOÀN THÀNH,"Đạt chuẩn (1 bản duy nhất) (Hồ sơ chuẩn, không có bản trùng thừa)",1,true,"Về việc cho ý kiến thẩm định dự án của các doanh nghiệp trên địa bàn huyện khoái Châu, tỉnh Hưng Yên",2026-09-21 11:23:31
243,H31.05.02.H31.09.2013.1842,HOÀN THÀNH,"Đạt chuẩn (1 bản duy nhất) (Hồ sơ chuẩn, không có bản trùng thừa)",1,true,Về việc cho ý kiến thẩm định dự án của các doanh nghiệp trên địa làn thành phố Hưng Yên,2026-09-21 11:23:33
244,H31.05.02.H31.09.2012.1814,HOÀN THÀNH,"Đạt chuẩn (1 bản duy nhất) (Hồ sơ chuẩn, không có bản trùng thừa)",1,true,"Thuyết minh quy hoạch chung xây dựng huyện Văn Giang, tính Hưng Yên đến năm 2020, tầm nhìn đến năm 2030",2026-09-21 11:23:35
245,H31.05.02.H31.09.2012.1813,HOÀN THÀNH,"Đạt chuẩn (1 bản duy nhất) (Hồ sơ chuẩn, không có bản trùng thừa)",1,true,"Về việc đề nghị tham gia ý kiến thẩm định dự án khai quật khảo cổ học đô thị cổ Phố Hiến, thành phố Hưng Yên",2026-09-21 11:23:37
246,H31.05.02.H31.09.2012.1812,HOÀN THÀNH,"Đạt chuẩn (1 bản duy nhất) (Hồ sơ chuẩn, không có bản trùng thừa)",1,true,"Về việc bổ sung một số hạng mục tu sửa nhà lưu niệm Bác Hồ tại thành phố Hưng Yên, tỉnh Hưng Yên",2026-09-21 11:23:39
247,H31.05.02.H31.09.2012.1811,HOÀN THÀNH,"Đạt chuẩn (1 bản duy nhất) (Hồ sơ chuẩn, không có bản trùng thừa)",1,true,"Tham gia ý kiến quy hoạch chung xây dựng huyện Mỹ Hào, tỉnh Hưng Yên đến năm 2020 định hướng đến năm 2030",2026-09-21 11:23:41
248,H31.05.02.H31.09.2012.1810,HOÀN THÀNH,"Đạt chuẩn (1 bản duy nhất) (Hồ sơ chuẩn, không có bản trùng thừa)",1,true,"Về việc cho ý kiến thẩm định dự án của các doanh nghiệp trên địa bàn xã Yên Phú, huyện Yên Mỹ",2026-09-21 11:23:43
249,H31.05.02.H31.09.2012.1809,HOÀN THÀNH,"Đạt chuẩn (1 bản duy nhất) (Hồ sơ chuẩn, không có bản trùng thừa)",1,true,"Về việc cho ý kiến thẩm định dự án của các doanh nghiệp trên địa bàn xã Trung Hòa, huyện Yên Mỹ",2026-09-21 11:23:46
250,H31.05.02.H31.09.2012.1803,HOÀN THÀNH,"Đạt chuẩn (1 bản duy nhất) (Hồ sơ chuẩn, không có bản trùng thừa)",1,true,Về việc cho ý kiến thẩm định dự án của các doanh nghiệp trên địa bàn huyện Phù Cừ,2026-09-21 11:23:48
251,H31.05.02.H31.09.2012.1802,HOÀN THÀNH,"Đạt chuẩn (1 bản duy nhất) (Hồ sơ chuẩn, không có bản trùng thừa)",1,true,Về việc cho ý kiến thẩm định dự án đầu tư của Công ty TNHH VSTATUS,2026-09-21 11:23:50
252,H31.05.02.H31.09.2013.1772,HOÀN THÀNH,"Đạt chuẩn (1 bản duy nhất) (Hồ sơ chuẩn, không có bản trùng thừa)",1,true,"Phương án kiến trúc công trình trụ sở làm việc Thành ủy, Ủy ban Mặt trận Tổ quốc và các đoàn thể thành phố Hưng Yên",2026-09-21 11:23:52
253,H31.05.02.H31.09.2012.1777,HOÀN THÀNH,"Đạt chuẩn (1 bản duy nhất) (Hồ sơ chuẩn, không có bản trùng thừa)",1,true,"Phương án kiến trúc công trình: Trường mầm non số 5 Hưng Yên tại phường Quang Trung, thành phố Hưng Yên",2026-09-21 11:23:54
254,H31.05.02.H31.09.2012.1776,HOÀN THÀNH,"Đạt chuẩn (1 bản duy nhất) (Hồ sơ chuẩn, không có bản trùng thừa)",1,true,Phương án kiến trúc công trình: trụ sở làm việc chi nhánh ngân hàng chính sách xã hội tỉnh Hưng Yên,2026-09-21 11:23:56
255,H31.05.02.H31.09.2012.1775,HOÀN THÀNH,"Đạt chuẩn (1 bản duy nhất) (Hồ sơ chuẩn, không có bản trùng thừa)",1,true,"Phương án kiến trúc công trình: trung tâm dạy nghề và hỗ trợ nông dân - hội nông dân tỉnh Hưng Yên tại phường Hiến Nam, thành phố Hưng Yên",2026-09-21 11:23:58
256,H31.05.02.H31.09.2012.1774,HOÀN THÀNH,"Đạt chuẩn (1 bản duy nhất) (Hồ sơ chuẩn, không có bản trùng thừa)",1,true,"Về phương án kiến trúc công trình Trường trung cấp nghề giao thông vận tải Hưng Yên, hạng mục: Nhà lớp học tại phường An Tảo - thành phố Hưng Yên",2026-09-21 11:24:01
257,H31.05.02.H31.09.2012.1773,HOÀN THÀNH,"Đạt chuẩn (1 bản duy nhất) (Hồ sơ chuẩn, không có bản trùng thừa)",1,true,"Về phương án kiến trúc CT: nhà hiệu bộ, hội trường, nhà học, kí túc xá và nhà ăn sinh viên - Trung tâm dạy nghề DETEC NSK tại phường Hồng Châu, thành phố Hưng Yên",2026-09-21 11:24:03
258,H31.05.02.H31.09.2012.1771,HOÀN THÀNH,"Đạt chuẩn (1 bản duy nhất) (Hồ sơ chuẩn, không có bản trùng thừa)",1,true,"Về công trình trụ sở làm việc HĐND - UBND thành phố Hưng Yên tại phường Hiến Nam, thành phố Hưng Yên",2026-09-21 11:24:07
259,H31.05.02.H31.09.2012.1770,HOÀN THÀNH,"Đạt chuẩn (1 bản duy nhất) (Hồ sơ chuẩn, không có bản trùng thừa)",1,true,"Về phương án kiến trúc công trình: nhà tập đa năng - trường THPT Ân Thi tại thị trấn Ân thi, huyện Ân Thi",2026-09-21 11:24:12
260,H31.05.02.H31.09.2012.1769,HOÀN THÀNH,"Đạt chuẩn (1 bản duy nhất) (Hồ sơ chuẩn, không có bản trùng thừa)",1,true,Quy hoạch tổng thể mặt bằng và phương án kiến trúc công trình bảo tàng tỉnh Hưng Yên,2026-09-21 11:24:17
261,H31.05.02.H31.09.2012.1768,HOÀN THÀNH,"Đạt chuẩn (1 bản duy nhất) (Hồ sơ chuẩn, không có bản trùng thừa)",1,true,Quy hoạch công trình xây dựng tỷ lệ 1.500 không gian kiến trúc Tượng đài Tổng Bí thư Nguyễn Văn Linh,2026-09-21 11:24:22
262,H31.05.02.H31.09.2012.1767,HOÀN THÀNH,"Đạt chuẩn (1 bản duy nhất) (Hồ sơ chuẩn, không có bản trùng thừa)",1,true,"Về phương án kiến trúc công trình: Nhà bia tưởng niệm liệt sỹ tỉnh Hải Dương và Hưng Yên tại Nghĩa trang Quốc gia Trường Sơn, tính Quảng Trị",2026-09-21 11:24:27
263,H31.05.02.H31.09.2012.1766,HOÀN THÀNH,"Đạt chuẩn (1 bản duy nhất) (Hồ sơ chuẩn, không có bản trùng thừa)",1,true,"Về phương án kiến trúc công trình nhà làm việc liên lơ quan thuộc sở Nông nghiệp và phát triển nông thôn Hưng Yên tại phường Hiến Nam, thành phố Hưng Yên",2026-09-21 11:24:32
264,H31.05.02.H31.09.2012.1765R,HOÀN THÀNH,"Đạt chuẩn (1 bản duy nhất) (Hồ sơ chuẩn, không có bản trùng thừa)",1,true,"Lựa chọn nhà đầu tư thực hiện dự án xây dựng khu đô thị trên địa bàn xã Long Hưng, huyện Văn Giang năm 2012",2026-09-21 11:24:37
265,H31.05.02.H31.09.2012.1765Q,HOÀN THÀNH,"Đạt chuẩn (1 bản duy nhất) (Hồ sơ chuẩn, không có bản trùng thừa)",1,true,"Lựa chọn nhà đầu tư thực hiện dự án khu đô thị sinh thái Laico tại xã Bình Minh, huyện Khoái Châu năm 2012.",2026-09-21 11:24:42
266,H31.05.02.H31.09.2011.1763,HOÀN THÀNH,"Đạt chuẩn (1 bản duy nhất) (Hồ sơ chuẩn, không có bản trùng thừa)",1,true,"Thuyết minh quy hoạch chi tiết 11500 khu liên hợp thể dục thể thao tỉnh Hưng Yên tại phường Hiến Nam và xã Liên Phương, thành phố Hưng Yên.",2026-09-21 11:24:47
267,H31.05.02.H31.09.2011.1762,HOÀN THÀNH,"Đạt chuẩn (1 bản duy nhất) (Hồ sơ chuẩn, không có bản trùng thừa)",1,true,Định giá tài sản của các doanh nghiệp trên địa bàn tính tưng Yên.,2026-09-21 11:24:52
268,H31.05.02.H31.09.2011.1761,HOÀN THÀNH,"Đạt chuẩn (1 bản duy nhất) (Hồ sơ chuẩn, không có bản trùng thừa)",1,true,"Về việc cho ý kiến thẩm định dự án của các doanh nghiệp trên địa bàn huyện Văn Lâm, tỉnh Hưng Yên",2026-09-21 11:24:57
269,H31.05.02.H31.09.2011.1760H,HOÀN THÀNH,"Đạt chuẩn (1 bản duy nhất) (Hồ sơ chuẩn, không có bản trùng thừa)",1,true,"Lựa chọn nhà đầu tư khu biệt thự sinh thái và nhà ở liền kề trên địa bàn phường Hồng châu, thành phố Hưng Yên năm 2011.",2026-09-21 11:25:02
270,H31.05.02.H31.09.2011.1760G,HOÀN THÀNH,"Đạt chuẩn (1 bản duy nhất) (Hồ sơ chuẩn, không có bản trùng thừa)",1,true,"Chấp thuận Nhà đầu tư thực hiện dự án Khu nhà ở và dịch vụ đô thị, công nghiệp Như Quỳnh, huyện Văn Lâm năm 2011",2026-09-21 11:25:07
271,H31.05.02.H31.09.2011.1734,HOÀN THÀNH,"Đạt chuẩn (1 bản duy nhất) (Hồ sơ chuẩn, không có bản trùng thừa)",1,true,Thiết kế cơ sở dự án khu nhà ở thương mại và dịch vụ. Hạng mục khu liền kề -  TT tại phường Hiến Nam,2026-09-21 11:25:12
272,H31.05.02.H31.09.2011.1733,HOÀN THÀNH,"Đạt chuẩn (1 bản duy nhất) (Hồ sơ chuẩn, không có bản trùng thừa)",1,true,"Phương án kiến trúc Trụ sở làm việc Đảng uỷ - HĐND - UBND xã Hồ Tùng Mậu, huyện Ân Thi năm 2011",2026-09-21 11:25:17
273,H31.05.02.H31.09.2011.1732,HOÀN THÀNH,"Đạt chuẩn (1 bản duy nhất) (Hồ sơ chuẩn, không có bản trùng thừa)",1,true,"Phương án kiến trúc Trụ sở làm việc Đảng ủy - HĐND - UBND xã Tiền Phong, huyện Ân Thi năm 2011",2026-09-21 11:25:22
274,H31.05.02.H31.09.2011.1731,HOÀN THÀNH,"Đạt chuẩn (1 bản duy nhất) (Hồ sơ chuẩn, không có bản trùng thừa)",1,true,"Phương án kiến trúc Trụ sở làm việc Đảng ủy - HĐND - UBND xã Quang Vinh, huyện Ân Thi năm 2011",2026-09-21 11:25:27
275,H31.05.02.H31.09.2011.1730,HOÀN THÀNH,"Đạt chuẩn (1 bản duy nhất) (Hồ sơ chuẩn, không có bản trùng thừa)",1,true,"Phương án kiến trúc Trụ sở làm việc Đảng ủy - HĐND - UBND xã Hoàng Hoa Thám, huyện Ân Thi năm 2011",2026-09-21 11:25:32
276,H31.05.02.H31.09.2011.1729,HOÀN THÀNH,"Đạt chuẩn (1 bản duy nhất) (Hồ sơ chuẩn, không có bản trùng thừa)",1,true,"Phương án kiến trúc trụ sở làm việc Đảng ủy - HĐND - UBND xã Đặng Lễ, huyện Ân Thi năm 2011",2026-09-21 12:05:01
277,H31.05.02.H31.09.2011.1728,HOÀN THÀNH,"Đạt chuẩn (1 bản duy nhất) (Hồ sơ chuẩn, không có bản trùng thừa)",1,true,"Phương án kiến trúc trụ sở làm việc Đảng uỷ - HĐND - UBND xã Hồng Vân, huyện Ân Thi năm 2011",2026-09-21 11:25:42
278,H31.05.02.H31.09.2011.1727,HOÀN THÀNH,"Đạt chuẩn (1 bản duy nhất) (Hồ sơ chuẩn, không có bản trùng thừa)",1,true,"Phương án kiến trúc Trường THCS Phạm Huy Thông, huyện Ân Thi, năm 2011",2026-09-21 11:25:47
279,H31.05.02.H31.09.2011.1726,HOÀN THÀNH,"Đạt chuẩn (1 bản duy nhất) (Hồ sơ chuẩn, không có bản trùng thừa)",1,true,"Hồ sơ phương án kiến trúc nhà xưởng thực hành kiêm phòng học lý thuyết, Trung tâm kỹ thuật tổng hợp hướng nghiệp và dạy nghề huyện Ân Thi năm 2011",2026-09-21 11:25:52
280,H31.05.02.H31.09.2011.1725,HOÀN THÀNH,"Đạt chuẩn (1 bản duy nhất) (Hồ sơ chuẩn, không có bản trùng thừa)",1,true,Phương án kiến trúc nhà làm việc khối đoàn thể huyện Ân Thi năm 2011,2026-09-21 11:25:57
281,H31.05.02.H31.09.2011.1724,HOÀN THÀNH,"Đạt chuẩn (1 bản duy nhất) (Hồ sơ chuẩn, không có bản trùng thừa)",1,true,"Hồ sơ phương án kiến trúc cải tạo, nâng cấp Bệnh viện Mắt Hưng Yên năm 2011",2026-09-21 11:26:02
282,H31.05.02.H31.09.2011.1723,HOÀN THÀNH,"Đạt chuẩn (1 bản duy nhất) (Hồ sơ chuẩn, không có bản trùng thừa)",1,true,"Hồ sơ phương án kiến trúc mở rộng Bệnh viện lao và bệnh phổi Hưng Yên, TP. Hưng Yên năm 2011",2026-09-21 11:26:07
283,H31.05.02.H31.09.2011.1722,HOÀN THÀNH,"Đạt chuẩn (1 bản duy nhất) (Hồ sơ chuẩn, không có bản trùng thừa)",1,true,"Phương án kiến trúc Trụ sở làm việc và phòng khám ban bảo vệ chăm sóc sức khoe cán bộ tỉnh Hưng Yên tại phường Hiến Nam, TP Hưng Yên năm 2011",2026-09-21 11:26:12
284,H31.05.02.H31.09.2010-2011.1721,HOÀN THÀNH,"Đạt chuẩn (1 bản duy nhất) (Hồ sơ chuẩn, không có bản trùng thừa)",1,true,"Phương án kiến trúc Nhà làm việc liên cơ quan thuộc Sở Nông nghiệp và phát triển nông thôn Hưng Yên tại phường Hiến Nam, TP. Hưng Yên năm 2011",2026-09-21 11:26:17
285,H31.05.02.H31.09.2011.1720,HOÀN THÀNH,"Đạt chuẩn (1 bản duy nhất) (Hồ sơ chuẩn, không có bản trùng thừa)",1,true,"Phương án kiến trúc Cải tạo, nâng cấp, mở rộng Sở tài chính tỉnh Hưng Yên năm 2011",2026-09-21 11:26:22
286,H31.05.02.H31.09.2011.1719,HOÀN THÀNH,"Đạt chuẩn (1 bản duy nhất) (Hồ sơ chuẩn, không có bản trùng thừa)",1,true,"Phương án kiến trúc công trình trụ sở Hội văn học nghệ thuật và Hội nhà báo tỉnh Hưng Yên tại phường An Tảo, thành phố Hưng Yên",2026-09-21 12:05:05
287,H31.05.02.H31.09.2011.1718,HOÀN THÀNH,"Đạt chuẩn (1 bản duy nhất) (Hồ sơ chuẩn, không có bản trùng thừa)",1,true,"Phương án kiến trúc Nhà làm việc 3 tầng Trụ sở làm việc Tòa soạn báo Hưng Yên, thành phố Hưng Yên",2026-09-21 12:05:07
288,H31.05.02.H31.09.2011.1717,HOÀN THÀNH,"Đạt chuẩn (1 bản duy nhất) (Hồ sơ chuẩn, không có bản trùng thừa)",1,true,"Phương án kiến trúc Nhà làm việc liên cơ quan Hội nông dân - Hội phụ nữ - Hội cựu chiến binh tỉnh, thành phố Hưng Yên",2026-09-21 11:26:37
289,H31.05.02.H31.09.2011.1716,HOÀN THÀNH,"Đạt chuẩn (1 bản duy nhất) (Hồ sơ chuẩn, không có bản trùng thừa)",1,true,Phương án kiến trúc Nhà văn hoá lao động Liên đoàn lao động Hưng Yên,2026-09-21 12:05:09
290,H31.05.02.H31.09.2011.1715,HOÀN THÀNH,"Đạt chuẩn (1 bản duy nhất) (Hồ sơ chuẩn, không có bản trùng thừa)",1,true,"Phương án kiến trúc cải tạo, mở rộng Ủy ban Mặt trận Tổ quốc tỉnh Hưng Yên, thành phố Hưng Yên",2026-09-21 11:26:47
291,H31.05.02.H31.09.2011.1714,HOÀN THÀNH,"Đạt chuẩn (1 bản duy nhất) (Hồ sơ chuẩn, không có bản trùng thừa)",1,true,"Phương án kiến trúc Thư viện tỉnh (sửa lần 1, 2) thành phố Hưng Yên",2026-09-21 11:26:52
292,H31.05.02.H31.09.2011.1713,HOÀN THÀNH,"Đạt chuẩn (1 bản duy nhất) (Hồ sơ chuẩn, không có bản trùng thừa)",1,true,"Phương án kiến trúc cải tạo, chỉnh trang nhà thiếu nhi tỉnh Hưng Yên, hạng mục cổng, tường rào tại thành phố Hưng Yên",2026-09-21 11:26:57
293,H31.05.02.H31.09.2011.1712,HOÀN THÀNH,"Đạt chuẩn (1 bản duy nhất) (Hồ sơ chuẩn, không có bản trùng thừa)",1,true,Phương án kiến trúc Trụ sở hội văn học nghệ thuật và Hội nhà báo tỉnh Hưng Yên,2026-09-21 11:27:03
294,H31.05.02.H31.09.2011.1711,HOÀN THÀNH,"Đạt chuẩn (1 bản duy nhất) (Hồ sơ chuẩn, không có bản trùng thừa)",1,true,"Phương án kiến trúc cải tạo, mở rộng trụ sở làm việc Ban Quản lý dự án các khu công nghiệp tỉnh Hưng Yên, huyện Mỹ Hào",2026-09-21 11:27:08
295,H31.05.02.H31.09.2011.1710,HOÀN THÀNH,"Đạt chuẩn (1 bản duy nhất) (Hồ sơ chuẩn, không có bản trùng thừa)",1,true,"Thẩm định giá trị thu hồi Công trình 5 phòng học nhà cấp 4, nhà lớp học 1 tầng trường THPT Mỹ Hào",2026-09-21 11:27:13
296,H31.05.02.H31.09.2009.1709,HOÀN THÀNH,"Đạt chuẩn (1 bản duy nhất) (Hồ sơ chuẩn, không có bản trùng thừa)",1,true,"Cấp phép xây dựng cho công ty CP hợp tác lao động nước ngoài LOD tại xã Trung Hòa, huyện Yên Mỹ để thực hiện Công trình: Trường CĐ nghề kỹ thuật công nghệ LOD. Hạng mục: Nhà ký túc xá.",2026-09-21 11:27:18
297,H31.05.02.H31.09.2009.1708,HOÀN THÀNH,"Đạt chuẩn (1 bản duy nhất) (Hồ sơ chuẩn, không có bản trùng thừa)",1,true,"Cấp phép xây dựng cho công ty CP hợp tác lao động nước ngoại LOP tại xã Trưng Trắc, huyện Yên Mỹ để thực hiện Công trình: Trường CĐ nghề kỹ thuật - Công nghệ LOD. Hạng mục: Nhà thực hành thì nghiệm 1, 2.",2026-09-21 11:27:23
298,H31.05.02.H31.09.2010.1705,HOÀN THÀNH,"Đạt chuẩn (1 bản duy nhất) (Hồ sơ chuẩn, không có bản trùng thừa)",1,true,"Cấp phép xây dựng cho Trường Hải quan Việt Nam tại xã Yên Phú, Hoàng Long, huyện Yên Mỹ để thực hiện Công trình: Trường Hải quan Việt Nam",2026-09-21 12:05:13
299,H31.05.02.H31.09.2010.1703,HOÀN THÀNH,"Đạt chuẩn (1 bản duy nhất) (Hồ sơ chuẩn, không có bản trùng thừa)",1,true,"Cấp phép xây dựng cho Công ty Cổ phần Vương Huy Hưng Yên tại xã Chỉ Đạo, huyện Văn Lâm để thực hiện Công trình: Nhà máy kết cấu thép và sản xuất phụ gia xi măng",2026-09-21 11:27:33
300,H31.05.02.H31.09.2007-2010.1704,HOÀN THÀNH,"Đạt chuẩn (1 bản duy nhất) (Hồ sơ chuẩn, không có bản trùng thừa)",1,true,"Cấp phép xây dựng cho Công ty TNHH xây dựng Phương Thảo tại xã Trưng Trắc, huyện Văn Lâm để thực hiện Công trình: Nhà xưởng số 2 K30,44.L91.B7. H7,8. Q (10T)",2026-09-21 12:05:15
301,H31.05.02.H31.09.2010.1688,HOÀN THÀNH,"Đạt chuẩn (1 bản duy nhất) (Hồ sơ chuẩn, không có bản trùng thừa)",1,true,"Cấp phép xây dựng cho công ty TNHH Đại Nam tại xã Đông Kết, huyện Khoái Châu, tỉnh HY để thực hiện công trình nhà máy sản xuất gạch Tuynel Đai Nam",2026-09-21 11:27:43
302,H31.05.02.H31.09.2010.1687,HOÀN THÀNH,"Đạt chuẩn (1 bản duy nhất) (Hồ sơ chuẩn, không có bản trùng thừa)",1,true,"Cấp phép xây dựng cho công ty TNHH xây dựng và sản xuất vật liệu xây dựng sống Hồng tại xã Đại Tập, huyện Khoái Châu để thực hiện công trình nhà máy sản xuất gạch sông Hồng (vị trí 2)",2026-09-21 11:27:48
303,H31.05.02.H31.09.2010.1686,HOÀN THÀNH,"Đạt chuẩn (1 bản duy nhất) (Hồ sơ chuẩn, không có bản trùng thừa)",1,true,"Cấp phép xây dựng cho công ty TNHH xây dựng và sản xuất vật liệu xây dựng sông Hồng tại xã Đại Tập, huyện Khoái Châu thực hiện công trình Nhà máy sản xuất gạch sông Hồng (vị trí 1)",2026-09-21 11:27:53
304,H31.05.02.H31.09.2010.1685,HOÀN THÀNH,"Đạt chuẩn (1 bản duy nhất) (Hồ sơ chuẩn, không có bản trùng thừa)",1,true,"Cấp phép xây dựng cho công ty TNHH Mai Trang tại xã Liên Phương, thành phố HY để thực hiện công trình xưởng sản xuất đồ gỗ mỹ nghệ cao cấp; Hạng mục nhà xưởng sản xuất, kho, cổng tường rào",2026-09-21 12:05:17
305,H31.05.02.H31.09.2010.1684,HOÀN THÀNH,"Đạt chuẩn (1 bản duy nhất) (Hồ sơ chuẩn, không có bản trùng thừa)",1,true,"Cấp phép xây dựng cho Công ty TNHH xây dựng và PTĐT Hưng Yên tại đường Nguyễn Văn Linh, thành phố Hưng Yên để thực hiện Công trình: Trụ sở giao dịch & cửa hàng giới thiệu sản phẩm Công ty Cổ phần may II Hưng Yên",2026-09-21 11:28:03
306,H31.05.02.H31.09.2010.1683,HOÀN THÀNH,"Đạt chuẩn (1 bản duy nhất) (Hồ sơ chuẩn, không có bản trùng thừa)",1,true,"Cấp phép xây dựng cho Công ty TNHH MTV XSKT Hưng Yên tại phường Lê Lợi, thành phố Hưng Yên, tỉnh Hưng Yên, thực hiện Công trình: Trụ sở làm việc Công ty TNHH MTV XSKT Hưng Yên.",2026-09-21 11:28:08
307,H31.05.02.H31.09.2010.1682,HOÀN THÀNH,"Đạt chuẩn (1 bản duy nhất) (Hồ sơ chuẩn, không có bản trùng thừa)",1,true,"Cấp phép xây dựng cho Sở Tài Nguyên và Môi trường tỉnh Hưng Yên tại đường Nguyễn Văn Linh, thành phố Hưng Yên để thực hiện Công trình: Cải tạo, nâng cấp mở rộng Trụ sở làm việc Sở Tài nguyên và Môi trường tỉnh Hưng Yên",2026-09-21 11:28:13
308,H31.05.02.H31.09.2009.1652,LỖI KHÓA,Bỏ qua (Lỗi máy chủ) (Đã thử gửi lệnh xóa nhưng máy chủ Vinasynet không cập nhật (bản ghi bị khóa)),50,false,"Thẩm định dự toán công trình nhà máy sản xuất đồ gỗ mỹ nghệ của Công ty TNHH sản xuất và XNK dệt may Hương Nga tại xã Phan Đình Phùng và xã Nhân Hòa, huyện Mỹ Hào",2026-09-21 12:05:35
309,H31.05.02.H31.09.2009.1651,HOÀN THÀNH,"Đạt chuẩn (1 bản duy nhất) (Hồ sơ chuẩn, không có bản trùng thừa)",1,true,"Bản vẽ thiết kế cơ sở Nhà máy gạch Tuynen Thăng Long - Mộc Bắc tại xã Mộc Bắc, huyện Duy Tiên, tỉnh Hà Nam",2026-09-21 11:28:54
310,H31.05.02.H31.09.2009.1650,HOÀN THÀNH,"Đạt chuẩn (1 bản duy nhất) (Hồ sơ chuẩn, không có bản trùng thừa)",1,true,"Thẩm định dự toán công trình san lấp mặt bằng, móng đá hộc, tường xây gạch tại thị trấn Lương Bằng, huyện Kim Động",2026-09-21 11:28:59
311,H31.05.02.H31.09.2008.1649,HOÀN THÀNH,"Đạt chuẩn (1 bản duy nhất) (Hồ sơ chuẩn, không có bản trùng thừa)",1,true,"Thẩm tra thiết kế kỹ thuật công trình nhà xưởng K58_46H5.5_B80_L112 tại huyện Ân Thi, hạng mục kết cấu thép nhà xưởng",2026-09-21 11:29:04
312,H31.05.02.H31.09.2009.1648Đ,CẦN SCAN LẠI,Không tìm thấy hồ sơ (Không tìm thấy hồ sơ nào với mã này trên hệ thống Vinasynet),0,false,-,2026-09-21 12:05:39
313,H31.05.02.H31.09.2009.1648F,HOÀN THÀNH,"Đạt chuẩn (1 bản duy nhất) (Hồ sơ chuẩn, không có bản trùng thừa)",1,true,"Cấp phép xây dựng cho Công ty TNHH Công nghiệp Matee tại xã Lạc Đạo, huyện Văn Lâm để thực hiện dự án xưởng sản xuất và kho tổng hợp năm 2009",2026-09-21 11:29:16
314,H31.05.02.H31.09.2009.1648E,HOÀN THÀNH,"Đạt chuẩn (1 bản duy nhất) (Hồ sơ chuẩn, không có bản trùng thừa)",1,true,"Cấp phép xây dựng cho doanh nghiệp tư nhân Minh Chiến tại thị trấn Bần Yên Nhân, huyện Mỹ Hào để thực hiện dự án Siêu thị và văn Phòng cho thuê Minh Chiến năm 2009",2026-09-21 11:29:21
315,H31.05.02.H31.09.2009.1648D,HOÀN THÀNH,"Đạt chuẩn (1 bản duy nhất) (Hồ sơ chuẩn, không có bản trùng thừa)",1,true,"Cấp phép xây dựng cho Công ty TNHH Yên Hưng tại xã Trung Hưng, huyện Yên Mỹ để thực hiện công tình cửa hàng xăng dầu Yên Hưng răm 2009",2026-09-21 11:29:26
316,H31.05.02.H31.09.2009.1647,HOÀN THÀNH,"Đạt chuẩn (1 bản duy nhất) (Hồ sơ chuẩn, không có bản trùng thừa)",1,true,"Cấp phép xây dựng cho công ty cổ phần hợp tác lao động nước ngoài LOD tại xã Trung Hòa, huyện Yên Mỹ thuộc công trình Trường Cao đẳng nghề kỹ thuật công nghệ LOD, hạng mục: nhà ở chuyên gia",2026-09-21 11:29:31
317,H31.05.02.H31.09.2009.1646,HOÀN THÀNH,"Đạt chuẩn (1 bản duy nhất) (Hồ sơ chuẩn, không có bản trùng thừa)",1,true,"Cấp phép xây dựng cho công ty cổ phần hợp tác lao động nước ngoài - LOD tại xã Trung Hòa, huyện Yên Mỹ thuộc công trình Trường Cao đẳng nghề kỹ thuật công nghệ LOD, hạng mục: hội trường đa năng",2026-09-21 12:05:42
318,H31.05.02.H31.09.2009.1645,HOÀN THÀNH,"Đạt chuẩn (1 bản duy nhất) (Hồ sơ chuẩn, không có bản trùng thừa)",1,true,"Cấp phép xây dựng cho công ty Mây tre xuất khẩu Phú Minh Hưng Yên tại xã Nghĩa Hiệp, huyện Yên Mỹ thuộc dự án khu nhà hàng ăn uống",2026-09-21 11:29:41
319,H31.05.02.H31.09.2009.1644,HOÀN THÀNH,"Đạt chuẩn (1 bản duy nhất) (Hồ sơ chuẩn, không có bản trùng thừa)",1,true,"Cấp phép cho công ty TNHH sản xuất đệm mút Vạn Thành chi nhánh Vạn Thành Hưng Yên tại xã Giai Phạm, huyện Yên Mỹ thuộc công trình xưởng sản xuất nệm mút",2026-09-21 11:29:46
320,H31.05.02.H31.09.2009.1642,HOÀN THÀNH,"Đạt chuẩn (1 bản duy nhất) (Hồ sơ chuẩn, không có bản trùng thừa)",1,true,"Cấp giấy phép xây dựng dự án chợ trung tâm mua sắm Tiến Đạt tại xã Giai Phạm, huyện Yên Mỹ, tỉnh Hưng Yên",2026-09-21 11:29:51
321,H31.05.02.H31.09.2008-2009.1643,HOÀN THÀNH,"Đạt chuẩn (1 bản duy nhất) (Hồ sơ chuẩn, không có bản trùng thừa)",1,true,"Cấp phép xây dựng cho Công ty Cổ phần thép Hòa Bình tại xã Giai Phạm, huyện Yên Mỹ thuộc dự án Nhà máy sản xuất thép inox",2026-09-21 11:29:56
322,H31.05.02.H31.09.2009.1641,HOÀN THÀNH,"Đạt chuẩn (1 bản duy nhất) (Hồ sơ chuẩn, không có bản trùng thừa)",1,true,"Cấp phép xây dựng cho công ty TNHH Khai Phát tại thôn Trai Túc, xã Trưng Trắc, huyện Văn Lâm thuộc Công trình: Trường Cao đẳng ASEAN. Hạng mục: Nhà xưởng thực nghiệm và trưng bày sản phẩm",2026-09-21 11:30:01
323,H31.05.02.H31.09.2009.1639,HOÀN THÀNH,"Đạt chuẩn (1 bản duy nhất) (Hồ sơ chuẩn, không có bản trùng thừa)",1,true,"Cấp phép xây dựng cho Công ty TNHH công nghiệp Quang Nam tại xã Minh Hải, huyện Văn Lâm để thực hiện Công trình: Nhà máy chế tạo máy và khuôn mẫu. Hạng mục: Hạ tầng công trình phụ trợ",2026-09-21 11:30:06
324,H31.05.02.H31.09.2009.1638,HOÀN THÀNH,"Đạt chuẩn (1 bản duy nhất) (Hồ sơ chuẩn, không có bản trùng thừa)",1,true,"Cấp phép xây dựng cho Trường Trung cấp kinh tế công nghệ Lương Tài tại xã Lương Tài, huyện Văn Lâm để thực hiện Công trình: Trường Trung cấp kinh tế và công nghệ Lương Tài",2026-09-21 12:05:45
325,H31.05.02.H31.09.2006-2009.1640,HOÀN THÀNH,"Đạt chuẩn (1 bản duy nhất) (Hồ sơ chuẩn, không có bản trùng thừa)",1,true,"Cấp phép xây dựng cho Công ty TNHH Ong Vàng Phố Hiến tại xã Tân Quang, huyện Văn Lâm thuộc nhà máy sản xuất kim loại và sản xuất bê tông",2026-09-21 11:30:16
326,H31.05.02.H31.09.2009.1627,HOÀN THÀNH,"Đạt chuẩn (1 bản duy nhất) (Hồ sơ chuẩn, không có bản trùng thừa)",1,true,"Cấp phép xây dựng cho Công ty cổ phần kem Vina - Italy tại xã Nhân Hòa, huyện Mỹ Hào để thực hiện dự án nhà máy Vina ICE CREAM",2026-09-21 11:30:21
327,H31.05.02.H31.09.2009.1625,HOÀN THÀNH,"Đạt chuẩn (1 bản duy nhất) (Hồ sơ chuẩn, không có bản trùng thừa)",1,true,"Cấp phép xây dựng cho công ty TNHH chế biến thực phẩm xuất khẩu Việt Nhật tại xã Nhân Hòa, huyện Mỹ Hào để thực hiện công trình N/m Vina ICE - Cream của công ty TNHH chế biến thực phẩm xuất khẩu Việt Nhật",2026-09-21 11:30:26
328,H31.05.02.H31.09.2009.1624,HOÀN THÀNH,"Đạt chuẩn (1 bản duy nhất) (Hồ sơ chuẩn, không có bản trùng thừa)",1,true,"Cấp phép xây dựng cho công ty VN AUTO CON LTD COMPANY tại xã Ngọc Lâm, huyện Mỹ Hào để thực hiện dự án Auto Con Vina Factory",2026-09-21 11:30:31
329,H31.05.02.H31.09.2008-2009.1626,HOÀN THÀNH,"Đạt chuẩn (1 bản duy nhất) (Hồ sơ chuẩn, không có bản trùng thừa)",1,true,"Cấp phép xây dựng cho công ty TNHH Dong Yang ESP Việt Nam tại xã Nhân Hoà, huyện Mỹ Hào để thực hiện dự án xây dựng nhà máy sản xuất thiết bị điện tử",2026-09-21 11:30:36
330,H31.05.02.H31.09.2019.1618,HOÀN THÀNH,"Đạt chuẩn (1 bản duy nhất) (Hồ sơ chuẩn, không có bản trùng thừa)",1,true,"Cấp phép xây dựng cho công ty cổ phần Gạch Cẩm Xá tại xã Cẩm Xá, huyện Mỹ Hào để thực hiện dự án công trình nhà máy gạch Tuynel Cẩm Xá",2026-09-21 11:30:41
331,H31.05.02.H31.09.2009.1621,HOÀN THÀNH,"Đạt chuẩn (1 bản duy nhất) (Hồ sơ chuẩn, không có bản trùng thừa)",1,true,"Cấp phép xây dựng cho Công ty cổ phân vật tư tổng hợp Hưng Yên tại xã Minh Đức, huyện Mỹ Hào của cửa hàng xăng dầu.",2026-09-21 11:30:46
332,H31.05.02.H31.09.2009.1620,HOÀN THÀNH,"Đạt chuẩn (1 bản duy nhất) (Hồ sơ chuẩn, không có bản trùng thừa)",1,true,"Cấp phép xây dựng cho công ty TNHH Anh Tường tại xã Dị sử, huyện Mỹ Hào để thực hiện dự án Nhà xưởng sản xuất K30-L52.5-B7.5-H8.1. Hạng mục kết cấu khung thép.",2026-09-21 12:05:48
333,H31.05.02.H31.09.2009.1619,HOÀN THÀNH,"Đạt chuẩn (1 bản duy nhất) (Hồ sơ chuẩn, không có bản trùng thừa)",1,true,"Hồ sơ cấp phép xây dựng cho công ty cổ phần thiết bị Thành Thái trên địa bàn xã Dị Sử, huyện Mỹ Hào để thực hiện dự án công trình nhà xưởng sản xuất giai đoạn II",2026-09-21 11:30:56
334,H31.05.02.H31.09.2009.1583,HOÀN THÀNH,"Đạt chuẩn (1 bản duy nhất) (Hồ sơ chuẩn, không có bản trùng thừa)",1,true,"Phương án kiến trúc Cải tạo mở rộng Trụ sở Kho bạc nhà nước Hưng Yên tại phường Hiến Nam, thị xã Hưng Yên năm 2009",2026-09-21 12:05:51
335,H31.05.02.H31.09.2009.1582,HOÀN THÀNH,"Đạt chuẩn (1 bản duy nhất) (Hồ sơ chuẩn, không có bản trùng thừa)",1,true,"Phương án kiến trúc Cải tạo, nâng cấp và mở rộng Trụ sở làm việc Sở xây dựng Hưng Yên, thành phố Hưng Yên - tỉnh Hưng Yên năm 2009",2026-09-21 11:31:06
336,H31.05.02.H31.09.2009.1580,HOÀN THÀNH,"Đạt chuẩn (1 bản duy nhất) (Hồ sơ chuẩn, không có bản trùng thừa)",1,true,"Phương án kiến trúc cải tạo sửa chữa Trụ sở làm việc Sở tư pháp tỉnh Hưng Yên tại phường Hiến Nam, thành phố Hưng Yên năm 2009",2026-09-21 11:31:11
337,H31.05.02.H31.09.2009.1579A,HOÀN THÀNH,"Đạt chuẩn (1 bản duy nhất) (Hồ sơ chuẩn, không có bản trùng thừa)",1,true,"Phương án kiến trúc nhà chung cư cao tầng khu chung cư đô thị phố Nối, huyện Mỹ Hào năm 2009",2026-09-21 11:31:16
338,H31.05.02.H31.09.2008-2009.1581,HOÀN THÀNH,"Đạt chuẩn (1 bản duy nhất) (Hồ sơ chuẩn, không có bản trùng thừa)",1,true,"Phương án kiến trúc cải tạo, nâng cấp mở rộng Trụ sở làm việc Sở Tài nguyên và Môi trường tỉnh Hưng Yên tại đường Nguyễn Văn Linh, thành phố Hưng Yên, năm 2009",2026-09-21 11:31:21
339,H31.05.02.H31.09.2006-2009.1584,HOÀN THÀNH,"Đạt chuẩn (1 bản duy nhất) (Hồ sơ chuẩn, không có bản trùng thừa)",1,true,"Phương án kiến trúc Trụ sở công ty CP xây dựng đê kè thuỷ lợi Hưng Yên, thành phố Hưng yên năm 2009",2026-09-21 11:31:26
340,H31.05.02.H31.09.2008.1575A,HOÀN THÀNH,"Đạt chuẩn (1 bản duy nhất) (Hồ sơ chuẩn, không có bản trùng thừa)",1,true,"Cấp phép xây dựng cho Công ty TNHH Nikko Hưng Yên tại xã Trưng Trắc, huyện Văn Lâm để thực hiện dự án nhà xưởng sản xuất và lắp ráp điện tử (nhà số 6) năm 2008",2026-09-21 11:31:31
341,H31.05.02.H31.09.2008.1574,HOÀN THÀNH,"Đạt chuẩn (1 bản duy nhất) (Hồ sơ chuẩn, không có bản trùng thừa)",1,true,"Cấp phép xây dựng cho công ty TNHH Việt Đức tại xã Trưng Trắc, huyện Văn Lâm thuộc dự án khách sạn Sơn Trường - Công ty TNHH Việt Đức năm 2008",2026-09-21 11:31:36
342,H31.05.02.H31.09.2007-2008.1575,HOÀN THÀNH,"Đạt chuẩn (1 bản duy nhất) (Hồ sơ chuẩn, không có bản trùng thừa)",1,true,"Cấp phép xây dựng cho Công ty TNHH cây xanh và CT đô thị Sông Hồng tại xã Minh Châu, huyện Yên Mỹ cho Công trình: Cơ sở giáo dục mầm non Hoa Sữa. Hạng mục: Hạ tầng - Nhà lớp học 2 tầng năm 2008.",2026-09-21 11:31:41
343,H31.05.02.H31.09.2008-2009.1579,HOÀN THÀNH,"Đạt chuẩn (1 bản duy nhất) (Hồ sơ chuẩn, không có bản trùng thừa)",1,true,"Phương án kiến trúc cải tạo, mở rộng Trụ sở làm việc Sở Giao thông vận tải tỉnh Hưng Yên, thành phố Hưng Yên năm 2009.",2026-09-21 11:31:46
344,H31.05.02.H31.09.2008.1578,HOÀN THÀNH,"Đạt chuẩn (1 bản duy nhất) (Hồ sơ chuẩn, không có bản trùng thừa)",1,true,"Thẩm định dự toán khảo sát công trình trung tâm dịch vụ thương mại và nhà hàng. Hạng mục: San lấp mặt bằng + nhà hàng ăn tại TT Lương Bằng, H. Kim Động năm 2008",2026-09-21 11:31:51
345,H31.05.02.H31.09.2008.1577,HOÀN THÀNH,"Đạt chuẩn (1 bản duy nhất) (Hồ sơ chuẩn, không có bản trùng thừa)",1,true,Hồ sơ Xác định giá trị còn lại điện lưới hạ áp nông thôn năm 2008,2026-09-21 11:31:56
346,H31.05.02.H31.09.2008.1576,HOÀN THÀNH,"Đạt chuẩn (1 bản duy nhất) (Hồ sơ chuẩn, không có bản trùng thừa)",1,true,"Hồ sơ Thấm định thiết kế dự án di dân, tái định cư vùng nguy cơ sạt lở xã Văn Nhuê, huyện Ân Thi năm 2008",2026-09-21 11:32:01
347,H31.05.02.H31.09.2008.1565,HOÀN THÀNH,"Đạt chuẩn (1 bản duy nhất) (Hồ sơ chuẩn, không có bản trùng thừa)",1,true,Hồ sơ Cấp phép xây dựng cho công ty TNHH cơ điện Đại Dương tại huyện Phù Cừ năm 2008,2026-09-21 11:32:06
348,H31.05.02.H31.09.2008.1564,HOÀN THÀNH,"Đạt chuẩn (1 bản duy nhất) (Hồ sơ chuẩn, không có bản trùng thừa)",1,true,"Cấp phép xây dựng cho dự án xây dựng Công ty TNHH Hưng Phát; Hạng mục Nhà điều hành tại xã Đoàn Đào, huyện Phù Cừ năm 2008",2026-09-21 11:32:11
349,H31.05.02.H31.09.2006-2008.1566,HOÀN THÀNH,"Đạt chuẩn (1 bản duy nhất) (Hồ sơ chuẩn, không có bản trùng thừa)",1,true,"Cấp phép xây đựng cho Công ty cổ phần Việt Phúc Hưng Yên tại xã Vĩnh Khúc, huyện Văn Giang thuộc công trình Nhà máy sản xuất các sản phẩm chuyên dụng trong khách sạn năm 2007",2026-09-21 11:32:16
350,H31.05.02.H31.09.2008.1561,HOÀN THÀNH,"Đạt chuẩn (1 bản duy nhất) (Hồ sơ chuẩn, không có bản trùng thừa)",1,true,"Cấp phép xây dựng cho chi nhánh ngân hàng công thương khu vực Mỹ Hào tại thị trấn Bần Yên Nhân, huyện Mỹ Hào thuộc công trình khu lưu trữ Ngân hàng Công thương Việt Nam",2026-09-21 11:32:21
351,H31.05.02.H31.09.2008.1560,HOÀN THÀNH,"Đạt chuẩn (1 bản duy nhất) (Hồ sơ chuẩn, không có bản trùng thừa)",1,true,Cấp phép xây dựng cho doanh nghiệp tư nhân Minh Chiến tại thị trấn Bần Yên Nhân huyện Mỹ Hào cho công trình siêu thị - văn phòng Minh Chiến,2026-09-21 11:32:26
352,H31.05.02.H31.09.2008.1559,HOÀN THÀNH,"Đạt chuẩn (1 bản duy nhất) (Hồ sơ chuẩn, không có bản trùng thừa)",1,true,"Cấp phép xây dựng cho công ty TNHH thương mại và sản xuất An Lệ tại xã Chính Nghĩa, huyện Kim Động thuộc dự án Nhà máy sản xuất hàng dệt may An Lệ",2026-09-21 11:32:31
353,H31.05.02.H31.09.2008.1558,HOÀN THÀNH,"Đạt chuẩn (1 bản duy nhất) (Hồ sơ chuẩn, không có bản trùng thừa)",1,true,"Cấp phép xây dựng cho ngân hàng Nông nghiệp & phát triển nông thôn tỉnh Hưng Yên tại huyện Kim Động, tỉnh Hưng Yên cho công trình ngân hàng No & Phát triển nông thôn Hưng Yên",2026-09-21 11:32:36
354,H31.05.02.H31.09.2008.1557,HOÀN THÀNH,"Đạt chuẩn (1 bản duy nhất) (Hồ sơ chuẩn, không có bản trùng thừa)",1,true,"Cấp phép xây dựng cho công ty xăng dầu B12 tại xã Việt Hoà, huyện Khoái Châu, tỉnh Hưng Yên cho công trình Nhà máy sản xuất bê tông dự ứng lực Petrolimex",2026-09-21 11:32:41
355,H31.05.02.H31.09.2008.1556,HOÀN THÀNH,"Đạt chuẩn (1 bản duy nhất) (Hồ sơ chuẩn, không có bản trùng thừa)",1,true,"Cấp phép xây dựng cho công ty cổ phần thực phẩm Việt Ý tại xã Tân Dân, huyện Khoái Châu, Hưng Yên cho công trình nhà máy thực Việt Ý",2026-09-21 11:32:46
356,H31.05.02.H31.09.2008.1555,HOÀN THÀNH,"Đạt chuẩn (1 bản duy nhất) (Hồ sơ chuẩn, không có bản trùng thừa)",1,true,"Cấp phép xây dựng cho Công ty TNHH thương mại và dịch vụ Quốc Anh tại phường Hiến Nam, thị xã Hưng Yên, tỉnh Hưng Yên cho cửa hàng kinh doanh điện tử điện lạnh và văn phòng Công ty TNHH thương mại và dịch vụ Quốc Anh",2026-09-21 11:32:51
357,H31.05.02.H31.09.2008.1554,HOÀN THÀNH,"Đạt chuẩn (1 bản duy nhất) (Hồ sơ chuẩn, không có bản trùng thừa)",1,true,"Cấp phép xây dựng cho Công ty TNHH Hưng Gia tại phường Hiến Nam, thị xã Hưng Yên, tỉnh Hưng Yên cho Công ty Showroom ô tô và nhà kho",2026-09-21 12:05:56
358,H31.05.02.H31.09.2008.1553,HOÀN THÀNH,"Đạt chuẩn (1 bản duy nhất) (Hồ sơ chuẩn, không có bản trùng thừa)",1,true,Cấp phép xây dựng cho công trình nhà lớp học 3 tầng Trường Trung học y tế Hưng Yên tại thị xã Hưng Yên,2026-09-21 12:05:58
359,H31.05.02.H31.09.2008.1552,HOÀN THÀNH,"Đạt chuẩn (1 bản duy nhất) (Hồ sơ chuẩn, không có bản trùng thừa)",1,true,"Phương án kiến trúc công trình cải tạo nâng cấp trung tâm y tế huyện Yên Mỹ, tỉnh Hưng Yên",2026-09-21 11:33:06
360,H31.05.02.H31.09.2008.1551,HOÀN THÀNH,"Đạt chuẩn (1 bản duy nhất) (Hồ sơ chuẩn, không có bản trùng thừa)",1,true,"Phương án kiến trúc công trình nhà văn hóa huyện Văn Lâm tại thị trấn Như Quỳnh, huyện Văn Lâm",2026-09-21 11:33:11
361,H31.05.02.H31.09.2008.1550,HOÀN THÀNH,"Đạt chuẩn (1 bản duy nhất) (Hồ sơ chuẩn, không có bản trùng thừa)",1,true,"Phương án kiến trúc dự án cải tạo, nâng cấp Trung tâm Y tế, huyện Văn Lâm tại thị trấn Như Quỳnh, huyện Văn Lam",2026-09-21 11:33:16
362,H31.05.02.H31.09.2008.1549,HOÀN THÀNH,"Đạt chuẩn (1 bản duy nhất) (Hồ sơ chuẩn, không có bản trùng thừa)",1,true,"Phương án kiến trúc công trình: Cải tạo, nâng cấp Trung tâm Y tế huyện Văn Giang, tỉnh Hưng Yên",2026-09-21 12:06:01
363,H31.05.02.H31.09.2008.1548,HOÀN THÀNH,"Đạt chuẩn (1 bản duy nhất) (Hồ sơ chuẩn, không có bản trùng thừa)",1,true,"Phương án kiến trúc dự án đầu tư xây dựng cải tạo và nâng cấp Trung tâm Y tế huyện Tiên Lữ tại thị trấn Vương, huyện Tiên Lữ",2026-09-21 11:33:26
364,H31.05.02.H31.09.2008.1547,HOÀN THÀNH,"Đạt chuẩn (1 bản duy nhất) (Hồ sơ chuẩn, không có bản trùng thừa)",1,true,"Phương án kiến trúc Nhà hàng Sơn Trường, huyện Mỹ Hào",2026-09-21 11:33:31
365,H31.05.02.H31.09.2008.1545,HOÀN THÀNH,"Đạt chuẩn (1 bản duy nhất) (Hồ sơ chuẩn, không có bản trùng thừa)",1,true,"Phương án cải tạo, nâng cấp Trung tâm Y tế huyện Mỹ Hào; Hạng mục: Nhà kỹ thuật nghiệp vụ, nhà điều trị, nhà khoa chống nhiễm khuẩn tại xã Phùng Chí Kiên, huyện Mỹ Hào",2026-09-21 11:33:36
366,H31.05.02.H31.09.2008.1544,HOÀN THÀNH,"Đạt chuẩn (1 bản duy nhất) (Hồ sơ chuẩn, không có bản trùng thừa)",1,true,Phương án kiến trúc Trụ sở làm việc Phòng Giáo dục và Đào tạo huyện Mỹ Hào,2026-09-21 11:33:41
367,H31.05.02.H31.09.2008.1543,HOÀN THÀNH,"Đạt chuẩn (1 bản duy nhất) (Hồ sơ chuẩn, không có bản trùng thừa)",1,true,"Phương án kiến trúc Thư viện 4 tầng Trường Đại học sư phạm kỹ thuật Hưng Yên, huyện Mỹ Hào",2026-09-21 11:33:46
368,H31.05.02.H31.09.2008.1542,HOÀN THÀNH,"Đạt chuẩn (1 bản duy nhất) (Hồ sơ chuẩn, không có bản trùng thừa)",1,true,"Phương án kiến trúc Công trình: Cải tạo, nâng cấp Trung tâm Y tế huyện Kim Động; Hạng mục: Nhà kỹ thuật nghiệp vụ, nhà khám ngoại trú",2026-09-21 11:33:51
369,H31.05.02.H31.09.2008.1541,HOÀN THÀNH,"Đạt chuẩn (1 bản duy nhất) (Hồ sơ chuẩn, không có bản trùng thừa)",1,true,"Phương án kiến trúc Công trình: Dự án cải tạo, nâng cấp Trung tâm Y tế huyện khoái Châu, tỉnh Hưng Yên",2026-09-21 11:33:56
370,H31.05.02.H31.09.2008.1540,HOÀN THÀNH,"Đạt chuẩn (1 bản duy nhất) (Hồ sơ chuẩn, không có bản trùng thừa)",1,true,"Phương án kiến trúc Nhà học 5 tầng Trường Đại học sư phạm kỹ thuật Hưng Yên, huyện Khoái Châu.",2026-09-21 11:34:01
371,H31.05.02.H31.09.2008.1539,HOÀN THÀNH,"Đạt chuẩn (1 bản duy nhất) (Hồ sơ chuẩn, không có bản trùng thừa)",1,true,"Phương án kiến trúc Siêu thị sách Hưng Yên, thị xã Hưng Yên, tỉnh Hưng Yên năm 2008",2026-09-21 12:06:04
372,H31.05.02.H31.09.2008.1538,HOÀN THÀNH,"Đạt chuẩn (1 bản duy nhất) (Hồ sơ chuẩn, không có bản trùng thừa)",1,true,"Phương án kiến trúc Nhà lớp học Trường Trung học Y tế Hưng Yên, thành phố Hưng Yên",2026-09-21 11:34:11
373,H31.05.02.H31.09.2007-2008.1546,HOÀN THÀNH,"Đạt chuẩn (1 bản duy nhất) (Hồ sơ chuẩn, không có bản trùng thừa)",1,true,"Phương án kiến trúc Ủy ban nhân dân xã Dương Quang, huyện Mỹ Hào",2026-09-21 11:34:16
374,H31.05.02.H31.09.2008.1537,HOÀN THÀNH,"Đạt chuẩn (1 bản duy nhất) (Hồ sơ chuẩn, không có bản trùng thừa)",1,true,"Phương án kiến trúc Cải tạo, nâng cấp Trung tâm Y tế thị xã Hưng Yên, thành phố Hưng Yên.",2026-09-21 11:34:21
375,H31.05.02.H31.09.2008.1536,HOÀN THÀNH,"Đạt chuẩn (1 bản duy nhất) (Hồ sơ chuẩn, không có bản trùng thừa)",1,true,"Phương án kiến trúc khung chung cư cho cán bộ công nhân viên Công ty Cổ phần may Hưng Yên, thành phố Hưng Yên",2026-09-21 11:34:26
376,H31.05.02.H31.09.2008.1535,HOÀN THÀNH,"Đạt chuẩn (1 bản duy nhất) (Hồ sơ chuẩn, không có bản trùng thừa)",1,true,"Phương án kiến trúc Nhà văn phòng làm việc Công ty Cổ phần may Hưng Yên, thành phố Hưng Yên.",2026-09-21 11:34:31
377,H31.05.02.H31.09.2008.1534,HOÀN THÀNH,"Đạt chuẩn (1 bản duy nhất) (Hồ sơ chuẩn, không có bản trùng thừa)",1,true,"Phương án kiến trúc xây dựng Nhà bia lưu niệm nơi thành lập Ban tỉnh ủy lâm thời tỉnh Hưng Yên, huyện Ân Thi",2026-09-21 11:34:36
378,H31.05.02.H31.09.2008.1533,HOÀN THÀNH,"Đạt chuẩn (1 bản duy nhất) (Hồ sơ chuẩn, không có bản trùng thừa)",1,true,"Phương án kiến trúc công trình cải tạo nâng cấp trung tâm y tế huyện Ân Thi. Hạng mục: Nhà khám ngoại trú, nhà điều trị nội trú",2026-09-21 11:34:41
379,H31.05.02.H31.09.2008.1532,HOÀN THÀNH,"Đạt chuẩn (1 bản duy nhất) (Hồ sơ chuẩn, không có bản trùng thừa)",1,true,Phương án kiến trúc trung tâm bồi dưỡng chính trị huyện Ân Thi năm 2008.,2026-09-21 11:34:46
380,H31.05.02.H31.09.2008.1531,HOÀN THÀNH,"Đạt chuẩn (1 bản duy nhất) (Hồ sơ chuẩn, không có bản trùng thừa)",1,true,"Phương án kiến trúc trụ sở làm việc huyện ủy Ân Thi, huyện Ân Thi",2026-09-21 11:34:51
381,H31.05.02.H31.09.2008.1530,HOÀN THÀNH,"Đạt chuẩn (1 bản duy nhất) (Hồ sơ chuẩn, không có bản trùng thừa)",1,true,"Phương án kiến trúc khoa dinh dưỡng - Bệnh viên Đa khoa tỉnh Hưng Yên tại đường Hải Thượng Lãn Ông, thị xã Hưng Yên",2026-09-21 11:34:56
382,H31.05.02.H31.09.2008.1529,HOÀN THÀNH,"Đạt chuẩn (1 bản duy nhất) (Hồ sơ chuẩn, không có bản trùng thừa)",1,true,"Phương án kiến trúc nâng cấp, mở rộng Bệnh viện Đa khoa Phố Nối, huyện Mỹ Hảo",2026-09-21 11:35:01
383,H31.05.02.H31.09.2008.1528,HOÀN THÀNH,"Đạt chuẩn (1 bản duy nhất) (Hồ sơ chuẩn, không có bản trùng thừa)",1,true,"Phương án kiến trúc hệ thống sân vườn nhà điều trị nội No.5  và hệ thống nhà cầu NC1, NC2, NC3 Bệnh viện Đa khoa Phố Nối",2026-09-21 11:35:06
384,H31.05.02.H31.09.2008.1527,HOÀN THÀNH,"Đạt chuẩn (1 bản duy nhất) (Hồ sơ chuẩn, không có bản trùng thừa)",1,true,"Phương án kiến trúc cải tao và nâng cấp Bệnh viện mắt Hưng Yên tại phường Hiến Nam, thị xã Hưng Yên",2026-09-21 11:35:11
385,H31.05.02.H31.09.2008.1526,HOÀN THÀNH,"Đạt chuẩn (1 bản duy nhất) (Hồ sơ chuẩn, không có bản trùng thừa)",1,true,"Phương án kiến trúc nhà lớp học và phòng làm việc các khoa xã hội, mầm non, nhạc họa, bồi dưỡng giáo viên và chuẩn hóa giáo viên Trường cao đẳng sư phạm Hưng Yên, thị xã Hưng Yên",2026-09-21 11:35:16
386,H31.05.02.H31.09.2008.1525,HOÀN THÀNH,"Đạt chuẩn (1 bản duy nhất) (Hồ sơ chuẩn, không có bản trùng thừa)",1,true,"Phương án kiến trúc Nâng cấp mở rộng Trường Trung cấp nghề Giao thông vận tải Hưng Yên, thành phố Hưng Yên",2026-09-21 11:35:21
387,H31.05.02.H31.09.2008.1524,HOÀN THÀNH,"Đạt chuẩn (1 bản duy nhất) (Hồ sơ chuẩn, không có bản trùng thừa)",1,true,Phương án kiến trúc Công trình: Xây dựng mở rộng Trụ sở làm việc Cục thuế tỉnh Hưng Yên; Hạng mục: Quy hoạch tổng mặt bằng nhà làm việc 7 tầng,2026-09-21 11:35:26
388,H31.05.02.H31.09.2008.1523,HOÀN THÀNH,"Đạt chuẩn (1 bản duy nhất) (Hồ sơ chuẩn, không có bản trùng thừa)",1,true,Phương án kiến trúc Trụ sở làm việc Văn phòng Đăng ký quyền sử dụng đất thuộc Sở tài nguyên & Môi trường thành phố Hưng Yên,2026-09-21 11:35:31
389,H31.05.02.H31.09.2008.1522,HOÀN THÀNH,"Đạt chuẩn (1 bản duy nhất) (Hồ sơ chuẩn, không có bản trùng thừa)",1,true,Phương án kiến trúc khối nhà kỹ thuật nghiệp vụ hành chính Sở Y tế Hưng Yên,2026-09-21 11:35:36
390,H31.05.02.H31.09.2008.1521,HOÀN THÀNH,"Đạt chuẩn (1 bản duy nhất) (Hồ sơ chuẩn, không có bản trùng thừa)",1,true,"Phương án kiến trúc Trụ sở làm việc Tỉnh Đoàn thanh niên Hưng Yên.
.",2026-09-21 11:35:41
391,H31.05.02.H31.09.2008.1520,HOÀN THÀNH,"Đạt chuẩn (1 bản duy nhất) (Hồ sơ chuẩn, không có bản trùng thừa)",1,true,"Phương an kiến trúc Trạm tiếp sóng đài phát thanh truyền hình Hưng Yên, thành phố Hưng Yên",2026-09-21 12:06:09
392,H31.05.02.H31.09.2008.1519,HOÀN THÀNH,"Đạt chuẩn (1 bản duy nhất) (Hồ sơ chuẩn, không có bản trùng thừa)",1,true,"Phương án kiến trúc Trung tâm truyền thông và giáo dục sức khỏe Hưng Yên, thành phố Hưng Yên",2026-09-21 11:35:47
393,H31.05.02.H31.09.2008.1518,HOÀN THÀNH,"Đạt chuẩn (1 bản duy nhất) (Hồ sơ chuẩn, không có bản trùng thừa)",1,true,"Phương án kiến trúc nâng cấp, cải tạo, mở rộng trụ sở làm việc Sở Nội vụ Hưng Yên, thành phố Hưng Yên",2026-09-21 11:35:52
394,H31.05.02.H31.09.2008.1517,HOÀN THÀNH,"Đạt chuẩn (1 bản duy nhất) (Hồ sơ chuẩn, không có bản trùng thừa)",1,true,"Phương án thiết kế Trung tâm Hội nghị tỉnh Hưng Yên, thành phố Hưng Yên",2026-09-21 11:35:57
395,H31.05.02.H31.09.2007.1513A,HOÀN THÀNH,"Đạt chuẩn (1 bản duy nhất) (Hồ sơ chuẩn, không có bản trùng thừa)",1,true,"Về việc cấp phép xây dựng cho Công ty TNHH Hoa Anh Đào tại xã Ngọc Lâm, huyện Mỹ Hào để thực hiện công trình bến cung cấp nguyên vật liệu xây dựng năm 2007",2026-09-21 11:36:03
396,H31.05.02.H31.09.2007.1513,HOÀN THÀNH,"Đạt chuẩn (1 bản duy nhất) (Hồ sơ chuẩn, không có bản trùng thừa)",1,true,"Về việc cấp phép xây dựng cho Công ty TNHH Hoa Anh Đào tại xã Ngọc Lâm, huyện Mỹ Hào để thực hiện công trình bến cung cấp nguyên vật liệu xây dựng năm 2007",2026-09-21 11:36:08
397,H31.05.02.H31.09.2007.1511,HOÀN THÀNH,"Đạt chuẩn (1 bản duy nhất) (Hồ sơ chuẩn, không có bản trùng thừa)",1,true,"Cấp phép xây dựng cho Công ty TNHH Nhà nước một thành viên môi trường đô thị tại xã Đại Đồng, huyện Văn Lâm thuộc Công trình: Khu xử lý chất thải Đại Đồng năm 2007",2026-09-21 11:36:13
398,H31.05.02.H31.09.2007.1510,HOÀN THÀNH,"Đạt chuẩn (1 bản duy nhất) (Hồ sơ chuẩn, không có bản trùng thừa)",1,true,Cấp phép xây dựng cho Công ty dây và cáp điện Ngọc Khánh tại KCN Phố Nối A - Văn Lâm thuộc Công trình: Nhà máy dây và cáp điện Ngọc Khánh; Hạng mục: Nhà xưởng sản xuất năm 2007,2026-09-21 11:36:18
399,H31.05.02.H31.09.2009.1516A,HOÀN THÀNH,"Đạt chuẩn (1 bản duy nhất) (Hồ sơ chuẩn, không có bản trùng thừa)",1,true,Bản đồ xác định vị trí quy hoạnh các khu công nghiệp huyện Ân Thi năm 2008.,2026-09-21 11:36:23
400,H31.05.02.H31.09.2009.1516,HOÀN THÀNH,"Đạt chuẩn (1 bản duy nhất) (Hồ sơ chuẩn, không có bản trùng thừa)",1,true,Bản đồ xác định vị trí quy hoạnh các khu công nghiệp huyện Ân Thi năm 2008.,2026-09-21 11:36:28
401,H31.05.02.H31.09.2009.1514,HOÀN THÀNH,"Đạt chuẩn (1 bản duy nhất) (Hồ sơ chuẩn, không có bản trùng thừa)",1,true,"Thẩm định dự toán công trình nhà máy sản xuất thức ăn chăn nuôi Thành Thắng của Công ty TNHH thương mại và sản xuất Thành Thắng tại xã Dị Sử, huyện Mỹ Hào năm 2007",2026-09-21 11:36:33
402,H31.05.02.H31.09.2007.1515,HOÀN THÀNH,"Đạt chuẩn (1 bản duy nhất) (Hồ sơ chuẩn, không có bản trùng thừa)",1,true,Quyết định UBND tỉnh về việc phê duyệt quy hoạch sử dụng đất đến năm 2010 và kế hoạch sử dụng đất 05 năm (2006-2010) huyện Khoái Châu - tỉnh Hưng Yên năm 2007,2026-09-21 11:36:38
403,H31.05.02.H31.09.2007.1506,HOÀN THÀNH,"Đạt chuẩn (1 bản duy nhất) (Hồ sơ chuẩn, không có bản trùng thừa)",1,true,"Cấp phép xây dựng cho Công ty TNHH Kwang Jin VN trên địa bàn xã Ngọc Lâm, huyện Mỹ Hào thuộc công tình Nhà máy sản xuất phụ tùng ô tô - Công ty TNHH Kwang Jin Việt Nam năm 2007",2026-09-21 11:36:43
404,H31.05.02.H31.09.2007.1505,HOÀN THÀNH,"Đạt chuẩn (1 bản duy nhất) (Hồ sơ chuẩn, không có bản trùng thừa)",1,true,"Cấp phép xây dựng cho Công ty cổ phần Tùng Thư tại xã Bạch Sam, huyện Mỹ Hào cho dự án Nhà máy nội thất Tùng Thư năm 2007",2026-09-21 11:36:48
405,H31.05.02.H31.09.2007.1504,HOÀN THÀNH,"Đạt chuẩn (1 bản duy nhất) (Hồ sơ chuẩn, không có bản trùng thừa)",1,true,"Cấp giấy phép xây dựng cho dự án đầu tư xây dựng mở rộng trường đại học Sư phạm kỹ thuật Hưng Yên ( phần kết cấu), hạng mục nhà điều hành, nhà học-thí nghiệm chung tại xã Dân Tiến, huyện Khoái Châu năm 2007",2026-09-21 12:06:13
406,H31.05.02.H31.09.2007.1503,HOÀN THÀNH,"Đạt chuẩn (1 bản duy nhất) (Hồ sơ chuẩn, không có bản trùng thừa)",1,true,"Cấp giấy phép xây dựng cho dự án đầu tư xây dựng mở rộng Trường đại học sư phạm kỹ thuật Hưng Yên (phương án kiến trúc), hạng mục nhà điều hành, nhà học - thí nghiệm chung tại xã Dân Tiến",2026-09-21 11:36:58
407,H31.05.02.H31.09.2007.1502,HOÀN THÀNH,"Đạt chuẩn (1 bản duy nhất) (Hồ sơ chuẩn, không có bản trùng thừa)",1,true,Cấp phép xây dựng công trình nhà máy chế biến nông sản  tại km 13-QL39-HY,2026-09-21 11:37:03
408,H31.05.02.H31.09.2007.1501,HOÀN THÀNH,"Đạt chuẩn (1 bản duy nhất) (Hồ sơ chuẩn, không có bản trùng thừa)",1,true,"Cấp phép xây dựng cho CT Xây dựng mở rộng Trụ sở làm việc Cục thuế tỉnh Hưng Yên, Hang mục Quy hoạch tổng thể, điện, nước ngoài nhà, Nhà làm việc 6 tầng tại phường Hiến Nam, thị xã Hưng Yên",2026-09-21 11:37:08
409,H31.05.02.H31.09.2007.1500,HOÀN THÀNH,"Đạt chuẩn (1 bản duy nhất) (Hồ sơ chuẩn, không có bản trùng thừa)",1,true,"Phương án kiến trúc Trụ sở làm việc Đảng Ủy - HĐND - UBND thị trấn Văn Giang, huyện văn Giang năm 2007",2026-09-21 11:37:13
410,H31.05.02.H31.09.2007.1499,HOÀN THÀNH,"Đạt chuẩn (1 bản duy nhất) (Hồ sơ chuẩn, không có bản trùng thừa)",1,true,"Phương án kiến trúc trụ sở công ty xổ số kiến thiết Hưng Yên, thành phố Hưng Yên năm 2007",2026-09-21 11:37:18
411,H31.05.02.H31.09.2007.1498,HOÀN THÀNH,"Đạt chuẩn (1 bản duy nhất) (Hồ sơ chuẩn, không có bản trùng thừa)",1,true,"Phương án kiến trúc hồ sơ thiết kế bản vẽ sơ bộ Trung tâm TDTT huyện Khoái Châu, Hạng mục Nhà thi đấu đa năng, khán đài và sân tennis năm 2007",2026-09-21 11:37:23
412,H31.05.02.H31.09.2007.1497,HOÀN THÀNH,"Đạt chuẩn (1 bản duy nhất) (Hồ sơ chuẩn, không có bản trùng thừa)",1,true,Phương án kiến trúc Trụ sở công ty xổ số kiến thiết Hưng Yên thành phố Hưng Yên năm 2007,2026-09-21 12:06:16
413,H31.05.02.H31.09.2007.1496,HOÀN THÀNH,"Đạt chuẩn (1 bản duy nhất) (Hồ sơ chuẩn, không có bản trùng thừa)",1,true,Phương án kiến trúc Nhà văn hóa huyện Ân Thi năm 2007,2026-09-21 12:06:19
414,H31.05.02.H31.09.2007.1495,HOÀN THÀNH,"Đạt chuẩn (1 bản duy nhất) (Hồ sơ chuẩn, không có bản trùng thừa)",1,true,"Phương án kiến trúc Trường Chính trị Nguyễn Văn Linh, hạng mục nhà ăn, thành phố Hưng Yên năm 2007",2026-09-21 11:37:38
415,H31.05.02.H31.09.2007.1494,HOÀN THÀNH,"Đạt chuẩn (1 bản duy nhất) (Hồ sơ chuẩn, không có bản trùng thừa)",1,true,"Phương án kiến trúc Nhà làm việc Sở Bưu chính viễn thông tỉnh Hưng Yên, thành phố Hưng Yên năm 2007",2026-09-21 11:37:43
416,H31.05.02.H31.09.2007.1493,HOÀN THÀNH,"Đạt chuẩn (1 bản duy nhất) (Hồ sơ chuẩn, không có bản trùng thừa)",1,true,"Phương án điều chỉnh Trung tâm hội nghị tỉnh Hưng Yên, thành phố Hưng Yên năm 2007",2026-09-21 11:37:48
417,H31.05.02.H31.09.2007.1492L,HOÀN THÀNH,"Đạt chuẩn (1 bản duy nhất) (Hồ sơ chuẩn, không có bản trùng thừa)",1,true,Đề nghị phê duyệt địa điểm xây dựng các dự án đầu tư trong tỉnh năm 2008,2026-09-21 11:37:53
418,H31.05.02.H31.09.2007.1492K,HOÀN THÀNH,"Đạt chuẩn (1 bản duy nhất) (Hồ sơ chuẩn, không có bản trùng thừa)",1,true,"Về việc đấu giá quyền sử dụng đất một số khu đất xen kẹp trong khu dân cư trên địa bàn phường Quang Trung, thành phố Hưng Yên năm 2018",2026-09-21 11:37:58
419,H31.05.02.H31.09.2007.1492I,HOÀN THÀNH,"Đạt chuẩn (1 bản duy nhất) (Hồ sơ chuẩn, không có bản trùng thừa)",1,true,Thẩm định tổng mặt bằng quy hoạch các dự án đầu tư xây dựng trên địa bàn huyện Yên Mỹ năm 2005,2026-09-21 11:38:03
420,H31.05.02.H31.09.2007.1492H,HOÀN THÀNH,"Đạt chuẩn (1 bản duy nhất) (Hồ sơ chuẩn, không có bản trùng thừa)",1,true,Thẩm định tổng mặt bằng quy hoạch các dự án đầu tư xây dựng trên địa bàn huyện Văn Lâm năm 2008,2026-09-21 11:38:08
421,H31.05.02.H31.09.2007.1492G,HOÀN THÀNH,"Đạt chuẩn (1 bản duy nhất) (Hồ sơ chuẩn, không có bản trùng thừa)",1,true,Thầm định tổng mặt bằng quy hoạnh các dự án đầu tư xây dựng trên địa bàn huyện Vân Giang năm 2008.,2026-09-21 11:38:13
422,H31.05.02.H31.09.2007.1492Đ,CẦN SCAN LẠI,Không tìm thấy hồ sơ (Không tìm thấy hồ sơ nào với mã này trên hệ thống Vinasynet),0,false,-,2026-09-21 12:06:23
423,H31.05.02.H31.09.2007.1492F,HOÀN THÀNH,"Đạt chuẩn (1 bản duy nhất) (Hồ sơ chuẩn, không có bản trùng thừa)",1,true,Thẩm định tổng mặt bằng quy hoạch các dự án đầu tư xây dựng trên địa bàn huyện Tiên Lữ năm 2008,2026-09-21 11:38:25
424,H31.05.02.H31.09.2007.1492E,HOÀN THÀNH,"Đạt chuẩn (1 bản duy nhất) (Hồ sơ chuẩn, không có bản trùng thừa)",1,true,Thẩm định tổng mặt bằng quy hoạch các dự án đầu tư xây dựng trên địa bàn huyện Phù cừ năm 2008,2026-09-21 11:38:30
425,H31.05.02.H31.09.2008.1492D,HOÀN THÀNH,"Đạt chuẩn (1 bản duy nhất) (Hồ sơ chuẩn, không có bản trùng thừa)",1,true,Thẩm định tổng mặt bằng quy hoạch các dự án đầu tư xây dựng trên địa bàn huyện Kim Động năm 2008,2026-09-21 11:38:35
426,H31.05.02.H31.09.2008.1492C,HOÀN THÀNH,"Đạt chuẩn (1 bản duy nhất) (Hồ sơ chuẩn, không có bản trùng thừa)",1,true,Thẩm định tổng mặt bằng quy hoan các dự án đầu tư xây dựng trên địa bàn huyện Khoái Châu năm 2008.,2026-09-21 11:38:40
427,H31.05.02.H31.09.2008.1492B,HOÀN THÀNH,"Đạt chuẩn (1 bản duy nhất) (Hồ sơ chuẩn, không có bản trùng thừa)",1,true,Thẩm định tổng mặt bằng quy hoạch các dự án đầu tư xây dựng trên địa bàn thị xã Hưng Yên năm 2008.,2026-09-21 11:38:45
428,H31.05.02.H31.09.2008.1492A,HOÀN THÀNH,"Đạt chuẩn (1 bản duy nhất) (Hồ sơ chuẩn, không có bản trùng thừa)",1,true,Tổng Mặt bằng Bệnh viện Đa khoa phố Nối năm 2008,2026-09-21 11:38:50
429,H31.05.02.H31.09.2008.1491A,HOÀN THÀNH,"Đạt chuẩn (1 bản duy nhất) (Hồ sơ chuẩn, không có bản trùng thừa)",1,true,Về việc thẩm định tổng mặt bằng quy hoạch các dự án đầu tư trên địa bàn tỉnh năm 2007,2026-09-21 11:38:55
430,H31.05.02.H31.09.2006-2009.1492,HOÀN THÀNH,"Đạt chuẩn (1 bản duy nhất) (Hồ sơ chuẩn, không có bản trùng thừa)",1,true,"Về việc thẩm định tổng mặt bằng quy hoạch xây dựng các dự án đầu tư của Công ty TNHH Foremant VN tại thị trấn Ân Thi, huyện Ân Thi năm 2007.",2026-09-21 11:39:00
431,H31.05.02.H31.09.2006-2010.1490,HOÀN THÀNH,"Đạt chuẩn (1 bản duy nhất) (Hồ sơ chuẩn, không có bản trùng thừa)",1,true,"Cấp phép xây dựng cho Trung tâm kỹ thuật tổng hợp hướng nghiệp Mỹ Hào tại Thị trấn Bần Yên Nhân, huyện Mỹ Hào thuộc dự án Trung tâm kỹ thuật tổng hợp hướng nghiệp Mỹ Hào năm 2006",2026-09-21 11:39:05
432,H31.05.02.H31.09.2006.1491,HOÀN THÀNH,"Đạt chuẩn (1 bản duy nhất) (Hồ sơ chuẩn, không có bản trùng thừa)",1,true,"Về việc thẩm định dự toán, thiết kế dự toán của các doanh nghiệp trên địa bàn tỉnh Hưng Yên năm 2006",2026-09-21 11:39:10
433,H31.05.02.H31.09.2006.1489,HOÀN THÀNH,"Đạt chuẩn (1 bản duy nhất) (Hồ sơ chuẩn, không có bản trùng thừa)",1,true,"Hồ sơ cấp phép xây dựng cho công trình nhà làm việc kiêm kho chi nhánh NHCT khu vực Mỹ Hào tại huyện Mỹ Hào, tỉnh Hưng Yên năm 2006",2026-09-21 11:39:15
434,H31.05.02.H31.09.2007.1488,HOÀN THÀNH,"Đạt chuẩn (1 bản duy nhất) (Hồ sơ chuẩn, không có bản trùng thừa)",1,true,"Hồ sơ thiết kế kỹ thuật dự án Trung tâm nhân đạo xã hội tỉnh Hưng Yên, huyện Ân Thi, hạng mục: Tổng mặt bằng, nhà ở cán bộ, nhà ở học viên đang cai nam năm 2005",2026-09-21 11:39:20
435,H31.05.02.H31.09.2002.1487,HOÀN THÀNH,"Đạt chuẩn (1 bản duy nhất) (Hồ sơ chuẩn, không có bản trùng thừa)",1,true,"Cấp giấy phép xây dựng hồ sơ thiết kế kỹ thuật nhà học chung + khoa tự nhiên Trường Cao đẳng sư phạm Hưng Yên, thành phố Hưng Yên năm 2002",2026-09-21 11:39:25
436,H31.05.02.H31.09.1997.1485,HOÀN THÀNH,"Đạt chuẩn (1 bản duy nhất) (Hồ sơ chuẩn, không có bản trùng thừa)",1,true,"Cấp giấy phép xây dựng cho nhà máy gạch Tuynel Kim Động Kho đất, kho than - nhà máy chế biến tạo hình, nhà ở phơi gạch, nhà lò nung sấy năm 1997",2026-09-21 11:39:30
437,H31.05.02.H31.09.2010.1486,HOÀN THÀNH,"Đạt chuẩn (1 bản duy nhất) (Hồ sơ chuẩn, không có bản trùng thừa)",1,true,"Phương án kiến trúc hồ sơ bổ sung và sửa đổi Trụ sở giao dịch và cửa hàng giới thiệu sản phẩm Công ty may II Hưng Yên, thành phố Hưng Yên năm 2010",2026-09-21 11:39:35
438,H31.05.02.H31.09.2006.1487A,HOÀN THÀNH,"Đạt chuẩn (1 bản duy nhất) (Hồ sơ chuẩn, không có bản trùng thừa)",1,true,"Về việc thẩm định tổng mặt bằng quy hoạch xây dựng các dự án đầu tư xây dựng của công ty TNHH Thế Kỷ tại xã Bạch Sam, huyện Mỹ Hào năm 2016",2026-09-21 11:39:40
439,H31.05.02.H31.09.2018.2321,HOÀN THÀNH,"Đạt chuẩn (1 bản duy nhất) (Hồ sơ chuẩn, không có bản trùng thừa)",1,true,"Về việc chấp thuận mặt bằng quy hoạch tổng thể cộng phương án kiến trúc công trình: Trường mầm non tập trung thị trấn Trần Cao, huyện Phù Cừ năm 2018",2026-09-21 11:39:45
440,H31.05.02.H31.09.2018.2320,HOÀN THÀNH,"Đạt chuẩn (1 bản duy nhất) (Hồ sơ chuẩn, không có bản trùng thừa)",1,true,"Về việc xin chấp thuận mặt bằng quy hoạch tổng thể điều chỉnh dự án của công ty Đại Việt tại xã Xuân Dục, huyện Mỹ Hào năm 2018",2026-09-21 11:39:50
441,H31.05.02.H31.09.2018.2319,HOÀN THÀNH,"Đạt chuẩn (1 bản duy nhất) (Hồ sơ chuẩn, không có bản trùng thừa)",1,true,"Về việc chấp thuận mặt bằng quy hoạch tổng thể Trung tâm thương mại dịch vụ 2, thuộc dự án Khu nhà ở công nhân, nhà ở thương mại Lạc Hồng - Phố Nối tại xã Nhân Hòa, huyện Mỹ Hào năm 2018",2026-09-21 11:39:55
442,H31.05.02.H31.09.2018.2318,HOÀN THÀNH,"Đạt chuẩn (1 bản duy nhất) (Hồ sơ chuẩn, không có bản trùng thừa)",1,true,"Về việc chấp thuận Mặt bằng quy hoạch tổng thể Trung tâm thương mại dịch vụ 1, thuộc dự án khu nhà ở công nhân, nhà ở thương mại Lạc Hồng - Phố Nối tại xã Nhân Hòa, huyện Mỹ Hào năm 2018",2026-09-21 11:40:00
443,H31.05.02.H31.09.2018.2317,HOÀN THÀNH,"Đạt chuẩn (1 bản duy nhất) (Hồ sơ chuẩn, không có bản trùng thừa)",1,true,"Về việc chấp thuận mặt bằng quy hoạch tổng thể điều chỉnh dự án Trường cao đẳng đào tạo nguồn nhân lực toàn cầu J.A.K tại xã Nhân Hòa, huyện Mỹ Hào năm 2017",2026-09-21 11:40:05
444,H31.05.02.H31.09.2018.2316,HOÀN THÀNH,"Đạt chuẩn (1 bản duy nhất) (Hồ sơ chuẩn, không có bản trùng thừa)",1,true,"Về việc chấp thuận điều chỉnh mặt bằng quy hoạch tổng thể Khu nhà ở công nhân thuộc dự án Khu nhà ở công nhân, nhà ở thương mại Lạc Hồng - Phố Nối tại xã Nhân Hòa, huyện Mỹ Hào, năm 2018",2026-09-21 11:40:10
445,H31.05.02.H31.09.2018.2315,HOÀN THÀNH,"Đạt chuẩn (1 bản duy nhất) (Hồ sơ chuẩn, không có bản trùng thừa)",1,true,"Về việc chấp thuận Mặt bằng quy hoạch tổng thể điều chỉnh mở rộng dự án cộng phương án kiến trúc Công trình Trường Tiều học, Trung học cơ sở và Trung học phổ thông Hồng Đức tại xã Nhân Hòa, huyện Mỹ Hào năm 2017-2018.",2026-09-21 11:40:15
446,H31.05.02.H31.09.2018.2314,HOÀN THÀNH,"Đạt chuẩn (1 bản duy nhất) (Hồ sơ chuẩn, không có bản trùng thừa)",1,true,"Về việc chấp thuận Mặt bằng quy hoạch tổng thể công trình Trụ sở làm việc Đảng uỷ - HĐND - UBND xã Minh Đức, huyện Mỹ Hào năm 2018.",2026-09-21 11:40:20
447,H31.05.02.H31.09.2018.2313,HOÀN THÀNH,"Đạt chuẩn (1 bản duy nhất) (Hồ sơ chuẩn, không có bản trùng thừa)",1,true,"Về việc chấp thuận điều chỉnh mặt bằng quy hoạch tổng thể dự án Trường THCS Bần Yên Nhân, huyện Mỹ Hào năm 2018.",2026-09-21 11:40:25
448,H31.05.02.H31.09.2018.2312,HOÀN THÀNH,"Đạt chuẩn (1 bản duy nhất) (Hồ sơ chuẩn, không có bản trùng thừa)",1,true,"Về việc chấp thuận Mặt bằng quy hoạch tổng thể điều chỉnh và phương án kiến trúc điều chỉnh công trình. Trường mầm non thuộc dự án chợ bao bì và khu nhà ở thương mại Phố Nối tại xã Nhân Hòa và TT Bần Yên Nhân, huyện Mỹ Hào năm 2018",2026-09-21 11:40:30
449,H31.05.02.H31.09.2018.2311,HOÀN THÀNH,"Đạt chuẩn (1 bản duy nhất) (Hồ sơ chuẩn, không có bản trùng thừa)",1,true,"Về việc thẩm định mặt bằng quy hoạch tổng thể Dự án đầu tư xây dựng khu biệt thự, nhà ở thương mại Phúc Thành tại thị trấn Bần Yên Nhân, huyện Mỹ Hào năm 2018",2026-09-21 11:40:35
450,H31.05.02.H31.09.2018.2310,HOÀN THÀNH,"Đạt chuẩn (1 bản duy nhất) (Hồ sơ chuẩn, không có bản trùng thừa)",1,true,"Về việc chấp thuận Mặt bằng quy hoạch tổng thể cộng phương án kiến trúc công trình: Nhà chung cư cao tầng - Khu chung cư đô thị Phố Nối tại TT. Bần Yên Nhân, huyện Mỹ Hào năm 2018",2026-09-21 11:40:37
451,H31.05.02.H31.09.2018.2309,HOÀN THÀNH,"Đạt chuẩn (1 bản duy nhất) (Hồ sơ chuẩn, không có bản trùng thừa)",1,true,"Về việc chấp thuận mặt bằng quy hoạch tổng thể điều chỉnh cộng phương án kiến trúc công trình: Nhà chợ kinh doanh thường xuyên thuộc dự án đầu tư xây dựng Chợ bao bì và khu nhà ở thương mại Phố Nối tại TT. Bần Yên Nhân, huyện Mỹ Hào năm 2018",2026-09-21 11:40:39
452,H31.05.02.H31.09.2018.2308,HOÀN THÀNH,"Đạt chuẩn (1 bản duy nhất) (Hồ sơ chuẩn, không có bản trùng thừa)",1,true,"Về việc chấp thuận Mặt bằng quy hoạch tổng thể điều chỉnh và phương án kiến trúc công trình Khu hành chính Bệnh viện Tâm thần kinh Hưng Yên tại xã Song Mai, huyện Kim Động",2026-09-21 11:40:41
453,H31.05.02.H31.09.2018.2307,HOÀN THÀNH,"Đạt chuẩn (1 bản duy nhất) (Hồ sơ chuẩn, không có bản trùng thừa)",1,true,"Về việc chấp thuận mặt bằng quy hoạch tổng thể trụ sở Viện Kiểm sát nhân dân huyện Kim Động tại xã Chính Nghĩa, huyện Kim Động năm 2018",2026-09-21 11:40:44
454,H31.05.02.H31.09.2018.2306,HOÀN THÀNH,"Đạt chuẩn (1 bản duy nhất) (Hồ sơ chuẩn, không có bản trùng thừa)",1,true,"Về việc chấp thuận Mặt bằng quy hoạch tổng thể công trình: Xây dựng khu cây xanh công cộng huyện Kim Động tại thị trấn Lương Bằng, huyện Kim Động, năm 2018",2026-09-21 11:40:46
455,H31.05.02.H31.09.2017.2274,HOÀN THÀNH,"Đạt chuẩn (1 bản duy nhất) (Hồ sơ chuẩn, không có bản trùng thừa)",1,true,"Về việc cho ý kiến thẩm định dự án  của các doanh nghiệp trên địa bàn xã Yên Phú, huyện Yên Mỹ năm 2017 (tập 3)",2026-09-21 11:40:48
456,H31.05.02.H31.09.2017.2262,HOÀN THÀNH,"Đạt chuẩn (1 bản duy nhất) (Hồ sơ chuẩn, không có bản trùng thừa)",1,true,"Về việc cho ý kiến thẩm định dự án của các doanh nghiệp trên địa bàn xã Nghĩa Hiệp, huyện Yên Mỹ năm 2017",2026-09-21 11:40:50
457,H31.05.02.H31.09.2017.2256,HOÀN THÀNH,"Đạt chuẩn (1 bản duy nhất) (Hồ sơ chuẩn, không có bản trùng thừa)",1,true,"Về việc cho ý kiến thẩm định dự án của các doanh nghiệp trên địa bàn xã Đồng Than, huyện Yên Mỹ năm 2017",2026-09-21 11:40:53
458,H31.05.02.H31.09.2017.2255,HOÀN THÀNH,"Đạt chuẩn (1 bản duy nhất) (Hồ sơ chuẩn, không có bản trùng thừa)",1,true,"Về việc cho ý kiến thẩm định dự án của các doanh nghiệp trên địa bàn thị trấn Yên Mỹ, huyện Yên Mỹ năm 2017",2026-09-21 11:40:55
459,H31.05.02.H31.09.2017.2251,HOÀN THÀNH,"Đạt chuẩn (1 bản duy nhất) (Hồ sơ chuẩn, không có bản trùng thừa)",1,true,"Về việc cho ý kiến thẩm định dự án của các doanh nghiệp trên địa bàn xã Tân Quang, huyện Văn Lâm năm 2017 (tập 2).",2026-09-21 11:40:57
460,H31.05.02.H31.09.2017.2229,HOÀN THÀNH,"Đạt chuẩn (1 bản duy nhất) (Hồ sơ chuẩn, không có bản trùng thừa)",1,true,"Về việc cho ý kiến thẩm định dự án của các doanh nghiệp trên địa bàn xã Tân Tiến, huyện Văn Giang năm 2017 (tập 1)",2026-09-21 12:06:31
461,H31.05.02.H31.09.2017.2223,HOÀN THÀNH,"Đạt chuẩn (1 bản duy nhất) (Hồ sơ chuẩn, không có bản trùng thừa)",1,true,Về việc cho ý kiến thẩm định dự án của các doanh nghiệp trên địa bàn huyện Phù Cừ năm 2017,2026-09-21 11:41:01
462,H31.05.02.H31.09.2017.2222,HOÀN THÀNH,"Đạt chuẩn (1 bản duy nhất) (Hồ sơ chuẩn, không có bản trùng thừa)",1,true,"Về việc cho ý kiến thẩm định dự án của các doanh nghiệp trên địa bàn xã Phùng Chí Kiên, huyện Mỹ Hào năm 2017",2026-09-21 11:41:03
463,H31.05.02.H31.09.2017.2221,HOÀN THÀNH,"Đạt chuẩn (1 bản duy nhất) (Hồ sơ chuẩn, không có bản trùng thừa)",1,true,"Về việc cho ý kiến thẩm định dự án của các doanh nghiệp trên địa bàn xã Phan Đình Phùng, huyện Mỹ Hào năm 2017.",2026-09-21 11:41:06
464,H31.05.02.H31.09.2017.2220,HOÀN THÀNH,"Đạt chuẩn (1 bản duy nhất) (Hồ sơ chuẩn, không có bản trùng thừa)",1,true,"Về việc cho ý kiến thẩm định dự án của các doanh nghiệp trên địa bàn xã Nhân Hòa, huyện Mỹ Hào năm 2017.",2026-09-21 11:41:08
465,H31.05.02.H31.09.2017.2219,HOÀN THÀNH,"Đạt chuẩn (1 bản duy nhất) (Hồ sơ chuẩn, không có bản trùng thừa)",1,true,"Về việc cho ý kiến thẩm định dự án của các doanh nghiệp trên địa bàn xã Dị Sử, huyện Mỹ Hào năm 2017.",2026-09-21 11:41:10
466,H31.05.02.H31.09.2017.2218,HOÀN THÀNH,"Đạt chuẩn (1 bản duy nhất) (Hồ sơ chuẩn, không có bản trùng thừa)",1,true,"Về việc cho ý kiến thẩm định dự án của các doanh nghiệp trên địa bàn thị trấn Bần Yên Nhân, huyện Mỹ Hào năm 2017.",2026-09-21 11:41:12
467,H31.05.02.H31.09.2017.2217,HOÀN THÀNH,"Đạt chuẩn (1 bản duy nhất) (Hồ sơ chuẩn, không có bản trùng thừa)",1,true,Về việc cho ý kiến thẩm định dự án của các doanh nghiệp trên địa bàn huyện Mỹ Hào năm 2017,2026-09-21 11:41:14
468,H31.05.02.H31.09.2017.2216,HOÀN THÀNH,"Đạt chuẩn (1 bản duy nhất) (Hồ sơ chuẩn, không có bản trùng thừa)",1,true,"Về việc cho ý kiến thẩm định dự án của các doanh nghiệp trên địa bàn xã Vũ Xá, huyện Kim Động năm 2017",2026-09-21 12:06:34
469,H31.05.02.H31.09.2017.2208,HOÀN THÀNH,"Đạt chuẩn (1 bản duy nhất) (Hồ sơ chuẩn, không có bản trùng thừa)",1,true,"Về việc cho ý kiến thẩm định dự án của các doanh nghiệp trên địa bàn thị trấn Lương Bằng, huyện Kim Động năm 2017",2026-09-21 11:41:19
470,H31.05.02.H31.09.2017.2207,HOÀN THÀNH,"Đạt chuẩn (1 bản duy nhất) (Hồ sơ chuẩn, không có bản trùng thừa)",1,true,Về việc cho ý kiến thẩm định dự án của các doanh nghiệp trên địa bàn xã Tân Dân huyện Khoái Châu năm 2017 (tập 3),2026-09-21 12:06:36
471,H31.05.02.H31.09.2017.2204,HOÀN THÀNH,"Đạt chuẩn (1 bản duy nhất) (Hồ sơ chuẩn, không có bản trùng thừa)",1,true,"Về việc cho ý kiến thẩm định dự án của các doanh nghiệp trên địa bàn xã Hồng Tiến, huyện Khoái Châu năm 2017.",2026-09-21 11:41:23
472,H31.05.02.H31.09.2017.2203,HOÀN THÀNH,"Đạt chuẩn (1 bản duy nhất) (Hồ sơ chuẩn, không có bản trùng thừa)",1,true,"Về việc cho ý kiến thẩm định dự án của các doanh nghiệp trên địa bàn xã Dân Tiến, huyện Khoái Châu năm 2017.",2026-09-21 12:06:39
473,H31.05.02.H31.09.2017.2202,HOÀN THÀNH,"Đạt chuẩn (1 bản duy nhất) (Hồ sơ chuẩn, không có bản trùng thừa)",1,true,"Về việc cho ý kiến thẩm định dự án của các doanh nghiệp trên địa bàn thị trấn Khoái Châu, huyện. Khoái Châu năm 2017",2026-09-21 12:06:41
474,H31.05.02.H31.09.2017.2201,HOÀN THÀNH,"Đạt chuẩn (1 bản duy nhất) (Hồ sơ chuẩn, không có bản trùng thừa)",1,true,"Về việc cho ý kiến thẩm định dự án của các doanh nghiệp trên địa bàn huyện Khoái Châu, tỉnh Hưng Yên năm 2017",2026-09-21 11:41:30
475,H31.05.02.H31.09.2017.2200,HOÀN THÀNH,"Đạt chuẩn (1 bản duy nhất) (Hồ sơ chuẩn, không có bản trùng thừa)",1,true,"Về việc cho ý kiến thẩm định dự án của các doanh nghiệp trên địa bàn xã Liên Phương, TP Hưng Yên năm 2017",2026-09-21 11:41:32
476,H31.05.02.H31.09.2017.2199,HOÀN THÀNH,"Đạt chuẩn (1 bản duy nhất) (Hồ sơ chuẩn, không có bản trùng thừa)",1,true,"Về việc cho ý kiến thẩm định dự án của các doanh nghiệp trên địa bàn xã Hùng Cường, thành phố Hưng Yên năm 2017",2026-09-21 11:41:34
477,H31.05.02.H31.09.2017.2198,HOÀN THÀNH,"Đạt chuẩn (1 bản duy nhất) (Hồ sơ chuẩn, không có bản trùng thừa)",1,true,"Tham gia ý kiến về quy hoạch chi tiết tỷ lệ 1/500 Khu dân cư mới ngã tư Phạm Bạch Hổ - Trần Hưng Đạo, phường Lam Sơn, thành phố Hưng Yên năm 2017",2026-09-21 11:41:36
478,H31.05.02.H31.09.2017.2197,HOÀN THÀNH,"Đạt chuẩn (1 bản duy nhất) (Hồ sơ chuẩn, không có bản trùng thừa)",1,true,"Tham gia ý kiến cho dự án điều chỉnh của Công ty TNHH Phương Thùy Hưng Yên để thực hiện dự án nhà máy sản xuất hàng may mặc xuất khẩu và cho thuê nhà xưởng, kho bãi tại phường An Tảo và Lam Sơn, TP Hưng Yên năm 2017",2026-09-21 11:41:38
479,H31.05.02.H31.09.2017.2196,HOÀN THÀNH,"Đạt chuẩn (1 bản duy nhất) (Hồ sơ chuẩn, không có bản trùng thừa)",1,true,"Tham gia ý kiến cho dự án của Công ty Cổ phần Nguyên Đình Hưng Yên để thực hiện dự án Khu vui chơi giải trí và nuôi trồng thủy sản năm 2017, thành phố Hưng Yên",2026-09-21 11:41:41
480,H31.05.02.H31.09.2017.2195,HOÀN THÀNH,"Đạt chuẩn (1 bản duy nhất) (Hồ sơ chuẩn, không có bản trùng thừa)",1,true,Về việc cho ý kiến thẩm định dự án của các doanh nghiệp trên địa bàn phường Lam Sơn TP. Hưng Yên năm 2018.,2026-09-21 11:41:43
481,H31.05.02.H31.09.2017.2194,HOÀN THÀNH,"Đạt chuẩn (1 bản duy nhất) (Hồ sơ chuẩn, không có bản trùng thừa)",1,true,"Về việc cho ý kiến thẩm định dự án của các doanh nghiệp trên địa bàn phường Hồng Châu, TP. Hưng Yên năm 2017.",2026-09-21 11:41:45
482,H31.05.02.H31.09.2017.2193,HOÀN THÀNH,"Đạt chuẩn (1 bản duy nhất) (Hồ sơ chuẩn, không có bản trùng thừa)",1,true,"Về việc cho ý kiến thẩm định dự án của các doanh nghiệp trên địa bàn phường Hiến Nam, TP. Hưng Yên năm 2017.",2026-09-21 11:41:47
483,H31.05.02.H31.09.2017.2192,HOÀN THÀNH,"Đạt chuẩn (1 bản duy nhất) (Hồ sơ chuẩn, không có bản trùng thừa)",1,true,"Về việc cho ý kiến thẩm định dự án của các doan nghiệp trên địa bàn phường An Tảo, thành phố Hưng Yên",2026-09-21 11:41:49
484,H31.05.02.H31.09.2017.2191,HOÀN THÀNH,"Đạt chuẩn (1 bản duy nhất) (Hồ sơ chuẩn, không có bản trùng thừa)",1,true,Về việc cho ý kiến thẩm định dự án của các doanh nghiệp trên địa bàn thành phố Hưng Yên năm 2017,2026-09-21 11:41:52
485,H31.05.02.H31.09.2017.2190,HOÀN THÀNH,"Đạt chuẩn (1 bản duy nhất) (Hồ sơ chuẩn, không có bản trùng thừa)",1,true,Về việc cho ý kiến thẩm định dự án của các doanh nghiệp trên địa bàn huyện Ân Thi năm 2017,2026-09-21 11:41:54
486,H31.05.02.H31.09.2010.1707,HOÀN THÀNH,"Đạt chuẩn (1 bản duy nhất) (Hồ sơ chuẩn, không có bản trùng thừa)",1,true,"Cấp phép xây dựng cho Công ty CP hợp tác lao động nước ngoài - LOD tại xã Trung Hòa, huyện Yên Mỹ để thực hiện công trình trường CĐ nghề kỹ thuật - công nghệ LOD, Hạng mục: Nhà thực hành thí nghiệm 3,4",2026-09-21 11:41:56
487,H31.05.02.H31.09.2010.1706,HOÀN THÀNH,"Đạt chuẩn (1 bản duy nhất) (Hồ sơ chuẩn, không có bản trùng thừa)",1,true,"Cấp phép xây dựng cho Công ty CP hợp tác lao động nước ngoài - LOD tại xã Trung Hòa, huyện Yên Mỹ để thực hiện công trình Trường CĐ nghề kỹ thuật - công nghệ LOD, Hạng mục: Nhà hiệu bộ - giảng đường 1,2",2026-09-21 11:41:59
488,H31.05.02.H31.09.2019.2606,HOÀN THÀNH,"Đạt chuẩn (1 bản duy nhất) (Hồ sơ chuẩn, không có bản trùng thừa)",1,true,Góp ý kiến vào đồ án điều chỉnh quy hoạch chung xây dựng huyện Văn Giang đến năm 2035,2026-09-21 11:42:01
489,H31.05.02.H31.09.2019.2506,HOÀN THÀNH,"Đạt chuẩn (1 bản duy nhất) (Hồ sơ chuẩn, không có bản trùng thừa)",1,true,Về việc cho ý kiến thẩm định dự án các doanh nghiệp trên địa bàn thành phố Hưng Yên (tập 2),2026-09-21 11:42:03
490,H31.05.02.H31.09.2019.2505,HOÀN THÀNH,"Đạt chuẩn (1 bản duy nhất) (Hồ sơ chuẩn, không có bản trùng thừa)",1,true,Về việc cho ý kiến thẩm định dự án của các doanh nghiệp trên địa bàn thành phố Hưng Yên (tập 1),2026-09-21 11:42:05
491,H31.05.02.H31.09.2019.2504,HOÀN THÀNH,"Đạt chuẩn (1 bản duy nhất) (Hồ sơ chuẩn, không có bản trùng thừa)",1,true,"Tham gia ý kiến thẩm định đối với hồ sơ đề nghị thành lập cụm công nghiệp Quảng Lãng, huyện Ân Thi",2026-09-21 11:42:08
492,H31.05.02.H31.09.2019.2503,HOÀN THÀNH,"Đạt chuẩn (1 bản duy nhất) (Hồ sơ chuẩn, không có bản trùng thừa)",1,true,Về việc cho ý kiến thẩm định dự án của các doanh nghiệp trên địa bàn huyện Ân Thi (tập 2),2026-09-21 11:42:10
493,H31.05.02.H31.09.2018.2450,HOÀN THÀNH,"Đạt chuẩn (1 bản duy nhất) (Hồ sơ chuẩn, không có bản trùng thừa)",1,true,"Về việc cho ý kiến thẩm định dự án của các doanh nghiệp trên địa bàn xã Yên Phú và xã Yên Hòa, huyện Yên Mỹ năm 2018",2026-09-21 11:42:12
494,H31.05.02.H31.09.2018.2449,HOÀN THÀNH,"Đạt chuẩn (1 bản duy nhất) (Hồ sơ chuẩn, không có bản trùng thừa)",1,true,"Về việc cho ý kiến thẩm định dự án của các doanh nghiệp trên địa bàn xã Trung Hòa và thị trấn Yên Mỹ, huyện Yên Mỹ năm 2018",2026-09-21 11:42:14
495,H31.05.02.H31.09.2018.2448,HOÀN THÀNH,"Đạt chuẩn (1 bản duy nhất) (Hồ sơ chuẩn, không có bản trùng thừa)",1,true,"Về việc cho ý kiến thẩm định dự án của các doanh nghiệp trên địa bàn xã Tân Lập và thị trấn Yên Mỹ, huyện Yên Mỹ năm 2018",2026-09-21 11:42:16
496,H31.05.02.H31.09.2018.2447,HOÀN THÀNH,"Đạt chuẩn (1 bản duy nhất) (Hồ sơ chuẩn, không có bản trùng thừa)",1,true,"Về việc cho ý kiến thẩm định dự án của các doanh nghiệp trên địa bàn xã Yên Phú, huyện Yên Mỹ năm 2018",2026-09-21 11:42:19
497,H31.05.02.H31.09.2018.2446,HOÀN THÀNH,"Đạt chuẩn (1 bản duy nhất) (Hồ sơ chuẩn, không có bản trùng thừa)",1,true,"Về việc cho ý kiến thẩm định dự án của các doanh nghiệp trên địa bàn xã Yên Hòa, huyện Yên Mỹ năm 2018",2026-09-21 11:42:21
498,H31.05.02.H31.09.2018.2430,HOÀN THÀNH,"Đạt chuẩn (1 bản duy nhất) (Hồ sơ chuẩn, không có bản trùng thừa)",1,true,"Về việc cho ý kiến thẩm định dự án của các doanh nghiệp trên địa bàn xã Tân Quang, huyện Văn Lâm năm 2018",2026-09-21 11:42:23
499,H31.05.02.H31.09.2018.2424,HOÀN THÀNH,"Đạt chuẩn (1 bản duy nhất) (Hồ sơ chuẩn, không có bản trùng thừa)",1,true,"Về việc cho ý kiến thẩm định dự án của các doanh nghiệp trên địa bàn huyện Văn Lâm, tỉnh Hưng Yên năm 2018",2026-09-21 11:42:25
500,H31.05.02.H31.09.2018.2423,HOÀN THÀNH,"Đạt chuẩn (1 bản duy nhất) (Hồ sơ chuẩn, không có bản trùng thừa)",1,true,Về việc cho ý kiến thẩm định dự án đầu tư khu đô thị sinh thái dream city Văn Giang năm 2018,2026-09-21 11:42:27
501,H31.05.02.H31.09.2018.2422,HOÀN THÀNH,"Đạt chuẩn (1 bản duy nhất) (Hồ sơ chuẩn, không có bản trùng thừa)",1,true,"Về việc cho ý kiến thẩm định dự án của các doanh nghiệp trên địa bàn xã Xuân Quan, huyện Văn Giang năm 2018",2026-09-21 11:42:30
502,H31.05.02.H31.09.2018.2421,HOÀN THÀNH,"Đạt chuẩn (1 bản duy nhất) (Hồ sơ chuẩn, không có bản trùng thừa)",1,true,"Về việc cho ý kiến thẩm định dự án của các doanh nghiệp trên địa bàn xã Vĩnh Khúc, huyện Văn Giang năm 2018",2026-09-21 11:42:32
503,H31.05.02.H31.09.2018.2400,HOÀN THÀNH,"Đạt chuẩn (1 bản duy nhất) (Hồ sơ chuẩn, không có bản trùng thừa)",1,true,"Về việc cho ý kiến thẩm định dự án của các doanh nghiệp trên địa bàn xã Toàn Thắng, huyện Kim Động năm 2018",2026-09-21 11:42:34
504,H31.05.02.H31.09.2018.2399,HOÀN THÀNH,"Đạt chuẩn (1 bản duy nhất) (Hồ sơ chuẩn, không có bản trùng thừa)",1,true,"Về việc cho ý kiến thẩm định dự án của các doanh nghiệp trên địa bàn xã Chính Nghĩa, huyện Kim Động năm 2018",2026-09-21 11:42:36
505,H31.05.02.H31.09.2018.2398,HOÀN THÀNH,"Đạt chuẩn (1 bản duy nhất) (Hồ sơ chuẩn, không có bản trùng thừa)",1,true,"Tham gia ý kiến thẩm định cho dự án nhà máy nến quốc tế Thắng Lợi của Nhà đầu tư nước ngoài tại thị trấn Lương Bằng, Kim Động năm 2018.",2026-09-21 11:42:38
506,H31.05.02.H31.09.2018.2397,HOÀN THÀNH,"Đạt chuẩn (1 bản duy nhất) (Hồ sơ chuẩn, không có bản trùng thừa)",1,true,"Về việc cho ý kiến thẩm định dự án của các doanh nghiệp trên địa bàn huyện Kim Động, tỉnh Hưng Yên năm 2018",2026-09-21 11:42:40
507,H31.05.02.H31.09.2018.2391,HOÀN THÀNH,"Đạt chuẩn (1 bản duy nhất) (Hồ sơ chuẩn, không có bản trùng thừa)",1,true,"Về việc cho ý kiến thẩm định dự án của các doanh nghiệp trên địa bàn xã An Vĩ, huyện Khoái Châu, tỉnh Hưng Yên năm 2018",2026-09-21 12:06:48
508,H31.05.02.H31.09.2018.2390,HOÀN THÀNH,"Đạt chuẩn (1 bản duy nhất) (Hồ sơ chuẩn, không có bản trùng thừa)",1,true,Về việc cho ý kiến thẩm định dự án của các doanh nghiệp trên địa bàn huyện Khoái Châu tỉnh Hưng Yên,2026-09-21 11:42:45
509,H31.05.02.H31.09.2018.2385,HOÀN THÀNH,"Đạt chuẩn (1 bản duy nhất) (Hồ sơ chuẩn, không có bản trùng thừa)",1,true,Về việc cho ý kiến thẩm định dự án của các doanh nghiệp trên địa bàn thành phố Hưng Yên năm 2018,2026-09-21 11:42:47
510,H31.05.02.H31.09.2018.2384,HOÀN THÀNH,"Đạt chuẩn (1 bản duy nhất) (Hồ sơ chuẩn, không có bản trùng thừa)",1,true,Hồ sơ về việc cho ý kiến thẩm định dự án của các doanh nghiệp trên địa bàn thành phố Hưng Yên năm 2018 (tập 1),2026-09-21 11:42:49
511,H31.05.02.H31.09.2018.2374,HOÀN THÀNH,"Đạt chuẩn (1 bản duy nhất) (Hồ sơ chuẩn, không có bản trùng thừa)",1,true,"Hồ sơ phương án kiến trúc dự án Ecopark Grand - The Island, mẫu biệt thự 4A - 04, huyện Văn Giang, tỉnh Hưng Yên năm 2018",2026-09-21 11:42:51
512,H31.05.02.H31.09.2018.2373,HOÀN THÀNH,"Đạt chuẩn (1 bản duy nhất) (Hồ sơ chuẩn, không có bản trùng thừa)",1,true,"Hồ sơ về phương án thiết kế kiến trúc các mẫu nhà thuộc Lô đất TT-26, Khu biệt thự đảo (gđ 2) - Khu đô thị thương mại và du lịch Văn Giang (Ecopark) tại xã Xuân Quan, huyện Văn Giang năm 2018",2026-09-21 11:42:53
513,H31.05.02.H31.09.2018.2372,HOÀN THÀNH,"Đạt chuẩn (1 bản duy nhất) (Hồ sơ chuẩn, không có bản trùng thừa)",1,true,"Về phương án thiết kế kiến trúc công trình Nhà câu lạc bộ Khu biệt thự và nhà phố vườn Vạn Tuế (Sago Palm Garden) tại xã Phụng Công, huyện Văn Giang năm 2018",2026-09-21 11:42:56
514,H31.05.02.H31.09.2018.2371,HOÀN THÀNH,"Đạt chuẩn (1 bản duy nhất) (Hồ sơ chuẩn, không có bản trùng thừa)",1,true,"Về phương án thiết kế kiến trúc các mẫu nhà tại các lô TT23, TT24, TT27, TT28A, TT28B, TT29A,TT29B, TT30A, TT30B, thuộc dự án Khu biệt thự đảo, Khu đô thị thương mại và du lịch Văn Giang",2026-09-21 12:06:51
515,H31.05.02.H31.09.2018.2370,HOÀN THÀNH,"Đạt chuẩn (1 bản duy nhất) (Hồ sơ chuẩn, không có bản trùng thừa)",1,true,"Về phương án thiết kế kiến trúc mẫu nhà lô phố 100+ 101, khu nhà phố 1A-03, thuộc phân kì 1 - khu đô thị thương mại và du lịch Văn Giang (Ecopark) năm 2018.",2026-09-21 11:43:00
516,H31.05.02.H31.09.2017.2273,HOÀN THÀNH,"Đạt chuẩn (1 bản duy nhất) (Hồ sơ chuẩn, không có bản trùng thừa)",1,true,"Về việc cho ý kiến thẩm định dự án của các doanh nghiệp trên địa bàn xã Yên Phú, huyện Yên Mỹ năm 2017 (tập 2)",2026-09-21 11:43:02
517,H31.05.02.H31.09.2017.2272,HOÀN THÀNH,"Đạt chuẩn (1 bản duy nhất) (Hồ sơ chuẩn, không có bản trùng thừa)",1,true,"Về việc cho ý kiến thẩm định dự án của các doanh nghiệp trên địa bàn xã Yên Phú, huyện Yên Mỹ (tập 1)",2026-09-21 12:06:53
518,H31.05.02.H31.09.2017.2270,HOÀN THÀNH,"Đạt chuẩn (1 bản duy nhất) (Hồ sơ chuẩn, không có bản trùng thừa)",1,true,"Về việc cho ý kiến thẩm định dự án của các doanh nghiệp trên địa bàn xã Yên Hoà, huyện Yên Mỹ năm 2017",2026-09-21 11:43:07
519,H31.05.02.H31.09.2017.2269,HOÀN THÀNH,"Đạt chuẩn (1 bản duy nhất) (Hồ sơ chuẩn, không có bản trùng thừa)",1,true,"Về việc cho ý kiến thẩm định dự án của các doanh nghiệp trên địa bàn xã Việt Cường, huyện Yên Mỹ năm 2017",2026-09-21 11:43:09
520,H31.05.02.H31.09.2016.2271,HOÀN THÀNH,"Đạt chuẩn (1 bản duy nhất) (Hồ sơ chuẩn, không có bản trùng thừa)",1,true,"Về việc cho ý kiến thẩm định dự án của các doanh nghiệp trên địa bàn xã Yên Phú, huyện Yên Mỹ năm 2016",2026-09-21 12:06:56
521,H31.05.02.H31.09.2017.2268,HOÀN THÀNH,"Đạt chuẩn (1 bản duy nhất) (Hồ sơ chuẩn, không có bản trùng thừa)",1,true,"Về việc cho ý kiến thẩm định dự án của các doanh nghiệp trên địa bàn xã Trung Hưng, huyện Yên Mỹ năm 2017",2026-09-21 11:43:13
522,H31.05.02.H31.09.2017.2267,HOÀN THÀNH,"Đạt chuẩn (1 bản duy nhất) (Hồ sơ chuẩn, không có bản trùng thừa)",1,true,"Về việc cho ý kiến thẩm định dự án của các doanh nghiệp trên địa bàn xã Trung Hòa, huyện Yên Mỹ năm 2017",2026-09-21 11:43:15
523,H31.05.02.H31.09.2017.2266,HOÀN THÀNH,"Đạt chuẩn (1 bản duy nhất) (Hồ sơ chuẩn, không có bản trùng thừa)",1,true,"Về việc cho ý kiến thẩm định dự án của các doanh nghiệp trên địa bàn xã Thanh Long, huyện Yên Mỹ năm 2017",2026-09-21 12:06:58
524,H31.05.02.H31.09.2017.2265,HOÀN THÀNH,"Đạt chuẩn (1 bản duy nhất) (Hồ sơ chuẩn, không có bản trùng thừa)",1,true,"Về việc cho ý kiến thẩm định của các doanh nghiệp trên địa bàn xã Tân Việt, huyện Yên Mỹ năm 2017",2026-09-21 11:43:20
525,H31.05.02.H31.09.2017.2264,HOÀN THÀNH,"Đạt chuẩn (1 bản duy nhất) (Hồ sơ chuẩn, không có bản trùng thừa)",1,true,"Về việc cho ý kiến thẩm định dự án của các doanh nghiệp trên địa bàn xã Tân Lập, huyện Yên Mỹ năm 2017",2026-09-21 11:43:22
526,H31.05.02.H31.09.2017.2263,HOÀN THÀNH,"Đạt chuẩn (1 bản duy nhất) (Hồ sơ chuẩn, không có bản trùng thừa)",1,true,"Về việc cho ý kiến thẩm định dự án của các doanh nghiệp trên địa bàn xã Ngọc Long, huyện Yên Mỹ năm 2017",2026-09-21 11:43:24
527,H31.05.02.H31.09.2017.2261,HOÀN THÀNH,"Đạt chuẩn (1 bản duy nhất) (Hồ sơ chuẩn, không có bản trùng thừa)",1,true,Về việc cho ý kiến thẩm định dự án của các doanh nghiệp trên địa bàn xã Minh Châu huyện Yên Mỹ năm 2017,2026-09-21 11:43:26
528,H31.05.02.H31.09.2017.2260,HOÀN THÀNH,"Đạt chuẩn (1 bản duy nhất) (Hồ sơ chuẩn, không có bản trùng thừa)",1,true,"Về việc cho ý kiến thẩm định dự án của các doanh nghiệp trên địa bàn xã Lý Thường, huyện Yên Mỹ năm 2017",2026-09-21 11:43:29
529,H31.05.02.H31.09.2017.2259,HOÀN THÀNH,"Đạt chuẩn (1 bản duy nhất) (Hồ sơ chuẩn, không có bản trùng thừa)",1,true,"Về việc cho ý kiến thẩm định dự án của các doanh nghiệp trên địa bàn xã Liêu Xá, huyện Yên Mỹ năm 2017",2026-09-21 11:43:31
530,H31.05.02.H31.09.2017.2248,HOÀN THÀNH,"Đạt chuẩn (1 bản duy nhất) (Hồ sơ chuẩn, không có bản trùng thừa)",1,true,"Về việc cho ý kiến thẩm định dự án của các doanh nghiệp trên địa bàn xã Minh Hải, huyện Văn Lâm năm 2017 (tập 2)",2026-09-21 11:43:33
531,H31.05.02.H31.09.2017.2247,HOÀN THÀNH,"Đạt chuẩn (1 bản duy nhất) (Hồ sơ chuẩn, không có bản trùng thừa)",1,true,"Về việc cho ý kiến thẩm định dự án của các doanh nghiệp trên địa bàn xã Minh Hải, huyện Văn Lâm năm 2017 (tập 1)",2026-09-21 11:43:35
532,H31.05.02.H31.09.2017.2243,HOÀN THÀNH,"Đạt chuẩn (1 bản duy nhất) (Hồ sơ chuẩn, không có bản trùng thừa)",1,true,"Về việc cho ý kiến thẩm định dự án của các doanh nghiệp trên địa bàn xã Đình Dù, huyện Văn Lâm năm 2017",2026-09-21 11:43:37
533,H31.05.02.H31.09.2017.2242,HOÀN THÀNH,"Đạt chuẩn (1 bản duy nhất) (Hồ sơ chuẩn, không có bản trùng thừa)",1,true,"Về việc cho ý kiến thẩm định dự án của các doanh nghiệp trên địa bàn xã Đại Đồng, huyện Văn Lâm năm 2017 (Tập 4)",2026-09-21 11:43:39
534,H31.05.02.H31.09.2017.2241,HOÀN THÀNH,"Đạt chuẩn (1 bản duy nhất) (Hồ sơ chuẩn, không có bản trùng thừa)",1,true,"Về việc cho ý kiến thẩm định dự án của các doanh nghiệp trên địa bàn xã Đại Đồng, huyện Văn Lâm năm 2017 (tập 3)",2026-09-21 11:43:42
535,H31.05.02.H31.09.2017.2240,HOÀN THÀNH,"Đạt chuẩn (1 bản duy nhất) (Hồ sơ chuẩn, không có bản trùng thừa)",1,true,"Về việc cho ý kiến thầm định dự án của các doanh nghiệp trên địa bàn xã Đại Đồng, huyện Văn Lâm năm 2017 (tập 2)",2026-09-21 11:43:44
536,H31.05.02.H31.09.2017.2237,HOÀN THÀNH,"Đạt chuẩn (1 bản duy nhất) (Hồ sơ chuẩn, không có bản trùng thừa)",1,true,"Về việc cho ý kiến thẩm định dự án của các doanh nghiệp trên địa bàn xã Chỉ Đạo, huyện Văn Lâm năm 2017 (tập 2)",2026-09-21 11:43:46
537,H31.05.02.H31.09.2017.2236,HOÀN THÀNH,"Đạt chuẩn (1 bản duy nhất) (Hồ sơ chuẩn, không có bản trùng thừa)",1,true,"Về việc cho ý kiến thẩm định dự án của các doanh nghiệp trên địa bàn xã Chỉ Đạo, huyện Văn Lâm năm 2017 (Tập 1)",2026-09-21 11:43:48
538,H31.05.02.H31.09.2017.2235,HOÀN THÀNH,"Đạt chuẩn (1 bản duy nhất) (Hồ sơ chuẩn, không có bản trùng thừa)",1,true,"Về việc cho ý kiến thẩm định dự án của các doanh nghiệp trên địa bàn thị trấn Như Quỳnh, huyện Văn Lâm năm 2017 (Tập 2)",2026-09-21 12:07:03
539,H31.05.02.H31.09.2017.2234,HOÀN THÀNH,"Đạt chuẩn (1 bản duy nhất) (Hồ sơ chuẩn, không có bản trùng thừa)",1,true,"Về việc cho ý kiến thẩm định dự án của các doanh nghiệp trên địa bàn thị trấn Như Quỳnh, huyện Văn Lâm (tập 1)",2026-09-21 11:43:53
540,H31.05.02.H31.09.2017.2231,HOÀN THÀNH,"Đạt chuẩn (1 bản duy nhất) (Hồ sơ chuẩn, không có bản trùng thừa)",1,true,Về việc cho ý kiến thẩm định dự án của các doanh nghiệp trên địa bàn xã Thắng Lợi. huyện Văn Giang năm 2017,2026-09-21 11:43:55
541,H31.05.02.H31.09.2017.2230,HOÀN THÀNH,"Đạt chuẩn (1 bản duy nhất) (Hồ sơ chuẩn, không có bản trùng thừa)",1,true,Về việc cho ý kiến thẩm định dự án của các doanh nghiệp trên địa bàn xã Tân Tiến năm 2017 (Tập 2),2026-09-21 11:43:57
542,H31.05.02.H31.09.2017.2227,HOÀN THÀNH,"Đạt chuẩn (1 bản duy nhất) (Hồ sơ chuẩn, không có bản trùng thừa)",1,true,"Về việc cho ý kiến thẩm định dự án của các doanh nghiệp trên địa bàn thị trấn Văn Giang, huyện Văn Giang năm 2017",2026-09-21 12:07:05
543,H31.05.02.H31.09.2017.2226,HOÀN THÀNH,"Đạt chuẩn (1 bản duy nhất) (Hồ sơ chuẩn, không có bản trùng thừa)",1,true,Về việc cho ý kiến thẩm định dự án các doanh nghiệp trên địa bàn huyện Văn Giang năm 2017,2026-09-21 11:44:02
544,H31.05.02.H31.09.2017.2224,HOÀN THÀNH,"Đạt chuẩn (1 bản duy nhất) (Hồ sơ chuẩn, không có bản trùng thừa)",1,true,Về việc cho ý kiến thẩm định dự án của các doanh nghiệp trên địa bàn huyện Tiên Lữ năm 2017 (tập 1),2026-09-21 11:44:04
545,H31.05.02.H31.09.2017.2215,HOÀN THÀNH,"Đạt chuẩn (1 bản duy nhất) (Hồ sơ chuẩn, không có bản trùng thừa)",1,true,Về việc cho ý kiến thẩm định dự án của các doanh nghiệp trên địa bàn xã Toàn Thắng huyện Kim Động năm 2017,2026-09-21 11:44:06
546,H31.05.02.H31.09.2017.2214,HOÀN THÀNH,"Đạt chuẩn (1 bản duy nhất) (Hồ sơ chuẩn, không có bản trùng thừa)",1,true,"Về việc cho ý kiến thẩm định dự án của các doanh nghiệp trên địa bàn xã Thọ Vinh, huyện Kim Động năm 2017",2026-09-21 11:44:08
547,H31.05.02.H31.09.2017.2213,HOÀN THÀNH,"Đạt chuẩn (1 bản duy nhất) (Hồ sơ chuẩn, không có bản trùng thừa)",1,true,"Về việc cho ý kiến thẩm định dự án của các doanh nghiệp trên địa bàn xã Song Mai, huyện Kim Động năm 2017",2026-09-21 12:07:08
548,H31.05.02.H31.09.2017.2212,HOÀN THÀNH,"Đạt chuẩn (1 bản duy nhất) (Hồ sơ chuẩn, không có bản trùng thừa)",1,true,"Về việc cho ý kiến thẩm định dự án của các doanh nghiệp trên địa bàn xã Nhân La, huyện Kim Động năm 2017",2026-09-21 11:44:13
549,H31.05.02.H31.09.2017.2211,HOÀN THÀNH,"Đạt chuẩn (1 bản duy nhất) (Hồ sơ chuẩn, không có bản trùng thừa)",1,true,"Về việc cho ý kiến thẩm định dự án của các doanh nghiệp trên địa bàn xã Nghĩa Dân, huyện Kim Động năm 2017",2026-09-21 11:44:15
550,H31.05.02.H31.09.2017.2210,HOÀN THÀNH,"Đạt chuẩn (1 bản duy nhất) (Hồ sơ chuẩn, không có bản trùng thừa)",1,true,"Về việc cho ý kiến thẩm định dự án của các doanh nghiệp trên địa bàn xã Đức Hợp, huyện Kim Động năm 2017",2026-09-21 12:07:11
551,H31.05.02.H31.09.2017.2209,HOÀN THÀNH,"Đạt chuẩn (1 bản duy nhất) (Hồ sơ chuẩn, không có bản trùng thừa)",1,true,"Về việc cho ý kiến thẩm định dự án của các doanh nghiệp trên địa bàn xã Chính Nghĩa, huyện Kim Động năm 2017",2026-09-21 11:44:19
552,H31.05.02.H31.09.2017.2189,HOÀN THÀNH,"Đạt chuẩn (1 bản duy nhất) (Hồ sơ chuẩn, không có bản trùng thừa)",1,true,"Phương án kiến trúc các hạng mục dự án Trường THCS xã Tân Việt, huyện Yên Mỹ",2026-09-21 11:44:21
553,H31.05.02.H31.09.2017.2188,HOÀN THÀNH,"Đạt chuẩn (1 bản duy nhất) (Hồ sơ chuẩn, không có bản trùng thừa)",1,true,"Phương án kiến trúc công trình: Nhà hội trường xã lân Lập, huyện Yên Mỹ",2026-09-21 11:44:23
554,H31.05.02.H31.09.2017.2187,HOÀN THÀNH,"Đạt chuẩn (1 bản duy nhất) (Hồ sơ chuẩn, không có bản trùng thừa)",1,true,"Thiết kế sơ bộ công trình: Tổ hợp chung cư thu nhập thấp khu nhà ở, dịch vụ khu công nghiệp Phố Nối tại xã Nghĩa Hiệp, huyện Yên Mỹ",2026-09-21 11:44:26
555,H31.05.02.H31.09.2017.2186,HOÀN THÀNH,"Đạt chuẩn (1 bản duy nhất) (Hồ sơ chuẩn, không có bản trùng thừa)",1,true,"Phương án kiến trúc công trình Nhà hàng ẩm thực và tổ chức sự kiện Minh Hoàng tại thị trấn Yên Mỹ, huyện Yên Mỹ, tỉnh Hưng Yên",2026-09-21 11:44:28
556,H31.05.02.H31.09.2017.2185,HOÀN THÀNH,"Đạt chuẩn (1 bản duy nhất) (Hồ sơ chuẩn, không có bản trùng thừa)",1,true,"Phương án thiết kế kiến trúc các mẫu nhà ở liền kề thuộc dự án chợ và hạ tầng kỹ thuật khu nhà ở thương mại Như Quỳnh tại thị trấn Như Quỳnh, huyện Văn Lâm",2026-09-21 11:44:30
557,H31.05.02.H31.09.2017.2139,LỖI KHÓA,Bỏ qua (Lỗi máy chủ) (Đã thử gửi lệnh xóa nhưng máy chủ Vinasynet không cập nhật (bản ghi bị khóa)),50,false,"Về việc chấp thuận mặt bằng quy hoạch tổng thể dự án đầu tư xây dựng trường THCS xã Tân Việt, huyện Yên Mỹ",2026-09-21 12:07:22
558,H31.05.02.H31.09.2017.2138,HOÀN THÀNH,"Đạt chuẩn (1 bản duy nhất) (Hồ sơ chuẩn, không có bản trùng thừa)",1,true,"Về việc chấp thuận Mặt bằng quy hoạch tổng thể dự án Trụ sở làm việc Đảng uỷ - HĐND - UBND xã Tân Lập, huyện Yên Mỹ",2026-09-21 11:44:42
559,H31.05.02.H31.09.2017.2136,HOÀN THÀNH,"Đạt chuẩn (1 bản duy nhất) (Hồ sơ chuẩn, không có bản trùng thừa)",1,true,"Về việc chấp thuận mặt bằng quy hoạch tổng thể điều chỉnh dự án Khu nhà ở và trung tâm thương mại Phố Nối tại xã Nghĩa Hiệp, huyện Yên Mỹ",2026-09-21 11:44:45
560,H31.05.02.H31.09.2017.2135,HOÀN THÀNH,"Đạt chuẩn (1 bản duy nhất) (Hồ sơ chuẩn, không có bản trùng thừa)",1,true,"Về việc chấp thuận Mặt bằng quy hoạch tổng thể công trình Nhà tưởng niệm Trung tướng Nguyễn Bình tại xã Giai Phạm, huyện Yên Mỹ",2026-09-21 11:44:47
561,H31.05.02.H31.09.2017.2134,HOÀN THÀNH,"Đạt chuẩn (1 bản duy nhất) (Hồ sơ chuẩn, không có bản trùng thừa)",1,true,"Về việc chấp thuận mặt bằng quy hoạch tổng thể điều chỉnh dự án: Nhà máy cấp nước Yên Mỹ tại thị trấn Yên Mỹ, huyện Yên Mỹ",2026-09-21 11:44:49
562,H31.05.02.H31.09.2017.2133,HOÀN THÀNH,"Đạt chuẩn (1 bản duy nhất) (Hồ sơ chuẩn, không có bản trùng thừa)",1,true,"Về việc chấp thuận mặt bằng quy hoạch tổng thể dự án đầu tư xây dựng: Xưởng chế biến lương thực thực phẩm tại xã Chỉ Đạo, huyện Văn Lâm",2026-09-21 11:44:51
563,H31.05.02.H31.09.2017.2132,HOÀN THÀNH,"Đạt chuẩn (1 bản duy nhất) (Hồ sơ chuẩn, không có bản trùng thừa)",1,true,"Về việc chấp thuận mặt bằng quy hoạch tổng thể dự án đầu tư xây dựng kho chứa hàng và kinh doanh máy móc, thiết bị sản xuất nhựa của Công ty TNHH Kim Tuyển Hưng Yên tại thị trấn Như Quỳnh, huyện Văn Lâm",2026-09-21 11:44:53
564,H31.05.02.H31.09.2017.2131,HOÀN THÀNH,"Đạt chuẩn (1 bản duy nhất) (Hồ sơ chuẩn, không có bản trùng thừa)",1,true,"Về việc chấp thuận mặt bằng quy hoạch tổng thể dự án Trường Trung học cơ sở thị trấn Như Quỳnh, huyện Văn Lâm",2026-09-21 11:44:56
565,H31.05.02.H31.09.2017.2130,HOÀN THÀNH,"Đạt chuẩn (1 bản duy nhất) (Hồ sơ chuẩn, không có bản trùng thừa)",1,true,"Về việc chấp thuận mặt bằng quy hoạch tổng thể dự án đầu tư xây dựng kho chứa hàng và kinh doanh máy móc, thiết bị sản xuất nhựa tại thị trấn Như Quỳnh, huyện Văn Lâm",2026-09-21 11:44:58
566,H31.05.02.H31.09.2017.2129,HOÀN THÀNH,"Đạt chuẩn (1 bản duy nhất) (Hồ sơ chuẩn, không có bản trùng thừa)",1,true,"Về việc chấp thuận điều chỉnh Mặt bằng quy hoạch tổng thể chia lô tỷ lệ 1/500 dự án thành phần khu nhà phố 1A-03, thuộc phân kỳ 1 Khu đô thị thương mại và du lịch Văn Giang (Ecopark), huyện Văn Giang",2026-09-21 11:45:00
567,H31.05.02.H31.09.2017.2127,HOÀN THÀNH,"Đạt chuẩn (1 bản duy nhất) (Hồ sơ chuẩn, không có bản trùng thừa)",1,true,"Về việc chấp thuận mặt bằng quy hoạch tổng thể Nhà câu lạc bộ (lô AB-C1) thuộc dự án thành phần khu nhà ở thấp tầng 2A, khu đô thị thương mại và du lịch Văn Giang.",2026-09-21 11:45:02
568,H31.05.02.H31.09.2017.2126,HOÀN THÀNH,"Đạt chuẩn (1 bản duy nhất) (Hồ sơ chuẩn, không có bản trùng thừa)",1,true,"Về việc chấp thuận mặt bằng quy hoạch chia lô tỷ lệ 1/500 dự án Khu biệt thự và nhà phố Vườn Vạn Tuế (Sago Balm Garden) tại xã Phụng Công, huyện Văn Giang",2026-09-21 11:45:04
569,H31.05.02.H31.09.2016-2017.2128,HOÀN THÀNH,"Đạt chuẩn (1 bản duy nhất) (Hồ sơ chuẩn, không có bản trùng thừa)",1,true,Về việc chấp thuận điều chỉnh mặt bằng quy hoạch tổng thể chia lô tỷ lệ 1/500 dự án thành phần Khu nhà ở 1C (gđ 1) thuộc khu đô thị thương mại và du lịch Văn Giang,2026-09-21 11:45:06
570,H31.05.02.H31.09.2014-2017.2137,HOÀN THÀNH,"Đạt chuẩn (1 bản duy nhất) (Hồ sơ chuẩn, không có bản trùng thừa)",1,true,"Chấp thuận mặt bằng quy hoạch tổng thể điều chỉnh dự án khu nhà ở và Trung tâm thương mại Phố Nối tại xã Nghĩa Hiệp, huyện Yên Mỹ",2026-09-21 11:45:09
571,H31.05.02.H31.09.2016.2075,HOÀN THÀNH,"Đạt chuẩn (1 bản duy nhất) (Hồ sơ chuẩn, không có bản trùng thừa)",1,true,"Về việc cho ý kiến thẩm định dự án của các doanh nghiệp trên địa bàn xã Nghĩa Hiệp, huyện Yên Mỹ",2026-09-21 12:07:26
572,H31.05.02.H31.09.2016.2074,HOÀN THÀNH,"Đạt chuẩn (1 bản duy nhất) (Hồ sơ chuẩn, không có bản trùng thừa)",1,true,"Về việc cho ý kiến thẩm định dự án của các doanh nghiệp trên địa bàn xã Ngọc Long, huyện Yên Mỹ",2026-09-21 11:45:13
573,H31.05.02.H31.09.2016.2073,HOÀN THÀNH,"Đạt chuẩn (1 bản duy nhất) (Hồ sơ chuẩn, không có bản trùng thừa)",1,true,"Về việc cho ý kiến thẩm định dự án của các doanh nghiệp trên địa bàn xã Lý Thường Kiệt, huyện Yên Mỹ",2026-09-21 11:45:15
574,H31.05.02.H31.09.2016.2072,HOÀN THÀNH,"Đạt chuẩn (1 bản duy nhất) (Hồ sơ chuẩn, không có bản trùng thừa)",1,true,"Tham gia ý kiến thẩm định cho dự án đầu tư của Công ty cổ phần tập đoàn Austdoor để thực hiện dự án nhà máy sản xuất nhôm thanh định hình Austdoor tại xã Liêu Xá, huyện Yên Mỹ",2026-09-21 11:45:17
575,H31.05.02.H31.09.2016.2071,HOÀN THÀNH,"Đạt chuẩn (1 bản duy nhất) (Hồ sơ chuẩn, không có bản trùng thừa)",1,true,"Về việc cho ý kiến thẩm định dự án của các doanh nghiệp trên địa bàn xã Liêu Xá, huyện Yên Mỹ",2026-09-21 11:45:20
576,H31.05.02.H31.09.2016.2070,HOÀN THÀNH,"Đạt chuẩn (1 bản duy nhất) (Hồ sơ chuẩn, không có bản trùng thừa)",1,true,"Về việc cho ý kiến thẩm định dự án của các doanh nghiệp trên địa bàn xã Hoàn Long, huyện Yên Mỹ",2026-09-21 11:45:22
577,H31.05.02.H31.09.2016.2069,HOÀN THÀNH,"Đạt chuẩn (1 bản duy nhất) (Hồ sơ chuẩn, không có bản trùng thừa)",1,true,"Tham gia ý kiến thẩm định cho dự án đầu tư của Công ty cổ phần cơ khí 120 để thực hiện dự án xây dựng Nhà máy sản xuất kết cấu thép, phụ tùng ô tô tại xã Giai Phạm, huyện Yên Mỹ",2026-09-21 11:45:24
578,H31.05.02.H31.09.2016.2068,HOÀN THÀNH,"Đạt chuẩn (1 bản duy nhất) (Hồ sơ chuẩn, không có bản trùng thừa)",1,true,"Về việc cho ý kiến thẩm định dự án của các doanh nghiệp trên địa bàn xã Giai Phạm, huyện Yên Mỹ",2026-09-21 11:45:26
579,H31.05.02.H31.09.2016.2067,HOÀN THÀNH,"Đạt chuẩn (1 bản duy nhất) (Hồ sơ chuẩn, không có bản trùng thừa)",1,true,"Về việc cho ý kiến thẩm định dự án của các doanh nghiệp trên địa bàn thị trấn Yên Mỹ, huyện Yên Mỹ",2026-09-21 11:45:28
580,H31.05.02.H31.09.2016.2066,HOÀN THÀNH,"Đạt chuẩn (1 bản duy nhất) (Hồ sơ chuẩn, không có bản trùng thừa)",1,true,"Về việc cho ý kiến thẩm định dự án của các doanh nghiệp trên địa bàn xã Trưng Trắc, huyện Văn Lâm",2026-09-21 11:45:31
581,H31.05.02.H31.09.2016.2065,HOÀN THÀNH,"Đạt chuẩn (1 bản duy nhất) (Hồ sơ chuẩn, không có bản trùng thừa)",1,true,"Về việc cho ý kiến thẩm định dự án của các doanh nghiệp trên địa bàn xã Tân Quang, huyện Văn Lâm",2026-09-21 11:45:33
582,H31.05.02.H31.09.2016.2023,HOÀN THÀNH,"Đạt chuẩn (1 bản duy nhất) (Hồ sơ chuẩn, không có bản trùng thừa)",1,true,"Phương án kiến trúc công trình: Khu chung cư cao tầng CT-32 và CT-33, thuộc phân khu 9-12 Khu đô thị thương mại và du lịch Văn Giang (Ecopark)",2026-09-21 11:45:35
583,H31.05.02.H31.09.2016.2022,HOÀN THÀNH,"Đạt chuẩn (1 bản duy nhất) (Hồ sơ chuẩn, không có bản trùng thừa)",1,true,"Phương án kiến trúc công trình Khu chung cư cao tầng CT-29 và CT-30, thuộc phân khu 9-12 Khu đô thị thương mại và du lịch Văn Giang (Ecopark)",2026-09-21 11:45:37
584,H31.05.02.H31.09.2016.2021,HOÀN THÀNH,"Đạt chuẩn (1 bản duy nhất) (Hồ sơ chuẩn, không có bản trùng thừa)",1,true,"Phương án kiến trúc công trình: Khu chung cư cao tầng CT-29, CT-30 và CT-32, CT-33 (Khu căn hộ Vịnh Thuỷ) thuộc phân khu 9-12 Khu đô thị thương mại và du lịch Văn Giang (Ecopark) tại huyện Văn Giang",2026-09-21 11:45:39
585,H31.05.02.H31.09.2016.2020,HOÀN THÀNH,"Đạt chuẩn (1 bản duy nhất) (Hồ sơ chuẩn, không có bản trùng thừa)",1,true,Phương án thiết kế kiến trúc các hạng mục của dự án Trường Đại học Y khoa Tokyo Việt Nam tại huyện Văn Giang,2026-09-21 11:45:42
586,H31.05.02.H31.09.2016.2019,HOÀN THÀNH,"Đạt chuẩn (1 bản duy nhất) (Hồ sơ chuẩn, không có bản trùng thừa)",1,true,"Về việc điều chỉnh cục bộ vị trí, diện tích và phương án kiến trúc 02 lô đất tại Khu nhà phố Thảo Nguyên - thuộc Khu đô thị thương mại và du lịch Văn Giang, huyện Văn Giang",2026-09-21 12:07:30
587,H31.05.02.H31.09.2016.2018,HOÀN THÀNH,"Đạt chuẩn (1 bản duy nhất) (Hồ sơ chuẩn, không có bản trùng thừa)",1,true,"Phương án thiết kế kiến trúc công trình Trường mầm non Creative Kindercare (Trường mầm non sáng tạo) tại lô đất GD-05, thuộc phân khu 1, khu đô thị thương mại và du lịch Văn Giang (Ecopark) tại Vườn Mai, khu đô thị Ecopark",2026-09-21 11:45:46
588,H31.05.02.H31.09.2011.1757,HOÀN THÀNH,"Đạt chuẩn (1 bản duy nhất) (Hồ sơ chuẩn, không có bản trùng thừa)",1,true,"Phương án kiến trúc Trụ sở làm việc Đảng uỷ - HĐND - UBND xã Tân Việt, huyện Yên Mỹ năm 2011",2026-09-21 11:45:49
589,H31.05.02.H31.09.2011.1756,HOÀN THÀNH,"Đạt chuẩn (1 bản duy nhất) (Hồ sơ chuẩn, không có bản trùng thừa)",1,true,"Phương án kiến trúc Trụ sở làm việc Đảng uỷ - HĐND - UBND xã Thanh Long, huyện Yên Mỹ năm 2011",2026-09-21 11:45:51
590,H31.05.02.H31.09.2011.1755,HOÀN THÀNH,"Đạt chuẩn (1 bản duy nhất) (Hồ sơ chuẩn, không có bản trùng thừa)",1,true,"Phương án kiến trúc Trụ sở làm việc Đảng uỷ - HĐND - UBND xã Lạc Đạo, huyện Văn Lâm năm 2011",2026-09-21 11:45:53
591,H31.05.02.H31.09.2011.1754,HOÀN THÀNH,"Đạt chuẩn (1 bản duy nhất) (Hồ sơ chuẩn, không có bản trùng thừa)",1,true,"Phương án kiến trúc Trụ sở làm việc Đảng uỷ - HĐND - UBND xã Xuân Quan, huyện Văn Giang năm 2011",2026-09-21 11:45:55
592,H31.05.02.H31.09.2010.1753,HOÀN THÀNH,"Đạt chuẩn (1 bản duy nhất) (Hồ sơ chuẩn, không có bản trùng thừa)",1,true,"Phương án kiến trúc Khu khách sạn, biệt thự cao cấp Hải Long Trang, huyện Văn Giang năm 2010",2026-09-21 11:45:57
593,H31.05.02.H31.09.2007-2011.1758,HOÀN THÀNH,"Đạt chuẩn (1 bản duy nhất) (Hồ sơ chuẩn, không có bản trùng thừa)",1,true,"Phương án kiến trúc Khu nhà ở A-LK 14, 15, 16 thấp tầng của Công ty cổ phần đầu tư bất động sản và thương mại Thăng Long, huyện Yên Mỹ năm 2011",2026-09-21 11:46:00
594,H31.05.02.H31.09.2011.1759,HOÀN THÀNH,"Đạt chuẩn (1 bản duy nhất) (Hồ sơ chuẩn, không có bản trùng thừa)",1,true,Về việc cho ý kiến thẩm định dự án của các doanh nghiệp trên địa bàn thành phố Hưng Yên năm 2011,2026-09-21 11:46:02
595,H31.05.02.H31.09.2011.1752,HOÀN THÀNH,"Đạt chuẩn (1 bản duy nhất) (Hồ sơ chuẩn, không có bản trùng thừa)",1,true,"Phương án kiến trúc Nhà biệt thự, nhà biệt thự ghép và nhà chia lô khu khách sạn và biệt thự cao cấp Hải Long Trang - Công ty Lạc Viên Cửu Cao năm 2011",2026-09-21 11:46:04
596,H31.05.02.H31.09.2011.1751,HOÀN THÀNH,"Đạt chuẩn (1 bản duy nhất) (Hồ sơ chuẩn, không có bản trùng thừa)",1,true,"Phương án kiến trúc Nhà lớp học bộ môn và phục vụ học tập một số công trình phụ trợ trường THPT Văn Giang, huyện Văn Giang năm 2011",2026-09-21 11:46:06
597,H31.05.02.H31.09.2011.1750,HOÀN THÀNH,"Đạt chuẩn (1 bản duy nhất) (Hồ sơ chuẩn, không có bản trùng thừa)",1,true,"Lựa chọn nhà đầu tư thực hiện dự án khu Nhà ở thương mại và dịch vụ trên địa bàn phường Hiến Nam, thành phố Hưng Yên năm 2011",2026-09-21 11:46:08
598,H31.05.02.H31.09.2011.1749,HOÀN THÀNH,"Đạt chuẩn (1 bản duy nhất) (Hồ sơ chuẩn, không có bản trùng thừa)",1,true,"Phương án kiến trúc cải tạo, nâng cấp trường THPT chuyện Hưng Yên, trường năng khiếu tỉnh, thành phố Hưng Yên năm 2011",2026-09-21 11:46:11
599,H31.05.02.H31.09.2011.1745,HOÀN THÀNH,"Đạt chuẩn (1 bản duy nhất) (Hồ sơ chuẩn, không có bản trùng thừa)",1,true,Phương án kiến trúc sau chỉnh sửa Dự án đầu tư xây dựng Chợ Phố Hiến thành phố Hưng Yên năm 2011,2026-09-21 11:46:13
600,H31.05.02.H31.09.2011.1744,HOÀN THÀNH,"Đạt chuẩn (1 bản duy nhất) (Hồ sơ chuẩn, không có bản trùng thừa)",1,true,Phương án kiến trúc dự án Hoàng Phát Tower thành phố Hưng Yên năm 2011,2026-09-21 11:46:15
601,H31.05.02.H31.09.2011.1743,HOÀN THÀNH,"Đạt chuẩn (1 bản duy nhất) (Hồ sơ chuẩn, không có bản trùng thừa)",1,true,"Phương án kiến trúc Tòa tháp Hoàng Phát, thành phố hưng Yên năm 2011",2026-09-21 11:46:17
602,H31.05.02.H31.09.2011.1742,HOÀN THÀNH,"Đạt chuẩn (1 bản duy nhất) (Hồ sơ chuẩn, không có bản trùng thừa)",1,true,"Phương án kiến trúc Trụ sở làm việc Đảng ủy - HĐND-UBND xã Liên Phương, thành phố Hưng Yên năm 2011",2026-09-21 11:46:19
603,H31.05.02.H31.09.2011.1741,HOÀN THÀNH,"Đạt chuẩn (1 bản duy nhất) (Hồ sơ chuẩn, không có bản trùng thừa)",1,true,"Phương án kiến trúc Khu đô thị Sơn Nam Place, thành phố Hưng Yên năm 2011",2026-09-21 11:46:22
604,H31.05.02.H31.09.2011.1740,HOÀN THÀNH,"Đạt chuẩn (1 bản duy nhất) (Hồ sơ chuẩn, không có bản trùng thừa)",1,true,"Phương án kiến trúc Trung tâm phân phối xe ô tô Huyendai Hưng Yên, thành phố Hưng Yên năm 2011",2026-09-21 11:46:24
605,H31.05.02.H31.09.2011.1739,HOÀN THÀNH,"Đạt chuẩn (1 bản duy nhất) (Hồ sơ chuẩn, không có bản trùng thừa)",1,true,Phương án kiến trúc Khách sạn và nhà ở liền kề Công ty Cổ phần thực phẩm XK Hưng Yên; Hạng mục: Khu nhà ở liền kề thành phố Hưng Yên năm 2011,2026-09-21 11:46:26
606,H31.05.02.H31.09.2011.1738,HOÀN THÀNH,"Đạt chuẩn (1 bản duy nhất) (Hồ sơ chuẩn, không có bản trùng thừa)",1,true,Phương án kiến trúc Trụ sở Ngân hàng TMCP Ngoại thương Việt Nam Chi nhánh Hưng Yên  năm 2011,2026-09-21 11:46:29
607,H31.05.02.H31.09.2011.1737,HOÀN THÀNH,"Đạt chuẩn (1 bản duy nhất) (Hồ sơ chuẩn, không có bản trùng thừa)",1,true,"Phương án kiến trúc sơ bộ Khu nhà ở hỗn hợp, Trung tâm thương mại và nhà ở biệt thự Phố Hiến Công ty CP du lịch thương mại Tân Sáng TP. Hưng Yên tháng 3 năm 2011.",2026-09-21 12:07:35
608,H31.05.02.H31.09.2010-2011.1735,HOÀN THÀNH,"Đạt chuẩn (1 bản duy nhất) (Hồ sơ chuẩn, không có bản trùng thừa)",1,true,"Phương án kiến trúc Trường PTTH Hưng Yên giai đoạn II, hạng mục Nhà hiệu bộ TP. Hưng Yên năm 2011",2026-09-21 11:46:33
609,H31.05.02.H31.09.2010.1702,HOÀN THÀNH,"Đạt chuẩn (1 bản duy nhất) (Hồ sơ chuẩn, không có bản trùng thừa)",1,true,"Cấp phép xây dựng cho Công ty cổ phần Đức Minh tại xã Chỉ Đạo, huyện Văn Lâm để thực hiện dự án Nhà máy sản xuất phụ tùng ô tô, xe máy",2026-09-21 11:46:35
610,H31.05.02.H31.09.2010.1701,HOÀN THÀNH,"Đạt chuẩn (1 bản duy nhất) (Hồ sơ chuẩn, không có bản trùng thừa)",1,true,"Cấp phép xây dựng cho Công ty Cổ phần Sông Đà Thăng Long - F tại xã Như Quỳnh, huyện Văn Lâm để thực hiện công trình Nhà máy sản xuất đồ gỗ, hạng mục các công trình phụ trợ",2026-09-21 11:46:38
611,H31.05.02.H31.09.2010.1700,HOÀN THÀNH,"Đạt chuẩn (1 bản duy nhất) (Hồ sơ chuẩn, không có bản trùng thừa)",1,true,"Cấp phép xây dựng cho Công ty Cổ phần Đầu tư và phát triển công nghệ VN tại thị trấn Như Quỳnh, huyện Văn Lâm để thực hiện dự án: trung tâm đào tạo và sát hạch lái xe Như Quỳnh",2026-09-21 11:46:40
612,H31.05.02.H31.09.2010.1699,HOÀN THÀNH,"Đạt chuẩn (1 bản duy nhất) (Hồ sơ chuẩn, không có bản trùng thừa)",1,true,Xin cấp phép xây dựng cho Công ty Khai Phát tại huyện Văn Lâm để thực hiện công trình nhà ký túc xá Trường Cao đẳng ASEAN,2026-09-21 11:46:42
613,H31.05.02.H31.09.2010.1698,HOÀN THÀNH,"Đạt chuẩn (1 bản duy nhất) (Hồ sơ chuẩn, không có bản trùng thừa)",1,true,"Cấp phép xây dựng công trình nhà máy sản xuất Thanh Trần, hạng mục: kiến trúc - kết cấu - điện - nước tại xã Vĩnh Khúc, huyện Văn Giang, tỉnh Hưng Yên",2026-09-21 11:46:44
614,H31.05.02.H31.09.2010.1697,HOÀN THÀNH,"Đạt chuẩn (1 bản duy nhất) (Hồ sơ chuẩn, không có bản trùng thừa)",1,true,"Cấp phép xây dựng cho Công ty CP bánh kẹo Hải Châu tại xã Vĩnh Khúc, huyện Văn Giang để thực hiện dự án đầu tư xây dựng nhà máy bánh kẹo Hải Châu, hạng mục: xưởng bánh kẹo mềm cao cấp",2026-09-21 11:46:46
615,H31.05.02.H31.09.2010.1696,HOÀN THÀNH,"Đạt chuẩn (1 bản duy nhất) (Hồ sơ chuẩn, không có bản trùng thừa)",1,true,"Cấp phép xây dựng cho Công ty cổ phân bánh kẹo Hải Châu tại xã Vĩnh Khúc, huyện Văn Giang để thực hiện dự án đầu tư xây dựng Nhà máy bánh kẹo tại Hải Châu, hạng mục: nhà sản xuất kẹo",2026-09-21 11:46:49
616,H31.05.02.H31.09.2010.1695,HOÀN THÀNH,"Đạt chuẩn (1 bản duy nhất) (Hồ sơ chuẩn, không có bản trùng thừa)",1,true,"Cấp phép xây dựng cho Công ty TNHH Nam Thanh tại xã Tân Tiến, huyện Văn Giang, tỉnh Hưng Yên để thực hiện dự án Nhà máy sản xuất hàng dệt may xuất khẩu",2026-09-21 11:46:51
617,H31.05.02.H31.09.2010.1694,HOÀN THÀNH,"Đạt chuẩn (1 bản duy nhất) (Hồ sơ chuẩn, không có bản trùng thừa)",1,true,"Cấp phép xây dựng cho Công ty TNHH Nam Thanh tại xã Tân Tiến, huyện Văn Giang, tỉnh Hưng Yên để thực hiện dự án Nhà máy sản xuất hàng may xuất khẩu",2026-09-21 11:46:53
618,H31.05.02.H31.09.2010.1693,HOÀN THÀNH,"Đạt chuẩn (1 bản duy nhất) (Hồ sơ chuẩn, không có bản trùng thừa)",1,true,"Cấp phép xây dựng cho Công ty  H.T.K. T Khu khách sạn và biệt thự cao cấp Hải Long Trang tại xã Cửu Cao, huyện Văn Giang",2026-09-21 11:46:55
619,H31.05.02.H31.09.2010.1692,HOÀN THÀNH,"Đạt chuẩn (1 bản duy nhất) (Hồ sơ chuẩn, không có bản trùng thừa)",1,true,"Cấp phép xây dựng cho chi nhánh công ty CP nước uống tinh khiết sai gòn, thị trấn Văn Giang, huyện Văn Giang để thực hiện công trình xây dựng nhà máy sản xuất nước uống đóng chai nhãn hiệu SAPUWA",2026-09-21 11:46:57
620,H31.05.02.H31.09.2010.1691,HOÀN THÀNH,"Đạt chuẩn (1 bản duy nhất) (Hồ sơ chuẩn, không có bản trùng thừa)",1,true,"Cấp phép xây dựng cho công ty in tạp chí công sản, huyện Văn Giang, tỉnh Hưng Yên để thực hiện dự án xí nghiệp in tạp chí cộng sản nhánh Hưng Yên",2026-09-21 11:47:00
621,H31.05.02.H31.09.2010.1690,HOÀN THÀNH,"Đạt chuẩn (1 bản duy nhất) (Hồ sơ chuẩn, không có bản trùng thừa)",1,true,"Cấp phép xây dựng cho công ty TNHH TAEYANG Hà Nội tại cụm CN thị trấn Lương Bằng, huyện Kim Động thực hiện công trình nhà xưởng 120M x50M",2026-09-21 11:47:02
622,H31.05.02.H31.09.2010.1689,HOÀN THÀNH,"Đạt chuẩn (1 bản duy nhất) (Hồ sơ chuẩn, không có bản trùng thừa)",1,true,"Hồ sơ cấp phép xây dựng cho công ty TNHH thương mại và dịch vụ Phương Bắc tại xã Việt Hòa, huyện Khoái Châu để thực hiện dự án trung tâm dịch vụ tổng hợp",2026-09-21 11:47:04
623,H31.05.02.H31.09.2010-2011.1677,HOÀN THÀNH,"Đạt chuẩn (1 bản duy nhất) (Hồ sơ chuẩn, không có bản trùng thừa)",1,true,"Hồ sơ phương án kiến trúc nhà tưởng niệm danh nhân Phó Đức Chính, huyện Văn Giang",2026-09-21 12:07:40
624,H31.05.02.H31.09.2010.1681,HOÀN THÀNH,"Đạt chuẩn (1 bản duy nhất) (Hồ sơ chuẩn, không có bản trùng thừa)",1,true,"Hồ sơ phương án kiến trúc điều chỉnh mặt bằng quy hoạch tổng thể đền tưởng niệm các anh hùng liệt sỹ huyện Yên Mỹ tại xã Tân Lập, huyện Yên Mỹ",2026-09-21 11:47:09
625,H31.05.02.H31.09.2010.1680,HOÀN THÀNH,"Đạt chuẩn (1 bản duy nhất) (Hồ sơ chuẩn, không có bản trùng thừa)",1,true,"Phương án kiến trúc trụ sở trung tâm khảo, kiêm nghiệm phân bón quốc gia huyện Văn Lâm",2026-09-21 11:47:11
626,H31.05.02.H31.09.2010.1678,HOÀN THÀNH,"Đạt chuẩn (1 bản duy nhất) (Hồ sơ chuẩn, không có bản trùng thừa)",1,true,"Phương án kiến trúc cải tạo, sửa chữa nâng cấp nhà tưởng niệm đồng chí Lê Văn Lương, huyện Văn Giang",2026-09-21 11:47:13
627,H31.05.02.H31.09.2010.1676,HOÀN THÀNH,"Đạt chuẩn (1 bản duy nhất) (Hồ sơ chuẩn, không có bản trùng thừa)",1,true,"Phương án kiến trúc Trường phục hồi chức năng Tiên Lũ, Hạng mục: Cải tạo, nâng cấp nhà nội trú và xây dựng ới xưởng may tại thị trấn Vương, huyện Tiên Lữ",2026-09-21 11:47:15
628,H31.05.02.H31.09.2010.1675,HOÀN THÀNH,"Đạt chuẩn (1 bản duy nhất) (Hồ sơ chuẩn, không có bản trùng thừa)",1,true,Phương án kiến trúc nhà làm việc khối cơ quan huyện ủy huyện Tiên Lữ,2026-09-21 11:47:18
629,H31.05.02.H31.09.2010.1674,HOÀN THÀNH,"Đạt chuẩn (1 bản duy nhất) (Hồ sơ chuẩn, không có bản trùng thừa)",1,true,"Phương án kiến trúc Chung cư cao tầng - Khu chung cư đô thị Phố Nối - Công ty Cổ phần đầu tư xây dựng Hưng Yên, huyện Mỹ Hào",2026-09-21 11:47:20
630,H31.05.02.H31.09.2010.1673,HOÀN THÀNH,"Đạt chuẩn (1 bản duy nhất) (Hồ sơ chuẩn, không có bản trùng thừa)",1,true,Phương án kiến trúc công trình Trụ sở Cục Thuế huyện Khoái Châu,2026-09-21 11:47:22
631,H31.05.02.H31.09.2010.1672,HOÀN THÀNH,"Đạt chuẩn (1 bản duy nhất) (Hồ sơ chuẩn, không có bản trùng thừa)",1,true,Phương án kiến trúc điều chỉnh Trường Trung học cơ sở Nguyễn Tất Thành tại thành phố Hưng Yên,2026-09-21 11:47:24
632,H31.05.02.H31.09.2010.1670B,HOÀN THÀNH,"Đạt chuẩn (1 bản duy nhất) (Hồ sơ chuẩn, không có bản trùng thừa)",1,true,"Cấp chứng chỉ quy hoạch cho các cơ quan, doanh nghiệp năm 2010.",2026-09-21 11:47:27
633,H31.05.02.H31.09.2010.1670A,HOÀN THÀNH,"Đạt chuẩn (1 bản duy nhất) (Hồ sơ chuẩn, không có bản trùng thừa)",1,true,"Cấp phép xây dựng cho Công ty cổ phần Tấn Phúc Phát tại xã Tân Phúc, huyện Ân Thi để thực hiện dự án cửa hàng xăng dầu Tấn Phúc Phát năm 2019",2026-09-21 11:47:29
634,H31.05.02.H31.09.2010.1670D,HOÀN THÀNH,"Đạt chuẩn (1 bản duy nhất) (Hồ sơ chuẩn, không có bản trùng thừa)",1,true,"Thẩm định tổng mặt bằng, quy hoạch xây dựng dự án đầu tư xây dựng của Công ty TNHH Thương mại Xuất nhập khẩu Việt Trung tại xã Liên Phương, thành phố Hưng Yên năm 2010",2026-09-21 11:47:31
635,H31.05.02.H31.09.2010.1670C,HOÀN THÀNH,"Đạt chuẩn (1 bản duy nhất) (Hồ sơ chuẩn, không có bản trùng thừa)",1,true,Đề nghị phê duyệt địa điểm xây dựng các dự án đầu tư xây dựng trên địa bản tỉnh năm 2010.,2026-09-21 11:47:33
636,H31.05.02.H31.09.2010.1670,LỖI KHÓA,Bỏ qua (Lỗi máy chủ) (Đã thử gửi lệnh xóa nhưng máy chủ Vinasynet không cập nhật (bản ghi bị khóa)),50,false,"Cấp chứng chỉ quy hoạch cho các cơ quan, doanh nghiệp năm 2010.",2026-09-21 12:07:52
637,H31.05.02.H31.09.2010.1669,HOÀN THÀNH,"Đạt chuẩn (1 bản duy nhất) (Hồ sơ chuẩn, không có bản trùng thừa)",1,true,Phương án kiến trúc khách sạn và nhà ở liền kề Công ty CP thực phẩm xuất khẩu Hưng Yên thành phố Hưng Yên,2026-09-21 11:47:46
638,H31.05.02.H31.09.2010.1668,HOÀN THÀNH,"Đạt chuẩn (1 bản duy nhất) (Hồ sơ chuẩn, không có bản trùng thừa)",1,true,"Phương án kiến trúc Trung tâm tin học phòng và phát triển tin học Ngân hàng phát triển Việt Nam tại Hưng Yên, thành phố Hưng Yên",2026-09-21 11:47:48
639,H31.05.02.H31.09.2010.1667,HOÀN THÀNH,"Đạt chuẩn (1 bản duy nhất) (Hồ sơ chuẩn, không có bản trùng thừa)",1,true,"Phương án kiến trúc công trình Trung tâm an Yên. giáo dục thường xuyên tỉnh Hưng Yên giai đoạn 1 tại phường Lam Sơn, thành phố Hưng Yên",2026-09-21 11:47:51
640,H31.05.02.H31.09.2010.1666,HOÀN THÀNH,"Đạt chuẩn (1 bản duy nhất) (Hồ sơ chuẩn, không có bản trùng thừa)",1,true,"Phương án kiến trúc điều chỉnh Quỹ tín dụng nhân dân TW chi nhánh Hưng Yên, hạng mục Trụ sở làm việc Nhà công vụ thành phố Hưng Yên",2026-09-21 11:47:53
641,H31.05.02.H31.09.2010.1665,HOÀN THÀNH,"Đạt chuẩn (1 bản duy nhất) (Hồ sơ chuẩn, không có bản trùng thừa)",1,true,Phương án kiến trúc Khối Y tế dự phòng thành phố Hưng Yên; Trung tâm Y tế thành phố Hưng Yên,2026-09-21 11:47:55
642,H31.05.02.H31.09.2010.1664,HOÀN THÀNH,"Đạt chuẩn (1 bản duy nhất) (Hồ sơ chuẩn, không có bản trùng thừa)",1,true,"Phương án kiến trúc Nhà kỹ thuật nghiệp vụ Trung tâm y tế dự phòng tỉnh Hưng Yên tại phường An Tảo, thành phố Hưng Yên",2026-09-21 11:47:57
643,H31.05.02.H31.09.2010.1663,HOÀN THÀNH,"Đạt chuẩn (1 bản duy nhất) (Hồ sơ chuẩn, không có bản trùng thừa)",1,true,"Phương án kiến trúc Cơ quan thường trú Báo nhân dân tại Hưng Yên, thành phố Hưng Yên",2026-09-21 11:47:59
644,H31.05.02.H31.09.2010.1662,HOÀN THÀNH,"Đạt chuẩn (1 bản duy nhất) (Hồ sơ chuẩn, không có bản trùng thừa)",1,true,Phương án kiến trúc Công trình: Nhà văn hóa huyện Ân Thi tại thị trấn Ân Thi,2026-09-21 11:48:02
645,H31.05.02.H31.09.2010.1661,HOÀN THÀNH,"Đạt chuẩn (1 bản duy nhất) (Hồ sơ chuẩn, không có bản trùng thừa)",1,true,"Phương án kiến trúc Nâng cấp mở rộng Bệnh viện Y học cổ truyền tỉnh Hưng Yên, thành phố Hưng Yên.",2026-09-21 11:48:04
646,H31.05.02.H31.09.2010.1660,HOÀN THÀNH,"Đạt chuẩn (1 bản duy nhất) (Hồ sơ chuẩn, không có bản trùng thừa)",1,true,Phương án kiến trúc Trung tâm khám chữa bệnh chất lượng cao theo yêu cầu Bệnh viên Đa khoa tỉnh Hưng Yên.,2026-09-21 12:07:56
647,H31.05.02.H31.09.2011.1655,HOÀN THÀNH,"Đạt chuẩn (1 bản duy nhất) (Hồ sơ chuẩn, không có bản trùng thừa)",1,true,Phương án kiến trúc kho lưu trữ chuyên dụng Sở Nội vụ thành phố Hưng Yên,2026-09-21 12:07:58
648,H31.05.02.H31.09.2010.1659,HOÀN THÀNH,"Đạt chuẩn (1 bản duy nhất) (Hồ sơ chuẩn, không có bản trùng thừa)",1,true,"Phương án kiến trúc Nhà điều trị Trung tâm phòng chống HIV/AIDS Hưng Yên, thành phố Hưng Yên.",2026-09-21 12:08:00
649,H31.05.02.H31.09.2010.1658,HOÀN THÀNH,"Đạt chuẩn (1 bản duy nhất) (Hồ sơ chuẩn, không có bản trùng thừa)",1,true,"Phương án kiến trúc Nhà đón tiếp khách tham quan quần thể di tích Phố Hiến, ban quản lý dự án xây dựng KCHT đô thị thành phố Hưng Yên",2026-09-21 11:48:13
650,H31.05.02.H31.09.2010.1657,HOÀN THÀNH,"Đạt chuẩn (1 bản duy nhất) (Hồ sơ chuẩn, không có bản trùng thừa)",1,true,Phương án kiến trúc cái tạo mở rộng nhà làm việc Sở Y tế thành phố Hưng Yên,2026-09-21 11:48:15
651,H31.05.02.H31.09.2010.1656,HOÀN THÀNH,"Đạt chuẩn (1 bản duy nhất) (Hồ sơ chuẩn, không có bản trùng thừa)",1,true,Thiết kế bảo tàng tỉnh Hưng Yên,2026-09-21 11:48:17
652,H31.05.02.H31.09.2010.1654,HOÀN THÀNH,"Đạt chuẩn (1 bản duy nhất) (Hồ sơ chuẩn, không có bản trùng thừa)",1,true,"Phương án kiến trúc nhà làm việc cơ quan thuộc sở Nông nghiệp & Phát triển nông thôn Hưng Yên, thành phố Hưng Yên",2026-09-21 11:48:19
653,H31.05.02.H31.09.2010.1653,HOÀN THÀNH,"Đạt chuẩn (1 bản duy nhất) (Hồ sơ chuẩn, không có bản trùng thừa)",1,true,"Phương án kiến trúc trụ sở làm việc Đảng ủy khối các cơ quan dân chính Đảng và Đảng ủy khối doanh nghiệp tỉnh, văn phòng tỉnh ủy Hưng Yên",2026-09-21 11:48:22
654,H31.05.02.H31.09.2010.1652N,HOÀN THÀNH,"Đạt chuẩn (1 bản duy nhất) (Hồ sơ chuẩn, không có bản trùng thừa)",1,true,Thẩm định tổng mặt bằng quy hoạch xây dựng các dự án đầu tư trên địa bàn huyện Yên Mỹ năm 2009,2026-09-21 11:48:24
655,H31.05.02.H31.09.2009.1652M,HOÀN THÀNH,"Đạt chuẩn (1 bản duy nhất) (Hồ sơ chuẩn, không có bản trùng thừa)",1,true,Thẩm định tổng mặt bằng quy hoạch xây dựng các dự án đầu tư trên địa bàn huyện Văn Lâm năm 2009,2026-09-21 11:48:26
656,H31.05.02.H31.09.2009.1652L,HOÀN THÀNH,"Đạt chuẩn (1 bản duy nhất) (Hồ sơ chuẩn, không có bản trùng thừa)",1,true,Thẩm định tổng mặt bằng quy hoạch xây dựng các dự án đầu tư trên địa bàn huyện Văn Giang năm 2009,2026-09-21 11:48:28
657,H31.05.02.H31.09.2009.1652K,HOÀN THÀNH,"Đạt chuẩn (1 bản duy nhất) (Hồ sơ chuẩn, không có bản trùng thừa)",1,true,Thẩm định tổng mặt bằng quy hoạnh xây dựng các dự án đầu tư trên địa bàn huyện Tiên Lữ năm 2009,2026-09-21 11:48:30
658,H31.05.02.H31.09.2009.1652I,HOÀN THÀNH,"Đạt chuẩn (1 bản duy nhất) (Hồ sơ chuẩn, không có bản trùng thừa)",1,true,Thẩm định tổng mặt bằng quy hoạch xây dựng các dự án đầu tư trên địa bàn huyện Mỹ Hào năm 2009,2026-09-21 11:48:33
659,H31.05.02.H31.09.2009.1652H,HOÀN THÀNH,"Đạt chuẩn (1 bản duy nhất) (Hồ sơ chuẩn, không có bản trùng thừa)",1,true,Thẩm định tổng mặt bằng quy hoạch xây dựng các dự án đầu tư trên địa bàn huyện Kim Động năm 2009,2026-09-21 11:48:35
660,H31.05.02.H31.09.2009.1652Đ,CẦN SCAN LẠI,Không tìm thấy hồ sơ (Không tìm thấy hồ sơ nào với mã này trên hệ thống Vinasynet),0,false,-,2026-09-21 12:08:05
661,H31.05.02.H31.09.2009.1652G,HOÀN THÀNH,"Đạt chuẩn (1 bản duy nhất) (Hồ sơ chuẩn, không có bản trùng thừa)",1,true,Thẩm định tổng mặt bằng quy hoạch xây dựng các dự án đầu tư trên địa bàn huyện Khoái Châu năm 2009,2026-09-21 12:08:08
662,H31.05.02.H31.09.2009.1652F,HOÀN THÀNH,"Đạt chuẩn (1 bản duy nhất) (Hồ sơ chuẩn, không có bản trùng thừa)",1,true,Thẩm định tổng mặt bằng quy hoạch xây dựng các dự án đầu tư trên địa bàn thành phố Hưng Yên năm 2009,2026-09-21 11:48:43
663,H31.05.02.H31.09.2009.1648C,HOÀN THÀNH,"Đạt chuẩn (1 bản duy nhất) (Hồ sơ chuẩn, không có bản trùng thừa)",1,true,"Cấp phép xây dựng cho Công ty TNHH thiết kế sản xuất Thiện Mỹ Hưng Yên tại xã Tân Quang, huyện Văn Lâm để thực hiện dự án Nhà máy sản xuất khuôn mẫu ngành in năm 2009",2026-09-21 12:08:10
664,H31.05.02.H31.09.2009.1648B,HOÀN THÀNH,"Đạt chuẩn (1 bản duy nhất) (Hồ sơ chuẩn, không có bản trùng thừa)",1,true,Về việc cấp chứng chỉ quy hoạch cho các cơ quan doanh nghiệp năm 2009,2026-09-21 11:48:47
665,H31.05.02.H31.09.2009.1648A,HOÀN THÀNH,"Đạt chuẩn (1 bản duy nhất) (Hồ sơ chuẩn, không có bản trùng thừa)",1,true,"Về việc cấp giấy Phép xây dựng cho các cơ quan, doanh nghiệp năm 2008-2009",2026-09-21 11:48:50
666,H31.05.02.H31.09.2009.1648,LỖI KHÓA,Bỏ qua (Lỗi máy chủ) (Đã thử gửi lệnh xóa nhưng máy chủ Vinasynet không cập nhật (bản ghi bị khóa)),50,false,Cấp GPXD cho trường Trung cấp kinh tế và công nghệ Lương Tài tại xã Lương Tài huyện Văn Lâm để thực hiện dự án Trường Trung cấp kinh tế và công nghệ Lương Tài năm 2009.,2026-09-21 12:08:21
667,H31.05.02.H31.09.2009.1637,HOÀN THÀNH,"Đạt chuẩn (1 bản duy nhất) (Hồ sơ chuẩn, không có bản trùng thừa)",1,true,"Cấp giấy phép xây dựng cho Công ty TNHH Thép Nhật Quang tại xã Lạc Đạo, huyện Văn Lâm các hạng mục công trình nhà xưởng D1, D2, D3, D4 để thực hhện dự án Nhà máy thép công nghiệp Nhật Quang",2026-09-21 11:49:03
668,H31.05.02.H31.09.2009.1636,HOÀN THÀNH,"Đạt chuẩn (1 bản duy nhất) (Hồ sơ chuẩn, không có bản trùng thừa)",1,true,Cấp phép xây dựng cho công ty TNHH Khai Pha I tại huyện Văn Lâm cho công trình nhà hiệu bộ trường Cao đẳng Công Thương,2026-09-21 11:49:05
669,H31.05.02.H31.09.2009.1635,HOÀN THÀNH,"Đạt chuẩn (1 bản duy nhất) (Hồ sơ chuẩn, không có bản trùng thừa)",1,true,"Cấp giấy phép xây dựng cho Công ty cổ phần Hoàng Hà tại thị trấn Như Quỳnh, huyện Văn Lâm để thực hiện dự án nhà máy sản xuất bao bì PBP - PK cửa hàng xăng dầu - gas Bình Minh",2026-09-21 12:08:23
670,H31.05.02.H31.09.2009.1634,HOÀN THÀNH,"Đạt chuẩn (1 bản duy nhất) (Hồ sơ chuẩn, không có bản trùng thừa)",1,true,"Cấp phép xây dựng cho công ty TNHH thương mại và chuyển giao công nghệ Tiến Đạt tại xã Vĩnh Khúc, huyện Văn Giang để thực hiện công trình nhà máy chế biến và sản xuất đồ gỗ",2026-09-21 11:49:09
671,H31.05.02.H31.09.2009.1633,HOÀN THÀNH,"Đạt chuẩn (1 bản duy nhất) (Hồ sơ chuẩn, không có bản trùng thừa)",1,true,"Cấp phép xây dựng cho công ty TNHH cơ diện Tiến Dũng tại thị xã Vĩnh Khức, huyện Văn Giang để thực hiện công trình nhà xưởng sản xuất công ty TNHH cơ điện Tiến Dũng",2026-09-21 11:49:11
672,H31.05.02.H31.09.2009.1632,HOÀN THÀNH,"Đạt chuẩn (1 bản duy nhất) (Hồ sơ chuẩn, không có bản trùng thừa)",1,true,"Cấp phép xây dựng cho Công ty Cổ phần bánh kẹo Hải Châu tại xã Vĩnh Khúc, huyện Văn Giang, tỉnh Hưng Yên để thực hiện dự án đầu tư xây dựng nhà máy bánh kẹo Hải Châu. Hạng muc kho nguyễn liệu 2",2026-09-21 11:49:14
673,H31.05.02.H31.09.2009.1631,HOÀN THÀNH,"Đạt chuẩn (1 bản duy nhất) (Hồ sơ chuẩn, không có bản trùng thừa)",1,true,"Cấp phép xây dựng cho công ty cổ phần bao bì Đông Phú tại xã Vĩnh Khúc, huyện Văn Giang để thực hiện công trình nhà máy sản xuất bao bì",2026-09-21 11:49:16
674,H31.05.02.H31.09.2009.1630,HOÀN THÀNH,"Đạt chuẩn (1 bản duy nhất) (Hồ sơ chuẩn, không có bản trùng thừa)",1,true,"Cấp phép xây dựng cho công ty số phân tập đoàn Merap tại thôn Bá Khê, xã Tân Tiến, huyện Văn Giang để thực hiện công trinh nhà máy sản xuất tân dược đạt tiêu chuẩn GMP-WHO",2026-09-21 11:49:18
675,H31.05.02.H31.09.2009.1623,HOÀN THÀNH,"Đạt chuẩn (1 bản duy nhất) (Hồ sơ chuẩn, không có bản trùng thừa)",1,true,"Cấp phép xây dựng cho Công ty TNHH Đầu tư và PTCN An Đình tại xã Ngọc Lâm, huyện Mỹ Hào để thực hiện dự án nhà máy nông sản thực phẩm sạch An Đình",2026-09-21 11:49:20
676,H31.05.02.H31.09.2009.1622,HOÀN THÀNH,"Đạt chuẩn (1 bản duy nhất) (Hồ sơ chuẩn, không có bản trùng thừa)",1,true,"Cấp phép xây dựng cho Công ty Cổ phần. kerry. Integrated Logistics (HY) tại xã Minh Đức, huyện Mỹ Hào thuộc dự án khu dịch vụ kho bãi giao nhận vận chuyển Logistics",2026-09-21 11:49:23
677,H31.05.02.H31.09.2009.1617,HOÀN THÀNH,"Đạt chuẩn (1 bản duy nhất) (Hồ sơ chuẩn, không có bản trùng thừa)",1,true,"Cấp phép xây dựng nhà kho Sacombank tại thị trấn Bần Yên Nhân, tỉnh Hưng Yên",2026-09-21 11:49:25
678,H31.05.02.H31.09.2009.1615,HOÀN THÀNH,"Đạt chuẩn (1 bản duy nhất) (Hồ sơ chuẩn, không có bản trùng thừa)",1,true,"Cấp phép xây dựng cho Công ty Cổ phần Đồng Xanh tại thị trấn Lương Bằng, huyện Kim Động để thực hiện công trình nhà xưởng công ty cổ phần Đồng Xanh. Hạng mục xưởng sản xuất 36x60x6M",2026-09-21 11:49:27
679,H31.05.02.H31.09.2009.1614,HOÀN THÀNH,"Đạt chuẩn (1 bản duy nhất) (Hồ sơ chuẩn, không có bản trùng thừa)",1,true,"Cấp phép xây dựng cho công ty cố phần Phú Thái tại huyện Kim Động, thành phố Hưng Yên để thực hiện dự án nhà máy chế biến thức ăn chăn nuôi",2026-09-21 12:08:27
680,H31.05.02.H31.09.2009.1613,HOÀN THÀNH,"Đạt chuẩn (1 bản duy nhất) (Hồ sơ chuẩn, không có bản trùng thừa)",1,true,"Cấp phép xây dựng cho Công ty TNHH thương mại và dịch vụ Hà Minh Đức tại xã Phùng Hưng, huyện Khoái Châu để thực hiện dự án công trình Nhà máy sản xuất gạch Tuynel Minh Đức",2026-09-21 12:08:29
681,H31.05.02.H31.09.2009.1612,HOÀN THÀNH,"Đạt chuẩn (1 bản duy nhất) (Hồ sơ chuẩn, không có bản trùng thừa)",1,true,"Cấp phép xây dựng cho Công ty TNHH MTV dệt kim Đông Xuân huyện Khoái Châu, tỉnh Hưng Yên để thực hiện dự án Nhà máy sản phẩm dệt kim chất lượng cao, hạng mục: nhà ăn ca",2026-09-21 11:49:34
682,H31.05.02.H31.09.2009.1611,HOÀN THÀNH,"Đạt chuẩn (1 bản duy nhất) (Hồ sơ chuẩn, không có bản trùng thừa)",1,true,"Cấp phép xây dựng cho Công ty cổ phần dinh dưỡng quốc tế Đài Loan tại huyện Khoái Châu, tỉnh Hưng Yên để thực hiện dự án Nhà máy chế biến nông sản và thức ăn chăn nuôi",2026-09-21 11:49:36
683,H31.05.02.H31.09.2009.1610,HOÀN THÀNH,"Đạt chuẩn (1 bản duy nhất) (Hồ sơ chuẩn, không có bản trùng thừa)",1,true,"Cấp phép xây dựng cho công ty cổ phần Thương mại Du lịch - Khoái Châu tại thị trấn Khoái Châu, huyện Khoái Châu để thực hiện công trình trung tâm thương mại tại thị trấn Khoái Châu",2026-09-21 11:49:38
684,H31.05.02.H31.09.2009.1609,HOÀN THÀNH,"Đạt chuẩn (1 bản duy nhất) (Hồ sơ chuẩn, không có bản trùng thừa)",1,true,"Cấp phép xây dựng cho doanh nghiệp tư nhân Hưng Hải tại thành phố Hưng Yên, tỉnh Hưng Yên để thực hiện công trình bến đỗ xe Hưng Hải",2026-09-21 11:49:40
685,H31.05.02.H31.09.2009.1608,HOÀN THÀNH,"Đạt chuẩn (1 bản duy nhất) (Hồ sơ chuẩn, không có bản trùng thừa)",1,true,"Cấp phép xây dựng cho công ty TNHH Tường Minh tại xã Bảo Khê, thành phố Hưng Yên, tỉnh Hưng Yên cho công trình nhà điều hành và nhà hàng thực hiện dự án khách sạn Tường Minh",2026-09-21 11:49:42
686,H31.05.02.H31.09.2009.1607,HOÀN THÀNH,"Đạt chuẩn (1 bản duy nhất) (Hồ sơ chuẩn, không có bản trùng thừa)",1,true,"Cấp phép xây dựng cho công ty TNHH may xuất khẩu HYUNG Ji, huyện Ân Thi để thực hiện dự án xây dựng Nhà máy may xuất khẩu MYUNG Ji",2026-09-21 11:49:45
687,H31.05.02.H31.09.2009.1606,HOÀN THÀNH,"Đạt chuẩn (1 bản duy nhất) (Hồ sơ chuẩn, không có bản trùng thừa)",1,true,"Phương án kiến trúc công trình chợ và khu nhà ở thương mại Yên Mỹ, huyện Yên Mỹ",2026-09-21 11:49:47
688,H31.05.02.H31.09.2019.1605,HOÀN THÀNH,"Đạt chuẩn (1 bản duy nhất) (Hồ sơ chuẩn, không có bản trùng thừa)",1,true,"Phương án kiến trúc Trung tâm Giáo dục thường xuyên Phố Nối nhà lớp học 3 tầng 15 phòng học tại xã Liêu Xá, huyện Yên Mỹ",2026-09-21 11:49:49
689,H31.05.02.H31.09.2009.1604,HOÀN THÀNH,"Đạt chuẩn (1 bản duy nhất) (Hồ sơ chuẩn, không có bản trùng thừa)",1,true,"Phương án kiến trúc Khu công viên cây xanh và cải tạo phần mộ song thân Tổng Bí thư Nguyễn Văn Linh, huyện Yên Mỹ.",2026-09-21 11:49:51
690,H31.05.02.H31.09.2009.1603,HOÀN THÀNH,"Đạt chuẩn (1 bản duy nhất) (Hồ sơ chuẩn, không có bản trùng thừa)",1,true,Phương án kiến trúc phương án 1 trường Trung học phổ thông Dương Quảng Hàm. Hang mục nhà đa năng tại xã diễn Nghĩa huyện Văn Giang,2026-09-21 11:49:54
691,H31.05.02.H31.09.2009.1601,HOÀN THÀNH,"Đạt chuẩn (1 bản duy nhất) (Hồ sơ chuẩn, không có bản trùng thừa)",1,true,"Phương án kiến trúc cho bao bì huyện Mỹ Hào tỉnh Hưng Yên, công trình chỉ bao bì và khu Phố Nối tại UBND Phố Nối nhà thương mại phố Nối tại UBND Phố Nối năm 2009",2026-09-21 11:49:59
692,H31.05.02.H31.09.2007-2009.1602,HOÀN THÀNH,"Đạt chuẩn (1 bản duy nhất) (Hồ sơ chuẩn, không có bản trùng thừa)",1,true,Phương án kiên trúc công trình trụ sở làm việc Chi cục thuế huyện Tiên Lữ,2026-09-21 11:50:04
693,H31.05.02.H31.09.2009.1594,HOÀN THÀNH,"Đạt chuẩn (1 bản duy nhất) (Hồ sơ chuẩn, không có bản trùng thừa)",1,true,"Cấp phép xây dựng cho công ty TNHH Tường Minh tại xã Bảo Khê, thị xã Hưng Yên, tỉnh Hưng Yên thuộc dự án khách sạn Tường Minh năm 2009",2026-09-21 11:50:09
694,H31.05.02.H31.09.2009.1600,HOÀN THÀNH,"Đạt chuẩn (1 bản duy nhất) (Hồ sơ chuẩn, không có bản trùng thừa)",1,true,"Phương án kiến trúc công trình bệnh viện tâm thần kinh Hưng Yên (giai đoạn 3); Hạng mục: Nhà phục hồi chức năng và nhà nghỉ CBCNV tại xã Song Mai, huyện Kim Động năm 2009",2026-09-21 11:50:14
695,H31.05.02.H31.09.2009.1599,HOÀN THÀNH,"Đạt chuẩn (1 bản duy nhất) (Hồ sơ chuẩn, không có bản trùng thừa)",1,true,"Phương án kiến trúc công trình đền thờ các anh hùng liệt sĩ huyện Kim Động tại thị trấn Lương Bằng, huyện Kim Động năm 2009",2026-09-21 11:50:19
696,H31.05.02.H31.09.2009.1598,HOÀN THÀNH,"Đạt chuẩn (1 bản duy nhất) (Hồ sơ chuẩn, không có bản trùng thừa)",1,true,Phương án kiến trúc (PA1) công trình Trung tâm thương mại năm 2009 tại thị trấn Khoái Châu,2026-09-21 11:50:24
697,H31.05.02.H31.09.2009.1597,HOÀN THÀNH,"Đạt chuẩn (1 bản duy nhất) (Hồ sơ chuẩn, không có bản trùng thừa)",1,true,"Phương án kiến trúc công trình cải tạo, nâng cấp Trụ sở làm việc HĐND, UBND huyện Khoái Châu, tỉnh Hưng Yên năm 2009",2026-09-21 11:50:29
698,H31.05.02.H31.09.2009.1596,HOÀN THÀNH,"Đạt chuẩn (1 bản duy nhất) (Hồ sơ chuẩn, không có bản trùng thừa)",1,true,"Phương án kiến trúc Trụ sở giao dịch và Cửa hàng giới thiệu sản phẩm, thành phố Hưng Yên năm 2009",2026-09-21 11:50:34
699,H31.05.02.H31.09.2009.1595,HOÀN THÀNH,"Đạt chuẩn (1 bản duy nhất) (Hồ sơ chuẩn, không có bản trùng thừa)",1,true,"Phương án kiến trúc công trình khách sạn Tường Minh tại xã Bảo Khê, thị xã Hưng Yên, tỉnh Hưng Yên năm 2009",2026-09-21 11:50:39
700,H31.05.02.H31.09.2009.1593,HOÀN THÀNH,"Đạt chuẩn (1 bản duy nhất) (Hồ sơ chuẩn, không có bản trùng thừa)",1,true,"Phương án kiến trúc Quỹ tín dụng nhân dân Trung ương - Chi nhánh Hưng Yên phường Lam Sơn, thành phố Hưng Yên năm 2009",2026-09-21 11:50:44
701,H31.05.02.H31.09.2009.1591,HOÀN THÀNH,"Đạt chuẩn (1 bản duy nhất) (Hồ sơ chuẩn, không có bản trùng thừa)",1,true,"Phương án quy hoạch kiến trúc Tòa nhà Viettel Hưng Yên tại phường Hiến Nam, thị xã Hưng Yên, tỉnh Hưng Yên năm 2009",2026-09-21 11:50:49
702,H31.05.02.H31.09.2009.1590,HOÀN THÀNH,"Đạt chuẩn (1 bản duy nhất) (Hồ sơ chuẩn, không có bản trùng thừa)",1,true,"Phương án kiến trúc Trụ sở Công ty xổ số kiến thiết Hưng Yên, thị xã Hưng Yên, tỉnh Hưng Yên năm 2009",2026-09-21 11:50:54
703,H31.05.02.H31.09.2009.1589,HOÀN THÀNH,"Đạt chuẩn (1 bản duy nhất) (Hồ sơ chuẩn, không có bản trùng thừa)",1,true,"Phương án kiến trúc công trình Trung tâm giáo dục lao động xã hội tỉnh Hưng Yên, Hạng mục: Nhà làm việc + xưởng học nghề tại xã Xuân Trúc, huyện Ân Thi năm 2009",2026-09-21 11:50:59
704,H31.05.02.H31.09.2009.1587,HOÀN THÀNH,"Đạt chuẩn (1 bản duy nhất) (Hồ sơ chuẩn, không có bản trùng thừa)",1,true,"Phương án kiến trúc Trường cao đẳng sư phạm Hưng Yên - Ký túc xá C4, C2 tại phường An Tảo, TP. Hưng Yên năm 2009",2026-09-21 12:08:35
705,H31.05.02.H31.09.2009.1586,HOÀN THÀNH,"Đạt chuẩn (1 bản duy nhất) (Hồ sơ chuẩn, không có bản trùng thừa)",1,true,"Phương án kiến trúc công trình Cổng + Nhà bảo vệ của Trường Cao đẳng Sư phạm Hưng Yên tại phường An Tảo, TP. Hưng Yên năm 2009",2026-09-21 12:08:37
706,H31.05.02.H31.09.2009.1585,HOÀN THÀNH,"Đạt chuẩn (1 bản duy nhất) (Hồ sơ chuẩn, không có bản trùng thừa)",1,true,"Phương án kiến trúc công trình Nhà giảng đường - Trường nghiệp vụ thể dục thể thao Hưng Yên tại phường Hiến Nam, thành phố Hưng Yên năm 2009",2026-09-21 11:51:14
707,H31.05.02.H31.09.2008-2009.1592,HOÀN THÀNH,"Đạt chuẩn (1 bản duy nhất) (Hồ sơ chuẩn, không có bản trùng thừa)",1,true,Về phương án kiến trúc công trình Trụ sở làm việc công ty CP xây dựng đê kè thuỷ lợi Hưng Yên năm 2009,2026-09-21 12:08:39
708,H31.05.02.H31.09.2008-2009.1588,HOÀN THÀNH,"Đạt chuẩn (1 bản duy nhất) (Hồ sơ chuẩn, không có bản trùng thừa)",1,true,"Phương án kiến trúc Khoa Ung bướu - Bệnh viện đa khoa Hưng yên, TP Hưng Yên năm 2009",2026-09-21 11:51:24
709,H31.05.02.H31.09.2008.1573,HOÀN THÀNH,"Đạt chuẩn (1 bản duy nhất) (Hồ sơ chuẩn, không có bản trùng thừa)",1,true,"Cấp phép xây dựng cho công ty cổ phần kỹ nghệ GK tại xã Trưng Trắc, huyện Văn Lâm thuộc dự án N/m sản xuất thuốc thú y - GMP năm 2008",2026-09-21 11:51:29
710,H31.05.02.H31.09.2008.1572,HOÀN THÀNH,"Đạt chuẩn (1 bản duy nhất) (Hồ sơ chuẩn, không có bản trùng thừa)",1,true,"Cấp phép xây dựng cho Công ty TNHH đầu tư và thương mại VIWA tại Tân Quang, huyện Văn Lâm thuộc dự án nhà máy sản xuất ống nhựa chịu nhiệt PP-R năm 2008",2026-09-21 11:51:34
711,H31.05.02.H31.09.2008.1571,HOÀN THÀNH,"Đạt chuẩn (1 bản duy nhất) (Hồ sơ chuẩn, không có bản trùng thừa)",1,true,"Cấp phép xây dựng cho Công ty cổ phần Nguyễn Hồng II tại xã Tân Quang, huyện Văn Lâm thuộc dự án Nhà máy đồ chơi và quà lưu niệm, hạng mục: Nhà xưởng số 2 năm 2008",2026-09-21 11:51:39
712,H31.05.02.H31.09.2008.1570,HOÀN THÀNH,"Đạt chuẩn (1 bản duy nhất) (Hồ sơ chuẩn, không có bản trùng thừa)",1,true,"Cấp phép xây dựng cho Công ty TNHH công nghiệp Matec tại xã Lạc Đạo, huyện Văn Lâm thuộc dự án Nhà máy dây và cáp điện Matec năm 2008",2026-09-21 11:51:44
713,H31.05.02.H31.09.2008.1569,HOÀN THÀNH,"Đạt chuẩn (1 bản duy nhất) (Hồ sơ chuẩn, không có bản trùng thừa)",1,true,"Cấp phép xây dựng cho Công ty TNHH Dịch vụ vận tải và Thương mại Tùng Dương tại xã Đình Dù, huyện Văn Lâm cho Công trình Nhà máy sản xuất tấm lợp tôn sóng năm 2008.",2026-09-21 11:51:49
714,H31.05.02.H31.09.2008.1568,HOÀN THÀNH,"Đạt chuẩn (1 bản duy nhất) (Hồ sơ chuẩn, không có bản trùng thừa)",1,true,"Cấp phép xây dựng cho Công ty TNHH sản xuất phụ tùng ô tô xe máy Việt Nam tại thị trấn Như Quỳnh, huyện Văn Lâm thuộc dự án Nhà máy sản xuất phụ tùng ô tô xe máy năm 2008.",2026-09-21 11:51:54
715,H31.05.02.H31.09.2008.1567,HOÀN THÀNH,"Đạt chuẩn (1 bản duy nhất) (Hồ sơ chuẩn, không có bản trùng thừa)",1,true,"Cấp phép xây dựng cho Công ty CP Thực phẩm xuất khẩu Trung Sơn Hưng Yên tại thị trấn Như Quỳnh, huyện Văn Lâm cho các công trình thuộc dự án: Nhà máy chế biến nông sản thực phẩm xuất khẩu năm 2008",2026-09-21 11:51:59
716,H31.05.02.H31.09.2007-2008.1652,HOÀN THÀNH,"Đạt chuẩn (1 bản duy nhất) (Hồ sơ chuẩn, không có bản trùng thừa)",1,true,"Cấp phép xây dựng cho Công ty Cổ phần Tư vấn công nghệ, thiết bị và kiểm định xây dựng Coninco tại huyện Mỹ Hào thuộc công trình cụm nhà điều hành, nhà học - thí nghiệm chung",2026-09-21 11:52:04
717,H31.05.02.H31.09.2006-2008.1563,HOÀN THÀNH,"Đạt chuẩn (1 bản duy nhất) (Hồ sơ chuẩn, không có bản trùng thừa)",1,true,"Cấp phép xây dựng cho công ty TNHH AUTOCON VINA tại xã Ngọc Lâm, huyện Mỹ Hào thuộc dự án Nhà máy sản xuất nội thất ô tô",2026-09-21 11:52:09
718,H31.05.02.H31.09.2007.1509,HOÀN THÀNH,"Đạt chuẩn (1 bản duy nhất) (Hồ sơ chuẩn, không có bản trùng thừa)",1,true,"Cấp phép xây dựng cho công ty CP kho vận VIETFRACHT Hưng Yên trên địa bàn xã Vĩnh Khúc, huyện Văn Giang, tỉnh Hưng Yên cho công trình Kho trung chuyển hàng hóa năm 2007",2026-09-21 11:52:11
719,H31.05.02.H31.09.2007.1508,HOÀN THÀNH,"Đạt chuẩn (1 bản duy nhất) (Hồ sơ chuẩn, không có bản trùng thừa)",1,true,"Cấp phép xây dựng cho Công ty TNHH Auto-Con Việt Nam tại xã Ngọc Lâm, huyện Mỹ Hào, thuộc công trình Nhà máy sản xuất nội thất ô tô",2026-09-21 11:52:13
720,H31.05.02.H31.09.2007.1507,HOÀN THÀNH,"Đạt chuẩn (1 bản duy nhất) (Hồ sơ chuẩn, không có bản trùng thừa)",1,true,"Cấp phép xây dựng cho Công ty TNHH quốc tế Deob - Bu tại xã Ngọc Lâm, huyện Mỹ Hào, thuộc công trình Nhà máy sản xuất nội thất ô tô năm 2007",2026-09-21 12:08:43
721,H31.05.02.H31.09.2011.2662,HOÀN THÀNH,"Đạt chuẩn (1 bản duy nhất) (Hồ sơ chuẩn, không có bản trùng thừa)",1,true,"Phương án kiến trúc Trụ sở làm việc Đảng ủy - HĐND - UBND thị trấn Bần Yên Nhân, huyện Mỹ Hào năm 2011",2026-09-21 12:08:45
722,H31.05.02.H31.09.2014.2665,HOÀN THÀNH,"Đạt chuẩn (1 bản duy nhất) (Hồ sơ chuẩn, không có bản trùng thừa)",1,true,"Chương trình phát triển đô thị tỉnh Hưng Yên giai đoạn 2014-2020, định hướng đến năm 2030, năm 2014",2026-09-21 11:52:20
723,H31.05.02.H31.09.2013.2664,HOÀN THÀNH,"Đạt chuẩn (1 bản duy nhất) (Hồ sơ chuẩn, không có bản trùng thừa)",1,true,"Trả lời ý kiến tham gia cho các dự án đầu tư của các Doanh nghiệp trên địa bàn huyện Mỹ Hào, năm 2013",2026-09-21 12:08:48
724,H31.05.02.H31.09.2013.2663,HOÀN THÀNH,"Đạt chuẩn (1 bản duy nhất) (Hồ sơ chuẩn, không có bản trùng thừa)",1,true,"Về điều chỉnh quy hoạch chung xây dựng thị trấn Ân Thi, huyện Ân Thi, tỉnh Hưng Yên đến năm 2025",2026-09-21 12:08:50
725,H31.05.02.H31.09.2019.2629,HOÀN THÀNH,"Đạt chuẩn (1 bản duy nhất) (Hồ sơ chuẩn, không có bản trùng thừa)",1,true,"Đề nghị thẩm định quy hoạch chi tiết xây dựng cụm công nghiệp Lương Bằng - Hiệp Cường huyện Kim Động, tỷ lệ 1/500 năm 2019",2026-09-21 12:08:52
726,H31.05.02.H31.09.2019.2627,HOÀN THÀNH,"Đạt chuẩn (1 bản duy nhất) (Hồ sơ chuẩn, không có bản trùng thừa)",1,true,Góp ý kiến để hoàn thiện hồ sơ quy hoạch xây dựng vùng huyện Kim Động đến năm 2035 tỷ lệ 1/25.000,2026-09-21 12:08:54
727,H31.05.02.H31.09.2019.2626,HOÀN THÀNH,"Đạt chuẩn (1 bản duy nhất) (Hồ sơ chuẩn, không có bản trùng thừa)",1,true,"Đề nghị thẩm định đồ án quy hoạch chi tiết xây dựng tỷ lệ 1/500 Khu nhà ở Bình Minh Phố Hiến tại xã Dân Tiến, huyện Khoái Châu năm 2018-2019",2026-09-21 12:08:57
728,H31.05.02.H31.09.2019.2625,HOÀN THÀNH,"Đạt chuẩn (1 bản duy nhất) (Hồ sơ chuẩn, không có bản trùng thừa)",1,true,"Đề nghị phê duyệt nhiệm vụ quy hoạch chi tiết xây dựng tỷ lệ 1/500 khu nhà ở xã hội dành cho công nhân khu công nghiệp tại xã Phùng Chí Kiên, huyện Mỹ Hào, năm 2019",2026-09-21 12:08:59
729,H31.05.02.H31.09.2019.2624,HOÀN THÀNH,"Đạt chuẩn (1 bản duy nhất) (Hồ sơ chuẩn, không có bản trùng thừa)",1,true,Phê duyệt kế hoạch đấu thầu công trình tư vấn lập dự án đo vẽ bản đồ và thiết kế điều chỉnh quy hoạch chung xây dựng đô thị mới Phố Nối năm 2019,2026-09-21 12:09:01
730,H31.05.02.H31.09.2019.2623,HOÀN THÀNH,"Đạt chuẩn (1 bản duy nhất) (Hồ sơ chuẩn, không có bản trùng thừa)",1,true,"Thẩm định, phê duyệt nhiệm vụ quy hoạch chi tiết xây dựng tỷ lệ 1/500 Khu nhà ở Phố Mới Văn Giang tại xã Cửu Cao và thị trấn Văn Giang năm 2019.",2026-09-21 12:09:03
731,H31.05.02.H31.09.2019.2622,HOÀN THÀNH,"Đạt chuẩn (1 bản duy nhất) (Hồ sơ chuẩn, không có bản trùng thừa)",1,true,"Phê duyệt nhiệm vụ lập quy hoạnh chi tiết Xây dùng tỷ lệ 1/500 Khu nhà ở Hưng Thịnh Phát tại huyện Văn Giang, tỉnh Hưng Yên năm 2019",2026-09-21 12:09:06
732,H31.05.02.H31.09.2019.2621,HOÀN THÀNH,"Đạt chuẩn (1 bản duy nhất) (Hồ sơ chuẩn, không có bản trùng thừa)",1,true,"Tham gia ý kiến về Đồ án quy hoạch chi tiết xây dựng tỷ lệ 1/500 khu vực phát triển đô thị xã Nghĩa Trụ, huyện Văn Giang đến năm 2030, định hướng đến năm 2035",2026-09-21 12:09:08
733,H31.05.02.H31.09.2019.2620,HOÀN THÀNH,"Đạt chuẩn (1 bản duy nhất) (Hồ sơ chuẩn, không có bản trùng thừa)",1,true,"Thẩm định đề án điều chỉnh quy hoạch chi tiết xây dựng tỷ lệ 1/500 cụm công nghiệp xã Tân Tiến, huyện Văn Giang năm 2019",2026-09-21 12:09:10
734,H31.05.02.H31.09.2019.2613,HOÀN THÀNH,"Đạt chuẩn (1 bản duy nhất) (Hồ sơ chuẩn, không có bản trùng thừa)",1,true,"Chấp thuận mặt bằng quy hoạch tổng thể điều chình cục bộ dự án Khu nhà ở dành cho người thu nhập thấp tại phường Hiến Nam, TP Hưng Yên Tập II",2026-09-21 12:09:12
735,H31.05.02.H31.09.2019.2612,HOÀN THÀNH,"Đạt chuẩn (1 bản duy nhất) (Hồ sơ chuẩn, không có bản trùng thừa)",1,true,"Chấp thuận mặt bằng quy hoạch tổng thể điều chinh cục bộ dự án khu nhà ở dành cho người thu nhập thấp tại phường Hiến Nam, TP Hưng Yên năm 2018 - Tập I",2026-09-21 12:09:14
736,H31.05.02.H31.09.2017.2598,HOÀN THÀNH,"Đạt chuẩn (1 bản duy nhất) (Hồ sơ chuẩn, không có bản trùng thừa)",1,true,"Phê duyệt nhiệm vụ lập quy hoạch chi tiết xây dựng tỷ lệ 1/500 Khu nhà ở phục vụ Khu công nghiệp Minh Quang, huyện Mỹ Hào, tỉnh Hưng Yên năm 2016-2017",2026-09-21 12:09:17
737,H31.05.02.H31.09.2016.2596,HOÀN THÀNH,"Đạt chuẩn (1 bản duy nhất) (Hồ sơ chuẩn, không có bản trùng thừa)",1,true,Tham gia ý kiến cho nhiệm vụ lập quy hoạch phân khu tỷ lệ 1/2000 Khu Trung tâm huyện Văn Lâm năm 2016.,2026-09-21 12:09:19
738,H31.05.02.H31.09.2016.2595,HOÀN THÀNH,"Đạt chuẩn (1 bản duy nhất) (Hồ sơ chuẩn, không có bản trùng thừa)",1,true,"Tham gia ý kiến về đồ án quy hoạch chi tiết 1/500 sáu phường thị xã Mỹ Hào, tỉnh Hưng Yên (thị trấn Bần Yên Nhân, xã Nhân Hòa, xã Bạch sam, xã Dị Sử, xã Phùng Chí Kiên, Minh Đức)",2026-09-21 12:09:21
739,H31.05.02.H31.09.2016.2594,HOÀN THÀNH,"Đạt chuẩn (1 bản duy nhất) (Hồ sơ chuẩn, không có bản trùng thừa)",1,true,"Hồ sơ tham gia ý kiến vào dự thảo quy chế quản lý quy hoạch kiến trúc đô thị khu dân cư mới thị trấn Văn Giang, huyện Văn Giang năm 2016",2026-09-21 12:09:23
740,H31.05.02.H31.09.2019.2592,HOÀN THÀNH,"Đạt chuẩn (1 bản duy nhất) (Hồ sơ chuẩn, không có bản trùng thừa)",1,true,Hồ sơ tham gia ý kiến về đồ án quy hoạch và đồ án quy hoạch xây dựng chi tiết tỷ lệ 1/500 Khu trung tâm hành chính huyện Mỹ Hào năm 2015,2026-09-21 12:09:25
741,H31.05.02.H31.09.2019.2591,HOÀN THÀNH,"Đạt chuẩn (1 bản duy nhất) (Hồ sơ chuẩn, không có bản trùng thừa)",1,true,"Về việc xin điều chinh cục bộ quy hoạch chi tiết xây dựng khu công nghiệp Phố Nối A mở rộng tỉnh Hưng Yên tỷ lệ 1/2000 tại xã Lạc Đạo, xã Minh Hải, huyện Văn Lâm năm 2014",2026-09-21 12:09:28
742,H31.05.02.H31.09.2019.2590,HOÀN THÀNH,"Đạt chuẩn (1 bản duy nhất) (Hồ sơ chuẩn, không có bản trùng thừa)",1,true,"Tham gia ý kiến về nhiệm vụ lập quy hoạnh phân khu nội thị tỷ lệ 1/2000 và quy hoạch Chi tiết khu trung tâm tỷ lệ 1/500 đô thị Mỹ Hào, tỉnh Hưng Yên năm 2014",2026-09-21 12:09:30
743,H31.05.02.H31.09.2014.2589,HOÀN THÀNH,"Đạt chuẩn (1 bản duy nhất) (Hồ sơ chuẩn, không có bản trùng thừa)",1,true,"Phương án kiến trúc các công trình thuộc dự án thành phần khu nhà ở thấp tầng 2A, 2B thuộc khu Đô thị Thương mại và Du lịch Văn Giang năm 2014",2026-09-21 12:09:32
744,H31.05.02.H31.09.2019.2586,HOÀN THÀNH,"Đạt chuẩn (1 bản duy nhất) (Hồ sơ chuẩn, không có bản trùng thừa)",1,true,Về việc tham gia ý kiến cho vị trí xây dựng Nhà ăn Huyện ủy Văn Lâm năm 2013,2026-09-21 12:09:35
745,H31.05.02.H31.09.2019.2585,HOÀN THÀNH,"Đạt chuẩn (1 bản duy nhất) (Hồ sơ chuẩn, không có bản trùng thừa)",1,true,Hồ sơ đề nghị thẩm định quy hoạch chi tiết 1/500 khu đô thị sinh thái Laico tại xã Bình Minh huyện Khoái Châu năm 2013,2026-09-21 12:09:37
746,H31.05.02.H31.09.2019.2584,HOÀN THÀNH,"Đạt chuẩn (1 bản duy nhất) (Hồ sơ chuẩn, không có bản trùng thừa)",1,true,"Hồ sơ hoàn thiện hồ sơ nhiệm vụ lập quy hoạch bảo tồn và phát huy giá trị khu di tích Nguyễn Thiện Thuật, tỷ lệ 1/500 tại xã Xuân Đục, huyện Mỹ Hào",2026-09-21 12:09:39
747,H31.05.02.H31.09.2019.2583,HOÀN THÀNH,"Đạt chuẩn (1 bản duy nhất) (Hồ sơ chuẩn, không có bản trùng thừa)",1,true,"Hồ sơ thỏa thuận quy hoạch chi tiết tỷ lệ 1/500 khu nhà ở xã hội, nhà ở công nhân, nhà ở thương mại và dịch vụ khu phố công nghiệp Phố Nối tại xã Nghĩa Hiệp, Yên Mỹ năm 2012",2026-09-21 12:09:41
748,H31.05.02.H31.09.2019.2582,HOÀN THÀNH,"Đạt chuẩn (1 bản duy nhất) (Hồ sơ chuẩn, không có bản trùng thừa)",1,true,"Hồ sơ phê duyệt hiện trạng xây dựng khu công nghiệp dệt may Phố Nối, tỷ lệ 1/1000 giai đoạn I",2026-09-21 12:09:43
749,H31.05.02.H31.09.2019.2579,HOÀN THÀNH,"Đạt chuẩn (1 bản duy nhất) (Hồ sơ chuẩn, không có bản trùng thừa)",1,true,Thỏa thuận nội dụng dự án quy hoạch chi tiết tỷ lệ 1/500 Trung tâm thương mại quốc tế Kinh Hoa Mỹ Việt tại huyên Mỹ Hào năm 2010,2026-09-21 12:09:46
750,H31.05.02.H31.09.2019.2578,HOÀN THÀNH,"Đạt chuẩn (1 bản duy nhất) (Hồ sơ chuẩn, không có bản trùng thừa)",1,true,Phương án kiến trúc dự án ĐTXD và hạ tầng kỹ thuật Khu nhà ở thương mại huyện Khoái Châu năm 2011,2026-09-21 12:09:48
751,H31.05.02.H31.09.2019.2577,HOÀN THÀNH,"Đạt chuẩn (1 bản duy nhất) (Hồ sơ chuẩn, không có bản trùng thừa)",1,true,"Đề nghị quy hoạch chi tiết xây dựng tỷ lệ 1/2000 Khu công nghiệp Dân Tiến, huyện Khoái Châu",2026-09-21 12:09:50
752,H31.05.02.H31.09.2019.2575,HOÀN THÀNH,"Đạt chuẩn (1 bản duy nhất) (Hồ sơ chuẩn, không có bản trùng thừa)",1,true,Chấp thuận hồ sơ quy hoạch dự án đầu tư xây dựng Trường Đại học Chu Văn An tại thành phố Hưng Yên năm 2010,2026-09-21 12:09:52
753,H31.05.02.H31.09.2019.2574,HOÀN THÀNH,"Đạt chuẩn (1 bản duy nhất) (Hồ sơ chuẩn, không có bản trùng thừa)",1,true,"Khảo sát, xây dựng thành lập bản đồ địa hình tỷ lệ 1/10.000 dự án điều chỉnh quy hoạch chung xây dựng vùng tỉnh Hưng Yên đến năm 2025, năm 2009 - Tập 2",2026-09-21 12:09:54
754,H31.05.02.H31.09.2019.2573,HOÀN THÀNH,"Đạt chuẩn (1 bản duy nhất) (Hồ sơ chuẩn, không có bản trùng thừa)",1,true,Về việc khảo sát xây dựng thành lập bản đồ địa hình tỷ lệ 1/10000 dự án điều chỉnh quy hoạch chung xây dựng vùng tỉnh Hưng Yên đến năm 2025 - năm 2009 - Tập 1,2026-09-21 12:09:57
755,H31.05.02.H31.09.2019.2566,HOÀN THÀNH,"Đạt chuẩn (1 bản duy nhất) (Hồ sơ chuẩn, không có bản trùng thừa)",1,true,"Tham gia ý kiến cho đồ án quy hoạch chi tiết xây dựng tỷ lệ 1/500 Khu dân cư mới xã Liên Phương, thành phố Hưng Yên năm 2019",2026-09-21 12:09:59
756,H31.05.02.H31.09.2019.2565,HOÀN THÀNH,"Đạt chuẩn (1 bản duy nhất) (Hồ sơ chuẩn, không có bản trùng thừa)",1,true,"Ý kiến về đồ án quy hoạch chi tiết xây dựng tỷ lệ 1/500 Khu dân cư mới đường Lạc Long Quân, phường Minh Khai năm 2019",2026-09-21 12:10:01
757,H31.05.02.H31.09.2019.2564,HOÀN THÀNH,"Đạt chuẩn (1 bản duy nhất) (Hồ sơ chuẩn, không có bản trùng thừa)",1,true,"Ý kiến về quy hoạch chi tiết tỷ lệ 1/500 Khu dân cư Hồng Châu, phường Hồng Châu, thành phố Hưng Yên năm 2019",2026-09-21 12:10:03
758,H31.05.02.H31.09.2019.2563,HOÀN THÀNH,"Đạt chuẩn (1 bản duy nhất) (Hồ sơ chuẩn, không có bản trùng thừa)",1,true,"Tham gia ý kiến cho đồ án quy hoạch chi tiết xây dựng tỷ lệ 1/500 Khu dân cư mới xã Thủ Sỹ, huyện Tiên Lữ năm 2019",2026-09-21 12:10:06
759,H31.05.02.H31.09.2019.2562,HOÀN THÀNH,"Đạt chuẩn (1 bản duy nhất) (Hồ sơ chuẩn, không có bản trùng thừa)",1,true,"Tham gia ý kiến về nhiệm vụ lập quy hoạch chi tiết xây dựng tỷ lệ 1/500 khu dân cư mới đường Lạc Long Quân, phường Mình Khai, thành phố Hưng Yên năm 2019",2026-09-21 12:10:08
760,H31.05.02.H31.09.2019.2561,HOÀN THÀNH,"Đạt chuẩn (1 bản duy nhất) (Hồ sơ chuẩn, không có bản trùng thừa)",1,true,"Chập thuận vị trí xây dựng sân vận động xã Nhật Tân, huyện Tiên Lữ, Trường tiểu học Đông Tảo, huyện Khoái Châu, thẩm định mặt bằng quy hoạch tổng thể điều chỉnh Ngân hàng Nhà nước Chi nhánh Hưng Yên",2026-09-21 12:10:10
761,H31.05.02.H31.09.2019.2560,HOÀN THÀNH,"Đạt chuẩn (1 bản duy nhất) (Hồ sơ chuẩn, không có bản trùng thừa)",1,true,"Thuyết minh tổng hợp quy hoạch chi tiết xây dựng tỷ lệ 1/500 khu nhà ở Newcity tại xã An Vĩ, huyện Khoái Châu, tỉnh Hưng Yên",2026-09-21 12:10:12
762,H31.05.02.H31.09.2019.2559,HOÀN THÀNH,"Đạt chuẩn (1 bản duy nhất) (Hồ sơ chuẩn, không có bản trùng thừa)",1,true,"Về việc cho ý kiến thẩm định dự án cho các doanh nghiệp trên địa bàn xã Tân Lập và thị trấn Yên Mỹ, huyện Yên Mỹ",2026-09-21 12:10:14
763,H31.05.02.H31.09.2019.2558,HOÀN THÀNH,"Đạt chuẩn (1 bản duy nhất) (Hồ sơ chuẩn, không có bản trùng thừa)",1,true,"Về việc cho ý kiến thẩm định dự án của các doanh nghiệp trên địa bàn xã Yên Phú, huyện Yên Mỹ",2026-09-21 12:10:17
764,H31.05.02.H31.09.2019.2557,HOÀN THÀNH,"Đạt chuẩn (1 bản duy nhất) (Hồ sơ chuẩn, không có bản trùng thừa)",1,true,"Về việc cho ý kiến thẩm định dự án của các doanh nghiệp trên địa bàn xã Yên Hoà, huyện Yên Mỹ",2026-09-21 12:10:19
765,H31.05.02.H31.09.2019.2556,HOÀN THÀNH,"Đạt chuẩn (1 bản duy nhất) (Hồ sơ chuẩn, không có bản trùng thừa)",1,true,"Về việc cho ý kiến thẩm định dự án của các doanh nghiệp trên địa bàn xã Việt Cường, huyện Yên Mỹ",2026-09-21 12:10:21
766,H31.05.02.H31.09.2019.2555,HOÀN THÀNH,"Đạt chuẩn (1 bản duy nhất) (Hồ sơ chuẩn, không có bản trùng thừa)",1,true,"Về việc cho ý kiến thẩm định dự án của các doanh nghiệp trên địa bàn xã Trung Hưng, huyện Yên Mỹ",2026-09-21 12:10:23
767,H31.05.02.H31.09.2019.2554,HOÀN THÀNH,"Đạt chuẩn (1 bản duy nhất) (Hồ sơ chuẩn, không có bản trùng thừa)",1,true,"Về việc cho ý kiến thẩm định dự án của các doanh nghiệp trên địa bàn xã Trung Hoà, huyện Yên Mỹ",2026-09-21 12:10:25
768,H31.05.02.H31.09.2019.2553,HOÀN THÀNH,"Đạt chuẩn (1 bản duy nhất) (Hồ sơ chuẩn, không có bản trùng thừa)",1,true,"Về việc cho ý kiến thẩm định dự án của các doanh nghiệp trên địa bàn xã Thanh Long, huyện Yên Mỹ",2026-09-21 12:10:27
769,H31.05.02.H31.09.2019.2545,HOÀN THÀNH,"Đạt chuẩn (1 bản duy nhất) (Hồ sơ chuẩn, không có bản trùng thừa)",1,true,"Về việc cho ý kiến thẩm định dự án của các doanh nghiệp trên địa bàn xã Giai Phạm, huyện Yên Mỹ",2026-09-21 12:10:30
770,H31.05.02.H31.09.2019.2544,HOÀN THÀNH,"Đạt chuẩn (1 bản duy nhất) (Hồ sơ chuẩn, không có bản trùng thừa)",1,true,"Hồ sơ về việc cho ý kiến thẩm định dự án của các doanh nghiệp trên địa bàn xã Đồng Than, huyện Yên Mỹ",2026-09-21 12:10:32
771,H31.05.02.H31.09.2019.2543,HOÀN THÀNH,"Đạt chuẩn (1 bản duy nhất) (Hồ sơ chuẩn, không có bản trùng thừa)",1,true,"Hồ sơ về việc cho ý kiến thẩm định dự án của các doanh nghiệp trên địa bàn thị trấn Yên Mỹ, huyện Yên Mỹ",2026-09-21 12:10:34
772,H31.05.02.H31.09.2019.2542,HOÀN THÀNH,"Đạt chuẩn (1 bản duy nhất) (Hồ sơ chuẩn, không có bản trùng thừa)",1,true,"Hồ sơ về việc cho ý kiến thẩm định dự án của các doanh nghiệp trên địa bàn xã Tân Quang, huyện Văn Lâm",2026-09-21 12:10:36
773,H31.05.02.H31.09.2019.2541,HOÀN THÀNH,"Đạt chuẩn (1 bản duy nhất) (Hồ sơ chuẩn, không có bản trùng thừa)",1,true,"Hồ sơ tham gia ý kiến cho dự án đầu tư của Công ty cổ phần Vạn Tâm Thịnh để thực hiện dự án Nhà máy sản xuất gia công in, thêu trên vải sản xuất, lắp ráp đồ dùng và kinh doanh dịch vụ thương mại tổng hợp tại xã Minh Hải, huyện Văn Lâm",2026-09-21 12:10:39
774,H31.05.02.H31.09.2019.2540,HOÀN THÀNH,"Đạt chuẩn (1 bản duy nhất) (Hồ sơ chuẩn, không có bản trùng thừa)",1,true,"Hồ sơ về việc cho ý kiến thẩm định dự án của các doanh nghiệp trên địa bàn xã Minh Hải, huyện Văn Lâm",2026-09-21 12:10:41
775,H31.05.02.H31.09.2019.2539,HOÀN THÀNH,"Đạt chuẩn (1 bản duy nhất) (Hồ sơ chuẩn, không có bản trùng thừa)",1,true,"Về việc cho ý kiến thẩm định dự án của các doanh nghiệp trên địa bàn xã Lạc Đạo, huyện Văn Lâm",2026-09-21 12:10:43
776,H31.05.02.H31.09.2019.2538,HOÀN THÀNH,"Đạt chuẩn (1 bản duy nhất) (Hồ sơ chuẩn, không có bản trùng thừa)",1,true,"Về việc cho ý kiến thẩm định dự án của các doanh nghiệp trên địa bàn xã Chỉ Đạo, huyện Văn Lâm (Tập 2)",2026-09-21 12:10:45
777,H31.05.02.H31.09.2019.2537,HOÀN THÀNH,"Đạt chuẩn (1 bản duy nhất) (Hồ sơ chuẩn, không có bản trùng thừa)",1,true,Hồ sơ về việc cho ý kiến thẩm định dự án của các doanh nghiệp trên địa bàn xã Chỉ Đạo huyện Văn Lâm (tập 1),2026-09-21 12:10:48
778,H31.05.02.H31.09.2019.2536,HOÀN THÀNH,"Đạt chuẩn (1 bản duy nhất) (Hồ sơ chuẩn, không có bản trùng thừa)",1,true,Hồ sơ về việc cho ý kiến thẩm định dự án của các doanh nghiệp trên địa bàn huyện Văn Lâm,2026-09-21 12:10:50
779,H31.05.02.H31.09.2019.2535,HOÀN THÀNH,"Đạt chuẩn (1 bản duy nhất) (Hồ sơ chuẩn, không có bản trùng thừa)",1,true,Hồ sơ khảo sát đo vẽ bản đồ địa hình tỷ lệ 1/10000 đồ án điều chỉnh quy hoạch chung thành phố Hưng Yên đến năm 2035,2026-09-21 12:10:52
780,H31.05.02.H31.09.2019.2534,HOÀN THÀNH,"Đạt chuẩn (1 bản duy nhất) (Hồ sơ chuẩn, không có bản trùng thừa)",1,true,"Về việc cho ý kiến thẩm định dự án của các doanh nghiệp trên địa bàn xã Vĩnh Khúc, huyện Yên Mỹ",2026-09-21 12:10:54
781,H31.05.02.H31.09.2019.2533,HOÀN THÀNH,"Đạt chuẩn (1 bản duy nhất) (Hồ sơ chuẩn, không có bản trùng thừa)",1,true,"Về việc cho ý kiến thẩm định dự án của các doanh nghiệp trên địa bàn xã Xuân Quan, huyện Yên Mỹ",2026-09-21 12:10:56
782,H31.05.02.H31.09.2019.2532,HOÀN THÀNH,"Đạt chuẩn (1 bản duy nhất) (Hồ sơ chuẩn, không có bản trùng thừa)",1,true,"Về việc cho ý kiến thẩm định dự án của các doanh nghiệp trên địa bàn xã Long Hưng, huyện Yên Mỹ",2026-09-21 12:10:59
783,H31.05.02.H31.09.2019.2531,HOÀN THÀNH,"Đạt chuẩn (1 bản duy nhất) (Hồ sơ chuẩn, không có bản trùng thừa)",1,true,Về việc cho ý kiến thẩm định dự án của các doanh nghiệp trên địa bàn huyện Văn Giang,2026-09-21 12:11:01
784,H31.05.02.H31.09.2019.2530,HOÀN THÀNH,"Đạt chuẩn (1 bản duy nhất) (Hồ sơ chuẩn, không có bản trùng thừa)",1,true,Về việc cho ý kiến thẩm định dự án của các doanh nghiệp trên địa bàn huyện Tiên Lữ,2026-09-21 12:11:03
785,H31.05.02.H31.09.2019.2529,HOÀN THÀNH,"Đạt chuẩn (1 bản duy nhất) (Hồ sơ chuẩn, không có bản trùng thừa)",1,true,Về việc cho ý kiến thẩm định dự án của các doanh nghiệp trên địa bàn huyện Phù Cừ,2026-09-21 12:11:05
786,H31.05.02.H31.09.2019.2528,HOÀN THÀNH,"Đạt chuẩn (1 bản duy nhất) (Hồ sơ chuẩn, không có bản trùng thừa)",1,true,"Về việc cho ý kiến thẩm định dự án của các doanh nghiệp trên địa bàn xã Xuân Dục, huyện Mỹ Hào",2026-09-21 12:11:07
787,H31.05.02.H31.09.2019.2527,HOÀN THÀNH,"Đạt chuẩn (1 bản duy nhất) (Hồ sơ chuẩn, không có bản trùng thừa)",1,true,"Về việc cho ý kiến thẩm định dự án của các doanh nghiệp trên địa bàn xã Phan Đình Phùng, huyện Mỹ Hào",2026-09-21 12:11:10
788,H31.05.02.H31.09.2019.2526,HOÀN THÀNH,"Đạt chuẩn (1 bản duy nhất) (Hồ sơ chuẩn, không có bản trùng thừa)",1,true,"Về việc cho ý kiến thẩm định dự án của các doanh nghiệp trên địa bàn xã Nhân Hoà, huyện Mỹ Hào",2026-09-21 12:11:12
789,H31.05.02.H31.09.2019.2525,HOÀN THÀNH,"Đạt chuẩn (1 bản duy nhất) (Hồ sơ chuẩn, không có bản trùng thừa)",1,true,"Thẩm định điều chỉnh quy hoạt chi tiết xây dựng tỷ lệ 1/500 dự án Khu nhà ở Xã hội, nhà ở thương mại Ánh Khoa tại thị trấn Yên Mỹ, huyện Yên Mỹ",2026-09-21 12:11:14
790,H31.05.02.H31.09.2019.2524,HOÀN THÀNH,"Đạt chuẩn (1 bản duy nhất) (Hồ sơ chuẩn, không có bản trùng thừa)",1,true,"Thẩm định nhiệm vụ, nhiệm vụ điều chỉnh quy hoạch chi tiết xây dựng tỷ lệ 1/500 Dự án ĐTXD khu nhà ở thương mại nhà ở đô thị tại huyện Yên Mỹ và huyện Mỹ Hào",2026-09-21 12:11:16
791,H31.05.02.H31.09.2019.2523,HOÀN THÀNH,"Đạt chuẩn (1 bản duy nhất) (Hồ sơ chuẩn, không có bản trùng thừa)",1,true,"Thẩm định, phê duyệt nhiệm vụ lập quy hoạch chi tiết tỷ lệ 1/500 Khu nhà ở An Thịnh tại thị trấn Yên Mỹ, huyện Yên Mỹ",2026-09-21 12:11:19
792,H31.05.02.H31.09.2019.2522,HOÀN THÀNH,"Đạt chuẩn (1 bản duy nhất) (Hồ sơ chuẩn, không có bản trùng thừa)",1,true,"Về việc cho ý kiến thẩm định dự án của các doanh nghiệp trên địa bàn xã Ngọc Lâm, huyện Mỹ Hào.",2026-09-21 12:11:21
793,H31.05.02.H31.09.2019.2517,HOÀN THÀNH,"Đạt chuẩn (1 bản duy nhất) (Hồ sơ chuẩn, không có bản trùng thừa)",1,true,"Về việc cho ý kiến thẩm định dự án của các doanh nghiệp trên địa bàn xã Phùng Chí Kiên và xã Cẩm Xá, huyện Mỹ Hào",2026-09-21 12:11:23
794,H31.05.02.H31.09.2019.2516,HOÀN THÀNH,"Đạt chuẩn (1 bản duy nhất) (Hồ sơ chuẩn, không có bản trùng thừa)",1,true,"Về việc cho ý kiến thẩm định dự án của của các doanh nghiệp trên địa bàn xã Bạch Sam, huyện Mỹ Hào",2026-09-21 12:11:25
795,H31.05.02.H31.09.2019.2515,HOÀN THÀNH,"Đạt chuẩn (1 bản duy nhất) (Hồ sơ chuẩn, không có bản trùng thừa)",1,true,"Về việc cho ý kiến thẩm định dự án của các doanh nghiệp trên địa bàn thị trấn Bần Yên Nhân, huyện Mỹ Hào",2026-09-21 12:11:27
796,H31.05.02.H31.09.2019.2514,HOÀN THÀNH,"Đạt chuẩn (1 bản duy nhất) (Hồ sơ chuẩn, không có bản trùng thừa)",1,true,"Về việc cho ý kiến thẩm định dự án của các doanh nghiệp trên địa bàn xã Toàn Thắng, huyện Kim Động (tập 2)",2026-09-21 12:11:30
797,H31.05.02.H31.09.2019.2513,HOÀN THÀNH,"Đạt chuẩn (1 bản duy nhất) (Hồ sơ chuẩn, không có bản trùng thừa)",1,true,"Về việc cho ý kiến thẩm định dự án của các doanh nghiệp trên địa bàn xã Toàn Thắng, huyện Kim Động (tập 1)",2026-09-21 12:11:32
798,H31.05.02.H31.09.2019.2512,HOÀN THÀNH,"Đạt chuẩn (1 bản duy nhất) (Hồ sơ chuẩn, không có bản trùng thừa)",1,true,"Về việc cho ý kiến thẩm định dự án của các doanh nghiệp trên địa bàn xã Nhân La, huyện Kim Động",2026-09-21 12:11:34
799,H31.05.02.H31.09.2019.2511,HOÀN THÀNH,"Đạt chuẩn (1 bản duy nhất) (Hồ sơ chuẩn, không có bản trùng thừa)",1,true,"Về việc cho ý kiến thẩm định dự án của các doanh nghiệp trên địa bàn xã Nghĩa Dân, huyện Kim Động",2026-09-21 12:11:36
800,H31.05.02.H31.09.2019.2510,HOÀN THÀNH,"Đạt chuẩn (1 bản duy nhất) (Hồ sơ chuẩn, không có bản trùng thừa)",1,true,"Về việc cho ý kiến thẩm định dự án của các doanh nghiệp trên địa bàn huyện Kim Động, tỉnh Hưng Yên",2026-09-21 12:11:38
801,H31.05.02.H31.09.2019.2509,HOÀN THÀNH,"Đạt chuẩn (1 bản duy nhất) (Hồ sơ chuẩn, không có bản trùng thừa)",1,true,"Về việc cho ý kiến thẩm định dự án của các doanh nghiệp trên địa bàn xã Ông Đình, huyện Khoái Châu",2026-09-21 12:11:41
802,H31.05.02.H31.09.2019.2508,HOÀN THÀNH,"Đạt chuẩn (1 bản duy nhất) (Hồ sơ chuẩn, không có bản trùng thừa)",1,true,"Về việc cho ý kiến thẩm định dự án của các doanh nghiệp trên địa bàn xã An Vĩ, huyện Khoái Châu",2026-09-21 12:11:43
803,H31.05.02.H31.09.2019.2507,HOÀN THÀNH,"Đạt chuẩn (1 bản duy nhất) (Hồ sơ chuẩn, không có bản trùng thừa)",1,true,"Về việc cho ý kiến thẩm định dự án của các doanh nghiệp trên địa bàn xã, huyện Khoái Châu, tỉnh Hưng Yên",2026-09-21 12:11:45
804,H31.05.02.H31.09.2019.2502,HOÀN THÀNH,"Đạt chuẩn (1 bản duy nhất) (Hồ sơ chuẩn, không có bản trùng thừa)",1,true,"Về việc cho ý kiến thẩm định dự án của các doanh nghiệp trên địa bàn xã, huyện Ân Thi (tập 1)",2026-09-21 12:11:47
805,H31.05.02.H31.09.2019.2501D,HOÀN THÀNH,"Đạt chuẩn (1 bản duy nhất) (Hồ sơ chuẩn, không có bản trùng thừa)",1,true,Vị trí xây dựng các Khu dân cư trên địa bàn thành phố Hưng Yên để đấu giá quyền sử dụng đất năm 2019,2026-09-21 12:11:50
806,H31.05.02.H31.09.2019.2501C,CẦN SCAN LẠI,Không tìm thấy hồ sơ (Không tìm thấy hồ sơ nào với mã này trên hệ thống Vinasynet),0,false,-,2026-09-21 12:11:53
807,H31.05.02.H31.09.2019.2501A,CẦN SCAN LẠI,Không tìm thấy hồ sơ (Không tìm thấy hồ sơ nào với mã này trên hệ thống Vinasynet),0,false,-,2026-09-21 12:11:57
808,H31.05.02.H31.09.2019.2501,HOÀN THÀNH,"Đạt chuẩn (1 bản duy nhất) (Hồ sơ chuẩn, không có bản trùng thừa)",1,true,Vị trí xây dựng các Khu dân cư trên địa bàn thành phố Hưng Yên để đấu giá quyền sử dụng đất năm 2019,2026-09-21 12:11:59
809,H31.05.02.H31.09.2019.2500,HOÀN THÀNH,"Đạt chuẩn (1 bản duy nhất) (Hồ sơ chuẩn, không có bản trùng thừa)",1,true,"Phương án kiến trúc công trình tổ hợp chung cư thu nhập thấp khu nhà ở dịch vụ Khu công nghiệp Phố Nối tại xã Nghĩa Hiệp, huyện Yên Mỹ",2026-09-21 12:12:02
810,H31.05.02.H31.09.2019.2499,HOÀN THÀNH,"Đạt chuẩn (1 bản duy nhất) (Hồ sơ chuẩn, không có bản trùng thừa)",1,true,"Phương án thiết kế kiến trúc công trình khách sạn Quỳnh Trang thuộc dự án khu thương mại và dịch vụ Quỳnh Trang tại xã Trưng Trắc, huyện Văn Lâm",2026-09-21 12:12:04
811,H31.05.02.H31.09.2019.2498,HOÀN THÀNH,"Đạt chuẩn (1 bản duy nhất) (Hồ sơ chuẩn, không có bản trùng thừa)",1,true,"Phương án thiết kế kiến trúc công trình. 02 cầu đi bộ qua kênh Bắc Hưng Hải tại khu đô thị Ecopark, huyện Văn Giang",2026-09-21 12:12:06
812,H31.05.02.H31.09.2019.2501B,CẦN SCAN LẠI,Không tìm thấy hồ sơ (Không tìm thấy hồ sơ nào với mã này trên hệ thống Vinasynet),0,false,-,2026-09-21 12:12:10
813,H31.05.02.H31.09.2019.2497,HOÀN THÀNH,"Đạt chuẩn (1 bản duy nhất) (Hồ sơ chuẩn, không có bản trùng thừa)",1,true,"Hồ sơ phương án thiết kế kiến trúc các mẫu nhà thuộc Khu biệt thư Mimosa Valley và khu nhà phố Thảo Nguyên, nằm trong phân khu 9-12 Khu đô thị thương mại và du lịch Văn Giang (Ecorpark) tại xã Xuân Quan, huyện Văn Giang",2026-09-21 12:12:12
814,H31.05.02.H31.09.2019.2496,HOÀN THÀNH,"Đạt chuẩn (1 bản duy nhất) (Hồ sơ chuẩn, không có bản trùng thừa)",1,true,"Hồ sơ về việc điều chỉnh thiết kế 1 số chức năng của 04 tòa tháp A1, A2, B2, B3 thuộc khu căn hộ Vĩnh Thụy thuộc phân khu 9-12 khu đô thị thương mại và du lịch Văn Giang (Ecorpark) huyện Văn Giang",2026-09-21 12:12:14
815,H31.05.02.H31.09.2019.2495,HOÀN THÀNH,"Đạt chuẩn (1 bản duy nhất) (Hồ sơ chuẩn, không có bản trùng thừa)",1,true,Phương án thiết kế kiến trúc các hạng mục công trình Khu căn hộ Vịnh Thủy thuộc Khu đô thị thương mại và du lịch Văn Giang,2026-09-21 12:12:16
816,H31.05.02.H31.09.2019.2493,HOÀN THÀNH,"Đạt chuẩn (1 bản duy nhất) (Hồ sơ chuẩn, không có bản trùng thừa)",1,true,Phương án thiết kế kiến trúc công trình xây dựng biểu tượng tại bùng binh,2026-09-21 12:12:19
817,H31.05.02.H31.09.2019.2492,HOÀN THÀNH,"Đạt chuẩn (1 bản duy nhất) (Hồ sơ chuẩn, không có bản trùng thừa)",1,true,"Phương án kiến trúc công trình Quỹ tín dụng nhân dân Dị Chế tại xã Dị Chế, huyện Tiên Lữ",2026-09-21 12:12:21
818,H31.05.02.H31.09.2019.2491,HOÀN THÀNH,"Đạt chuẩn (1 bản duy nhất) (Hồ sơ chuẩn, không có bản trùng thừa)",1,true,"Về điều chỉnh phương án thiết kế kiến trúc công trình Trung tâm thương mại dịch vụ 1, thuộc dự án Khu nhà ở công nhân, nhà ở thương mại Lạc Hồng - Phố Nối, phường Nhân Hòa, thị xã Mỹ Hào",2026-09-21 12:12:23
819,H31.05.02.H31.09.2018.2455,HOÀN THÀNH,"Đạt chuẩn (1 bản duy nhất) (Hồ sơ chuẩn, không có bản trùng thừa)",1,true,"Về việc đề nghị phê duyệt nhiệm vụ lập quy hoạch phân khu xây dựng tỷ lệ 1/2000 Khu đô thị Văn Giang, huyện Văn Giang, tỉnh Hưng Yên năm 2018",2026-09-21 12:12:25
820,H31.05.02.H31.09.2018.2454K,HOÀN THÀNH,"Đạt chuẩn (1 bản duy nhất) (Hồ sơ chuẩn, không có bản trùng thừa)",1,true,"Về việc tham gia ý kiến cho đồ án Quy hoạch chi tiết xây dựng tỷ lệ 1/500 Khu dân cư mới phường Lam Sơn (sau khu đô thị Tân Phố Hiến), TP. Hưng Yên năm 2018",2026-09-21 12:12:28
821,H31.05.02.H31.09.2018.2454I,HOÀN THÀNH,"Đạt chuẩn (1 bản duy nhất) (Hồ sơ chuẩn, không có bản trùng thừa)",1,true,"Tham gia ý kiến về đồ án điều chỉnh quy hoạch chi tiết xây dựng tỷ lệ 1/500 dự án đất dịch vụ xã Cửu Cao, huyện Văn Giang năm 2018",2026-09-21 12:12:30
822,H31.05.02.H31.09.2018.2454H,HOÀN THÀNH,"Đạt chuẩn (1 bản duy nhất) (Hồ sơ chuẩn, không có bản trùng thừa)",1,true,"Thẩm định đồ án quy hoạch vùng huyện Yên Mỹ đến năm 2028, tầm nhìn đến năm 2035 năm 2018.",2026-09-21 12:12:32
823,H31.05.02.H31.09.2018.2454G,HOÀN THÀNH,"Đạt chuẩn (1 bản duy nhất) (Hồ sơ chuẩn, không có bản trùng thừa)",1,true,"Chủ trương lập quy hoạch điều chỉnh quy hoạch chung thị trấn Trần Cao, huyện Phù Cừ năm 2018",2026-09-21 12:12:34
824,H31.05.02.H31.09.2018.2454F,HOÀN THÀNH,"Đạt chuẩn (1 bản duy nhất) (Hồ sơ chuẩn, không có bản trùng thừa)",1,true,"Tham gia ý kiến về quy hoạch chi tiết tỷ lệ 1/500 Khu dân cư mới xã Bảo khê, thành phố Hưng Yên năm 2018",2026-09-21 12:12:37
825,H31.05.02.H31.09.2018.2454Đ,CẦN SCAN LẠI,Không tìm thấy hồ sơ (Không tìm thấy hồ sơ nào với mã này trên hệ thống Vinasynet),0,false,-,2026-09-21 12:12:40
826,H31.05.02.H31.09.2018.2454E,HOÀN THÀNH,"Đạt chuẩn (1 bản duy nhất) (Hồ sơ chuẩn, không có bản trùng thừa)",1,true,Góp ý kiến vào Đồ án quy hoạch vùng huyện Yên Mỹ năm 2018,2026-09-21 12:12:42
827,H31.05.02.H31.09.2018.2454D,HOÀN THÀNH,"Đạt chuẩn (1 bản duy nhất) (Hồ sơ chuẩn, không có bản trùng thừa)",1,true,"Tham gia ý kiến về các nội chung điều chỉnh quy hoạch xây dựng nông thôn mới xã Cửu Cao, Xuân Quan, huyện Văn Giang, năm 2018",2026-09-21 12:12:45
828,H31.05.02.H31.09.2018.2454C,HOÀN THÀNH,"Đạt chuẩn (1 bản duy nhất) (Hồ sơ chuẩn, không có bản trùng thừa)",1,true,"Tham gia ý kiến về quy hoạch chi tiết tỷ lệ 1/500 Khu dân cư mới xã Quảng Châu, thành phố Hưng Yên năm 2018",2026-09-21 12:12:47
829,H31.05.02.H31.09.2018.2454B,HOÀN THÀNH,"Đạt chuẩn (1 bản duy nhất) (Hồ sơ chuẩn, không có bản trùng thừa)",1,true,"Tham gia ý kiến về xây dựng hệ thống cây xanh, vỉa hè, mương thoát nước trong phạm vị bảo vệ KCHTGT đường bộ ĐT.379 và ĐT.382 của trường Hải quan Việt Nam năm 2018",2026-09-21 12:12:49
830,H31.05.02.H31.09.2018.2454A,HOÀN THÀNH,"Đạt chuẩn (1 bản duy nhất) (Hồ sơ chuẩn, không có bản trùng thừa)",1,true,"Tham gia ý kiến về dự ám của Công ty Cổ phần Sợi Trà Lý Hưng Yên tại xã Lý Thường Kiệt, huyện Yên Mỹ năm 2018",2026-09-21 12:12:51
831,H31.05.02.H31.09.2018.2454,LỖI KHÓA,Bỏ qua (Lỗi máy chủ) (Đã thử gửi lệnh xóa nhưng máy chủ Vinasynet không cập nhật (bản ghi bị khóa)),50,false,"Về việc tham gia ý kiến cho đồ án Quy hoạch chi tiết xây dựng tỷ lệ 1/500 Khu dân cư mới phường Lam Sơn (sau khu đô thị Tân Phố Hiến), TP. Hưng Yên năm 2018",2026-09-21 12:13:02
832,H31.05.02.H31.09.2018.2453,HOÀN THÀNH,"Đạt chuẩn (1 bản duy nhất) (Hồ sơ chuẩn, không có bản trùng thừa)",1,true,Về việc cho ý kiến thẩm định dự án của doanh nghiệp trên địa bàn xã Ngọc Long và xã Thanh Long huyện Yên Mỹ năm 2018,2026-09-21 12:13:04
833,H31.05.02.H31.09.2018.2452,HOÀN THÀNH,"Đạt chuẩn (1 bản duy nhất) (Hồ sơ chuẩn, không có bản trùng thừa)",1,true,"Về việc cho ý kiến thầm định dự án của các doanh nghiệp trên địa bàn xã Đồng Than và xã Ngọc Long, huyện Yên Mỹ năm 2018",2026-09-21 12:13:06
834,H31.05.02.H31.09.2018.2451,HOÀN THÀNH,"Đạt chuẩn (1 bản duy nhất) (Hồ sơ chuẩn, không có bản trùng thừa)",1,true,"Về việc cho ý kiến thẩm định dự án của các doanh nghiệp trên địa bàn xã Đồng Than và xã Giai phạm, huyện Yên Mỹ năm 2018",2026-09-21 12:13:09
835,H31.05.02.H31.09.2018.2445,HOÀN THÀNH,"Đạt chuẩn (1 bản duy nhất) (Hồ sơ chuẩn, không có bản trùng thừa)",1,true,"Về việc cho ý kiến thẩm định dự án của các doanh nghiệp trên địa bàn xã Trung Hưng, huyện Yên Mỹ năm 2018",2026-09-21 12:13:11
836,H31.05.02.H31.09.2018.2444,HOÀN THÀNH,"Đạt chuẩn (1 bản duy nhất) (Hồ sơ chuẩn, không có bản trùng thừa)",1,true,"Về việc cho ý kiến thẩm định dự án của các doanh nghiệp trên địa bàn xã Trung Hòa, huyện Yên Mỹ năm 2018",2026-09-21 12:13:13
837,H31.05.02.H31.09.2018.2443,HOÀN THÀNH,"Đạt chuẩn (1 bản duy nhất) (Hồ sơ chuẩn, không có bản trùng thừa)",1,true,"Về việc cho ý kiến thẩm định dự án của các doanh nghiệp trên địa bàn xã Tân Việt, huyện Yên Mỹ năm 2018",2026-09-21 12:13:15
838,H31.05.02.H31.09.2018.2442,HOÀN THÀNH,"Đạt chuẩn (1 bản duy nhất) (Hồ sơ chuẩn, không có bản trùng thừa)",1,true,"Về việc cho ý kiến thẩm định dự án của các doanh nghiệp trên địa bàn xã Tân Lập, huyện Yên Mỹ năm 2018",2026-09-21 12:13:17
839,H31.05.02.H31.09.2018.2441,HOÀN THÀNH,"Đạt chuẩn (1 bản duy nhất) (Hồ sơ chuẩn, không có bản trùng thừa)",1,true,"Về việc cho ý kiến thẩm định dự án của các doanh nghiệp trên địa bàn xã Ngọc Long, huyện Yên Mỹ năm 2018",2026-09-21 12:13:20
840,H31.05.02.H31.09.2018.2440,HOÀN THÀNH,"Đạt chuẩn (1 bản duy nhất) (Hồ sơ chuẩn, không có bản trùng thừa)",1,true,"Về việc cho ý kiến thẩm định dự án của các doanh nghiệp trên địa bàn xã Nghĩa Hiệp, huyện Yên Mỹ năm 2018",2026-09-21 12:13:22
841,H31.05.02.H31.09.2018.2439,HOÀN THÀNH,"Đạt chuẩn (1 bản duy nhất) (Hồ sơ chuẩn, không có bản trùng thừa)",1,true,"Về việc cho ý kiến thẩm định dự án của các doanh nghiệp trên địa bàn xã Minh Châu, huyện Yên Mỹ năm 2018",2026-09-21 12:13:24
842,H31.05.02.H31.09.2018.2438,HOÀN THÀNH,"Đạt chuẩn (1 bản duy nhất) (Hồ sơ chuẩn, không có bản trùng thừa)",1,true,"Về việc cho ý kiến thẩm định dự án của các doanh nghiệp trên địa bàn xã Lý Thường Kiệt, huyện Yên Mỹ năm 2018",2026-09-21 12:13:26
843,H31.05.02.H31.09.2018.2437,HOÀN THÀNH,"Đạt chuẩn (1 bản duy nhất) (Hồ sơ chuẩn, không có bản trùng thừa)",1,true,"Về việc cho ý kiến thẩm định dự án của các doanh nghiệp trên địa bàn xã Liêu Xá, huyện Yên Mỹ năm 2018",2026-09-21 12:13:28
844,H31.05.02.H31.09.2018.2436,HOÀN THÀNH,"Đạt chuẩn (1 bản duy nhất) (Hồ sơ chuẩn, không có bản trùng thừa)",1,true,"Về việc cho ý kiến thẩm định dự án của các doanh nghiệp trên địa bàn xã Hoàn Long, huyện Yên Mỹ năm 2018",2026-09-21 12:13:31
845,H31.05.02.H31.09.2018.2435,HOÀN THÀNH,"Đạt chuẩn (1 bản duy nhất) (Hồ sơ chuẩn, không có bản trùng thừa)",1,true,"Về việc cho ý kiến thẩm định dự án của các doanh nghiệp trên địa bàn xã Giai Phạm, huyện Yên Mỹ năm 2018",2026-09-21 12:13:33
846,H31.05.02.H31.09.2018.2434,HOÀN THÀNH,"Đạt chuẩn (1 bản duy nhất) (Hồ sơ chuẩn, không có bản trùng thừa)",1,true,"Về việc cho ý kiến thẩm định dự án của các doanh nghiệp trên địa bàn xã Đồng Than, huyện Yên Mỹ năm 2018",2026-09-21 12:13:35
847,H31.05.02.H31.09.2018.2433,HOÀN THÀNH,"Đạt chuẩn (1 bản duy nhất) (Hồ sơ chuẩn, không có bản trùng thừa)",1,true,"Về việc cho ý kiến thẩm định dự án của các doanh nghiệp trên địa bàn thị trấn Yên Mỹ, huyện Yên Mỹ năm 2018",2026-09-21 12:13:37
848,H31.05.02.H31.09.2018.2432,HOÀN THÀNH,"Đạt chuẩn (1 bản duy nhất) (Hồ sơ chuẩn, không có bản trùng thừa)",1,true,"Về việc cho ý kiến thẩm định dự án của các doanh nghiệp trên địa bàn xã Trưng Trắc, huyện Văn Lâm năm 2018 (tập 2)",2026-09-21 12:13:40
849,H31.05.02.H31.09.2018.2431,HOÀN THÀNH,"Đạt chuẩn (1 bản duy nhất) (Hồ sơ chuẩn, không có bản trùng thừa)",1,true,"Về việc cho ý kiến thẩm định dự án của các doanh nghiệp trên địa bàn xã Trưng Trắc, huyện Văn Lâm năm 2018 (tập 1)",2026-09-21 12:13:42
850,H31.05.02.H31.09.2018.2429,HOÀN THÀNH,"Đạt chuẩn (1 bản duy nhất) (Hồ sơ chuẩn, không có bản trùng thừa)",1,true,"Về việc cho ý kiến thẩm định dự án của các doanh nghiệp trên địa bàn xã Minh Hải, huyện Văn Lâm năm 2018",2026-09-21 12:13:44
851,H31.05.02.H31.09.2018.2428,HOÀN THÀNH,"Đạt chuẩn (1 bản duy nhất) (Hồ sơ chuẩn, không có bản trùng thừa)",1,true,"Về việc cho ý kiến thẩm định dự án của các doanh nghiệp trên địa bàn xã Lạc Đạo, huyện Văn Lâm năm 2018",2026-09-21 12:13:46
852,H31.05.02.H31.09.2018.2427,HOÀN THÀNH,"Đạt chuẩn (1 bản duy nhất) (Hồ sơ chuẩn, không có bản trùng thừa)",1,true,"Về việc cho ý kiến thẩm định dự án của các doanh nghiệp trên địa bàn xã Đại Đồng, huyện Văn Lâm năm 2018",2026-09-21 12:13:49
853,H31.05.02.H31.09.2018.2426,HOÀN THÀNH,"Đạt chuẩn (1 bản duy nhất) (Hồ sơ chuẩn, không có bản trùng thừa)",1,true,"Về việc cho ý kiến thẩm định dự án của các doanh nghiệp trên địa bàn xã Chỉ Đạo, huyện Văn Lâm năm 2018",2026-09-21 12:13:51
854,H31.05.02.H31.09.2018.2425,HOÀN THÀNH,"Đạt chuẩn (1 bản duy nhất) (Hồ sơ chuẩn, không có bản trùng thừa)",1,true,"Về việc cho ý kiến thẩm định dự án của các doanh nghiệp trên địa bàn thị trấn Như Quỳnh, huyện Văn Lâm năm 2018 (Tập 2)",2026-09-21 12:13:53
855,H31.05.02.H31.09.2018.2420,HOÀN THÀNH,"Đạt chuẩn (1 bản duy nhất) (Hồ sơ chuẩn, không có bản trùng thừa)",1,true,"Về việc cho ý kiến thẩm định dự án của các doanh nghiệp trên địa bàn xã Tân Tiến, huyện Văn Giang năm 2018 (Tập 2)",2026-09-21 12:13:55
856,H31.05.02.H31.09.2018.2419,HOÀN THÀNH,"Đạt chuẩn (1 bản duy nhất) (Hồ sơ chuẩn, không có bản trùng thừa)",1,true,"Về việc cho ý kiến thẩm định dự án của các doanh nghiệp trên địa bàn xã Tân Tiến, huyện Văn Giang năm 2018 (Tập 1)",2026-09-21 12:13:58
857,H31.05.02.H31.09.2018.2418,HOÀN THÀNH,"Đạt chuẩn (1 bản duy nhất) (Hồ sơ chuẩn, không có bản trùng thừa)",1,true,"Về việc cho ý kiến thẩm định dự án của các doanh nghiệp trên địa bàn xã Nghĩa Trụ, huyện Văn Giang năm 2018",2026-09-21 12:14:00
858,H31.05.02.H31.09.2018.2417,HOÀN THÀNH,"Đạt chuẩn (1 bản duy nhất) (Hồ sơ chuẩn, không có bản trùng thừa)",1,true,"Về việc cho ý kiến thẩm định dự án của các doanh nghiệp trên địa bàn xã Long Hưng, huyện Văn Giang năm 2018",2026-09-21 12:14:02
859,H31.05.02.H31.09.2018.2416,HOÀN THÀNH,"Đạt chuẩn (1 bản duy nhất) (Hồ sơ chuẩn, không có bản trùng thừa)",1,true,"Về việc cho ý kiến thẩm định dự án của các doanh nghiệp trên địa bàn thị trấn Văn Giang, huyện Văn Giang năm 2018",2026-09-21 12:14:04
860,H31.05.02.H31.09.2018.2415,HOÀN THÀNH,"Đạt chuẩn (1 bản duy nhất) (Hồ sơ chuẩn, không có bản trùng thừa)",1,true,Về việc cho ý kiến thẩm định dự án của các doanh nghiệp trên địa bàn huyện Tiên Lữ năm 2018,2026-09-21 12:14:06
861,H31.05.02.H31.09.2018.2414,HOÀN THÀNH,"Đạt chuẩn (1 bản duy nhất) (Hồ sơ chuẩn, không có bản trùng thừa)",1,true,Về việc cho ý kiến thẩm định Dự án của các doanh nghiệp trên địa bàn huyện Phù Cừ năm 2018,2026-09-21 12:14:09
862,H31.05.02.H31.09.2018.2413,HOÀN THÀNH,"Đạt chuẩn (1 bản duy nhất) (Hồ sơ chuẩn, không có bản trùng thừa)",1,true,"Về việc cho ý kiến thẩm định dự án của các doanh nghiệp trên địa bàn xã Xuân Dục, huyện Mỹ Hào năm 2018",2026-09-21 12:14:11
863,H31.05.02.H31.09.2018.2412,HOÀN THÀNH,"Đạt chuẩn (1 bản duy nhất) (Hồ sơ chuẩn, không có bản trùng thừa)",1,true,Về việc cho ý kiến thẩm định dự án của các doanh nghiệp trên địa bàn xã Phùng Chí Kiên năm 2018.,2026-09-21 12:14:13
864,H31.05.02.H31.09.2018.2411,HOÀN THÀNH,"Đạt chuẩn (1 bản duy nhất) (Hồ sơ chuẩn, không có bản trùng thừa)",1,true,"Trả lởi ý kiến cho dự án của công ty cô phân công nghê Viễn thông Sài Gòn để thực hiện dự án đầu tư xây dựng hạ tầng kỹ thuật cụm công nghiệp Phan Đình Phùng 1 và 2 năm 2018, huyện Mỹ Hào",2026-09-21 12:14:15
865,H31.05.02.H31.09.2018.2410,HOÀN THÀNH,"Đạt chuẩn (1 bản duy nhất) (Hồ sơ chuẩn, không có bản trùng thừa)",1,true,"Về việc cho ý kiến thẩm định dự án của các doanh nghiệp trên địa bàn xã Phan Đình Phùng, huyện Mỹ Hào năm 2018",2026-09-21 12:14:18
866,H31.05.02.H31.09.2018.2409,HOÀN THÀNH,"Đạt chuẩn (1 bản duy nhất) (Hồ sơ chuẩn, không có bản trùng thừa)",1,true,"Về việc cho ý kiến thẩm định dự án của các doanh nghiệp trên địa bàn xã Minh Đức, huyện Mỹ Hào năm 2018",2026-09-21 12:14:20
867,H31.05.02.H31.09.2018.2408,HOÀN THÀNH,"Đạt chuẩn (1 bản duy nhất) (Hồ sơ chuẩn, không có bản trùng thừa)",1,true,"Về việc cho ý kiến thẩm định dự án của các doanh nghiệp trên địa bàn xã Nhân Hòa, huyện Mỹ Hào năm 2018",2026-09-21 12:14:22
868,H31.05.02.H31.09.2018.2407,HOÀN THÀNH,"Đạt chuẩn (1 bản duy nhất) (Hồ sơ chuẩn, không có bản trùng thừa)",1,true,"Về việc cho ý kiến thẩm định dự án của các doanh nghiệp trên địa bàn xã Long Hưng, huyện Mỹ Hào năm 2018",2026-09-21 12:14:24
869,H31.05.02.H31.09.2018.2406,HOÀN THÀNH,"Đạt chuẩn (1 bản duy nhất) (Hồ sơ chuẩn, không có bản trùng thừa)",1,true,"Về việc cho ý kiến thẩm định dự án của các doanh nghiệp trên địa bàn xã Dương Quang, huyện Mỹ Hào năm 2018",2026-09-21 12:14:26
870,H31.05.02.H31.09.2018.2405,HOÀN THÀNH,"Đạt chuẩn (1 bản duy nhất) (Hồ sơ chuẩn, không có bản trùng thừa)",1,true,"Về việc cho ý kiến thẩm định dự án của các doanh nghiệp trên địa bàn xã Dị Sử, huyện Mỹ Hào năm 2018",2026-09-21 12:14:29
871,H31.05.02.H31.09.2018.2404,HOÀN THÀNH,"Đạt chuẩn (1 bản duy nhất) (Hồ sơ chuẩn, không có bản trùng thừa)",1,true,"Về việc cho ý kiến thầm định dự án của các doanh nghiệp trên địa bàn xã Bạch Sam, huyện Mỹ Hào năm 2018",2026-09-21 12:14:31
872,H31.05.02.H31.09.2018.2403,HOÀN THÀNH,"Đạt chuẩn (1 bản duy nhất) (Hồ sơ chuẩn, không có bản trùng thừa)",1,true,"Về việc cho ý kiến thẩm định dự án của các doanh nghiệp trên địa bàn thị trấn Bần Yên Nhân, huyện Mỹ Hào năm 2018",2026-09-21 12:14:33
873,H31.05.02.H31.09.2018.2402,HOÀN THÀNH,"Đạt chuẩn (1 bản duy nhất) (Hồ sơ chuẩn, không có bản trùng thừa)",1,true,Về việc cho ý kiến thẩm định dự án của các doanh nghiệp trên địa bàn huyện Mỹ Hào năm 2018,2026-09-21 12:14:35
874,H31.05.02.H31.09.2018.2401,HOÀN THÀNH,"Đạt chuẩn (1 bản duy nhất) (Hồ sơ chuẩn, không có bản trùng thừa)",1,true,"Về việc cho ý kiến thẩm định dự án của các doanh nghiệp trên địa bàn xã Vĩnh Xá, huyện Kim Động năm 2017",2026-09-21 12:14:38
875,H31.05.02.H31.09.2018.2396,HOÀN THÀNH,"Đạt chuẩn (1 bản duy nhất) (Hồ sơ chuẩn, không có bản trùng thừa)",1,true,"Về việc cho ý kiến thẩm định dự án của các doanh nghiệp trên địa bàn thị trấn Lương Bằng, huyện Kim Động năm 2018",2026-09-21 12:14:40
876,H31.05.02.H31.09.2018.2395,HOÀN THÀNH,"Đạt chuẩn (1 bản duy nhất) (Hồ sơ chuẩn, không có bản trùng thừa)",1,true,"Về việc cho ý kiến thẩm định dự án của các doanh nghiệp trên địa bàn xã Tân Dân, huyện Khoái Châu năm 2018",2026-09-21 12:14:42
877,H31.05.02.H31.09.2018.2394,HOÀN THÀNH,"Đạt chuẩn (1 bản duy nhất) (Hồ sơ chuẩn, không có bản trùng thừa)",1,true,"Về việc cho ý kiến thẩm định dự án của các doanh nghiệp trên địa bàn xã Ông Đình, huyện Khoái Châu năm 2018",2026-09-21 12:14:44
878,H31.05.02.H31.09.2018.2393,HOÀN THÀNH,"Đạt chuẩn (1 bản duy nhất) (Hồ sơ chuẩn, không có bản trùng thừa)",1,true,"Về việc cho ý kiến thẩm định dự án của các doanh nghiệp trên địa bàn xã Đại Tập, huyện Khoái Châu năm 2018",2026-09-21 12:14:47
879,H31.05.02.H31.09.2018.2392,HOÀN THÀNH,"Đạt chuẩn (1 bản duy nhất) (Hồ sơ chuẩn, không có bản trùng thừa)",1,true,"Về việc cho ý kiến thẩm định dự án của các doanh nghiệp trên địa bàn xã Dân Tiến, huyện Khoái Châu năm 2018",2026-09-21 12:14:49
880,H31.05.02.H31.09.2018.2389,HOÀN THÀNH,"Đạt chuẩn (1 bản duy nhất) (Hồ sơ chuẩn, không có bản trùng thừa)",1,true,"Về việc cho ý kiến thẩm định dự án của các doanh nghiệp trên địa bàn xã Bảo Khê, TP. Hưng Yên năm 2018",2026-09-21 12:14:51
881,H31.05.02.H31.09.2018.2388,HOÀN THÀNH,"Đạt chuẩn (1 bản duy nhất) (Hồ sơ chuẩn, không có bản trùng thừa)",1,true,"Về việc cho ý kiến thẩm định dự án của các doanh nghiệp trên địa bàn phường Lê Lợi, TP. Hưng Yên năm 2018",2026-09-21 12:14:53
882,H31.05.02.H31.09.2018.2387,HOÀN THÀNH,"Đạt chuẩn (1 bản duy nhất) (Hồ sơ chuẩn, không có bản trùng thừa)",1,true,"Tham gia ý kiến cho dự án đầu tư của công TNHH đầu tư phát triển thương mại và dịch vụ Đức Minh tại phường Lam Sơn, TP Hưng Yên năm 2012",2026-09-21 12:14:55
883,H31.05.02.H31.09.2018.2386,HOÀN THÀNH,"Đạt chuẩn (1 bản duy nhất) (Hồ sơ chuẩn, không có bản trùng thừa)",1,true,"Về việc cho ý kiến thẩm định dự án của các doanh nghiệp trên địa bàn phường Hiến Nam, thành phố Hưng Yên năm 2018",2026-09-21 12:14:58
884,H31.05.02.H31.09.2018.2383,HOÀN THÀNH,"Đạt chuẩn (1 bản duy nhất) (Hồ sơ chuẩn, không có bản trùng thừa)",1,true,Về việc cho ý kiến thẩm định dự án của các doanh nghiệp trên địa bàn huyện Ân Thi năm 2018,2026-09-21 12:15:00
885,H31.05.02.H31.09.2018.2382,HOÀN THÀNH,"Đạt chuẩn (1 bản duy nhất) (Hồ sơ chuẩn, không có bản trùng thừa)",1,true,"Về phương án kiến trúc công trình Cải tạo mở rộng Bưu điện huyện Yên Mỹ tại xã Tân Lập, huyện Yên Mỹ năm 2018",2026-09-21 12:15:02
886,H31.05.02.H31.09.2018.2381,HOÀN THÀNH,"Đạt chuẩn (1 bản duy nhất) (Hồ sơ chuẩn, không có bản trùng thừa)",1,true,"Về phương án thiết kế kiến trúc công trình trung tâm thương mại, dịch vụ 02 (Nhà Club House) thuộc khu nhà ở, dịch vụ khu công nghiệp Phố Nối tại xã Nghĩa Hiệp, huyện Yên Mỹ năm 2018",2026-09-21 12:15:04
887,H31.05.02.H31.09.2018.2380,HOÀN THÀNH,"Đạt chuẩn (1 bản duy nhất) (Hồ sơ chuẩn, không có bản trùng thừa)",1,true,"Về phương án kiến trúc công trình Cải tạo Nhà văn hóa huyện Yên Mỹ, tỉnh Hưng Yên năm 2018",2026-09-21 12:15:07
888,H31.05.02.H31.09.2018.2379,HOÀN THÀNH,"Đạt chuẩn (1 bản duy nhất) (Hồ sơ chuẩn, không có bản trùng thừa)",1,true,"Về phương án kiến trúc công trình sửa chữa Hội trường Huyện uỷ - UBND huyện, phòng làm việc và một số hạng mục phụ trợ - Huyện uỷ Yên Mỹ tại xã Tân Lập + huyện Yên Mỹ năm 2018",2026-09-21 12:15:09
889,H31.05.02.H31.09.2018.2378,HOÀN THÀNH,"Đạt chuẩn (1 bản duy nhất) (Hồ sơ chuẩn, không có bản trùng thừa)",1,true,"Về phương án kiến trúc Phục hồi, tôn tạo đình Bến tại xã Phụng Công, huyện Văn Giang năm 2018",2026-09-21 12:15:11
890,H31.05.02.H31.09.2018.2377,HOÀN THÀNH,"Đạt chuẩn (1 bản duy nhất) (Hồ sơ chuẩn, không có bản trùng thừa)",1,true,"Phương án kiến trúc dự án Biệt thự đảo - Khu đô thị Ecopark, cụm đảo 3 (TT-27) và đảo 6 (TT-30), huyện Văn Giang năm 2018.",2026-09-21 12:15:13
891,H31.05.02.H31.09.2018.2376,HOÀN THÀNH,"Đạt chuẩn (1 bản duy nhất) (Hồ sơ chuẩn, không có bản trùng thừa)",1,true,Phương án kiến trúc cụm đảo 1 (TT-22) và cụm đảo 4 (TT-28) Khu đô thị Thương mại và du lịch Văn Giang năm 2018.,2026-09-21 12:15:16
892,H31.05.02.H31.09.2018.2375,HOÀN THÀNH,"Đạt chuẩn (1 bản duy nhất) (Hồ sơ chuẩn, không có bản trùng thừa)",1,true,"Phương án kiến trúc dự án Biệt thự song lập; Hạng mục: Mẫu biệt thự cao cấp và nhà ở liền kề tại xã Cửu Cao, huyện Văn Giang năm 2018.",2026-09-21 12:15:18
893,H31.05.02.H31.09.2018.2369,HOÀN THÀNH,"Đạt chuẩn (1 bản duy nhất) (Hồ sơ chuẩn, không có bản trùng thừa)",1,true,Về phương án thiết kế kiến trúc các hạng mục công trình Khu căn hộ Cảnh Hồ thuộc Khu đô thị thương mại và du lịch Văn Giang (Ecopark) năm 2018,2026-09-21 12:15:20
894,H31.05.02.H31.09.2018.2368,HOÀN THÀNH,"Đạt chuẩn (1 bản duy nhất) (Hồ sơ chuẩn, không có bản trùng thừa)",1,true,"Về phương án thiết kế kiến trúc công trình Cổng chào mốc địa giới hành chính huyện Phù Cừ tại xã Quang Hưng, huyện Phù Cừ năm 2018",2026-09-21 12:15:22
895,H31.05.02.H31.09.2018.2367,HOÀN THÀNH,"Đạt chuẩn (1 bản duy nhất) (Hồ sơ chuẩn, không có bản trùng thừa)",1,true,"Về phương án thiết kế kiến trúc công trình Nhà điều hành thuộc dự án Nhà máy nước Mỹ Hào tại xã Nhân Hòa, huyện Mỹ Hào năm 2018",2026-09-21 12:15:25
896,H31.05.02.H31.09.2018.2366,HOÀN THÀNH,"Đạt chuẩn (1 bản duy nhất) (Hồ sơ chuẩn, không có bản trùng thừa)",1,true,"Về phương án thiết kế kiến trúc công trình: Trung tâm thương mại dịch vụ 2, thuộc dự án Khu nhà ở công nhân, nhà ở thương mại Lạc Hồng - Phố Nối tại xã Nhân Hòa, huyện Mỹ Hào năm 2018",2026-09-21 12:15:27
897,H31.05.02.H31.09.2018.2365,HOÀN THÀNH,"Đạt chuẩn (1 bản duy nhất) (Hồ sơ chuẩn, không có bản trùng thừa)",1,true,"Về phương án thiết kế kiến trúc công trình: Trường mầm non thuộc dự án Khu nhà ở công nhân, nhà ở thương mại Lạc Hồng tại xã Nhân Hòa, huyện Mỹ Hào năm 2018",2026-09-21 12:15:29
898,H31.05.02.H31.09.2018.2362,HOÀN THÀNH,"Đạt chuẩn (1 bản duy nhất) (Hồ sơ chuẩn, không có bản trùng thừa)",1,true,"Về phương án kiến trúc công trình nhà lớp học 4 tầng (hạng mục số 8) trường THCS Bần Yên Nhân tại thị trấn Bần Yên Nhân, huyện Mỹ Hào năm 2018",2026-09-21 12:15:31
899,H31.05.02.H31.09.2018.2361,HOÀN THÀNH,"Đạt chuẩn (1 bản duy nhất) (Hồ sơ chuẩn, không có bản trùng thừa)",1,true,"Về phương án thiết kế kiến trúc mẫu nhà lô góc 233, thuộc dự án Tòa nhà hỗn hợp cao tầng và khu nhà ở để bán tại thị trấn Bần Yên Nhân, huyện Mỹ Hào năm 2018",2026-09-21 12:15:34
900,H31.05.02.H31.09.2018.2360,HOÀN THÀNH,"Đạt chuẩn (1 bản duy nhất) (Hồ sơ chuẩn, không có bản trùng thừa)",1,true,"Về phương án thiết kế kiến trúc các mẫu nhà thuộc dự án đầu tư xây dựng khu biệt thự, nhà ở thương mại Phúc Thành tại TT Bần Yên Nhân, huyện Mỹ Hào năm 2018",2026-09-21 12:15:36
901,H31.05.02.H31.09.2018.2359,HOÀN THÀNH,"Đạt chuẩn (1 bản duy nhất) (Hồ sơ chuẩn, không có bản trùng thừa)",1,true,"Về phương án thiết kế kiến trúc các hạng mục công trình thuộc dự án đầu tư xây dựng Khu nhà ở thương mại , nhà ở đô thị tại thị trấn Bần Yên Nhân, huyện Mỹ Hào năm 2018",2026-09-21 12:15:38
902,H31.05.02.H31.09.2018.2358,HOÀN THÀNH,"Đạt chuẩn (1 bản duy nhất) (Hồ sơ chuẩn, không có bản trùng thừa)",1,true,"Về phương án kiến trúc công trình Nhà chung cư cao tầng (nằm trong lô đất CCCT, diện tích 6.866 m²) - Khu chung cư đô thị Phố Nối tại TT Bần Yên Nhân, huyện Mỹ Hào năm 2018",2026-09-21 12:15:41
903,H31.05.02.H31.09.2018.2356,HOÀN THÀNH,"Đạt chuẩn (1 bản duy nhất) (Hồ sơ chuẩn, không có bản trùng thừa)",1,true,"Về phương án thiết kế kiến trúc công trình Cổng chào huyện Kim Động, tỉnh Hưng Yên năm 2018",2026-09-21 12:15:43
904,H31.05.02.H31.09.2018.2355,HOÀN THÀNH,"Đạt chuẩn (1 bản duy nhất) (Hồ sơ chuẩn, không có bản trùng thừa)",1,true,"Về phương án kiến trúc Công trình: Nhà lưu trữ phòng trực, văn phòng (hạng mục số 6) Chi nhánh Xăng dầu Hưng Yên tại phường Hiến Nam, TP. Hưng Yên năm 2018.",2026-09-21 12:15:45
905,H31.05.02.H31.09.2004-2018.2357,HOÀN THÀNH,"Đạt chuẩn (1 bản duy nhất) (Hồ sơ chuẩn, không có bản trùng thừa)",1,true,"Về phương án kiến trúc công trình Trung tâm thương mại - Khu chung cư đô thị Phố Nối - Hưng Yên tại thị trấn Bần Yên Nhân, huyện Mỹ Hào năm 2013",2026-09-21 12:15:47
906,H31.05.02.H31.09.2018.2347A,HOÀN THÀNH,"Đạt chuẩn (1 bản duy nhất) (Hồ sơ chuẩn, không có bản trùng thừa)",1,true,Thẩm định mặt bằng quy hoạch tổng thể dự án đầu tư xây dựng Khu nhà ở liền kề để bán và Trung tâm dịch vụ thương mại Mỹ Văn năm 2018,2026-09-21 12:15:49
907,H31.05.02.H31.09.2018.2347,LỖI KHÓA,Bỏ qua (Lỗi máy chủ) (Đã thử gửi lệnh xóa nhưng máy chủ Vinasynet không cập nhật (bản ghi bị khóa)),50,false,Thẩm định mặt bằng quy hoạch tổng thể dự án đầu tư xây dựng Khu nhà ở liền kề để bán và Trung tâm dịch vụ thương mại Mỹ Văn năm 2018,2026-09-21 12:16:00
908,H31.05.02.H31.09.2018.2346,HOÀN THÀNH,"Đạt chuẩn (1 bản duy nhất) (Hồ sơ chuẩn, không có bản trùng thừa)",1,true,"Về việc chấp thuận mặt bằng quy hoạch tổng thể dự án Bãi đỗ xe, xưởng sửa chữa ô tô và trạm dừng nghỉ, kinh doanh xăng dầu tại xã Tân Việt, huyện Yên Mỹ năm 2018.",2026-09-21 12:16:02
909,H31.05.02.H31.09.2018.2344,HOÀN THÀNH,"Đạt chuẩn (1 bản duy nhất) (Hồ sơ chuẩn, không có bản trùng thừa)",1,true,"Về việc chấp thuận Mặt bằng quy hoạch tổng thể công trình Nhà hành chính một cửa liên thông Trụ sở Đảng ủy - HĐND - UBND xã Tân Lập tại xã Tân Lập, huyện Yên Mỹ",2026-09-21 12:16:05
910,H31.05.02.H31.09.2018.2343,HOÀN THÀNH,"Đạt chuẩn (1 bản duy nhất) (Hồ sơ chuẩn, không có bản trùng thừa)",1,true,"Về việc chấp thuận Mặt bằng quy hoạch tổng thể công trình Nhà lớp học 9 phòng 3 tầng Trường Tiểu học Tân Lập tại xã Tân Lập, huyện Yên Mỹ năm 2018",2026-09-21 12:16:07
911,H31.05.02.H31.09.2018.2341,HOÀN THÀNH,"Đạt chuẩn (1 bản duy nhất) (Hồ sơ chuẩn, không có bản trùng thừa)",1,true,"Về việc chấp thuận Mặt bằng quy hoạch tổng thể điều chỉnh dự án Nim sản xuất các loại giày, dép sản phẩm bằng da, giả da để giầy và các phụ liệu giầy tại xã Minh Châu, huyện Yên Mỹ năm 2018",2026-09-21 12:16:09
912,H31.05.02.H31.09.2018.2338,HOÀN THÀNH,"Đạt chuẩn (1 bản duy nhất) (Hồ sơ chuẩn, không có bản trùng thừa)",1,true,"Về việc chấp thuận Mặt bằng quy hoạch tổng thể điều chỉnh dự án Nhà máy sản xuất nhựa bao bì và nhựa đồ gỗ nội thất, ngoại thất - petrolimex tại xã Trưng Trắc, huyện Văn Lâm năm 2018",2026-09-21 12:16:11
913,H31.05.02.H31.09.2018.2336,HOÀN THÀNH,"Đạt chuẩn (1 bản duy nhất) (Hồ sơ chuẩn, không có bản trùng thừa)",1,true,"Chấp thuận mặt bằng qui hoạch tổng thể dự án Nhà máy sản xuất bao bì nhựa Phúc Hậu tại xã Lạc Đạo, Văn Lâm năm 2018",2026-09-21 12:16:13
914,H31.05.02.H31.09.2018.2334,HOÀN THÀNH,"Đạt chuẩn (1 bản duy nhất) (Hồ sơ chuẩn, không có bản trùng thừa)",1,true,"Về việc chấp thuận Mặt bằng quy hoạch tổng thể công trình Trường mầm non xã Chỉ Đạo, huyện Văn Lâm năm 2018",2026-09-21 12:16:16
915,H31.05.02.H31.09.2017-2018.2345,HOÀN THÀNH,"Đạt chuẩn (1 bản duy nhất) (Hồ sơ chuẩn, không có bản trùng thừa)",1,true,"Về việc chấp thuận mặt bằng qui hoạch tổng thể điều chỉnh của dự án Nhà văn hóa huyện Yên Mỹ tại xã Tân Lập, huyện Yên Mỹ năm 2018",2026-09-21 12:16:18
916,H31.05.02.H31.09.2017-2018.2340,HOÀN THÀNH,"Đạt chuẩn (1 bản duy nhất) (Hồ sơ chuẩn, không có bản trùng thừa)",1,true,"Về việc xin chấp thuận mặt bằng qui hoạch tổng thể điều chỉnh của dự án Nhà máy sản xuất khâu trang, túi sửa, túi chườm, mũ trùm đầu, bọc giầy tại xã Trưng Trắc, huyện Văn Lâm năm 2018",2026-09-21 12:16:20
917,H31.05.02.H31.09.2017-2018.2335,HOÀN THÀNH,"Đạt chuẩn (1 bản duy nhất) (Hồ sơ chuẩn, không có bản trùng thừa)",1,true,"Về việc thẩm định mặt bằng quy hoạch tổng thể Trung tâm thương mại Minh Hai tại xã Minh Hải, huyện Văn Lâm năm 2018",2026-09-21 12:16:22
918,H31.05.02.H31.09.2017-2018.2333,HOÀN THÀNH,"Đạt chuẩn (1 bản duy nhất) (Hồ sơ chuẩn, không có bản trùng thừa)",1,true,Về việc chấp thuận Mặt bằng quy hoạch tổng thể công trình Doanh trại Đội chữa cháy khu vực Văn Giang và khu vực Phố Nối A tại huyện Văn Giang và huyện Văn Lâm năm 2018,2026-09-21 12:16:25
919,H31.05.02.H31.09.2016-2018.2342,HOÀN THÀNH,"Đạt chuẩn (1 bản duy nhất) (Hồ sơ chuẩn, không có bản trùng thừa)",1,true,"Về việc chấp thuận Mặt bằng qui hoạch tổng thể Trung tâm thương mại, dịch vụ 02 thuộc khu nhà ở dịch vụ khu công nghiệp phố Nối tại xã Nghĩa Hiệp, huyện Yên Mỹ năm 2018",2026-09-21 12:16:27
920,H31.05.02.H31.09.2016-2018.2339,HOÀN THÀNH,"Đạt chuẩn (1 bản duy nhất) (Hồ sơ chuẩn, không có bản trùng thừa)",1,true,"Về việc chấp nhận mặt bằng quy hoạch tổng thể điều chỉnh dự án đầu tư xây dựng: Đấu giá quyền sử dụng đất cho nhân dân làm nhà ở để tạo vốn xây dựng trạm y tế xã Minh Châu, huyện Yên Mỹ năm 2018",2026-09-21 12:16:29
921,H31.05.02.H31.09.2016-2018.2337,HOÀN THÀNH,"Đạt chuẩn (1 bản duy nhất) (Hồ sơ chuẩn, không có bản trùng thừa)",1,true,"Về việc chấp thuận Mặt bằng quy hoạch tổng thể dự án Nhà máy sản xuất bao bì Xuân Đạt tại xã Tân Quang, huyện Văn Lâm năm 2018",2026-09-21 12:16:31
922,H31.05.02.H31.09.2018.2332,HOÀN THÀNH,"Đạt chuẩn (1 bản duy nhất) (Hồ sơ chuẩn, không có bản trùng thừa)",1,true,"Về việc chấp thuận Mặt bằng quy hoạch tổng thể dự án Xây dựng công viên cây xanh trung tâm huyện lỵ Văn Lâm tại thị trấn Như Quỳnh,  huyện Văn Lâm năm 2018",2026-09-21 12:16:34
923,H31.05.02.H31.09.2018.2331,HOÀN THÀNH,"Đạt chuẩn (1 bản duy nhất) (Hồ sơ chuẩn, không có bản trùng thừa)",1,true,"Về việc thẩm định mặt bằng quy hoạch tổng thể điều chỉnh Trung tâm thương mại Tech wood tại thị trấn Như Quỳnh, huyện Văn Lâm năm 2018",2026-09-21 12:16:36
924,H31.05.02.H31.09.2018.2330,HOÀN THÀNH,"Đạt chuẩn (1 bản duy nhất) (Hồ sơ chuẩn, không có bản trùng thừa)",1,true,"Về việc chấp thuận Mặt bằng quy hoạch tổng thể công trình Trường Tiểu học Như Quỳnh B (khu B) tại thị trấn Như Quỳnh, huyện Văn Lâm năm 2018",2026-09-21 12:16:38
925,H31.05.02.H31.09.2018.2329,HOÀN THÀNH,"Đạt chuẩn (1 bản duy nhất) (Hồ sơ chuẩn, không có bản trùng thừa)",1,true,"Về việc chấp thuận mặt bằng qui hoạch tổng thể và phương án thiết kế kiến trúc công trình Nhà câu lạc bộ thuộc dự án khu biệt thự đảo phân khu 4, Khu đô thị thương mại và du lịch Văn Giang (Ecopark), huyện Văn Giang",2026-09-21 12:16:41
926,H31.05.02.H31.09.2018.2328,HOÀN THÀNH,"Đạt chuẩn (1 bản duy nhất) (Hồ sơ chuẩn, không có bản trùng thừa)",1,true,"Về việc chấp thuận Mặt bằng quy hoạch tổng thể dự án Nhà câu lạc bộ thuộc khu biệt thự và nhà phố vườn Vạn Tuế (Sago Palm Garden tại xã Phụng Công và xã Xuân Quan, huyện Văn Giang năm 2018",2026-09-21 12:16:43
927,H31.05.02.H31.09.2018.2327,HOÀN THÀNH,"Đạt chuẩn (1 bản duy nhất) (Hồ sơ chuẩn, không có bản trùng thừa)",1,true,"Về việc chấp thuận điều chỉnh, bổ sung Mặt bằng quy hoạch chia lô tỷ lệ 1/500 Khu biệt thự đảo (giai đoạn 1,2) - Khu đô thị thường mại và du lịch Văn Giang (Ecopark), huyện Văn Giang",2026-09-21 12:16:45
928,H31.05.02.H31.09.2018.2326,HOÀN THÀNH,"Đạt chuẩn (1 bản duy nhất) (Hồ sơ chuẩn, không có bản trùng thừa)",1,true,"Về việc chấp thuận mặt bàng quy hoạch tổng thể của dự án phục hồi, tôn tạo di tích. đình Bến, xã Phụng Công, huyện Văn Giang năm 2018",2026-09-21 12:16:47
929,H31.05.02.H31.09.2018.2325,HOÀN THÀNH,"Đạt chuẩn (1 bản duy nhất) (Hồ sơ chuẩn, không có bản trùng thừa)",1,true,"Về việc chấp thuận Mặt bằng quy hoạch tổng thể công trình: Nhà khám và điều trị tự nguyện (giai đoạn 1) - Trung tâm Y tế huyện Văn Giang tại xã Cửu Cao, huyện Văn Giang năm 2018",2026-09-21 12:16:49
930,H31.05.02.H31.09.2018.2324,HOÀN THÀNH,"Đạt chuẩn (1 bản duy nhất) (Hồ sơ chuẩn, không có bản trùng thừa)",1,true,"Về mặt bằng quy hoạch tổng thể Cơ sở làm việc Công an huyện Văn Giang tại thị trấn Văn Giang, huyện Văn Giang năm 2018",2026-09-21 12:16:52
931,H31.05.02.H31.09.2018.2323,HOÀN THÀNH,"Đạt chuẩn (1 bản duy nhất) (Hồ sơ chuẩn, không có bản trùng thừa)",1,true,"Về việc chấp thuận Mặt bằng qui hoạch tổng thể công trình Bãi đỗ xe kết hợp công viên cây xanh thuộc dự án Trung tâm văn hóa thể thao huyện Tiên Lữ tại thị trấn Vương, huyện Tiên Lữ năm 2018",2026-09-21 12:16:54
932,H31.05.02.H31.09.2018.2322,HOÀN THÀNH,"Đạt chuẩn (1 bản duy nhất) (Hồ sơ chuẩn, không có bản trùng thừa)",1,true,Chấp thuận mặt bằng qui hoạch tổng thể khu dân cư mới trên địa bàn huyện Tiên Lữ năm 2017-2018,2026-09-21 12:16:56
933,H31.05.02.H31.09.2017.2288Đ,CẦN SCAN LẠI,Không tìm thấy hồ sơ (Không tìm thấy hồ sơ nào với mã này trên hệ thống Vinasynet),0,false,-,2026-09-21 12:17:00
934,H31.05.02.H31.09.2017.2288F,HOÀN THÀNH,"Đạt chuẩn (1 bản duy nhất) (Hồ sơ chuẩn, không có bản trùng thừa)",1,true,"Báo cáo đề xuất chủ trương đầu tư dự án Trụ sở công đoàn KCN Phố Nối gắn liền Trung tâm tư vấn Pháp luật và hạ tầng thiết chế văn hóa, thể thao cho công nhân viên chức lao động năm 2017",2026-09-21 12:17:02
935,H31.05.02.H31.09.2017.2288E,HOÀN THÀNH,"Đạt chuẩn (1 bản duy nhất) (Hồ sơ chuẩn, không có bản trùng thừa)",1,true,Điều chỉnh cao độ san nền Trụ sở làm việc 2 tầng và các hạng mục phụ trợ Ngân hàng Chính sách Xã hội Phòng giao dịch Tiên Lữ năm 2017.,2026-09-21 12:17:04
936,H31.05.02.H31.09.2017.2288D,HOÀN THÀNH,"Đạt chuẩn (1 bản duy nhất) (Hồ sơ chuẩn, không có bản trùng thừa)",1,true,"Thỏa thuận hướng tuyến, cao độ thiết kế xây dựng đường quy hoạch số 1, quy hoạch số 4 thị trấn Yên Mỹ, huyện Yên Mỹ năm 2017",2026-09-21 12:17:07
937,H31.05.02.H31.09.2017.2288C,HOÀN THÀNH,"Đạt chuẩn (1 bản duy nhất) (Hồ sơ chuẩn, không có bản trùng thừa)",1,true,Cấp chứng chỉ quy hoạch cho Agribank Chi nhánh tỉnh Hưng Yên năm 2017.,2026-09-21 12:17:09
938,H31.05.02.H31.09.2017.2288B,HOÀN THÀNH,"Đạt chuẩn (1 bản duy nhất) (Hồ sơ chuẩn, không có bản trùng thừa)",1,true,"Cấp chứng chỉ quy hoạch cho các cơ quan, doanh nghiệp năm 2017",2026-09-21 12:17:11
939,H31.05.02.H31.09.2017.2288A,HOÀN THÀNH,"Đạt chuẩn (1 bản duy nhất) (Hồ sơ chuẩn, không có bản trùng thừa)",1,true,"Điều chỉnh tuyến đường nối Khu A - B Cụm Công nghiệp Tân Quang với Quốc Lộ 5, năm 2017",2026-09-21 12:17:13
940,H31.05.02.H31.09.2017.2288,LỖI KHÓA,Bỏ qua (Lỗi máy chủ) (Đã thử gửi lệnh xóa nhưng máy chủ Vinasynet không cập nhật (bản ghi bị khóa)),50,false,"Tổ chức xác định hướng tuyến và cắm mốc đường Vành đai 315 đoạn qua địa bàn tỉnh Hưng Yên do Công ty TNHH Minh Long làm chủ đầu tư thực hiệu dự án Xưởng gia công và kinh doanh ván sàn tại xã Long Hưng, Văn Giang nam 2017",2026-09-21 12:17:24
941,H31.05.02.H31.09.2017.2287,HOÀN THÀNH,"Đạt chuẩn (1 bản duy nhất) (Hồ sơ chuẩn, không có bản trùng thừa)",1,true,"Về việc bổ sung diện tích các hạng mục xây dựng của lô đất CX3 và điều chỉnh mật độ xây dựng của các lô đất ở liền kề thuộc dự án Chợ và HTKT khu nhà ở thương mại Như Quỳnh tại TT. Như Quỳnh, H. Văn Lâm",2026-09-21 12:17:26
942,H31.05.02.H31.09.2017.2286,HOÀN THÀNH,"Đạt chuẩn (1 bản duy nhất) (Hồ sơ chuẩn, không có bản trùng thừa)",1,true,"Tham gia ý kiến bổ sung quy hoạch xây dựng cửa hàng xăng dầu, trạm dừng nghỉ và chi nhánh của công ty cổ phần xăng dầu dầu khí Thái Bình tại xã Nhật Tân, huyện Tiên Lữ năm 2017",2026-09-21 12:17:28
943,H31.05.02.H31.09.2017.2285,HOÀN THÀNH,"Đạt chuẩn (1 bản duy nhất) (Hồ sơ chuẩn, không có bản trùng thừa)",1,true,"Góp ý dự thảo báo cáo tổng hợp quy hoạch tổng thể phát triển du lịch tỉnh Hưng Yên đến năm 2025, tầm nhìn đến năm 2030 năm 2017",2026-09-21 12:17:30
944,H31.05.02.H31.09.2017.2284,HOÀN THÀNH,"Đạt chuẩn (1 bản duy nhất) (Hồ sơ chuẩn, không có bản trùng thừa)",1,true,"Tham gia ý kiến cho đồ án Quy hoạch phân khu tỷ lệ 1/2000 khu dịch vụ gắn với phát huy giá trị khu tưởng niệm tướng quân Nguyễn Thiện Thuật, huyện Mỹ Hào năm 2017.",2026-09-21 12:17:33
945,H31.05.02.H31.09.2017.2283,HOÀN THÀNH,"Đạt chuẩn (1 bản duy nhất) (Hồ sơ chuẩn, không có bản trùng thừa)",1,true,"Về việc đề nghị phê duyệt nhiệm vụ lập Điều Chỉnh Quy hoạch chi tiết xây dựng tỉ lệ 1/500 Khu dịch vụ thương mại tổng hợp và nhà ở Khu công nghiệp Phố Nối tại xã Nghĩa Hiệp, huyện Yên Mỹ, năm 2017",2026-09-21 12:17:35
946,H31.05.02.H31.09.2017.2282Đ,CẦN SCAN LẠI,Không tìm thấy hồ sơ (Không tìm thấy hồ sơ nào với mã này trên hệ thống Vinasynet),0,false,-,2026-09-21 12:17:39
947,H31.05.02.H31.09.2017.2282E,HOÀN THÀNH,"Đạt chuẩn (1 bản duy nhất) (Hồ sơ chuẩn, không có bản trùng thừa)",1,true,Chủ trương lập quy hoạch chi tiết xây dựng tỷ lệ 1/500 khu nhà ở liền kề để bán Hồng Hải và khu nhà ở Như Quỳnh; tham gia ý kiến thực hiện đề án phát triển sự nghiệp thể dục thể thao tỉnh Hưng Yên giai đoạn 2017-2020,2026-09-21 12:17:41
948,H31.05.02.H31.09.2017.2282D,HOÀN THÀNH,"Đạt chuẩn (1 bản duy nhất) (Hồ sơ chuẩn, không có bản trùng thừa)",1,true,"Tham gia ý kiến cho đồ án quy hoạch chi tiết xây dựng tỷ lệ 1/500 khu dân cư mới khu phố An Bình, phường An Tảo, thành phố Hưng Yên năm 2017",2026-09-21 12:17:43
949,H31.05.02.H31.09.2017.2258,HOÀN THÀNH,"Đạt chuẩn (1 bản duy nhất) (Hồ sơ chuẩn, không có bản trùng thừa)",1,true,"Về việc cho ý kiến thẩm định dự án của các doanh nghiệp trên địa bàn xã Hoàn Long, huyện Yên Mỹ năm 2017",2026-09-21 12:17:45
950,H31.05.02.H31.09.2017.2257,HOÀN THÀNH,"Đạt chuẩn (1 bản duy nhất) (Hồ sơ chuẩn, không có bản trùng thừa)",1,true,"Về việc cho ý kiến thẩm định dự án của các doanh nghiệp trên địa bàn xã Giai Phạm, huyện Yên Mỹ năm 2017.",2026-09-21 12:17:48
951,H31.05.02.H31.09.2017.2254,HOÀN THÀNH,"Đạt chuẩn (1 bản duy nhất) (Hồ sơ chuẩn, không có bản trùng thừa)",1,true,"Về việc cho ý kiến thẩm định dự án của các doanh nghiệp trên địa bàn xã Trưng Trắc, huyện Văn Lâm năm 2017 (tập 2).",2026-09-21 12:17:50
952,H31.05.02.H31.09.2017.2253,HOÀN THÀNH,"Đạt chuẩn (1 bản duy nhất) (Hồ sơ chuẩn, không có bản trùng thừa)",1,true,"Về việc cho ý kiến thẩm định dự án của các doanh nghiệp trên địa bàn xã Trưng Trắc, huyện Văn Lâm năm 2017 (tập 1)",2026-09-21 12:17:52
953,H31.05.02.H31.09.2017.2252,HOÀN THÀNH,"Đạt chuẩn (1 bản duy nhất) (Hồ sơ chuẩn, không có bản trùng thừa)",1,true,"Hồ sơ về việc cho ý kiến thẩm định dự án của các doanh nghiệp trên địa bàn xã Tân Quang, huyện Văn Lâm năm 2017 (Tập 3)",2026-09-21 12:17:54
954,H31.05.02.H31.09.2017.2250,HOÀN THÀNH,"Đạt chuẩn (1 bản duy nhất) (Hồ sơ chuẩn, không có bản trùng thừa)",1,true,"Hồ sơ về việc cho ý kiến thẩm định dự án của các doanh nghiệp trên địa bàn xã Tân Quang, huyện Văn Lâm năm 2017 (Tập 1)",2026-09-21 12:17:57
955,H31.05.02.H31.09.2017.2249,HOÀN THÀNH,"Đạt chuẩn (1 bản duy nhất) (Hồ sơ chuẩn, không có bản trùng thừa)",1,true,"Hồ sơ về việc cho ý kiến thẩm định dự án của các doanh nghiệp trên địa bàn xã Minh Hải, huyện Văn Lâm năm 2017 (tập 3)",2026-09-21 12:17:59
956,H31.05.02.H31.09.2017.2246,HOÀN THÀNH,"Đạt chuẩn (1 bản duy nhất) (Hồ sơ chuẩn, không có bản trùng thừa)",1,true,"Về việc cho ý kiến thẩm định dự án của các doanh nghiệp trên địa bàn xã Lạc Hồng, huyện Văn Lâm năm 2017",2026-09-21 12:18:01
957,H31.05.02.H31.09.2017.2245,HOÀN THÀNH,"Đạt chuẩn (1 bản duy nhất) (Hồ sơ chuẩn, không có bản trùng thừa)",1,true,"Về việc cho ý kiến thẩm định dự án của các doanh nghiệp trên địa bàn xã Lạc Đạo, huyện Văn Lâm năm 2017 (tập 2)",2026-09-21 12:18:03
958,H31.05.02.H31.09.2017.2244,HOÀN THÀNH,"Đạt chuẩn (1 bản duy nhất) (Hồ sơ chuẩn, không có bản trùng thừa)",1,true,"Về việc cho ý kiến thẩm định dự án của các doanh nghiệp trên địa bàn xã Lạc Đạo, huyện Văn Lâm năm 2017 (tập 1)",2026-09-21 12:18:06
959,H31.05.02.H31.09.2017.2239,HOÀN THÀNH,"Đạt chuẩn (1 bản duy nhất) (Hồ sơ chuẩn, không có bản trùng thừa)",1,true,Hồ sơ về việc cho ý kiến thẩm định dự án của các doanh nghiệp trên địa bàn xã Đại Đồng huyện Văn Lâm năm 2017 (tập 1),2026-09-21 12:18:08
960,H31.05.02.H31.09.2017.2238,HOÀN THÀNH,"Đạt chuẩn (1 bản duy nhất) (Hồ sơ chuẩn, không có bản trùng thừa)",1,true,"Hồ sơ về việc cho ý kiến thẩm định dự án của các doanh nghiệp trên địa bàn xã Chỉ Đạo, huyện Văn Lâm năm 2017 (tập 3)",2026-09-21 12:18:10
961,H31.05.02.H31.09.2017.2233,HOÀN THÀNH,"Đạt chuẩn (1 bản duy nhất) (Hồ sơ chuẩn, không có bản trùng thừa)",1,true,"Về việc cho ý kiến thẩm định dự án của các doanh nghiệp trên địa bàn huyện Văn Lâm, tỉnh Hưng Yên năm 2017",2026-09-21 12:18:12
962,H31.05.02.H31.09.2017.2232,HOÀN THÀNH,"Đạt chuẩn (1 bản duy nhất) (Hồ sơ chuẩn, không có bản trùng thừa)",1,true,"Về việc cho ý kiến thẩm định dự án của các doanh nghiệp trên địa bàn xã Vĩnh Khúc, huyện Văn Giang năm 2017",2026-09-21 12:18:15
963,H31.05.02.H31.09.2017.2225,HOÀN THÀNH,"Đạt chuẩn (1 bản duy nhất) (Hồ sơ chuẩn, không có bản trùng thừa)",1,true,Về việc cho ý kiến thẩm định dự án của các doanh nghiệp trên địa bàn huyện Tiên Lữ năm 2017 (tập 2),2026-09-21 12:18:17
964,H31.05.02.H31.09.2017.2152,HOÀN THÀNH,"Đạt chuẩn (1 bản duy nhất) (Hồ sơ chuẩn, không có bản trùng thừa)",1,true,"Bản vẽ phương án kiến trúc công trình nâng cấp Chợ Dốc Lã tại xã Bảo Khê, thành phố Hưng Yên",2026-09-21 12:18:19
965,H31.05.02.H31.09.2017.2151,HOÀN THÀNH,"Đạt chuẩn (1 bản duy nhất) (Hồ sơ chuẩn, không có bản trùng thừa)",1,true,"Phương án kiến trúc công trình Phòng giao dịch Phố Hiến, Ngân hàng TMCP Công thương Việt Nam, Chi nhánh Hưng Yên tại phường Quang Trung, thành phố Hưng Yên",2026-09-21 12:18:21
966,H31.05.02.H31.09.2017.2150,HOÀN THÀNH,"Đạt chuẩn (1 bản duy nhất) (Hồ sơ chuẩn, không có bản trùng thừa)",1,true,"Về điều chỉnh phương án kiến trúc công trình Nhà điều hành - Trường chất lượng cao Phước Huệ (Trường mầm non tư thục Sao Sáng) tại phường Lam Sơn, thành phố Hưng Yên",2026-09-21 12:18:23
967,H31.05.02.H31.09.2017.2149,HOÀN THÀNH,"Đạt chuẩn (1 bản duy nhất) (Hồ sơ chuẩn, không có bản trùng thừa)",1,true,"Phương án thiết kế kiến trúc công trình Nhà quản lý và nhà vệ sinh công cộng tại Quảng trường trung tâm tỉnh, phường Hiến Nam, thành phố Hưng Yên",2026-09-21 12:18:26
968,H31.05.02.H31.09.2017.2148,HOÀN THÀNH,"Đạt chuẩn (1 bản duy nhất) (Hồ sơ chuẩn, không có bản trùng thừa)",1,true,"Hồ sơ phương án thiết kế kiến trúc công trình Nhà điều hoành, siêu thị thuộc dự án Siêu thị Anh Duy tại phường Hiến, thành phố Hưng Yên",2026-09-21 12:18:28
969,H31.05.02.H31.09.2017.2147,HOÀN THÀNH,"Đạt chuẩn (1 bản duy nhất) (Hồ sơ chuẩn, không có bản trùng thừa)",1,true,"Hồ sơ phương án kiến trúc dự án khu nhà ở thương mại và dịch vụ Mẫu nhà M4, M6-2, M7 tại phường Hiến Nam, thành phố Hưng Yên",2026-09-21 12:18:30
970,H31.05.02.H31.09.2017.2146,HOÀN THÀNH,"Đạt chuẩn (1 bản duy nhất) (Hồ sơ chuẩn, không có bản trùng thừa)",1,true,"Hồ sơ phương án kiến trúc công trình văn phòng đa năng công ty DĐK tại Phường Hiến Nam, thành phố Hưng Yên",2026-09-21 12:18:32
971,H31.05.02.H31.09.2017.2145,HOÀN THÀNH,"Đạt chuẩn (1 bản duy nhất) (Hồ sơ chuẩn, không có bản trùng thừa)",1,true,"Hồ sơ phương án kiến trúc công trình Trụ sở Agribank chi nhánh huyện Ân Thi tại Thị trấn Ân Thi, huyện Ân Thi",2026-09-21 12:18:35
972,H31.05.02.H31.09.2017.2144,HOÀN THÀNH,"Đạt chuẩn (1 bản duy nhất) (Hồ sơ chuẩn, không có bản trùng thừa)",1,true,"Hồ sơ phương án kiến trúc công trình Trụ sở làm việc Trung tâm pháp y tỉnh Hưng Yên tại phường An Tảo, thành phố Hưng Yên",2026-09-21 12:18:37
973,H31.05.02.H31.09.2017.2143,HOÀN THÀNH,"Đạt chuẩn (1 bản duy nhất) (Hồ sơ chuẩn, không có bản trùng thừa)",1,true,"Hồ sơ phương án kiến trúc công trình Trung tâm hoạt động thanh thiếu niên tỉnh Hưng Yên tại phường Hiến Nam, thành phố Hưng Yên",2026-09-21 12:18:39
974,H31.05.02.H31.09.2016.2048,HOÀN THÀNH,"Đạt chuẩn (1 bản duy nhất) (Hồ sơ chuẩn, không có bản trùng thừa)",1,true,"Về việc cho ý kiến thấm định dự án của các doanh nghiệp trên địa bàn xã Dị Sử, huyện Mỹ Hào (tập 1)",2026-09-21 12:18:41
975,H31.05.02.H31.09.2016.2047,HOÀN THÀNH,"Đạt chuẩn (1 bản duy nhất) (Hồ sơ chuẩn, không có bản trùng thừa)",1,true,"Về việc cho ý kiến thẩm định dự án đầu tự của Công ty TNHH đầu tư xây dựng và thương mại thành Hưng trên địa bàn thị trấn Bần Yên Nhân, huyện Mỹ Hào",2026-09-21 12:18:44
976,H31.05.02.H31.09.2016.2046,HOÀN THÀNH,"Đạt chuẩn (1 bản duy nhất) (Hồ sơ chuẩn, không có bản trùng thừa)",1,true,"Về việc cho ý  kiến thẩm định dự án của các doanh nghiệp trên địa bàn thị trận Bần Yên Nhân, huyện Mỹ Hào (tập 2)",2026-09-21 12:18:46
977,H31.05.02.H31.09.2016.2038,HOÀN THÀNH,"Đạt chuẩn (1 bản duy nhất) (Hồ sơ chuẩn, không có bản trùng thừa)",1,true,"Về việc cho ý kiến thẩm định dự án của các doanh nghiệp trên địa bàn thị trấn Lương Bằng, huyện Kim Động",2026-09-21 12:18:48
978,H31.05.02.H31.09.2016.2037,HOÀN THÀNH,"Đạt chuẩn (1 bản duy nhất) (Hồ sơ chuẩn, không có bản trùng thừa)",1,true,"Tham gia ý kiến thẩm định cho dự án đầu tư của Công ty Cổ phần Biga feed Hưng Yên để thực hiện Nhà máy chế biến thức ăn chăn nuôi BIGRFEED Hưng Yên tại Tân Dân, huyện Khoái Châu.",2026-09-21 12:18:50
979,H31.05.02.H31.09.2016.2036,HOÀN THÀNH,"Đạt chuẩn (1 bản duy nhất) (Hồ sơ chuẩn, không có bản trùng thừa)",1,true,"Về việc cho ý kiến thẩm định dự án của các doanh nghiệp trên địa bàn huyện Khoái Châu, tỉnh Hưng Yên",2026-09-21 12:18:53
980,H31.05.02.H31.09.2016.2017,HOÀN THÀNH,"Đạt chuẩn (1 bản duy nhất) (Hồ sơ chuẩn, không có bản trùng thừa)",1,true,"Phương án kiến trúc các hạng mục của Dự án: Trung tâm đào tạo, thuộc phân kỳ đầu tư 3, Khu đô thị thương mại và du lịch Văn Giang (Ecopark) tại huyện Văn Giang.",2026-09-21 12:18:55
981,H31.05.02.H31.09.2016.2016,HOÀN THÀNH,"Đạt chuẩn (1 bản duy nhất) (Hồ sơ chuẩn, không có bản trùng thừa)",1,true,"Hồ sơ phương án kiến trúc các mẫu nhà thấp tầng tại dự án Khu nhà ở thấp tầng 1C, thuộc giai đoạn 1 khu đô thị thương mại và du lịch Văn Giang (Ecopark) tại huyện Văn Giang, tỉnh Hưng Yên",2026-09-21 12:18:57
982,H31.05.02.H31.09.2016.2015,HOÀN THÀNH,"Đạt chuẩn (1 bản duy nhất) (Hồ sơ chuẩn, không có bản trùng thừa)",1,true,"Hồ sơ phương án kiến trúc công trình Nhà văn hóa huyện Tiên Lữ tại thị trấn Vượng, huyện Tiên Lữ",2026-09-21 12:18:59
983,H31.05.02.H31.09.2016.2014,HOÀN THÀNH,"Đạt chuẩn (1 bản duy nhất) (Hồ sơ chuẩn, không có bản trùng thừa)",1,true,"Hồ sơ phương án kiến trúc công trình Trụ sở làm việc bảo hiểm xã hội huyện Phù Cừ tại thị trấn Trần Cao, huyện Phù Cừ",2026-09-21 12:19:02
984,H31.05.02.H31.09.2016.2005,HOÀN THÀNH,"Đạt chuẩn (1 bản duy nhất) (Hồ sơ chuẩn, không có bản trùng thừa)",1,true,"Hồ sơ phương án kiến trúc thiết kế đô thị dự án Công ty cổ phần đầu tư phát triển Hùng Vương Hưng Yên tại thị trấn Bần Yên Nhân, huyện Mỹ Hào",2026-09-21 12:19:04
985,H31.05.02.H31.09.2016.2004,HOÀN THÀNH,"Đạt chuẩn (1 bản duy nhất) (Hồ sơ chuẩn, không có bản trùng thừa)",1,true,"Phương án thiết kế đô thị của dự án khu nhà ở liền kề để bán Mỹ Văn tại thị trấn Bần Yên Nhân, huyện Mỹ Hào",2026-09-21 12:19:06
986,H31.05.02.H31.09.2016.2003,HOÀN THÀNH,"Đạt chuẩn (1 bản duy nhất) (Hồ sơ chuẩn, không có bản trùng thừa)",1,true,"Phương án thiết kế trụ sở làm việc Chi cục Thuế huyện Mỹ Hào tại thị trấn Bần Yên Nhân, huyện Mỹ Hào",2026-09-21 12:19:08
987,H31.05.02.H31.09.2016.2002,HOÀN THÀNH,"Đạt chuẩn (1 bản duy nhất) (Hồ sơ chuẩn, không có bản trùng thừa)",1,true,"Thiết kế sơ bộ công trình nâng cấp xây dựng chợ Dốc Lã tại xã Bảo Khê, huyện Kim Động",2026-09-21 12:19:10
988,H31.05.02.H31.09.2015-2016.2006,HOÀN THÀNH,"Đạt chuẩn (1 bản duy nhất) (Hồ sơ chuẩn, không có bản trùng thừa)",1,true,"Phương án thiết kế kiến trúc điều chỉnh, bổ sung các mẫu nhà thuộc dự án tòa nhà hỗn hợp cao tầng và khu nhà ở để bán tại thị trấn Bần Yên Nhân, huyện Mỹ Hào",2026-09-21 12:19:13
989,H31.05.02.H31.09.2016.1971,HOÀN THÀNH,"Đạt chuẩn (1 bản duy nhất) (Hồ sơ chuẩn, không có bản trùng thừa)",1,true,"Về việc thẩm định mặt bằng quy hoạch điều chỉnh dự án đầu tư xây dựng Salon ô tô, trạm dừng nghỉ phục vụ ăn uống và kinh doanh dầu BAC tại xã Bạch Sam, huyện Mỹ Hào",2026-09-21 12:19:15
990,H31.05.02.H31.09.2016.1970,HOÀN THÀNH,"Đạt chuẩn (1 bản duy nhất) (Hồ sơ chuẩn, không có bản trùng thừa)",1,true,"Mặt bằng quy hoạch tổng thể dự án Tòa nhà hỗn hợp cao tầng và Khu nhà ở để bán, hạng mục nhà lô phố tại thị trấn Bần Yên Nhân, huyện Mỹ Hào",2026-09-21 12:19:17
991,H31.05.02.H31.09.2015.1951,HOÀN THÀNH,"Đạt chuẩn (1 bản duy nhất) (Hồ sơ chuẩn, không có bản trùng thừa)",1,true,"Thuyết minh tổng hợp quy hoạch chi tiết bến xe Mỹ Hào và khu nhà ở tỷ lệ 1/500 tại huyện Mỹ Hào, tỉnh Hưng Yên",2026-09-21 12:19:19
992,H31.05.02.H31.09.2015.1950,HOÀN THÀNH,"Đạt chuẩn (1 bản duy nhất) (Hồ sơ chuẩn, không có bản trùng thừa)",1,true,"Về việc cho ý kiến thẩm định dự án của các doanh nghiệp trên địa bàn xã Trung Hưng, huyện Yên Mỹ, tỉnh Hưng Yên",2026-09-21 12:19:22
993,H31.05.02.H31.09.2015.1949,HOÀN THÀNH,"Đạt chuẩn (1 bản duy nhất) (Hồ sơ chuẩn, không có bản trùng thừa)",1,true,"Về việc cho ý kiến thẩm định dự án của các doanh nghiệp trên địa bàn xã Tân Lập huyện Yên Mỹ, tỉnh đưng Yên",2026-09-21 12:19:24
994,H31.05.02.H31.09.2015.1948,HOÀN THÀNH,"Đạt chuẩn (1 bản duy nhất) (Hồ sơ chuẩn, không có bản trùng thừa)",1,true,"Về việc cho ý kiến thẩm định dự án của các doanh nghiệp trên địa bàn xã Nghĩa Hiệp, huyện Yên Mỹ, tính Hưng Yên",2026-09-21 12:19:26
995,H31.05.02.H31.09.2015.1947,HOÀN THÀNH,"Đạt chuẩn (1 bản duy nhất) (Hồ sơ chuẩn, không có bản trùng thừa)",1,true,"Về việc cho ý kiến thẩm định dự án của các doanh nghiệp trên địa bàn xã Tân Quang, huyện Văn Lâm",2026-09-21 12:19:28
996,H31.05.02.H31.09.2015.1946,HOÀN THÀNH,"Đạt chuẩn (1 bản duy nhất) (Hồ sơ chuẩn, không có bản trùng thừa)",1,true,"Về việc cho ý kiến thẩm định dự án của các doanh nghiệp trên địa bàn thị trấn Như Quỳnh, huyện Văn Lâm",2026-09-21 12:19:31
997,H31.05.02.H31.09.2015.1945,HOÀN THÀNH,"Đạt chuẩn (1 bản duy nhất) (Hồ sơ chuẩn, không có bản trùng thừa)",1,true,"Hồ sơ về việc cho ý kiến thẩm định dự án của các doanh nghiệp trên địa bàn huyện Văn Lâm, tỉnh Hưng Yên",2026-09-21 12:19:33
998,H31.05.02.H31.09.2015.1944,HOÀN THÀNH,"Đạt chuẩn (1 bản duy nhất) (Hồ sơ chuẩn, không có bản trùng thừa)",1,true,Hồ sơ về việc cho ý kiến thẩm định dự án của các doanh nghiệp trên địa bàn huyện Văn Giang,2026-09-21 12:19:35
999,H31.05.02.H31.09.2015.1943,HOÀN THÀNH,"Đạt chuẩn (1 bản duy nhất) (Hồ sơ chuẩn, không có bản trùng thừa)",1,true,Hồ sơ cho ý kiến thẩm định dự án của doanh nghiệp trên địa bàn huyện Mỹ Hào,2026-09-21 12:19:37
1000,H31.05.02.H31.09.2015.1942,HOÀN THÀNH,"Đạt chuẩn (1 bản duy nhất) (Hồ sơ chuẩn, không có bản trùng thừa)",1,true,Hồ sơ về việc cho ý kiến thẩm định dự án của các doanh nghiệp trên địa bàn huyện Kim Động,2026-09-21 12:19:40
1001,H31.05.02.H31.09.2015.1938,HOÀN THÀNH,"Đạt chuẩn (1 bản duy nhất) (Hồ sơ chuẩn, không có bản trùng thừa)",1,true,"Cấp phép xây dựng cho UBND xã Lạc Đạo, huyện Văn Lâm để  xây dựng cổng chào xã Lạc Đạo, huyện Văn Lâm",2026-09-21 12:19:42
1002,H31.05.02.H31.09.2015.1937,HOÀN THÀNH,"Đạt chuẩn (1 bản duy nhất) (Hồ sơ chuẩn, không có bản trùng thừa)",1,true,"Phương án kiến trúc, thiết kế đô thị dự án Công ty CP Đầu tư phát triển Hùng Vương Hưng Yên tại xã Lạc Đạo, huyện Văn Lâm",2026-09-21 12:19:44
1003,H31.05.02.H31.09.2015.1941,HOÀN THÀNH,"Đạt chuẩn (1 bản duy nhất) (Hồ sơ chuẩn, không có bản trùng thừa)",1,true,"Tham gia ý kiến cho dự án đầu tư điều chỉnh của Công ty cổ phần đay và may Hưng Yên tại phường An Tảo, thành phố Hưng Yên và xã Đông Kết, huyện Khoái Châu",2026-09-21 12:19:46
1004,H31.05.02.H31.09.2015.1940,HOÀN THÀNH,"Đạt chuẩn (1 bản duy nhất) (Hồ sơ chuẩn, không có bản trùng thừa)",1,true,"Về việc cho ý kiến thẩm định dự án của các doanh nghiệp trên địa bàn huyện Khoái Châu, tỉnh Hưng Yên",2026-09-21 12:19:49
1005,H31.05.02.H31.09.2015.1939,HOÀN THÀNH,"Đạt chuẩn (1 bản duy nhất) (Hồ sơ chuẩn, không có bản trùng thừa)",1,true,Về việc cho ý kiến thẩm định dự án của các doanh nghiệp trên địa bàn huyện Ân Thi,2026-09-21 12:19:51
1006,H31.05.02.H31.09.2015.1925,HOÀN THÀNH,"Đạt chuẩn (1 bản duy nhất) (Hồ sơ chuẩn, không có bản trùng thừa)",1,true,Về phương án kiến trúc công trình: Khu biệt thự Thủy Nguyên (gđ1) - thuộc dự án Khu biệt thự và khu nhà phố Thủy Nguyên tại huyện Văn Giang năm 2015,2026-09-21 12:19:53
1007,H31.05.02.H31.09.2015.1924,HOÀN THÀNH,"Đạt chuẩn (1 bản duy nhất) (Hồ sơ chuẩn, không có bản trùng thừa)",1,true,"Về việc thẩm định và chấp thuận phương án kiến trúc công trình Nhà lớp học bộ môn Trường THPT Dương Quảng Hàm tại xã Liên Nghĩa, huyện Văn Giang năm 2015.",2026-09-21 12:19:55
1008,H31.05.02.H31.09.2015.1923,HOÀN THÀNH,"Đạt chuẩn (1 bản duy nhất) (Hồ sơ chuẩn, không có bản trùng thừa)",1,true,"Về phương án kiến trúc công trình Nhà lớp học bộ môn Trường THPT Trần Hưng Đạo tại xã Thiện Phiến, huyện Tiên Lữ năm 2017.",2026-09-21 12:19:58
1009,H31.05.02.H31.09.2015.1922,HOÀN THÀNH,"Đạt chuẩn (1 bản duy nhất) (Hồ sơ chuẩn, không có bản trùng thừa)",1,true,"Về phương án kiến trúc công trình Nhà lớp học bộ môn - Trường THPT Nam Phù Cừ tại xã Tam Đa, huyện Phù Cừ năm 2017.",2026-09-21 12:20:00
1010,H31.05.02.H31.09.2015.1921,HOÀN THÀNH,"Đạt chuẩn (1 bản duy nhất) (Hồ sơ chuẩn, không có bản trùng thừa)",1,true,Phương án kiến trúc công trình Nhà lớp học lý thuyết - Trường THPT Phù Cừ năm 2015.,2026-09-21 12:20:02
1011,H31.05.02.H31.09.2015.1920,HOÀN THÀNH,"Đạt chuẩn (1 bản duy nhất) (Hồ sơ chuẩn, không có bản trùng thừa)",1,true,"Về phương án kiến trúc Công trình: Khu nhà ở xã hội Phúc Hưng II tại TT Bần Yên Nhân, huyện Mỹ Hào năm 2015.",2026-09-21 12:20:04
1012,H31.05.02.H31.09.2015.1919,HOÀN THÀNH,"Đạt chuẩn (1 bản duy nhất) (Hồ sơ chuẩn, không có bản trùng thừa)",1,true,"Về phương án kiến trúc các hạng mục công trình của chợ Bao Bì, thuộc dự án đầu tư xây dựng chợ Bao Bì và hạ tầng kỹ thuật khu nhà ở thương mại Phố Nối tại huyện Mỹ Hào năm 2015",2026-09-21 12:20:07
1013,H31.05.02.H31.09.2015.1918,HOÀN THÀNH,"Đạt chuẩn (1 bản duy nhất) (Hồ sơ chuẩn, không có bản trùng thừa)",1,true,"Về phương án kiến trúc công trình: Xưởng sản xuất 5 tầng nhà máy may Youngone tại xã Chính Nghĩa, huyện Kim Động năm 2015",2026-09-21 12:20:09
1014,H31.05.02.H31.09.2015.1917,HOÀN THÀNH,"Đạt chuẩn (1 bản duy nhất) (Hồ sơ chuẩn, không có bản trùng thừa)",1,true,Về phương án kiến trúc công trình Trụ sở làm việc Bảo hiểm xã hội huyện Kim Động năm 2015,2026-09-21 12:20:11
1015,H31.05.02.H31.09.2015.1906,HOÀN THÀNH,"Đạt chuẩn (1 bản duy nhất) (Hồ sơ chuẩn, không có bản trùng thừa)",1,true,"Thẩm định mặt bằng điều chỉnh cục bộ chia lô khu D và phê duyệt phương án kiến trúc điều chỉnh mẫu nhà chia lô khu D thuộc dự án đầu tư xây dựng chợ Phố Hiến, thành phố Hưng Yên năm 2015",2026-09-21 12:20:13
1016,H31.05.02.H31.09.2015.1905,HOÀN THÀNH,"Đạt chuẩn (1 bản duy nhất) (Hồ sơ chuẩn, không có bản trùng thừa)",1,true,Hồ sơ về việc thẩm định điều chỉnh mặt bằng quy hoạch tổng thể dự án đầu tư công trình siêu thị sách Hưng Yên tại phường An Tảo - thành phố Hưng Yên năm 2015,2026-09-21 12:20:16
1017,H31.05.02.H31.09.2015.1904,HOÀN THÀNH,"Đạt chuẩn (1 bản duy nhất) (Hồ sơ chuẩn, không có bản trùng thừa)",1,true,Hồ sơ thẩm định chấp thuận mặt bằng quy hoạch tổng thể các dự án đầu tư xây dựng trên địa bàn tỉnh từ tháng 7-12,2026-09-21 12:20:18
1018,H31.05.02.H31.09.2014.1877,HOÀN THÀNH,"Đạt chuẩn (1 bản duy nhất) (Hồ sơ chuẩn, không có bản trùng thừa)",1,true,"Phương án kiến trúc công trình Trụ sở kho bạc Nhà nước Tiên Lữ tại huyện Tiên Lữ, tỉnh Hưng Yên",2026-09-21 12:20:20
1019,H31.05.02.H31.09.2014.1875,HOÀN THÀNH,"Đạt chuẩn (1 bản duy nhất) (Hồ sơ chuẩn, không có bản trùng thừa)",1,true,"Điều chỉnh phương án kiến trúc công trình Khu nhà ở Phúc Thành tại xã Nhân Hòa, huyện Mỹ Hào",2026-09-21 12:20:23
1020,H31.05.02.H31.09.2014.1874,HOÀN THÀNH,"Đạt chuẩn (1 bản duy nhất) (Hồ sơ chuẩn, không có bản trùng thừa)",1,true,"Phương án kiến trúc dự án chợ bao bì để thực hiện dự án chợ bao bì và khu nhà ở thương mại Phố Nối tại huyện Mỹ Hào, tỉnh Hưng Yên",2026-09-21 12:20:25
1021,H31.05.02.H31.09.2014.1873,HOÀN THÀNH,"Đạt chuẩn (1 bản duy nhất) (Hồ sơ chuẩn, không có bản trùng thừa)",1,true,"Phương án kiến trúc tòa nhà hỗn hợp cao tầng và khu nhà ở để bán tại thị trấn Bần Yên Nhân, huyện Mỹ Hào",2026-09-21 12:20:27
1022,H31.05.02.H31.09.2013-2014.1876,HOÀN THÀNH,"Đạt chuẩn (1 bản duy nhất) (Hồ sơ chuẩn, không có bản trùng thừa)",1,true,"Phương án kiến trúc công trình nhà thờ Phương Bồ tại xã Phan Sào Nam, huyện Phù Cừ",2026-09-21 12:20:29
1023,H31.05.02.H31.09.2013.1824,HOÀN THÀNH,"Đạt chuẩn (1 bản duy nhất) (Hồ sơ chuẩn, không có bản trùng thừa)",1,true,Phương án kiến trúc trụ sở làm việc Huyện uỷ Khoái Châu,2026-09-21 12:20:31
1024,H31.05.02.H31.09.2012-2013.1825,HOÀN THÀNH,"Đạt chuẩn (1 bản duy nhất) (Hồ sơ chuẩn, không có bản trùng thừa)",1,true,Phương án kiến trúc công trình Nhà văn hóa huyện Kim Động tại thị trấn Lương Bằng huyện Kim Động,2026-09-21 12:20:34
1025,H31.05.02.H31.09.2011-2013.1826,HOÀN THÀNH,"Đạt chuẩn (1 bản duy nhất) (Hồ sơ chuẩn, không có bản trùng thừa)",1,true,"Phương án kiến trúc Công trình: Kho lưu trữ chứng từ, tài sản cầm cố của các Chi nhánh Ngân hàng VCB khu vực phía Bắc tại thị trấn Bần Yên Nhân, huyện Mỹ Hào.",2026-09-21 12:20:36
1026,H31.05.02.H31.09.2012.1805,HOÀN THÀNH,"Đạt chuẩn (1 bản duy nhất) (Hồ sơ chuẩn, không có bản trùng thừa)",1,true,"Về việc cho ý kiến thẩm định dự án của các doanh nghiệp trên địa bàn huyện Văn Lâm, tỉnh Hưng Yên.",2026-09-21 12:20:38
1027,H31.05.02.H31.09.2012.1804,HOÀN THÀNH,"Đạt chuẩn (1 bản duy nhất) (Hồ sơ chuẩn, không có bản trùng thừa)",1,true,Về việc cho ý kiến thẩm định dự án của các doanh nghiệp trên địa bàn huyện Văn Giang,2026-09-21 12:20:40
1028,H31.05.02.H31.09.2012.1801,HOÀN THÀNH,"Đạt chuẩn (1 bản duy nhất) (Hồ sơ chuẩn, không có bản trùng thừa)",1,true,Về việc cho ý kiến thẩm định dự án của các doanh nghiệp trên địa bàn huyện Mỹ Hào,2026-09-21 12:20:43
1029,H31.05.02.H31.09.2012.1800,HOÀN THÀNH,"Đạt chuẩn (1 bản duy nhất) (Hồ sơ chuẩn, không có bản trùng thừa)",1,true,"Về việc cho ý kiến thẩm định dự án của các doanh nghiệp trên địa bàn xã Toàn Thắng, huyện Kim Động",2026-09-21 12:20:45
1030,H31.05.02.H31.09.2012.1799,HOÀN THÀNH,"Đạt chuẩn (1 bản duy nhất) (Hồ sơ chuẩn, không có bản trùng thừa)",1,true,"Về việc cho ý kiến thẩm định dự án của các doanh nghiệp trên địa bàn huyện Khoái Châu, tỉnh Hưng Yên",2026-09-21 12:20:47
1031,H31.05.02.H31.09.2012.1785,HOÀN THÀNH,"Đạt chuẩn (1 bản duy nhất) (Hồ sơ chuẩn, không có bản trùng thừa)",1,true,"Phương án kiến trúc công trình: ký túc xá 5 tầng đơn nguyên 4 - Trường ĐHSP kỹ thuật Hưng Yên cơ sở 2 tại xã Nhân Hòa, huyện Mỹ Hào, tỉnh Hưng Yên",2026-09-21 12:20:49
1032,H31.05.02.H31.09.2012.1784,HOÀN THÀNH,"Đạt chuẩn (1 bản duy nhất) (Hồ sơ chuẩn, không có bản trùng thừa)",1,true,Phương án kiến trúc công trình chợ và hạ tầng kỹ thuật khu nhà ở thương mại Trương Xá tại xã Toàn Thắng huyện Kim Động,2026-09-21 12:20:52
1033,H31.05.02.H31.09.2012.1783,HOÀN THÀNH,"Đạt chuẩn (1 bản duy nhất) (Hồ sơ chuẩn, không có bản trùng thừa)",1,true,"Phương án kiến trúc công trình Nhà tập đa năng - Trường THPT Kim Động tại thị trấn Lương Bằng, huyện Kim Đồng",2026-09-21 12:20:54
1034,H31.05.02.H31.09.2012.1782,HOÀN THÀNH,"Đạt chuẩn (1 bản duy nhất) (Hồ sơ chuẩn, không có bản trùng thừa)",1,true,Phương án kiến trúc công trình nhà tập đa năng trường THPT Khoái Châu tại huyện Khoái Châu,2026-09-21 12:20:56
1035,H31.05.02.H31.09.2011.1760Đ,CẦN SCAN LẠI,Không tìm thấy hồ sơ (Không tìm thấy hồ sơ nào với mã này trên hệ thống Vinasynet),0,false,-,2026-09-21 12:21:00
1036,H31.05.02.H31.09.2011.1760F,HOÀN THÀNH,"Đạt chuẩn (1 bản duy nhất) (Hồ sơ chuẩn, không có bản trùng thừa)",1,true,"Cấp phép xây dựng cho công ty TNHH kỹ nghệ Thái Dương tại xã Lạc Đạo, huyện Văn Lâm để thực hiện dự án nhà máy sản xuất mực in gốc nước năm 2011",2026-09-21 12:21:02
1037,H31.05.02.H31.09.2011.1760E,HOÀN THÀNH,"Đạt chuẩn (1 bản duy nhất) (Hồ sơ chuẩn, không có bản trùng thừa)",1,true,Cấp chứng chỉ quy hoạch cho các cơ quan doanh nghiệp năm 2011,2026-09-21 12:21:05
1038,H31.05.02.H31.09.2011.1760B,HOÀN THÀNH,"Đạt chuẩn (1 bản duy nhất) (Hồ sơ chuẩn, không có bản trùng thừa)",1,true,Thẩm định mặt bằng quy hoạnh tổng thể dự án đầu tư của Công ty Cổ phần thương mại dịch vụ tổng hợp Hưng Yên và Công ty TNHH thương mại Hiếu Bắc trên địa bàn thành phố Hưng Yên năm 2011,2026-09-21 12:21:07
1039,H31.05.02.H31.09.2011.1760A,HOÀN THÀNH,"Đạt chuẩn (1 bản duy nhất) (Hồ sơ chuẩn, không có bản trùng thừa)",1,true,Đề nghị phê duyệt địa điểm xây dựng các dự án đầu tư xây dựng trên địa bàn tình năm 2011,2026-09-21 12:21:09
1040,H31.05.02.H31.09.2011.1760D,HOÀN THÀNH,"Đạt chuẩn (1 bản duy nhất) (Hồ sơ chuẩn, không có bản trùng thừa)",1,true,"Đề nghị thoả thuận quy hoạch chi tiết xây dùng tỷ lệ 1/500 khu nhà ở và dịch vụ đô thị, công nghiệp Như Quỳnh, huyện Văn Lâm năm 2011",2026-09-21 12:21:11
1041,H31.05.02.H31.09.2011.1760C,HOÀN THÀNH,"Đạt chuẩn (1 bản duy nhất) (Hồ sơ chuẩn, không có bản trùng thừa)",1,true,Về việc Điều chinh quy hoạch chi tiết xây dựng tỷ lệ 1/500 của dự án thành phần thuộc khu đô thị thương mại - Du lịch Văn Giang năm 2011.,2026-09-21 12:21:14
1042,H31.05.02.H31.09.2011.1760,LỖI KHÓA,Bỏ qua (Lỗi máy chủ) (Đã thử gửi lệnh xóa nhưng máy chủ Vinasynet không cập nhật (bản ghi bị khóa)),50,false,"Lựa chọn nhà đầu tư khu biệt thự sinh thái và nhà ở liền kề trên địa bàn phường Hồng châu, thành phố Hưng Yên năm 2011.",2026-09-21 12:21:24
1043,H31.05.02.H31.09.2011.2661,HOÀN THÀNH,"Đạt chuẩn (1 bản duy nhất) (Hồ sơ chuẩn, không có bản trùng thừa)",1,true,Mặt bằng quy hoạch tổng thể các dự án đầu tư xây dựng trên địa bàn huyện Yên Mỹ năm 2011,2026-09-21 12:21:26
1044,H31.05.02.H31.09.2011.2660,HOÀN THÀNH,"Đạt chuẩn (1 bản duy nhất) (Hồ sơ chuẩn, không có bản trùng thừa)",1,true,Mặt bằng quy hoạch tổng thể các dự án đầu tư xây dựng trên địa bàn huyện Văn Lâm năm 2011,2026-09-21 12:21:29
1045,H31.05.02.H31.09.2010.2651,HOÀN THÀNH,"Đạt chuẩn (1 bản duy nhất) (Hồ sơ chuẩn, không có bản trùng thừa)",1,true,Mặt bằng quy hoạch tổng thể các dự án đầu tư xây dựng trên địa bàn huyện Ân Thi năm 2011,2026-09-21 12:21:31
1046,H31.05.02.H31.09.2010.2650,HOÀN THÀNH,"Đạt chuẩn (1 bản duy nhất) (Hồ sơ chuẩn, không có bản trùng thừa)",1,true,Mặt bằng quy hoạch tổng thể các dự án đầu tư xây dựng của huyện Yên Mỹ năm 2010,2026-09-21 12:21:33
1047,H31.05.02.H31.09.2010.2649,HOÀN THÀNH,"Đạt chuẩn (1 bản duy nhất) (Hồ sơ chuẩn, không có bản trùng thừa)",1,true,Mặt bằng quy hoạy tổng thể các dự án đầu tư xây dựng trên địa bàn huyện Văn Lâm năm 2010,2026-09-21 12:21:36
1048,H31.05.02.H31.09.2010.2648,HOÀN THÀNH,"Đạt chuẩn (1 bản duy nhất) (Hồ sơ chuẩn, không có bản trùng thừa)",1,true,Mặt bằng quy hoạch tổng thể các dự án đầu tư xây dựng trên địa bàn huyện Văn Giang năm 2010,2026-09-21 12:21:38
1049,H31.05.02.H31.09.2010.2647,HOÀN THÀNH,"Đạt chuẩn (1 bản duy nhất) (Hồ sơ chuẩn, không có bản trùng thừa)",1,true,Mặt bằng quy hoạch tổng thể các dự án đầu tư Xây dựng trên địa bàn huyện Tiên Lữ năm 2010,2026-09-21 12:21:40
1050,H31.05.02.H31.09.2010.2646,HOÀN THÀNH,"Đạt chuẩn (1 bản duy nhất) (Hồ sơ chuẩn, không có bản trùng thừa)",1,true,Hồ sơ mặt bằng quy hoạch tổng thể các dự án đầu tư xây dựng trên địa bàn huyện Phù Cừ năm 2010,2026-09-21 12:21:42
1051,H31.05.02.H31.09.2010.2645,HOÀN THÀNH,"Đạt chuẩn (1 bản duy nhất) (Hồ sơ chuẩn, không có bản trùng thừa)",1,true,Mặt bằng quy hoạch tổng thể các dự án đầu tư xây dựng của huyện Mỹ Hào năm 2010,2026-09-21 12:21:45
1052,H31.05.02.H31.09.2010.2644,HOÀN THÀNH,"Đạt chuẩn (1 bản duy nhất) (Hồ sơ chuẩn, không có bản trùng thừa)",1,true,Mặt bằng quy hoạch tổng thể các dự án đầu tư xây dựng trên địa bàn huyện Kim Động năm 2010,2026-09-21 12:21:47
1053,H31.05.02.H31.09.2010.2643,HOÀN THÀNH,"Đạt chuẩn (1 bản duy nhất) (Hồ sơ chuẩn, không có bản trùng thừa)",1,true,Mặt bằng quy hoạch tổng thể các dự án đầu tư xây dựng của huyện Khoái Châu năm 2010.,2026-09-21 12:21:49
1054,H31.05.02.H31.09.2010.2642,HOÀN THÀNH,"Đạt chuẩn (1 bản duy nhất) (Hồ sơ chuẩn, không có bản trùng thừa)",1,true,Mặt bằng quy hoạch tổng thể các dự án đầu tư xây dựng trên địa bàn thành phố Hưng Yên năm 2010.,2026-09-21 12:21:51
1055,H31.05.02.H31.09.2019.2628,HOÀN THÀNH,"Đạt chuẩn (1 bản duy nhất) (Hồ sơ chuẩn, không có bản trùng thừa)",1,true,"Hồ sơ đề nghị thẩm định quy hoạch chi tiết xây dựng cụm công nghiệp Phú Thịnh, huyện Kim Động tỷ lệ 1/500 năm 2019",2026-09-21 12:21:54
1056,H31.05.02.H31.09.2019.2619,HOÀN THÀNH,"Đạt chuẩn (1 bản duy nhất) (Hồ sơ chuẩn, không có bản trùng thừa)",1,true,"Xin chủ trương điều chỉnh quy hoạch chi tiết tỷ lệ 1/500 Khu A - Khu đô thị mới phía Đông, huyện Văn Giang",2026-09-21 12:21:56
1057,H31.05.02.H31.09.2019.2617,HOÀN THÀNH,"Đạt chuẩn (1 bản duy nhất) (Hồ sơ chuẩn, không có bản trùng thừa)",1,true,"Tham gia ý kiến về nhiệm vụ lập điều chỉnh quy hoạch chung xây dựng xã Nghĩa Trụ, huyện Văn Giang đến năm 2030, định hướng đến năm 2035.",2026-09-21 12:21:58
1058,H31.05.02.H31.09.2019.2616,HOÀN THÀNH,"Đạt chuẩn (1 bản duy nhất) (Hồ sơ chuẩn, không có bản trùng thừa)",1,true,"Phê duyệt nhiệm vụ quy hoạch vùng huyện Yên Mỹ đến năm 2028, tầm nhìn đến năm 2035",2026-09-21 12:22:01
1059,H31.05.02.H31.09.2019.2615,HOÀN THÀNH,"Đạt chuẩn (1 bản duy nhất) (Hồ sơ chuẩn, không có bản trùng thừa)",1,true,"Thẩm định đồ án quy hoạch chi tiết xây dựng tỷ lệ 1/500 Nhà máy sản xuất, lắp ráp linh kiện điện tử; dịch vụ giao nhận vận chuyển Logistics tại xã Liêu Xá, huyện Yên Mỹ",2026-09-21 12:22:03
1060,H31.05.02.H31.09.2019.2614,HOÀN THÀNH,"Đạt chuẩn (1 bản duy nhất) (Hồ sơ chuẩn, không có bản trùng thừa)",1,true,"Tham gia ý kiến cho đồ án quy hoạch chi tiết tỷ lệ 1/500 Khu dân cư Trung tâm xã Phương Chiểu, TP Hưng Yên năm 2018",2026-09-21 12:22:05
1061,H31.05.02.H31.09.2019.2611,HOÀN THÀNH,"Đạt chuẩn (1 bản duy nhất) (Hồ sơ chuẩn, không có bản trùng thừa)",1,true,Đề án bổ sung quy hoạch Khu công nghiệp Phố Nối A vào quy hoạch tổng thể phát triển các Khu công nghiệp của cả nước đến năm 2020,2026-09-21 12:22:07
1062,H31.05.02.H31.09.2019.2610,HOÀN THÀNH,"Đạt chuẩn (1 bản duy nhất) (Hồ sơ chuẩn, không có bản trùng thừa)",1,true,"Tham gia ý kiến cho nội dung điều chỉnh quy hoạch xây dựng nông thôn mới xã Lạc Đan đến năm 2020, huyện Văn Lâm năm 2018",2026-09-21 12:22:10
1063,H31.05.02.H31.09.2019.2609,HOÀN THÀNH,"Đạt chuẩn (1 bản duy nhất) (Hồ sơ chuẩn, không có bản trùng thừa)",1,true,"Cấp giấy phép quy hoạch dự án đầu tư xây dựng Trung tâm đào tạo bóng đá trẻ PVF tại xã Liên Nghĩa, huyện Văn Giang năm 2018",2026-09-21 12:22:12
1064,H31.05.02.H31.09.2019.2608,HOÀN THÀNH,"Đạt chuẩn (1 bản duy nhất) (Hồ sơ chuẩn, không có bản trùng thừa)",1,true,"Tham gia ý kiến cho nhiệm vụ lập quy hoạch chi tiết xây dựng tỷ lệ 1/500 khu liên hợp thể thao, văn hoá và dân cư, huyện Ân Thi năm 2018",2026-09-21 12:22:14
1065,H31.05.02.H31.09.2019.2607,HOÀN THÀNH,"Đạt chuẩn (1 bản duy nhất) (Hồ sơ chuẩn, không có bản trùng thừa)",1,true,"Thẩm định nhiệm vụ lập quy hoạnh chi tiết Xây dùng tỷ lệ 1/500 khu nhà ở xã hội dành cho công nhân khu công nghiệp tại xã Phùng Chí Kiên, huyện Mỹ Hào",2026-09-21 12:22:16
1066,H31.05.02.H31.09.2019.2580,HOÀN THÀNH,"Đạt chuẩn (1 bản duy nhất) (Hồ sơ chuẩn, không có bản trùng thừa)",1,true,Vị trí xây dựng tượng đài cố Tổng Bí thư  Nguyễn Văn Linh và công viên cây xanh Quảng trường trung tâm tỉnh năm 2008,2026-09-21 12:22:19
1067,H31.05.02.H31.09.2019.2581,HOÀN THÀNH,"Đạt chuẩn (1 bản duy nhất) (Hồ sơ chuẩn, không có bản trùng thừa)",1,true,"Chấp thuận hồ sơ quy hoạch dự án đầu tư Khu tổ hợp sản xuất chế biến đồ gỗ và sản xuất lắp ráp đồ điện tử dân dụng tại xã Lý Thường Kiệt, huyện Yên Mỹ năm 2011",2026-09-21 12:22:21
1068,H31.05.02.H31.09.2019.2572,HOÀN THÀNH,"Đạt chuẩn (1 bản duy nhất) (Hồ sơ chuẩn, không có bản trùng thừa)",1,true,"Mặt bằng quy hoạch tổng thể dự án Làng quân nhân Bộ Chỉ huy quân sự tỉnh Hưng Yên tại xã Bảo Khê, thị xã Hưng Yên năm 2009.",2026-09-21 12:22:23
1069,H31.05.02.H31.09.2019.2571,HOÀN THÀNH,"Đạt chuẩn (1 bản duy nhất) (Hồ sơ chuẩn, không có bản trùng thừa)",1,true,Thỏa thuận điều chỉnh quy hoạch chi tiết xây dựng tỷ lệ 1/500 khu đô thị thương mại và Du lịch Văn Giang năm 2009,2026-09-21 12:22:25
1070,H31.05.02.H31.09.2019.2570,HOÀN THÀNH,"Đạt chuẩn (1 bản duy nhất) (Hồ sơ chuẩn, không có bản trùng thừa)",1,true,"Đề nghị phê duyệt nhiệm vụ và dự toán lập quy hoạch chi tiết xây dựng tỷ lệ 1/500. Phát huy giá trị Khu di tích Đền Trần, Điền Mẫu và Công viên hồ Bán Nguyệt thành phố Hưng Yên năm 2019",2026-09-21 12:22:28
1071,H31.05.02.H31.09.2019.2569,HOÀN THÀNH,"Đạt chuẩn (1 bản duy nhất) (Hồ sơ chuẩn, không có bản trùng thừa)",1,true,Rà soát các dự án đầu tư từ ngày 01/7/2014 đến nay năm 2019,2026-09-21 12:22:30
1072,H31.05.02.H31.09.2019.2568,HOÀN THÀNH,"Đạt chuẩn (1 bản duy nhất) (Hồ sơ chuẩn, không có bản trùng thừa)",1,true,"Rà soát, cung cấp hồ sơ dự án Khu nhà ở thương mại và dịch vụ Phúc Hưng tại phường Hiến Nam, thành phố Hưng Yên năm 2019",2026-09-21 12:22:32
1073,H31.05.02.H31.09.2019.2567,HOÀN THÀNH,"Đạt chuẩn (1 bản duy nhất) (Hồ sơ chuẩn, không có bản trùng thừa)",1,true,"Bổ sung nguồn vốn thực hiện lập QHCT xây dựng tỷ lệ 1/500 phát huy giá trị khu di tích lịch sử Đền Phù Ủng, xã Phù Ủng, huyện Ân Thi năm 2019.",2026-09-21 12:22:35
1074,H31.05.02.H31.09.2019.2521,HOÀN THÀNH,"Đạt chuẩn (1 bản duy nhất) (Hồ sơ chuẩn, không có bản trùng thừa)",1,true,Về việc cho ý kiến thẩm định dự án của các doanh nghiệp trên địa bàn xã Dị Sử và xã Hưng Long,2026-09-21 12:22:37
1075,H31.05.02.H31.09.2019.2520,HOÀN THÀNH,"Đạt chuẩn (1 bản duy nhất) (Hồ sơ chuẩn, không có bản trùng thừa)",1,true,"Về việc cho ý kiến thẩm định dự án của các doanh nghiệp trên địa bàn xã Hưng Long, huyện Mỹ Hào",2026-09-21 12:22:39
1076,H31.05.02.H31.09.2019.2519,HOÀN THÀNH,"Đạt chuẩn (1 bản duy nhất) (Hồ sơ chuẩn, không có bản trùng thừa)",1,true,"Về việc cho ý kiến thẩm định dự án của các doanh nghiệp trên đị bàn xã Hòa Phong, huyện Mỹ Hào",2026-09-21 12:22:41
1077,H31.05.02.H31.09.2019.2518,HOÀN THÀNH,"Đạt chuẩn (1 bản duy nhất) (Hồ sơ chuẩn, không có bản trùng thừa)",1,true,"Về việc cho ý kiến thẩm định dự án của các doanh nghiệp trên địa bàn xã Dị Sử, huyện Mỹ Hào",2026-09-21 12:22:44
1078,H31.05.02.H31.09.2019.2490,HOÀN THÀNH,"Đạt chuẩn (1 bản duy nhất) (Hồ sơ chuẩn, không có bản trùng thừa)",1,true,"Phương án kiến trúc công trình Showroom ô tô Duy Khánh tại xã Bảo Khê, thành phố Hưng Yên",2026-09-21 12:22:46
1079,H31.05.02.H31.09.2019.2489,HOÀN THÀNH,"Đạt chuẩn (1 bản duy nhất) (Hồ sơ chuẩn, không có bản trùng thừa)",1,true,"Phương án kiến trúc công trình Siêu thị sách Hưng Yên tại phường An Tảo, thành phố Hưng Yên",2026-09-21 12:22:48
1080,H31.05.02.H31.09.2019.2488,HOÀN THÀNH,"Đạt chuẩn (1 bản duy nhất) (Hồ sơ chuẩn, không có bản trùng thừa)",1,true,"Phương án kiến trúc công trình Đền thờ danh nhân Nguyễn Trung Ngãn, thị trấn Ân Thi, huyện Ân Thi",2026-09-21 12:22:50
1081,H31.05.02.H31.09.2019.2487,HOÀN THÀNH,"Đạt chuẩn (1 bản duy nhất) (Hồ sơ chuẩn, không có bản trùng thừa)",1,true,"Phương án kiến trúc công trình Nhà giao dịch, văn phòng kết hợp sàn khai thác Bưu điện tỉnh thưng Yên tại phường Hiến Nam, thành phố Hưng Yên",2026-09-21 12:22:53
1082,H31.05.02.H31.09.2019.2486,HOÀN THÀNH,"Đạt chuẩn (1 bản duy nhất) (Hồ sơ chuẩn, không có bản trùng thừa)",1,true,"Về việc chấp thuận Mặt bằng quy hoạch tổng thể Hổ Thôn Chư Thị, xã Cần Lập, huyện Yên Mỹ.",2026-09-21 12:22:55
1083,H31.05.02.H31.09.2019.2485,HOÀN THÀNH,"Đạt chuẩn (1 bản duy nhất) (Hồ sơ chuẩn, không có bản trùng thừa)",1,true,"Về việc chấp thuận mặt bằng quy hoạch tổng thể khu cảnh quan, cây xanh (lô đất CX-09, MN-02) thuộc dự án khu nhà ở, dịch vụ khu công nghiệp Phố Nối tại xã Nghĩa Hiệp, huyện Yên Mỹ.",2026-09-21 12:22:57
1084,H31.05.02.H31.09.2019.2484,HOÀN THÀNH,"Đạt chuẩn (1 bản duy nhất) (Hồ sơ chuẩn, không có bản trùng thừa)",1,true,Về việc chấp thuận Mặt bằng quy hoạch tổng thể Khu dân cư mới trên địa bàn huyện Yên Mỹ.,2026-09-21 12:23:00
1085,H31.05.02.H31.09.2019.2476,HOÀN THÀNH,"Đạt chuẩn (1 bản duy nhất) (Hồ sơ chuẩn, không có bản trùng thừa)",1,true,Về việc chấp thuận điều chỉnh mặt bằng quy hoạch chia lô tỷ lệ 1/500 Khu biệt thự đảo (giai đoạn 1) Khu đô thị thương mại và du lịch Văn Giang (Ecopark),2026-09-21 12:23:02
1086,H31.05.02.H31.09.2019.2475,HOÀN THÀNH,"Đạt chuẩn (1 bản duy nhất) (Hồ sơ chuẩn, không có bản trùng thừa)",1,true,Về việc chấp thuận Mặt bằng quy hoạch tổng thể Khu dân cư mới trên địa bàn huyện Văn Giang,2026-09-21 12:23:04
1087,H31.05.02.H31.09.2019.2473,HOÀN THÀNH,"Đạt chuẩn (1 bản duy nhất) (Hồ sơ chuẩn, không có bản trùng thừa)",1,true,"Về việc chấp thuận mặt bằng quy hoạch tổng thể dự án đầu tư xây dựng Trường Trung học cơ sở thị trấn Vương, huyện Tiên Lữ",2026-09-21 12:23:06
1088,H31.05.02.H31.09.2019.2472,HOÀN THÀNH,"Đạt chuẩn (1 bản duy nhất) (Hồ sơ chuẩn, không có bản trùng thừa)",1,true,"Về việc thẩm định mặt bằng quy hoạch dự án đầu tư xây dựng trụ sở công an huyện Phù Cừ tại xã Đoàn Đào, huyện Phù Cừ",2026-09-21 12:23:09
1089,H31.05.02.H31.09.2019.2468,HOÀN THÀNH,"Đạt chuẩn (1 bản duy nhất) (Hồ sơ chuẩn, không có bản trùng thừa)",1,true,Về việc chấp thuận mặt bằng quy hoạch tổng thể khu dân cư mới trên địa bàn huyện Mỹ Hào,2026-09-21 12:23:11
1090,H31.05.02.H31.09.2019.2467,HOÀN THÀNH,"Đạt chuẩn (1 bản duy nhất) (Hồ sơ chuẩn, không có bản trùng thừa)",1,true,Về việc chấp thuận mặt bằng quy hoạch tổng thể Khu dân cư mới trên địa bàn huyện Kim Động,2026-09-21 12:23:13
1091,H31.05.02.H31.09.2019.2466,HOÀN THÀNH,"Đạt chuẩn (1 bản duy nhất) (Hồ sơ chuẩn, không có bản trùng thừa)",1,true,"Về việc chấp thuận mặt bằng quy hoạch tổng thể điều chỉnh và phương án kiến trúc CT Nhà phụ trợ (Hạng mục số 06), nhà để xe ô tô (Hạng mục số 08), nhà bảo vệ (Hạng mục số 1) và lán để xe (Hạng mục số 02), Phòng giao dịch chính sách xã hội huyện Khoái Châu",2026-09-21 12:23:15
1092,H31.05.02.H31.09.2019.2465,HOÀN THÀNH,"Đạt chuẩn (1 bản duy nhất) (Hồ sơ chuẩn, không có bản trùng thừa)",1,true,"Về việc chấp thuận mặt bằng quy hoạch tổng thể và phương án kiến trúc công trình Trường mầm non trung tâm xã Phương Chiểu, thành phố Hưng Yên.",2026-09-21 12:23:18
1093,H31.05.02.H31.09.2019.2464,HOÀN THÀNH,"Đạt chuẩn (1 bản duy nhất) (Hồ sơ chuẩn, không có bản trùng thừa)",1,true,"Về việc chấp thuận mặt bằng quy hoạch tổng thể điều chỉnh của dự án Khu dân cư xã mới phía Bắc Nu - 9 khu Đại học Phố Hiến tại xã Liên Phương, thành phố Hưng Yên.",2026-09-21 12:23:20
1094,H31.05.02.H31.09.2019.2463,HOÀN THÀNH,"Đạt chuẩn (1 bản duy nhất) (Hồ sơ chuẩn, không có bản trùng thừa)",1,true,Về việc chấp thuận mặt bằng quy hoạch tổng thể chia lô khu dân cư mới trên địa bàn thành phố Hưng Yên. Năm 2018-2019.,2026-09-21 12:23:22
1095,H31.05.02.H31.09.2018.2459B,HOÀN THÀNH,"Đạt chuẩn (1 bản duy nhất) (Hồ sơ chuẩn, không có bản trùng thừa)",1,true,Cấp chứng chỉ quy hoạch cho Ban quản lý dự án đầu tư xây dựng khu vực Agribank (Ban QLDA) và Viện kiểm sát nhân dân tỉnh Hưng Yên năm 2018,2026-09-21 12:23:24
1096,H31.05.02.H31.09.2018.2459A,CẦN SCAN LẠI,Không tìm thấy hồ sơ (Không tìm thấy hồ sơ nào với mã này trên hệ thống Vinasynet),0,false,-,2026-09-21 12:23:28
1097,H31.05.02.H31.09.2018.2457,HOÀN THÀNH,"Đạt chuẩn (1 bản duy nhất) (Hồ sơ chuẩn, không có bản trùng thừa)",1,true,"Hồ sơ về việc thẩm định hồ sơ xin thuê đất của Công ty Cổ phần thực phẩm Eufood Eco và Công ty Cổ phần Amazon Châu Á để thực hiện dự án đầu tư Nhà máy sản xuất bao bì và sản phẩm cơ khí tại xã Long Hưng, huyện Văn Giang năm 2018",2026-09-21 12:23:30
1098,H31.05.02.H31.09.2018.2459C,CẦN SCAN LẠI,Không tìm thấy hồ sơ (Không tìm thấy hồ sơ nào với mã này trên hệ thống Vinasynet),0,false,-,2026-09-21 12:23:34
1099,H31.05.02.H31.09.2018.2459,HOÀN THÀNH,"Đạt chuẩn (1 bản duy nhất) (Hồ sơ chuẩn, không có bản trùng thừa)",1,true,Cấp chứng chỉ quy hoạch cho Ban quản lý dự án đầu tư xây dựng khu vực Agribank (Ban QLDA) và Viện kiểm sát nhân dân tỉnh Hưng Yên năm 2018,2026-09-21 12:23:37
1100,H31.05.02.H31.09.2018.2458,HOÀN THÀNH,"Đạt chuẩn (1 bản duy nhất) (Hồ sơ chuẩn, không có bản trùng thừa)",1,true,"Đề nghị phê duyệt vị trí thực hiện dự án đầu tư xây dựng Trụ sở làm việc Viện kiếm sát nhân dân huyện Kim Động tại xã Chính Nghĩa, huyện Kim Động năm 2017.",2026-09-21 12:23:39
1101,H31.05.02.H31.09.2018.2456,HOÀN THÀNH,"Đạt chuẩn (1 bản duy nhất) (Hồ sơ chuẩn, không có bản trùng thừa)",1,true,Về việc đề nghị phê duyệt nhiệm vụ lập Quy hoạch chi tiết xây dựng tỉ lệ 1/500 Dự án đầu tư xây dựng khu nhà ở thương mại 319 tại xã Tân Lập và thị trấn Yên Mỹ H.Yên Mỹ,2026-09-21 12:23:41
1102,H31.05.02.H31.09.2018.2364,HOÀN THÀNH,"Đạt chuẩn (1 bản duy nhất) (Hồ sơ chuẩn, không có bản trùng thừa)",1,true,"Về phương án thiết kế kiến trúc các mẫu nhà ở liền kề và biệt thự thuộc dự án Khu nhà ở công nhân, nhà ở thương mại Lạc Hồng, Phố Nối tại xã Nhân Hòa, huyện Mỹ Hào năm 2018",2026-09-21 12:23:43
1103,H31.05.02.H31.09.2018.2363,HOÀN THÀNH,"Đạt chuẩn (1 bản duy nhất) (Hồ sơ chuẩn, không có bản trùng thừa)",1,true,"Về phương án thiết kế kiến trúc công trình Khu nhà ở công nhân thuộc dự án khu nhà ở công nhân, nhà ở thương mại Lạc Hồng - Phố Nối năm 2018",2026-09-21 12:23:46
1104,H31.05.02.H31.09.2018.2354,HOÀN THÀNH,"Đạt chuẩn (1 bản duy nhất) (Hồ sơ chuẩn, không có bản trùng thừa)",1,true,"Về phương án thiết kế kiến trúc các hạng mục công trình thuộc dự án đầu tư xây dựng Chợ Vị tại xã Phương Chiểu, thành phố Hưng Yên năm 2018",2026-09-21 12:23:48
1105,H31.05.02.H31.09.2018.2352,HOÀN THÀNH,"Đạt chuẩn (1 bản duy nhất) (Hồ sơ chuẩn, không có bản trùng thừa)",1,true,"Về phương án thiết kế kiến trúc công trình Trụ sở và văn phòng cho thuê DĐK tại phường Hiến Nam, thành phố Hưng Yên năm 2018",2026-09-21 12:23:50
1106,H31.05.02.H31.09.2018.2351,HOÀN THÀNH,"Đạt chuẩn (1 bản duy nhất) (Hồ sơ chuẩn, không có bản trùng thừa)",1,true,"Về phương án kiến trúc công trình Cải tạo, nâng cấp Trung tâm Bảo trợ xã hội tỉnh Hưng Yên tại xã Đặng Lễ, huyện Ân Thi năm 2018",2026-09-21 12:23:52
1107,H31.05.02.H31.09.2018.2305,HOÀN THÀNH,"Đạt chuẩn (1 bản duy nhất) (Hồ sơ chuẩn, không có bản trùng thừa)",1,true,"Về việc chấp thuận Mặt bằng qui hoạch tổng thể Trụ sở Viện kiểm sát nhân dân huyện Khoái Châu, tỉnh Hưng Yên tại xã An Vỹ, huyện Khoái Châu năm 2018",2026-09-21 12:23:55
1108,H31.05.02.H31.09.2018.2304,HOÀN THÀNH,"Đạt chuẩn (1 bản duy nhất) (Hồ sơ chuẩn, không có bản trùng thừa)",1,true,Về việc chấp thuận Mặt bằng qui hoạch tổng thể Khu dân cư mới trên địa bàn huyện Khoái Châu năm 2018 - 2019,2026-09-21 12:23:57
1109,H31.05.02.H31.09.2018.2303,HOÀN THÀNH,"Đạt chuẩn (1 bản duy nhất) (Hồ sơ chuẩn, không có bản trùng thừa)",1,true,"Về việc chấp thuận Mặt bằng quy hoạch tổng thể điều chỉnh dự án Trung tâm thương mại Hưng Yên tại phường Lam Sơn, thành phố Hưng Yên năm 2018",2026-09-21 12:23:59
1110,H31.05.02.H31.09.2018.2302,HOÀN THÀNH,"Đạt chuẩn (1 bản duy nhất) (Hồ sơ chuẩn, không có bản trùng thừa)",1,true,"Về việc chấp thuận mặt bằng qui hoạch tổng thể của dự án Trụ sở và văn phòng cho thuê DĐK tại phường Hiến Nam, thành phố Hưng Yên năm 2018",2026-09-21 12:24:02
1111,H31.05.02.H31.09.2018.2301,HOÀN THÀNH,"Đạt chuẩn (1 bản duy nhất) (Hồ sơ chuẩn, không có bản trùng thừa)",1,true,"Về việc chấp thuận mặt bằng quy hoạch tổng thể dự án đầu tư xây dựng Chợ Vị tại xã Phương Chiểu, thành phố Hưng Yên năm 2018",2026-09-21 12:24:04
1112,H31.05.02.H31.09.2018.2300,HOÀN THÀNH,"Đạt chuẩn (1 bản duy nhất) (Hồ sơ chuẩn, không có bản trùng thừa)",1,true,Về việc thẩm định tổng mặt bằng quy hoạch và phương án kiến trúc công trình Chợ Hiến Nam và Chợ Vị năm 2018,2026-09-21 12:24:06
1113,H31.05.02.H31.09.2017.2288G,HOÀN THÀNH,"Đạt chuẩn (1 bản duy nhất) (Hồ sơ chuẩn, không có bản trùng thừa)",1,true,Khảo sát đo vẽ bản đồ địa hình tỷ lệ 1/10.000 đồ án điều chỉnh quy hoạch chung thành phố Hưng Yên đến năm 2035 năm 2017,2026-09-21 12:24:09
1114,H31.05.02.H31.09.2017.2280,HOÀN THÀNH,"Đạt chuẩn (1 bản duy nhất) (Hồ sơ chuẩn, không có bản trùng thừa)",1,true,"Về việc cho ý kiến thẩm định dự án của các doanh nghiệp trên địa bàn xã Yên phú và xã Việt Cường, huyện Yên Mỹ năm 2017.",2026-09-21 12:24:11
1115,H31.05.02.H31.09.2017.2278,HOÀN THÀNH,"Đạt chuẩn (1 bản duy nhất) (Hồ sơ chuẩn, không có bản trùng thừa)",1,true,"Về việc cho ý kiến thẩm định dự án của các doanh nghiệp trên địa bàn xã Yên phú và xã Yên Hòa, huyện Yên Mỹ năm 2017.",2026-09-21 12:24:13
1116,H31.05.02.H31.09.2017.2277,HOÀN THÀNH,"Đạt chuẩn (1 bản duy nhất) (Hồ sơ chuẩn, không có bản trùng thừa)",1,true,"Về việc cho ý kiến thẩm định dự án của các doanh nghiệp trên địa bàn các xã Giai Phạm và xã Ngọc Long, huyện Yên Mỹ năm 2017.",2026-09-21 12:24:15
1117,H31.05.02.H31.09.2017.2276,HOÀN THÀNH,"Đạt chuẩn (1 bản duy nhất) (Hồ sơ chuẩn, không có bản trùng thừa)",1,true,"Về việc cho ý kiến thẩm định dự án của các doanh nghiệp trên địa bàn xã Giai Phạm và xã Đồng Than, huyện Yên Mỹ năm 2017.",2026-09-21 12:24:18
1118,H31.05.02.H31.09.2017.2275,HOÀN THÀNH,"Đạt chuẩn (1 bản duy nhất) (Hồ sơ chuẩn, không có bản trùng thừa)",1,true,"Về việc cho ý kiến thẩm định dự án của các doanh nghiệp trên địa bàn xã Trung Hoa, xã Tân Lập và thị trấn Yên Mỹ, huyên Yên Mỹ năm 2017",2026-09-21 12:24:20
1119,H31.05.02.H31.09.2016.2279,HOÀN THÀNH,"Đạt chuẩn (1 bản duy nhất) (Hồ sơ chuẩn, không có bản trùng thừa)",1,true,"Về việc cho ý kiến thẩm định dự án của các doanh nghiệp trên địa bàn xã Yên Phú và xã Việt Cường, huyện Yên Mỹ năm 2016",2026-09-21 12:24:22
1120,H31.05.02.H31.09.2017.2184,HOÀN THÀNH,"Đạt chuẩn (1 bản duy nhất) (Hồ sơ chuẩn, không có bản trùng thừa)",1,true,"Phương án kiến trúc công trình. Nhà lớp học 3. tầng 15 phòng và Nhà hiệu bộ kết hợp một số phòng học chức năng - Trường trung học cơ sở thị trấn Như Quỳnh, huyện Văn Lâm",2026-09-21 12:24:25
1121,H31.05.02.H31.09.2017.2183,HOÀN THÀNH,"Đạt chuẩn (1 bản duy nhất) (Hồ sơ chuẩn, không có bản trùng thừa)",1,true,"Phương án kiến trúc công trình kho lưu trữ của cơ quan EVN/NPT tại xã Việt Hưng, huyện Văn Lâm",2026-09-21 12:24:27
1122,H31.05.02.H31.09.2017.2182,HOÀN THÀNH,"Đạt chuẩn (1 bản duy nhất) (Hồ sơ chuẩn, không có bản trùng thừa)",1,true,"Phương án thiết kế kiến trúc các mẫu nhà thuộc dự án Khu dân cư - Đô thị sinh thái Như Quỳnh, huyện Văn Lâm",2026-09-21 12:24:29
1123,H31.05.02.H31.09.2017.2181,HOÀN THÀNH,"Đạt chuẩn (1 bản duy nhất) (Hồ sơ chuẩn, không có bản trùng thừa)",1,true,"Phương án kiến trúc công trình Nhà câu lạc bộ (CLB-10) thuộc dự án Khu biệt thự Mimosa Valley thuộc phân khu 9-12, Khu đô thị thương mại và du lịch Văn Giang (Ecopark)",2026-09-21 12:24:31
1124,H31.05.02.H31.09.2017.2180,HOÀN THÀNH,"Đạt chuẩn (1 bản duy nhất) (Hồ sơ chuẩn, không có bản trùng thừa)",1,true,"Phương án kiến trúc công trình Nhà câu lạc bộ (CLB-09), thuộc dự án khu nhà phố Thảo Nguyên Khu đô thị thương mại & du lịch Văn Giang (Ecopark) tại xã Xuân Quan, huyện Văn Giang",2026-09-21 12:24:34
1125,H31.05.02.H31.09.2017.2179,HOÀN THÀNH,"Đạt chuẩn (1 bản duy nhất) (Hồ sơ chuẩn, không có bản trùng thừa)",1,true,"Phương án thiết kế kiến trúc công trình Nhà câu lạc bộ (CLB-08) thuộc dự án Khu biệt thự Thuỷ Nguyên thuộc phân khu 9-12, khu đô thị thương mại và dụ lịch Văn Giang (Ecopark) tại xã Xuân Quan, H. Văn Giang",2026-09-21 12:24:36
1126,H31.05.02.H31.09.2017.2172,HOÀN THÀNH,"Đạt chuẩn (1 bản duy nhất) (Hồ sơ chuẩn, không có bản trùng thừa)",1,true,"Phương án thiết kế kiến trúc các mẫu nhà của dự án thành phần khu biệt thự đảo (gđ 1) thuộc Khu đô thị thương mại và du lịch văn Giang (Ecopark), huyện Văn Giang",2026-09-21 12:24:38
1127,H31.05.02.H31.09.2017.2171,HOÀN THÀNH,"Đạt chuẩn (1 bản duy nhất) (Hồ sơ chuẩn, không có bản trùng thừa)",1,true,"Phương án thiết kế kiến trúc các hạng mục công trình thuộc dự án trung tâm đào tạo bóng đá trẻ PVF tại xã Đông Hưng, huyện Văn Giang, tỉnh Hưng Yên",2026-09-21 12:24:41
1128,H31.05.02.H31.09.2017.2170,HOÀN THÀNH,"Đạt chuẩn (1 bản duy nhất) (Hồ sơ chuẩn, không có bản trùng thừa)",1,true,"Phương án thiết kế kiến trúc công trình Trường tiểu học và trung học cơ sở EDISON, tại lô đất GD-04, thuộc khu đô thị thương mại và du lịch Văn Giang (Ecopark) tại huyện Văn Giang",2026-09-21 12:24:43
1129,H31.05.02.H31.09.2017.2169,HOÀN THÀNH,"Đạt chuẩn (1 bản duy nhất) (Hồ sơ chuẩn, không có bản trùng thừa)",1,true,"Phương án thiết kế kiến trúc công trình trường mầm non Tô Quyền tại xã Nghĩa Tru, huyện Văn Giang",2026-09-21 12:24:45
1130,H31.05.02.H31.09.2017.2168,HOÀN THÀNH,"Đạt chuẩn (1 bản duy nhất) (Hồ sơ chuẩn, không có bản trùng thừa)",1,true,Phương án kiến trúc sơ bộ dự án Club house 2A- Khu đô thị TM & DL Văn Giang (Ecopark). Hạng mục Nhà câu lạc bộ 2A,2026-09-21 12:24:48
1131,H31.05.02.H31.09.2017.2167,HOÀN THÀNH,"Đạt chuẩn (1 bản duy nhất) (Hồ sơ chuẩn, không có bản trùng thừa)",1,true,"Phương án kiến trúc công trình: Hội trường thị trấn Văn Giang, huyện Văn Giang",2026-09-21 12:24:50
1132,H31.05.02.H31.09.2017.2166,HOÀN THÀNH,"Đạt chuẩn (1 bản duy nhất) (Hồ sơ chuẩn, không có bản trùng thừa)",1,true,"Phương án kiến trúc công trình: Trụ sở Agribank chi nhánh huyện Tiên Lữ tại thị trân Vương, huyện Tiên Lữ",2026-09-21 12:24:52
1133,H31.05.02.H31.09.2016.2013,HOÀN THÀNH,"Đạt chuẩn (1 bản duy nhất) (Hồ sơ chuẩn, không có bản trùng thừa)",1,true,"Phương án kiến trúc các hạng mục của dự án Kho bạc nhà nước huyện Phù Cừ tại thị trấn Trần Cao, huyện Phù Cừ",2026-09-21 12:24:54
1134,H31.05.02.H31.09.2016.2012,HOÀN THÀNH,"Đạt chuẩn (1 bản duy nhất) (Hồ sơ chuẩn, không có bản trùng thừa)",1,true,"Hồ sơ phương án kiến trúc công trình Nhà văn hóa xã Tân Việt tại huyện Mỹ Hào, tỉnh Hưng Yên",2026-09-21 12:24:57
1135,H31.05.02.H31.09.2016.2011,HOÀN THÀNH,"Đạt chuẩn (1 bản duy nhất) (Hồ sơ chuẩn, không có bản trùng thừa)",1,true,"Phương án thiết kế kiến trúc của dự án Nhà ở và bến xe khách Mỹ Hào tại xã Nhân Hào, huyện Mỹ Hào, tỉnh Hưng Yên",2026-09-21 12:24:59
1136,H31.05.02.H31.09.2016.2010,HOÀN THÀNH,"Đạt chuẩn (1 bản duy nhất) (Hồ sơ chuẩn, không có bản trùng thừa)",1,true,"Phương án kiến trúc công tình Nhà điều hành sản xuất điện lực Mỹ Hào tại xã Nghĩa Hiệp và thị trấn Bần Yên Nhân, huyện Mỹ Hào",2026-09-21 12:25:01
1137,H31.05.02.H31.09.2016.2009,HOÀN THÀNH,"Đạt chuẩn (1 bản duy nhất) (Hồ sơ chuẩn, không có bản trùng thừa)",1,true,"Phương án kiến trúc công trình Siêu thị Đoàn Khanh tại thị trấn Bần Yên Nhân, huyện Mỹ Hào",2026-09-21 12:25:03
1138,H31.05.02.H31.09.2016.1969,HOÀN THÀNH,"Đạt chuẩn (1 bản duy nhất) (Hồ sơ chuẩn, không có bản trùng thừa)",1,true,"Về việc thẩm định điều chỉnh mặt bằng tổng thể chia lô dự án Khu chung cư đô thị Phố Nối tại thị trấn Bần Yên Nhân, huyện Mỹ Hào",2026-09-21 12:25:06
1139,H31.05.02.H31.09.2016.1968,HOÀN THÀNH,"Đạt chuẩn (1 bản duy nhất) (Hồ sơ chuẩn, không có bản trùng thừa)",1,true,"Về việc thẩm định điều chỉnh mặt bằng quy hoạch tổng thể dự án đầu tư xây dựng Siêu thị Đoàn Khanh tại thị trấn Bần Yên Nhân, huyện Mỹ Hào",2026-09-21 12:25:08
1140,H31.05.02.H31.09.2016.1967,HOÀN THÀNH,"Đạt chuẩn (1 bản duy nhất) (Hồ sơ chuẩn, không có bản trùng thừa)",1,true,"Về việc chấp thuận mặt bằng quy hoạch tổng thể điều chỉnh dự án đầu tư xây dựng Trường THPT Nghĩa Dân tại xã Nghĩa Dân, huyện Kim Động",2026-09-21 12:25:10
1141,H31.05.02.H31.09.2016.1966,HOÀN THÀNH,"Đạt chuẩn (1 bản duy nhất) (Hồ sơ chuẩn, không có bản trùng thừa)",1,true,"Về việc chấp thuận mặt bằng quy hoạch tổng thể dự án đầu tư xây dựng trụ sở làm việc Chi cục thuế huyện Kim Động tại xã Chính Nghĩa, huyện Kim Động",2026-09-21 12:25:13
1142,H31.05.02.H31.09.2016.1965,HOÀN THÀNH,"Đạt chuẩn (1 bản duy nhất) (Hồ sơ chuẩn, không có bản trùng thừa)",1,true,Về việc chấp thuận mặt bằng quy hoạch tổng thể điều chỉnh dự án đầu tư xây dựng trường THPT Kim Động tại thị trấn Lương Bằng,2026-09-21 12:25:15
1143,H31.05.02.H31.09.2016.1964,HOÀN THÀNH,"Đạt chuẩn (1 bản duy nhất) (Hồ sơ chuẩn, không có bản trùng thừa)",1,true,"Về việc chấp thuận mặt bằng quy hoạch tổng thể điều chỉnh dự án đầu tư xây dựng: Mở rộng nhà máy sản xuất thức ăn gia súc DIG tại xã Hồng Tiến, huyện Khoái Châu",2026-09-21 12:25:17
1144,H31.05.02.H31.09.2016.1963,HOÀN THÀNH,"Đạt chuẩn (1 bản duy nhất) (Hồ sơ chuẩn, không có bản trùng thừa)",1,true,"Về việc chấp thuận Mặt bằng quy hoạch tổng thể tỷ lệ 1/500 xây dựng đền thờ Triệu Quang Phục (tại khu vực khoanh vùng bảo vệ II của di tích đền Dạ Trạch) tại xã Dạ Trạch, huyện Khoái Châu",2026-09-21 12:25:20
1145,H31.05.02.H31.09.2016.1962,HOÀN THÀNH,"Đạt chuẩn (1 bản duy nhất) (Hồ sơ chuẩn, không có bản trùng thừa)",1,true,"Về việc thẩm định mặt bằng quy hoạch tổng thể dự án khu nhà ở thông minh Phố Hiến tại xã Liên Phương, thành phố Hưng Yên",2026-09-21 12:25:22
1146,H31.05.02.H31.09.2016.1961,HOÀN THÀNH,"Đạt chuẩn (1 bản duy nhất) (Hồ sơ chuẩn, không có bản trùng thừa)",1,true,"Về việc thẩm định mặt bằng tổng thể dự án đầu tư xây dựng trang trại chăn nuôi bò thịt công nghệ cao tại xã Hoàng Hanh, thành phố Hưng Yên",2026-09-21 12:25:24
1147,H31.05.02.H31.09.2016.1960,HOÀN THÀNH,"Đạt chuẩn (1 bản duy nhất) (Hồ sơ chuẩn, không có bản trùng thừa)",1,true,"Về việc thẩm định mặt bằng quy hoạch tổng thể chia lô khu đất xen kẹp phường Minh Khai, thành phố Hưng Yên",2026-09-21 12:25:26
1148,H31.05.02.H31.09.2016.1959,HOÀN THÀNH,"Đạt chuẩn (1 bản duy nhất) (Hồ sơ chuẩn, không có bản trùng thừa)",1,true,"Về việc thẩm định điều chỉnh mặt bằng quy hoạch tổng thể dự án Nhà làm việc tổng Công ty may Hưng Yên tại phường Minh Khai, thành phố Hưng Yên",2026-09-21 12:25:29
1149,H31.05.02.H31.09.2016.1958,HOÀN THÀNH,"Đạt chuẩn (1 bản duy nhất) (Hồ sơ chuẩn, không có bản trùng thừa)",1,true,"Về việc chấp thuận Mặt bằng quy hoạch tổng thể điều chỉnh dự án đầu tư xây dựng Chi nhánh Ngân hàng Chính sách xã hội tỉnh Hưng Yên tại phường Hiến Nam, thành phố Hưng Yên",2026-09-21 12:25:31
1150,H31.05.02.H31.09.2016.1957,HOÀN THÀNH,"Đạt chuẩn (1 bản duy nhất) (Hồ sơ chuẩn, không có bản trùng thừa)",1,true,"Về việc chấp thuận mặt bằng quy hoạch tổng thể đều chính dự án đầu tư xây dựng Trường mầm non Thiên Đức tại phường An Tảo, thành phố Hưng Yên",2026-09-21 12:25:33
1151,H31.05.02.H31.09.2016.1956,HOÀN THÀNH,"Đạt chuẩn (1 bản duy nhất) (Hồ sơ chuẩn, không có bản trùng thừa)",1,true,"Thẩm định, chấp thuận mặt bằng quy hoạch tổng thể các dự án đầu tư xây dựng trên địa bàn tỉnh thưng Yên",2026-09-21 12:25:36
1152,H31.05.02.H31.09.2016.1955,HOÀN THÀNH,"Đạt chuẩn (1 bản duy nhất) (Hồ sơ chuẩn, không có bản trùng thừa)",1,true,"Về việc chấp thuận Mặt bằng quy hoạch tổng thể dự án đầu tư xây dựng Trung tâm hoạt động thanh thiếu niên tỉnh thưng Yên tại phương Thiên Nam, thành phố Hưng Yên",2026-09-21 12:25:38
1153,H31.05.02.H31.09.2016.1954,HOÀN THÀNH,"Đạt chuẩn (1 bản duy nhất) (Hồ sơ chuẩn, không có bản trùng thừa)",1,true,"Về việc chấp thuận mặt bằng quy hoạch tổng thể điều chỉnh dự án đầu tư xây dựng. Mở rộng trụ sở làm việc Sở Giáo dục và Đào tạo Hưng Yên tại phường An Tảo, thành phố Hưng Yên.",2026-09-21 12:25:40
1154,H31.05.02.H31.09.2016.1953,HOÀN THÀNH,"Đạt chuẩn (1 bản duy nhất) (Hồ sơ chuẩn, không có bản trùng thừa)",1,true,"Về việc chấp thuận mặt bằng quy hoạch tổng thể điều chỉnh dự án đầu tư xây dựng Cải tạo, nâng dựng khối Nhà khách Tỉnh ủy tại phường Hiến Nam, thành phố Hưng Yên.",2026-09-21 12:25:42
1155,H31.05.02.H31.09.2016.1952,HOÀN THÀNH,"Đạt chuẩn (1 bản duy nhất) (Hồ sơ chuẩn, không có bản trùng thừa)",1,true,Báo cáo thuyết minh tổng hợp kế hoạch sử dụng đất năm 2016 của các huyện thành phố năm 2015.,2026-09-21 12:25:45
1156,H31.05.02.H31.09.2015.1928,HOÀN THÀNH,"Đạt chuẩn (1 bản duy nhất) (Hồ sơ chuẩn, không có bản trùng thừa)",1,true,"Phương án kiến trúc dự án khu nhà phố thương mại Thảo Nguyên lô 136-137, khu đô thị. thương mai & du lich Văn Giang (Ecopark) tại xã Xuân Quan, huyện Văn Giang",2026-09-21 12:25:47
1157,H31.05.02.H31.09.2015.1927,HOÀN THÀNH,"Đạt chuẩn (1 bản duy nhất) (Hồ sơ chuẩn, không có bản trùng thừa)",1,true,"Thiết kế cơ sở dự án trung tâm đạo tạo Ecopark, huyện Văn Giang, tỉnh Hưng Yên",2026-09-21 12:25:49
1158,H31.05.02.H31.09.2015.1926,HOÀN THÀNH,"Đạt chuẩn (1 bản duy nhất) (Hồ sơ chuẩn, không có bản trùng thừa)",1,true,"Phương án kiến trúc công trình khu biệt thự Mimosa, khu biệt thự Thuỷ Nguyên và khu nhà phố Thủy Nguyên tại xã Xuân Quan, huyện Văn Giang",2026-09-21 12:25:51
1159,H31.05.02.H31.09.2014.1891,HOÀN THÀNH,"Đạt chuẩn (1 bản duy nhất) (Hồ sơ chuẩn, không có bản trùng thừa)",1,true,"Quy hoạch tổng thể và phương án kiến trúc Chỉnh trang tu bổ, nâng cấp Khu lưu niệm Tổng Bí thư Nguyễn Văn Linh, xã Giai Phạm, huyện Yên Mỹ",2026-09-21 12:25:54
1160,H31.05.02.H31.09.2014.1890,HOÀN THÀNH,"Đạt chuẩn (1 bản duy nhất) (Hồ sơ chuẩn, không có bản trùng thừa)",1,true,Phương án kiến trúc công trình Nhà phụ trợ UBND huyện Yên Mỹ tại xã Tân Lập huyện Yên Mỹ,2026-09-21 12:25:56
1161,H31.05.02.H31.09.2014.1889,HOÀN THÀNH,"Đạt chuẩn (1 bản duy nhất) (Hồ sơ chuẩn, không có bản trùng thừa)",1,true,"Phương án kiến trúc công trình Trường Trung nghề CIENCO 8 tại xã Yên Phú, huyện Yên Mỹ",2026-09-21 12:25:58
1162,H31.05.02.H31.09.2014.1887,HOÀN THÀNH,"Đạt chuẩn (1 bản duy nhất) (Hồ sơ chuẩn, không có bản trùng thừa)",1,true,"Phương án kiến trúc Công trình: Nhà lớp họcbộ môn 3 tầng tại xã Lạc Đạo, huyện Văn Lâm",2026-09-21 12:26:01
1163,H31.05.02.H31.09.2014.1886,HOÀN THÀNH,"Đạt chuẩn (1 bản duy nhất) (Hồ sơ chuẩn, không có bản trùng thừa)",1,true,"Phương án kiến trúc công trình: Khối nhà chợ chính và khối trung tâm thương mại, văn phòng cho thuê để thực hiện Dự án chợ và khu nhà ở thương mại Như Quỳnh tại thị trấn Như Quỳnh, huyện Văn Lâm",2026-09-21 12:26:03
1164,H31.05.02.H31.09.2014.1885,HOÀN THÀNH,"Đạt chuẩn (1 bản duy nhất) (Hồ sơ chuẩn, không có bản trùng thừa)",1,true,Phương án kiến trúc công trình nhà làm việc 4 tầng trụ sở BHXH huyện Văn Lâm tại thị trấn Như Quỳnh,2026-09-21 12:26:05
1165,H31.05.02.H31.09.2014.1884,HOÀN THÀNH,"Đạt chuẩn (1 bản duy nhất) (Hồ sơ chuẩn, không có bản trùng thừa)",1,true,"Phương án kiến trúc dự án Trường đại học Y khoa Tokyo Việt Nam tại lô ST-01, ST- 02, CX-19, MN-05, BOX-03, HTKT-04 Khu đô thị Ecopark huyện Văn Giang",2026-09-21 12:26:07
1166,H31.05.02.H31.09.2011-2014.1888,HOÀN THÀNH,"Đạt chuẩn (1 bản duy nhất) (Hồ sơ chuẩn, không có bản trùng thừa)",1,true,"Phương án kiến trúc công trình Nhà lớp học bộ môn Trường THPT Trưng Vương tại xã Trưng Trắc, huyện Văn Lâm",2026-09-21 12:26:10
1167,H31.05.02.H31.09.2014.1871,HOÀN THÀNH,"Đạt chuẩn (1 bản duy nhất) (Hồ sơ chuẩn, không có bản trùng thừa)",1,true,Phương án kiến trúc công trình trụ sở làm việc kho bạc nhà nước huyện Kim Động,2026-09-21 12:26:12
1168,H31.05.02.H31.09.2014.1870,HOÀN THÀNH,"Đạt chuẩn (1 bản duy nhất) (Hồ sơ chuẩn, không có bản trùng thừa)",1,true,"Phương án kiến trúc công trình xây dựng nhà Mẫu và giảng đường tại chùa Cổ Am, xã Liên Phương, thành phố Hưng Yên",2026-09-21 12:26:14
1169,H31.05.02.H31.09.2014.1869,HOÀN THÀNH,"Đạt chuẩn (1 bản duy nhất) (Hồ sơ chuẩn, không có bản trùng thừa)",1,true,"Hương án kiến trúc cửa hàng kinh doanh đồ gỗ mỹ nghệ cao cấp (gđ 2) để thực hiện công trình Khu nhà ở cho người thu nhập thấp và sản xuất thuê tại xã Liên Phương, TP Hưng Yên",2026-09-21 12:26:17
1170,H31.05.02.H31.09.2014.1868,HOÀN THÀNH,"Đạt chuẩn (1 bản duy nhất) (Hồ sơ chuẩn, không có bản trùng thừa)",1,true,"Phương án kiến trúc công trình khu nhà ở cho người thu nhập thấp và sinh viên thuê tại xã Liên Phương, thành phố Hưng Yên",2026-09-21 12:26:19
1171,H31.05.02.H31.09.2013-2014.1872,HOÀN THÀNH,"Đạt chuẩn (1 bản duy nhất) (Hồ sơ chuẩn, không có bản trùng thừa)",1,true,"Phương án kiến trúc công trình khu khách sạn, thương mại và dịch vụ thể dục thể thao tại huyện Mỹ Hào, tỉnh Hưng Yên",2026-09-21 12:26:21
1172,H31.05.02.H31.09.2013-2014.1867,HOÀN THÀNH,"Đạt chuẩn (1 bản duy nhất) (Hồ sơ chuẩn, không có bản trùng thừa)",1,true,"Về việc điều chỉnh phương án kiến trúc công trình tổ hợp khách sạn, trung tâm thương mại, khu mua sắm và dịch vụ tại Xuân Phú Hưng, phường Lam Sơn, Thành phố Hưng Yên",2026-09-21 12:26:24
1173,H31.05.02.H31.09.2014.1865,HOÀN THÀNH,"Đạt chuẩn (1 bản duy nhất) (Hồ sơ chuẩn, không có bản trùng thừa)",1,true,"Phương án kiến trúc công trình: nhà làm việc Tổng công ty may Hưng Yên tại phường Minh Khai, thành phố Hưng Yên",2026-09-21 12:26:26
1174,H31.05.02.H31.09.2014.1864,HOÀN THÀNH,"Đạt chuẩn (1 bản duy nhất) (Hồ sơ chuẩn, không có bản trùng thừa)",1,true,"Phương án kiến trúc công trình Showroom Auto kết hợp siêu thị tại phường Lam Sơn, thành phố Hưng Yên",2026-09-21 12:26:28
1175,H31.05.02.H31.09.2014.1863,HOÀN THÀNH,"Đạt chuẩn (1 bản duy nhất) (Hồ sơ chuẩn, không có bản trùng thừa)",1,true,"Phương án kiến trúc công trình: Nhà điều trị tổng hợp của Bệnh vện Y học cổ truyền tỉnh Hưng Yên tại đường Hải Thượng Lãn Ông, thành phố Hưng Yên",2026-09-21 12:26:30
1176,H31.05.02.H31.09.2014.1854,HOÀN THÀNH,"Đạt chuẩn (1 bản duy nhất) (Hồ sơ chuẩn, không có bản trùng thừa)",1,true,"Phương án kiến trúc công trình cải tạo nâng cấp, mở rộng Trụ sở làm việc Ủy ban Mặt trận tổ quốc tỉnh tại phường Hiến Nam, thành phố Hưng Yên",2026-09-21 12:26:33
1177,H31.05.02.H31.09.2014.1853,HOÀN THÀNH,"Đạt chuẩn (1 bản duy nhất) (Hồ sơ chuẩn, không có bản trùng thừa)",1,true,Về việc chấp thuận mặt bằng quy hoạch tổng thể điều chỉnh dự án đầu tư xây dựng trụ sở làm việc Báo hiểm xã hội huyện Văn. Giang,2026-09-21 12:26:35
1178,H31.05.02.H31.09.2014.1852,HOÀN THÀNH,"Đạt chuẩn (1 bản duy nhất) (Hồ sơ chuẩn, không có bản trùng thừa)",1,true,"Về việc chấp thuận mặt bằng quy hoạch tổng thể điều chỉnh dự án đầu tư công trình: Nhà làm việc tổng công ty may HY tại số 8 Bạch Đằng, Minh khai, thành phố Hưng Yên",2026-09-21 12:26:37
1179,H31.05.02.H31.09.2014.1851,HOÀN THÀNH,"Đạt chuẩn (1 bản duy nhất) (Hồ sơ chuẩn, không có bản trùng thừa)",1,true,"Về việc thẩm định chấp thuận, mặt bằng quy hoạch tổng thể các dự án đầu tư xây dựng trên địa bàn tỉnh Hưng Yên",2026-09-21 12:26:40
1180,H31.05.02.H31.09.2013.1827,HOÀN THÀNH,"Đạt chuẩn (1 bản duy nhất) (Hồ sơ chuẩn, không có bản trùng thừa)",1,true,"Phương án kiến trúc công trình Khu nhà ở Phúc Thành tại xã Nhân Hòa, huyện Mỹ Hào",2026-09-21 12:26:42
1181,H31.05.02.H31.09.2013.1823,HOÀN THÀNH,"Đạt chuẩn (1 bản duy nhất) (Hồ sơ chuẩn, không có bản trùng thừa)",1,true,"Phương án kiến trúc công trình Nhà xe  + kho, tổng công ty may Hưng Yên tại phường Minh Khai, thành phố Hưng Yên",2026-09-21 12:26:44
1182,H31.05.02.H31.09.2013.1821,HOÀN THÀNH,"Đạt chuẩn (1 bản duy nhất) (Hồ sơ chuẩn, không có bản trùng thừa)",1,true,Về việc đề nghị chấp thuận phương án điều chính 1 số điểm của thiết kế cơ sở thuộc dự án xây dựng. Trụ sờ làm việc Thành ủy - UBMTTQ và các đoàn thể thành phố Hưng Yên năm 2013,2026-09-21 12:26:47
1183,H31.05.02.H31.09.2013.1820,HOÀN THÀNH,"Đạt chuẩn (1 bản duy nhất) (Hồ sơ chuẩn, không có bản trùng thừa)",1,true,"Phương án kiến trúc công trình Nhà làm việc trung tâm Giám định Y khoa tỉnh tại phường Híến Nam, thành phố Hưng Yên",2026-09-21 12:26:49
1184,H31.05.02.H31.09.2013.1819,HOÀN THÀNH,"Đạt chuẩn (1 bản duy nhất) (Hồ sơ chuẩn, không có bản trùng thừa)",1,true,"Phương án kiến trúc công trình cải tạo, nâng cấp Nhà làm việc Chi cục quản lý đê điều và phòng chống lụt bão tại phương Quang Trung, thành phố Hưng Yên",2026-09-21 12:26:51
1185,H31.05.02.H31.09.2013.1818,HOÀN THÀNH,"Đạt chuẩn (1 bản duy nhất) (Hồ sơ chuẩn, không có bản trùng thừa)",1,true,"Phương án kiến trúc công trình Nhà làm việc cơ quan Trung tâm kỹ thuật tiêu chuẩn đo lường chất lương, Trung tâm ứng dụng tiến bộ khoa học và công nghệ của Sở Khoa học và Công nghệ, Liên hiệp hội khoa học kỹ thuật tỉnh tại phường Hiến Nam, thành phố Hưng Yên",2026-09-21 12:26:53
1186,H31.05.02.H31.09.2010-2013.1822,HOÀN THÀNH,"Đạt chuẩn (1 bản duy nhất) (Hồ sơ chuẩn, không có bản trùng thừa)",1,true,"Dự án đầu tư xây dựng Khách sạn và nhà ở liền kề do Công ty CP thực phẩm XK Hưng Yên làm chủ đầu tư tại phường An Tảo, thành phố Hưng Yên",2026-09-21 12:26:56
1187,H31.05.02.H31.09.2012.1779,HOÀN THÀNH,"Đạt chuẩn (1 bản duy nhất) (Hồ sơ chuẩn, không có bản trùng thừa)",1,true,"Phương án kiến trúc công trình nhà mẫu chia lô chợ Phố Hiến tại phường Lê Lơi, thành phố Hưng Yên",2026-09-21 12:26:58
1188,H31.05.02.H31.09.2012.1778,HOÀN THÀNH,"Đạt chuẩn (1 bản duy nhất) (Hồ sơ chuẩn, không có bản trùng thừa)",1,true,Phương án kiến trúc mẫu nhà chia lô thuộc dự án đầu tư xây dựng chợ Phố Hiến công ty TNHH đầu tư phát triển Hoàng Phát,2026-09-21 12:27:00
1189,H31.05.02.H31.09.2006-2012.1780,HOÀN THÀNH,"Đạt chuẩn (1 bản duy nhất) (Hồ sơ chuẩn, không có bản trùng thừa)",1,true,"Thiết kế phương án kiến trúc công trình nhà mẫu chia lô (chợ tạm) tại phường Hiến Nam, thành phố Hưng Yên",2026-09-21 12:27:03
1190,H31.05.02.H31.09.2010.1671,HOÀN THÀNH,"Đạt chuẩn (1 bản duy nhất) (Hồ sơ chuẩn, không có bản trùng thừa)",1,true,"Phương án kiến trúc đầu tư xây dựng chợ Gạo - Hạng mục: nhà chợ tại phường An Tảo, thành phố Hưng Yên",2026-09-21 12:27:05
1191,H31.05.02.H31.09.2010.1670Đ,CẦN SCAN LẠI,Không tìm thấy hồ sơ (Không tìm thấy hồ sơ nào với mã này trên hệ thống Vinasynet),0,false,-,2026-09-21 12:27:09
1192,H31.05.02.H31.09.2010.1670E,HOÀN THÀNH,"Đạt chuẩn (1 bản duy nhất) (Hồ sơ chuẩn, không có bản trùng thừa)",1,true,Cơ cấu sử dụng đất của khu chung cư sinh thái đô thị Như Quỳnh - Hưng Yên năm 2010.,2026-09-21 12:27:11
1193,H31.05.02.H31.09.2010.1670G,HOÀN THÀNH,"Đạt chuẩn (1 bản duy nhất) (Hồ sơ chuẩn, không có bản trùng thừa)",1,true,Nhiệm vụ và phương án khảo sát xây dựng thành lập bản đồ địa hình tỷ lệ 1/2000 - 2 dự án nhà ở và dịch vụ công nghiệp Phố Nối của Công ty Cổ phần du lich và TM Tân Sáng và Công ty Cổ phần chế biến thực phẩm Kinh Đô Miền Bắc,2026-09-21 12:27:13
1194,H31.05.02.H31.09.2010.1670F,HOÀN THÀNH,"Đạt chuẩn (1 bản duy nhất) (Hồ sơ chuẩn, không có bản trùng thừa)",1,true,Báo cáo khảo sát địa hình Khu Văn Nhuế và Trung tâm hành chính huyện Mỹ Hào năm 2010,2026-09-21 12:27:16
1195,H31.05.02.H31.09.2000-2010.2641,HOÀN THÀNH,"Đã xóa trùng (1 bản duy nhất) (Đã xóa thành công 27 bản trùng thừa, giữ lại bản chính #1)",1,true,Mặt bằng quy hoạch tổng thể các dự án đầu tư xây dựng trên địa bàn huyện Ân Thi năm 2010,2026-09-21 12:27:23
1196,H31.05.02.H31.09.2000-2010.2640,HOÀN THÀNH,"Đã xóa trùng (1 bản duy nhất) (Đã xóa thành công 27 bản trùng thừa, giữ lại bản chính #1)",1,true,Phê duyệt điều chỉnh quy hoạnh tổng thể mặt bằng dự án thành phần 1A-03 và điều chỉnh thông số giới hạn chiều cao tầng của dự án thành phần 1B-02 và 1B-03 thuộc phân kỳ I dự án Khu đô thị TM-DL Văn Giang,2026-09-21 12:27:31
1197,H31.05.02.H31.09.2000-2010.2639,HOÀN THÀNH,"Đã xóa trùng (1 bản duy nhất) (Đã xóa thành công 27 bản trùng thừa, giữ lại bản chính #1)",1,true,Mặt bằng quy hoạch tổng thể xây dựng các dự án đầu tư trên địa bàn huyện Yên Mỹ giai đoạn 2000 - 2009,2026-09-21 12:27:39
1198,H31.05.02.H31.09.2000-2009.2636,HOÀN THÀNH,"Đã xóa trùng (1 bản duy nhất) (Đã xóa thành công 27 bản trùng thừa, giữ lại bản chính #1)",1,true,"Mặt bằng quy hoạch tổng thể xây dựng các dự án đầu tư trên địa bàn huyện Văn Giang, giai đoạn 2002 - 2009",2026-09-21 12:27:46
1199,H31.05.02.H31.09.2000-2009.2635,HOÀN THÀNH,"Đã xóa trùng (1 bản duy nhất) (Đã xóa thành công 27 bản trùng thừa, giữ lại bản chính #1)",1,true,Mặt bằng quy hoạch tổng thể xây dựng các dự án đầu tư trên địa bàn huyện Phù cừ giai đoạn 2001 - 2009,2026-09-21 12:27:53
1200,H31.05.02.H31.09.2019.2576,HOÀN THÀNH,"Đã xóa trùng (1 bản duy nhất) (Đã xóa thành công 27 bản trùng thừa, giữ lại bản chính #1)",1,true,"Khảo sát, đo đạc lập bản đồ địa hình quy hoạch Khu đô thị sinh thái tại các xã Nghĩa Trụ, xã Long Hưng - huyện Văn Giang năm 2011",2026-09-21 12:28:01
1201,H31.05.02.H31.09.2018-2019.2462,HOÀN THÀNH,"Đã xóa trùng (1 bản duy nhất) (Đã xóa thành công 27 bản trùng thừa, giữ lại bản chính #1)",1,true,Về việc chấp thuận mặt bằng quy hoạch tổng thể điều chỉnh ngân hàng chính sách xã hội huyện Ân Thị tại thị trấn Ân Thị,2026-09-21 12:28:08
1202,H31.05.02.H31.09.2018-2019.2461,HOÀN THÀNH,"Đã xóa trùng (1 bản duy nhất) (Đã xóa thành công 26 bản trùng thừa, giữ lại bản chính #1)",1,true,Về việc chấp thuận điệu chính mặt bằng quy hoạch tổng thể và thiết kế phương án kiến thức công trình nhà khoa khám bệnh và điều trị ngoại trú của Trung tâm y tế huyện An Thi,2026-09-21 12:28:16
1203,H31.05.02.H31.09.2018-2019.2460,HOÀN THÀNH,"Đã xóa trùng (1 bản duy nhất) (Đã xóa thành công 26 bản trùng thừa, giữ lại bản chính #1)",1,true,"Về việc chấp thuận mặt bằng quy hoạch tổng thể Bưu điện tỉnh Hưng Yên tại phường Hiến Nam, thành phố Hưng Yên",2026-09-21 12:28:23
1204,H31.05.02.H31.09.2018-2019.2459Đ,CẦN SCAN LẠI,Không tìm thấy hồ sơ (Không tìm thấy hồ sơ nào với mã này trên hệ thống Vinasynet),0,false,-,2026-09-21 12:28:27
1205,H31.05.02.H31.09.2018-2019.2459G,HOÀN THÀNH,"Đã xóa trùng (1 bản duy nhất) (Đã xóa thành công 26 bản trùng thừa, giữ lại bản chính #1)",1,true,Ranh giới lập quy hoạch dự án đầu tư thiết chế của công đoàn tại Khu công nghiệp Phố Nối A năm 2018,2026-09-21 12:28:35
1206,H31.05.02.H31.09.2018-2019.2459F,HOÀN THÀNH,"Đã xóa trùng (1 bản duy nhất) (Đã xóa thành công 26 bản trùng thừa, giữ lại bản chính #1)",1,true,"Ranh giới khu đất lập quy hoạch dự án Khu nhà ở thương mại Hoàng Long tại thị trấn Yên Mỹ, huyện Yên Mỹ năm 2018.",2026-09-21 12:28:42
1207,H31.05.02.H31.09.2018-2019.2459D,HOÀN THÀNH,"Đã xóa trùng (1 bản duy nhất) (Đã xóa thành công 27 bản trùng thừa, giữ lại bản chính #1)",1,true,"Hồ sơ đo vẽ hiện trạng công trình Cụm công nghiệp xã Tân Quang, huyện Văn Lâm năm 2018.",2026-09-21 12:28:50
1208,H31.05.02.H31.09.2018.2206,HOÀN THÀNH,"Đã xóa trùng (1 bản duy nhất) (Đã xóa thành công 27 bản trùng thừa, giữ lại bản chính #1)",1,true,"Phê duyệt nhiệm vụ quy hoạch chi tiết tỷ lệ 1/500 dự án tổ hợp thương mại, dịch vụ nhà ở cao cấp LAVIDA CTREEN tại xã Nghĩa Hiệp, huyện Yên Mỹ",2026-09-21 12:28:57
1209,H31.05.02.H31.09.2017.2205,HOÀN THÀNH,"Đã xóa trùng (1 bản duy nhất) (Đã xóa thành công 27 bản trùng thừa, giữ lại bản chính #1)",1,true,"Về việc cho ý kiến thẩm định dự án của các doanh nghiệp trên địa bàn xã Tân Dân, huyện Khoái Châu năm 2017( tập 1) năm 2017",2026-09-21 12:29:05
1210,H31.05.02.H31.09.2017.2165,HOÀN THÀNH,"Đã xóa trùng (1 bản duy nhất) (Đã xóa thành công 27 bản trùng thừa, giữ lại bản chính #1)",1,true,"Về phương án thiết kế kiến trúc các hạng mục công trình thuộc dự án: Nhà lưu niệm lực lượng nữ du kích Hoàng Ngân HY và anh hùng lực lượng vũ trang nhân dân Vũ Thị Kính, (tức Trần Thị Khang), Trên địa bàn huyện Mỹ Hào, tỉnh Hưng Yên",2026-09-21 12:29:12
1211,H31.05.02.H31.09.2017.2164,HOÀN THÀNH,"Đã xóa trùng (1 bản duy nhất) (Đã xóa thành công 27 bản trùng thừa, giữ lại bản chính #1)",1,true,"Phương án kiến trúc công trình : Nhà bếp ăn và nghỉ giáo viên (Trường THPT Hồng Đức) tại xã Nhân Hòa, huyện Mỹ Hào",2026-09-21 12:29:20
1212,H31.05.02.H31.09.2017.2163,HOÀN THÀNH,"Đã xóa trùng (1 bản duy nhất) (Đã xóa thành công 27 bản trùng thừa, giữ lại bản chính #1)",1,true,"Phương án thiết kế kiến trúc các mẫu nhà thuộc dự án. Khu nhà ở công nhân, nhà ở thương mại Lạc Hồng, Phố Nội tại xã Nhân Hòa, huyện Mỹ Hào",2026-09-21 12:29:28
1213,H31.05.02.H31.09.2017.2162,HOÀN THÀNH,"Đã xóa trùng (1 bản duy nhất) (Đã xóa thành công 27 bản trùng thừa, giữ lại bản chính #1)",1,true,"Phương án thiết kế kiến trúc công trình nhà ở liền kề của dự án tòa nhà hỗn hợp cao. tầng và khu nhà ở để bán tại thị trấn Bần Yên Nhân, huyện Mỹ Hào",2026-09-21 12:29:35
1214,H31.05.02.H31.09.2017.2161,HOÀN THÀNH,"Đã xóa trùng (1 bản duy nhất) (Đã xóa thành công 27 bản trùng thừa, giữ lại bản chính #1)",1,true,Phương án thiết kế kiến trúc công trình Trường mầm non thuộc dự án đầu tư xây dựng chợ Bao bì và khu nhà ở thương mại Phố Nối tại thị trấn Bần Yên Nhân huyện Mỹ Hào,2026-09-21 12:29:43
1215,H31.05.02.H31.09.2017.2160,HOÀN THÀNH,"Đã xóa trùng (1 bản duy nhất) (Đã xóa thành công 27 bản trùng thừa, giữ lại bản chính #1)",1,true,Phương án thiết kế kiến trúc các hạng mục công trình thuộc dự án đầu tư xây dựng trung tâm khai thác vận chuyển và Bưu cục Mỹ Hào tỉnh Hưng Yên,2026-09-21 12:29:51
1216,H31.05.02.H31.09.2017.2159,HOÀN THÀNH,"Đã xóa trùng (1 bản duy nhất) (Đã xóa thành công 27 bản trùng thừa, giữ lại bản chính #1)",1,true,"Phương án thiết kế kiến trúc công trình trụ sở bảo hiểm xã hội huyện Mỹ Hào, tỉnh Hưng Yên",2026-09-21 12:29:59
1217,H31.05.02.H31.09.2016-2017.2086,HOÀN THÀNH,"Đã xóa trùng (1 bản duy nhất) (Đã xóa thành công 27 bản trùng thừa, giữ lại bản chính #1)",1,true,Về việc chấp thuận mặt bằng quy hoạch tổng thể điều chỉnh dự án đầu tư xây dựng trụ sở làm việc Bảo hiểm xã hội huyện Ân Thi,2026-09-21 12:30:06
1218,H31.05.02.H31.09.2016-2017.2085,HOÀN THÀNH,"Đã xóa trùng (1 bản duy nhất) (Đã xóa thành công 27 bản trùng thừa, giữ lại bản chính #1)",1,true,Về việc thẩm định chấp thuận mặt bằng quy hoạch tổng thể các dự án đầu tư xây dựng trên địa bàn tỉnh Hưng Yên,2026-09-21 12:30:14
1219,H31.05.02.H31.09.2016-2017.2084,HOÀN THÀNH,"Đã xóa trùng (1 bản duy nhất) (Đã xóa thành công 27 bản trùng thừa, giữ lại bản chính #1)",1,true,"Thẩm định mặt bằng quy hoạch tổng thể trụ sở Bảo hiểm xã hội tỉnh Hưng Yên tại phường Hiến Nam, thành phố Hưng Yên",2026-09-21 12:30:21
1220,H31.05.02.H31.09.2016-2017.2083,HOÀN THÀNH,"Đã xóa trùng (1 bản duy nhất) (Đã xóa thành công 27 bản trùng thừa, giữ lại bản chính #1)",1,true,"Về việc chấp thuận điều chỉnh mặt bằng quy hoạch tổng thể dự án đầu tư xây dựng Cải tạo xây dựng hợp khối nhà làm việc các Ban Đáng tỉnh tại phường Phiến Nam, thành phố Hưng Yên",2026-09-21 12:30:29
1221,H31.05.02.H31.09.2016-2017.2082H,HOÀN THÀNH,"Đã xóa trùng (1 bản duy nhất) (Đã xóa thành công 27 bản trùng thừa, giữ lại bản chính #1)",1,true,Tham gia ý kiến vì nhiệm vụ lập quy hoạch phân khu tỷ lệ 1/2000 khu dịch vụ gắn với Phát huy giá trị khu tưởng niệm tướng quân Nguyên Thiện Thuật tại xã Xuân Dục - Mỹ Hào năm 2016,2026-09-21 12:30:36
1222,H31.05.02.H31.09.2016-2017.2082G,HOÀN THÀNH,"Đã xóa trùng (1 bản duy nhất) (Đã xóa thành công 27 bản trùng thừa, giữ lại bản chính #1)",1,true,"Tham gia ý kiến vào dự thảo quy chế quản lý quy hoạch kiến trúc đô thị thị trấn Lương Bằng, huyện Kìm Đông năm 2116.",2026-09-21 12:30:44
1223,H31.05.02.H31.09.2016-2017.2082F,HOÀN THÀNH,"Đã xóa trùng (1 bản duy nhất) (Đã xóa thành công 27 bản trùng thừa, giữ lại bản chính #1)",1,true,"Tham gia ý kiến nhiệm vụ lập quy hoạch chi tiết xây dựng tỷ lệ 1/500 Khu dân cư mới khu phố An Bình, Phường An Tảo, TP Hưng Yên năm 2016.",2026-09-21 12:30:51
1224,H31.05.02.H31.09.2016-2017.2082E,HOÀN THÀNH,"Đã xóa trùng (1 bản duy nhất) (Đã xóa thành công 27 bản trùng thừa, giữ lại bản chính #1)",1,true,"Tham gia ý kiến nhiệm vụ lập quy hoạch chi tiết xây dựng tỷ lệ 1/500 Khu dân cư mới ngã tư đường Phạm Bạch Hổ, Trần Hưng Đạo, phường Lam Sơn, TP. Hưng Yên",2026-09-21 12:30:59
1225,H31.05.02.H31.09.2016-2017.2082D,HOÀN THÀNH,"Đã xóa trùng (1 bản duy nhất) (Đã xóa thành công 27 bản trùng thừa, giữ lại bản chính #1)",1,true,"Kết quả thẩm định hồ sơ thiết kế BVTC và dự toán xây dựng công trình HTKT Trường THPT; Trung tâm TDTT và khu nhà ở liền kề để bán thuộc địa bàn xã Lạc Đạo, huyện Văn Lâm năm 2016.",2026-09-21 12:31:07
1226,H31.05.02.H31.09.2016-2017.2082C,HOÀN THÀNH,"Đã xóa trùng (1 bản duy nhất) (Đã xóa thành công 27 bản trùng thừa, giữ lại bản chính #1)",1,true,"Lựa chọn nhà đầu tư thực hiện dự án Khu nhà ở liền kề và biệt thự An Tảo, thành phố Hưng Yên năm 2014-2016",2026-09-21 12:31:14
1227,H31.05.02.H31.09.2016.2082B,HOÀN THÀNH,"Đã xóa trùng (1 bản duy nhất) (Đã xóa thành công 27 bản trùng thừa, giữ lại bản chính #1)",1,true,"Triển khai thực hiện chủ trương đầu tư XDHTKT Khu dân cư mới Nu-9, TT4 để đấu giá QSDĐ và xây dựng nhà ở của dự án trung tâm thương mại và nhà ở, biệt thự Phố Hiến năm 2016.",2026-09-21 12:31:22
1228,H31.05.02.H31.09.2016.2082A,HOÀN THÀNH,"Đã xóa trùng (1 bản duy nhất) (Đã xóa thành công 26 bản trùng thừa, giữ lại bản chính #1)",1,true,"Cung cấp thông tin các dự án trọng điểm về bệnh viện, Trường Đại học và trung tâm logistics tại các vùng trong vùng thủ đô HN, đề xuất được thi công hoàn trả mương trung thuỷ nông Nhân Hòa của cty CPĐTXD Bình Minh Hưng Yên năm 2016",2026-09-21 12:31:29
1229,H31.05.02.H31.09.2016.2082,HOÀN THÀNH,"Đã xóa trùng (1 bản duy nhất) (Đã xóa thành công 30 bản trùng thừa, giữ lại bản chính #1)",1,true,"Triển khai thực hiện chủ trương đầu tư XDHTKT Khu dân cư mới Nu-9, TT4 để đấu giá QSDĐ và xây dựng nhà ở của dự án trung tâm thương mại và nhà ở, biệt thự Phố Hiến năm 2016.",2026-09-21 12:31:37
1230,H31.05.02.H31.09.2016.2081,HOÀN THÀNH,"Đã xóa trùng (1 bản duy nhất) (Đã xóa thành công 27 bản trùng thừa, giữ lại bản chính #1)",1,true,"Thiết kế quy hoạch dự án điều chỉnh quy hoạch chi tiết khu công nghiệp Yên Mỹ I - tỷ lệ 1/2000 tại huyện Yên Mỹ, tỉnh Hưng Yên năm 2015",2026-09-21 12:31:44
1231,H31.05.02.H31.09.2016.2043,HOÀN THÀNH,"Đã xóa trùng (1 bản duy nhất) (Đã xóa thành công 27 bản trùng thừa, giữ lại bản chính #1)",1,true,"Về việc cho ý kiến thẩm định dự án của các doanh nghiệp trên địa bàn xã Vũ Xá, huyện Kim Động.",2026-09-21 12:31:52
1232,H31.05.02.H31.09.2016.2042,HOÀN THÀNH,"Đã xóa trùng (1 bản duy nhất) (Đã xóa thành công 27 bản trùng thừa, giữ lại bản chính #1)",1,true,"Về việc cho ý kiến thẩm định dự án của các doanh nghiệp trên địa bàn xã Phú Thịnh, huyện Kim Động",2026-09-21 12:31:59
1233,H31.05.02.H31.09.2016.2041,HOÀN THÀNH,"Đã xóa trùng (1 bản duy nhất) (Đã xóa thành công 27 bản trùng thừa, giữ lại bản chính #1)",1,true,"Về việc cho ý kiến thẩm định dự án của các doanh nghiệp trên địa bàn xã Phạm Ngũ Lão, huyện Kim Động.",2026-09-21 12:32:07
1234,H31.05.02.H31.09.2016.2040,HOÀN THÀNH,"Đã xóa trùng (1 bản duy nhất) (Đã xóa thành công 27 bản trùng thừa, giữ lại bản chính #1)",1,true,Về việc cho ý kiến thẩm định dự án của các doanh nghiệp trên địa bàn xã Hiệp Cường huyện Kim Động.,2026-09-21 12:32:14
1235,H31.05.02.H31.09.2016.2039,HOÀN THÀNH,"Đã xóa trùng (1 bản duy nhất) (Đã xóa thành công 27 bản trùng thừa, giữ lại bản chính #1)",1,true,"Về việc cho ý kiến thẩm định dự án của các doanh nghiệp trên địa bàn xã Chính Nghĩa, huyện Kim Động",2026-09-21 12:32:22
1236,H31.05.02.H31.09.2016.1990F,HOÀN THÀNH,"Đã xóa trùng (1 bản duy nhất) (Đã xóa thành công 27 bản trùng thừa, giữ lại bản chính #1)",1,true,"Mặt bằng tổng thể điều chỉnh chia lô theo thực tế giao đất và hiện trạng xây dựng Khu chung cư đô thị Phố Nối, tỉnh Hưng Yên năm 2016",2026-09-21 12:32:29
1237,H31.05.02.H31.09.2016.1990D,HOÀN THÀNH,"Đã xóa trùng (1 bản duy nhất) (Đã xóa thành công 26 bản trùng thừa, giữ lại bản chính #1)",1,true,"Đề nghị phê duyệt vị trí xây dựng khu dân cư các phường, xã, thành phố Hưng Yên năm 2016.",2026-09-21 12:32:37
1238,H31.05.02.H31.09.2016.1990C,HOÀN THÀNH,"Đã xóa trùng (1 bản duy nhất) (Đã xóa thành công 26 bản trùng thừa, giữ lại bản chính #1)",1,true,Đề nghị phê duyệt vị trí thực hiện các dự án đâu tư xây dựng trên địa bàn tỉnh năm 2016,2026-09-21 12:32:45
1239,H31.05.02.H31.09.2016.1990A,HOÀN THÀNH,"Đã xóa trùng (1 bản duy nhất) (Đã xóa thành công 27 bản trùng thừa, giữ lại bản chính #1)",1,true,"Chấp thuận mặt bằng, thẩm định mặt bằng quy hoạch tổng thể các dự án đầu tư trên địa bàn tỉnh Hưng Yên năm 2016",2026-09-21 12:32:52
1240,H31.05.02.H31.09.2016.1990G,HOÀN THÀNH,"Đã xóa trùng (1 bản duy nhất) (Đã xóa thành công 27 bản trùng thừa, giữ lại bản chính #1)",1,true,Về việc Kiểm tra điều kiện chuyển nhượng sản phẩm tại dự án ĐTXD Khu biệt thự thuỷ nguyên và Nhà phố Thuỷ Nguyên (giai đoạn 2) Khu đô thị Thương mại và Du lịch Văn Giang năm 2016,2026-09-21 12:33:00
1241,H31.05.02.H31.09.2016.1990E,HOÀN THÀNH,"Đã xóa trùng (1 bản duy nhất) (Đã xóa thành công 27 bản trùng thừa, giữ lại bản chính #1)",1,true,Chủ trương mở rộng khu công nghiệp Phố Nối A năm 2016,2026-09-21 12:33:07
1242,H31.05.02.H31.09.2016.1990B,HOÀN THÀNH,"Đã xóa trùng (1 bản duy nhất) (Đã xóa thành công 27 bản trùng thừa, giữ lại bản chính #1)",1,true,"Điều chỉnh chức năng khu đất phía sau Trường mầm non Phước Huệ và trung tâm truyền thông giáo dục sức khoẻ phường An Tảo, TP Hưng Yên năm 2016",2026-09-21 12:33:15
1243,H31.05.02.H31.09.2016.1990,HOÀN THÀNH,"Đã xóa trùng (1 bản duy nhất) (Đã xóa thành công 36 bản trùng thừa, giữ lại bản chính #1)",1,true,"Mặt bằng tổng thể điều chỉnh chia lô theo thực tế giao đất và hiện trạng xây dựng Khu chung cư đô thị Phố Nối, tỉnh Hưng Yên năm 2016",2026-09-21 12:33:22
1244,H31.05.02.H31.09.2016.1989,HOÀN THÀNH,"Đã xóa trùng (1 bản duy nhất) (Đã xóa thành công 27 bản trùng thừa, giữ lại bản chính #1)",1,true,"Về việc chấp thuận Mặt bằng quy hoạch tổng thể dự án đầu tư xây dựng Trường Tiểu học Tân Việt, huyện Yên Mỹ",2026-09-21 12:33:30
1245,H31.05.02.H31.09.2016.1988,HOÀN THÀNH,"Đã xóa trùng (1 bản duy nhất) (Đã xóa thành công 27 bản trùng thừa, giữ lại bản chính #1)",1,true,"Về việc thẩm định mặt bằng quy hoạch tổng thể điều chỉnh bổ sung hạng mục công trình Nhà văn hóa xã Tân Việt, huyện Yên Mỹ",2026-09-21 12:33:37
1246,H31.05.02.H31.09.2016.1987,HOÀN THÀNH,"Đã xóa trùng (1 bản duy nhất) (Đã xóa thành công 27 bản trùng thừa, giữ lại bản chính #1)",1,true,"Về việc chấp thuận Mặt bằng quy hoạch tổng thể điều chỉnh dự án đầu tư xây dựng Khách sạn Phú Mỹ tại xã Liêu Xá, huyện Yên Mỹ",2026-09-21 12:33:45
1247,H31.05.02.H31.09.2016.1986,HOÀN THÀNH,"Đã xóa trùng (1 bản duy nhất) (Đã xóa thành công 27 bản trùng thừa, giữ lại bản chính #1)",1,true,"Về việc chấp thuận Mặt bằng quy hoạch tổng thể điều chỉnh dự án đầu tư xây dựng Nhà văn hóa huyện Văn Lâm tại thị trấn Như Quỳnh, huyện Văn Lâm",2026-09-21 12:33:52
1248,H31.05.02.H31.09.2016.1985,HOÀN THÀNH,"Đã xóa trùng (1 bản duy nhất) (Đã xóa thành công 27 bản trùng thừa, giữ lại bản chính #1)",1,true,"Về việc thẩm định điều chỉnh mặt bằng quy hoạch tổng thể dự án đầu tư xây dựng trường tiểu học Như Quỳnh B tại thị trấn Như Quỳnh, huyện Văn Lâm.",2026-09-21 12:34:00
1249,H31.05.02.H31.09.2016.1984,HOÀN THÀNH,"Đã xóa trùng (1 bản duy nhất) (Đã xóa thành công 27 bản trùng thừa, giữ lại bản chính #1)",1,true,"Về việc thẩm định điều chỉnh mặt bằng quy hoạch tổng thể dự án đầu tư xây dựng Bưu điện huyện Văn Lâm tại thị trấn Như Quỳnh, huyện Văn Lâm",2026-09-21 12:34:07
1250,H31.05.02.H31.09.2016.1983,HOÀN THÀNH,"Đã xóa trùng (1 bản duy nhất) (Đã xóa thành công 27 bản trùng thừa, giữ lại bản chính #1)",1,true,Về việc chấp thuận điều chỉnh mặt bằng quy hoạch tổng thể tỷ lệ 1/500 dự án thành phần khu căn hộ Vịnh Chuỷ (Aqua Bay) thuộc phân khu 9-12 khu đô thị thương mại và du lịch Văn Giang (Ecopark).,2026-09-21 12:34:15
1251,H31.05.02.H31.09.2016.1982,HOÀN THÀNH,"Đã xóa trùng (1 bản duy nhất) (Đã xóa thành công 27 bản trùng thừa, giữ lại bản chính #1)",1,true,"Về việc thẩm định điều chỉnh mặt bằng quy hoạch tổng thể dự án Trường đại học Y khoa Tokyo Việt Nam tại huyện Văn Giang, tỉnh Hưng Yên",2026-09-21 12:34:22
1252,H31.05.02.H31.09.2016.1981,HOÀN THÀNH,"Đã xóa trùng (1 bản duy nhất) (Đã xóa thành công 27 bản trùng thừa, giữ lại bản chính #1)",1,true,Về việc thẩm định mặt bằng quy hoạch tổng thể tỷ lệ 1/500 dự án thành phần khu chung cư cao tầng CT-32 và CT-33 thuộc phân khu 9-12 khu đô thị thương mại và du lịch văn Giang (Ecopark).,2026-09-21 12:34:30
1253,H31.05.02.H31.09.2016.1980,HOÀN THÀNH,"Đã xóa trùng (1 bản duy nhất) (Đã xóa thành công 27 bản trùng thừa, giữ lại bản chính #1)",1,true,Về việc thẩm định mặt bằng quy hoạch tổng thể tỷ lệ 1/500 dự án thành phần khu chung cư cao tầng CT-29 và CT-30 thuộc phân khu 9 12 khu đô thị thương mại và du lịch Văn Gang (Ecopark),2026-09-21 12:34:37
1254,H31.05.02.H31.09.2016.1979,HOÀN THÀNH,"Đã xóa trùng (1 bản duy nhất) (Đã xóa thành công 27 bản trùng thừa, giữ lại bản chính #1)",1,true,"Về việc chấp thuận mặt bằng quy hoạch tổng thể tỷ lệ 1/500 dự án thành phần trung tâm đào tạo. thuộc phân kỳ đầu tư 3, khu đô thị thương mại và du lịch văn Giang.",2026-09-21 12:34:45
1255,H31.05.02.H31.09.2016.1978,HOÀN THÀNH,"Đã xóa trùng (1 bản duy nhất) (Đã xóa thành công 27 bản trùng thừa, giữ lại bản chính #1)",1,true,"Về việc chấp thuận mặt bằng quy hoạch tổng thể tỷ lệ 11500 dự án đầu tư xây dựng trường mầm non Greative Kindercare (Trường mầm non sáng tạo) tại lô đất GD-05, thuộc phân khu 1, khu đô thị thương mại và du lịch Văn Giang (Ecopack)",2026-09-21 12:34:52
1256,H31.05.02.H31.09.2016.1977,HOÀN THÀNH,"Đã xóa trùng (1 bản duy nhất) (Đã xóa thành công 27 bản trùng thừa, giữ lại bản chính #1)",1,true,Về việc chấp thuận mặt bằng quy hoạch tổng thể điều chỉnh của dự án thành phần khu biệt thư thuỷ Nguyên và khu nhà phô Chuỷ Nguyên tại huyện Văn Giang.,2026-09-21 12:35:00
1257,H31.05.02.H31.09.2016.1976,HOÀN THÀNH,"Đã xóa trùng (1 bản duy nhất) (Đã xóa thành công 27 bản trùng thừa, giữ lại bản chính #1)",1,true,"Về việc chấp thuận mặt bằng quy hoạch tổng thể dự án đầu tư xây dựng Nhà văn hóa huyện Tiên Lữ tại thị trấn Vương, huyện Tiên Lữ",2026-09-21 12:35:08
1258,H31.05.02.H31.09.2016.1972,HOÀN THÀNH,"Đã xóa trùng (1 bản duy nhất) (Đã xóa thành công 27 bản trùng thừa, giữ lại bản chính #1)",1,true,"Về việc chấp thuận mặt bằng quy hoạch tổng thể dự án Bến xe Mỹ Hào tại xã Nhân Hòa, huyện Mỹ Hào",2026-09-21 12:35:15
1259,H31.05.02.H31.09.2016.1975,HOÀN THÀNH,"Đã xóa trùng (1 bản duy nhất) (Đã xóa thành công 27 bản trùng thừa, giữ lại bản chính #1)",1,true,"Về việc thẩm định mặt bằng quy hoạch. tổng thể trụ sở báo hiểm xã hội huyện  Phù Cừ tại thị trấn Trần Cao, huyện Phù Cừ",2026-09-21 12:35:23
1260,H31.05.02.H31.09.2016.1974,HOÀN THÀNH,"Đã xóa trùng (1 bản duy nhất) (Đã xóa thành công 27 bản trùng thừa, giữ lại bản chính #1)",1,true,"Về việc thẩm định điều chỉnh mặt bằng quy.. hoạch tổng thể dự án đầu tư xây dựng kho bạc nhà nước huyện Phù Cừ tại thị trấn Trần Cao, huyện Phù Cừ",2026-09-21 12:35:30
1261,H31.05.02.H31.09.2016.1973,HOÀN THÀNH,"Đã xóa trùng (1 bản duy nhất) (Đã xóa thành công 27 bản trùng thừa, giữ lại bản chính #1)",1,true,Về việc chấp thuận mặt bằng quy hoạch tổng thể điều chỉnh dự án đầu tư xây dựng Điện lực Mỹ Hào tại xã Nghĩa Hiệp.,2026-09-21 12:35:38
1262,H31.05.02.H31.09.2015.1911,HOÀN THÀNH,"Đã xóa trùng (1 bản duy nhất) (Đã xóa thành công 27 bản trùng thừa, giữ lại bản chính #1)",1,true,"Về phương án kiến trúc công trình Nhà 5 tầng bệnh viện đa khoa Hưng Hà tại phường Lam Sơn, TP Hưng Yên năm 2015.",2026-09-21 12:35:45
1263,H31.05.02.H31.09.2015.1910,HOÀN THÀNH,"Đã xóa trùng (1 bản duy nhất) (Đã xóa thành công 27 bản trùng thừa, giữ lại bản chính #1)",1,true,"Về phương án kiến trúc công trình Cải tạo, mở rộng nhà làm việc 3 tầng kho tàng tạm giữ tang vật vi phạm hành chính - Chi cục Quản lý thị trường tỉnh Hưng Yên tại phường Hiến Nam, thành phố Hưng Yên năm 2015",2026-09-21 12:35:53
1264,H31.05.02.H31.09.2015.1909,HOÀN THÀNH,"Đã xóa trùng (1 bản duy nhất) (Đã xóa thành công 27 bản trùng thừa, giữ lại bản chính #1)",1,true,Về phương án kiến trúc công trình Khu thể thao - Liên đoàn lao động tỉnh Hưng Yên tại TP. Hưng Yên năm 2015,2026-09-21 12:36:00
1265,H31.05.02.H31.09.2015.1908,HOÀN THÀNH,"Đã xóa trùng (1 bản duy nhất) (Đã xóa thành công 27 bản trùng thừa, giữ lại bản chính #1)",1,true,"Về phương án kiến trúc công trình: Mở rộng trụ sở làm viêc Sở kế hoạch và Đầu tư tại phường Hiến Nam, TP. Hưng Yên năm 2015",2026-09-21 12:36:08
1266,H31.05.02.H31.09.2015.1907F,HOÀN THÀNH,"Đã xóa trùng (1 bản duy nhất) (Đã xóa thành công 27 bản trùng thừa, giữ lại bản chính #1)",1,true,"Xác định vị trí tuyến đường trục đô thị đi qua vị trí nghiên cứu dự án khu nhà ở công nhân tại xã phùng Chí Kiên, huyện Mỹ Hào năm 2015",2026-09-21 12:36:15
1267,H31.05.02.H31.09.2015.1907E,HOÀN THÀNH,"Đã xóa trùng (1 bản duy nhất) (Đã xóa thành công 26 bản trùng thừa, giữ lại bản chính #1)",1,true,"Bản đồ quy hoạch phân khu nội thị của đô thị Mỹ Hào, tình Hưng Yên tỷ lệ 1/2000 năm 2115",2026-09-21 12:36:23
1268,H31.05.02.H31.09.2015.1907A,HOÀN THÀNH,"Đã xóa trùng (1 bản duy nhất) (Đã xóa thành công 26 bản trùng thừa, giữ lại bản chính #1)",1,true,"Chấp thuận mặt bằng, thẩm định mặt bằng quy hoạt tổng thể các dự án đầu tư trên địa bàn tỉnh Hưng Yên năm 2015",2026-09-21 12:36:30
1269,H31.05.02.H31.09.2015.1907D,HOÀN THÀNH,"Đã xóa trùng (1 bản duy nhất) (Đã xóa thành công 27 bản trùng thừa, giữ lại bản chính #1)",1,true,"Đề nghị phê duyệt vị trí xây dựng khu dân cư các xã, phường thành phố Hưng Yên năm 2015",2026-09-21 12:36:38
1270,H31.05.02.H31.09.2015.1907B,HOÀN THÀNH,"Đã xóa trùng (1 bản duy nhất) (Đã xóa thành công 27 bản trùng thừa, giữ lại bản chính #1)",1,true,Đề nghị phê duyệt vị trí thực hiện các dự án đầu tư xây dựng trên địa bàn tỉnh Hưng Yên năm 2015,2026-09-21 12:36:45
1271,H31.05.02.H31.09.2015.1907,LỖI KHÓA,Bỏ qua (Lỗi máy chủ) (Đã thử gửi lệnh xóa nhưng máy chủ Vinasynet không cập nhật (bản ghi bị khóa)),50,false,"Xác định vị trí tuyến đường trục đô thị đi qua vị trí nghiên cứu dự án khu nhà ở công nhân tại xã phùng Chí Kiên, huyện Mỹ Hào năm 2015",2026-09-21 12:36:56
1272,H31.05.02.H31.09.2015.1907C,HOÀN THÀNH,"Đã xóa trùng (1 bản duy nhất) (Đã xóa thành công 27 bản trùng thừa, giữ lại bản chính #1)",1,true,Ranh giới thực hiện giai đoạn Ủy ban nhân dân thành phố Hưng Yên (Phân khu A) Dự án Khu Đô thị Xuân Thành Land - Văn Giang; Vạn QHCT xây dựng Khu đô thị và dịch vụ dồng Tiến năm 2015,2026-09-21 12:37:03
1273,H31.05.02.H31.09.2015.1903C,HOÀN THÀNH,"Đã xóa trùng (1 bản duy nhất) (Đã xóa thành công 27 bản trùng thừa, giữ lại bản chính #1)",1,true,Cấp chứng chỉ quy hoạch cho các cơ quan doanh nghiệp năm 2015,2026-09-21 12:37:11
1274,H31.05.02.H31.09.2015.1903B,HOÀN THÀNH,"Đã xóa trùng (1 bản duy nhất) (Đã xóa thành công 26 bản trùng thừa, giữ lại bản chính #1)",1,true,"Nhiệm vụ và phương án khảo sát xây dựng và thành lập bản đồ địa hình tỷ lệ 1/10.000 quy hoạch chung xây dựng huyện Mỹ hào và các phường thuộc huyện Mỹ Hào đến năm 2030, tầm nhìn đến năm 2050 năm 2015",2026-09-21 12:37:18
1275,H31.05.02.H31.09.2015.1903A,HOÀN THÀNH,"Đã xóa trùng (1 bản duy nhất) (Đã xóa thành công 26 bản trùng thừa, giữ lại bản chính #1)",1,true,"Tham gia ý kiến về đồ án Quy hoạch phân khu nội thị của đô thị Mỹ Hào đến năm 2020 và năm 2030, tỷ lệ 1/2000 năm 2015",2026-09-21 12:37:26
1276,H31.05.02.H31.09.2015.1902D,HOÀN THÀNH,"Đã xóa trùng (1 bản duy nhất) (Đã xóa thành công 27 bản trùng thừa, giữ lại bản chính #1)",1,true,"Điều chỉnh mặt bằng quy hoạch tổng thể nâng cấp siêu thị sách Hưng Yên điều chỉnh cục bộ quy hoạch chi tiết xây dựng tỷ lệ 1/2000 cụm Công nghiệp Minh Khai mở rộng, MBQH tổng thể dự án Nhà máy SX chăn ga gối đệm cao cấp Phương Đông tật xã Bạch Sam, MỸ Hào",2026-09-21 12:37:33
1277,H31.05.02.H31.09.2015.1903,HOÀN THÀNH,"Đã xóa trùng (1 bản duy nhất) (Đã xóa thành công 32 bản trùng thừa, giữ lại bản chính #1)",1,true,Cấp chứng chỉ quy hoạch cho các cơ quan doanh nghiệp năm 2015,2026-09-21 12:37:41
1278,H31.05.02.H31.09.2015.1902B,HOÀN THÀNH,"Đã xóa trùng (1 bản duy nhất) (Đã xóa thành công 27 bản trùng thừa, giữ lại bản chính #1)",1,true,Đề nghị phê duyệt địa điểm xây dựng các dự án đầu tư xây dựng trên địa bàn tỉnh Hưng Yên năm 2014.,2026-09-21 12:37:48
1279,H31.05.02.H31.09.2015.1902C,HOÀN THÀNH,"Đã xóa trùng (1 bản duy nhất) (Đã xóa thành công 27 bản trùng thừa, giữ lại bản chính #1)",1,true,"Hồ sơ đề xuất xử lý việc xây dựng các Kiot tại Khu vực cổng chợ Phố Hiến của Công ty TNHH đầu tư và Phát triển Hoàng Phát, xem xét đề nghị xin được bán đất nền sau khi đã hoàn thiện hạ tầng cho người dân tự xây dựng nhà ở của Công ty cổ phần cơ khí XDCT1",2026-09-21 12:37:56
1280,H31.05.02.H31.09.2013.1840,HOÀN THÀNH,"Đã xóa trùng (1 bản duy nhất) (Đã xóa thành công 27 bản trùng thừa, giữ lại bản chính #1)",1,true,"Hồ sơ cấp phép xây dựng cho công ty CP Đại Thành tại xã Vĩnh Khúc, huyện Văn Giang để thực hiện điều chỉnh quy hoạch chi tiết xây dựng nhà máy sản xuất mút xốp",2026-09-21 12:38:03
1281,H31.05.02.H31.09.2013.1839,HOÀN THÀNH,"Đã xóa trùng (1 bản duy nhất) (Đã xóa thành công 27 bản trùng thừa, giữ lại bản chính #1)",1,true,"Phương án kiến trúc công trình Nhà ở công nhân nhà ở xã hội tại KĐT phía Bắc đường trục trung tâm khu đô thị phía Nam quốc lộ 5 thuộc khu đô th ị Phố Nối, tỉnh Hưng yên tại xã Liêu Xá, huyện Mỹ Hào và xã Dị Sử, huyện Yên Mỹ",2026-09-21 12:38:11
1282,H31.05.02.H31.09.2013.1838,HOÀN THÀNH,"Đã xóa trùng (1 bản duy nhất) (Đã xóa thành công 27 bản trùng thừa, giữ lại bản chính #1)",1,true,"Phương án liên trúc công trình nhà thi nghiêm thực hành trường THPT Triệu Quang Phục tại xã Yên Phú, huyện Yên Mỹ",2026-09-21 12:38:18
1283,H31.05.02.H31.09.2013.1837,HOÀN THÀNH,"Đã xóa trùng (1 bản duy nhất) (Đã xóa thành công 27 bản trùng thừa, giữ lại bản chính #1)",1,true,"Phương án kiến trúc công trình Nhà phụ tại Huyện ủy Yên Mỹ tại xã Tân Lập, huyện Yên Mỹ",2026-09-21 12:38:26
1284,H31.05.02.H31.09.2013.1836,HOÀN THÀNH,"Đã xóa trùng (1 bản duy nhất) (Đã xóa thành công 27 bản trùng thừa, giữ lại bản chính #1)",1,true,"Phương án kiến trúc công trình cải tạo mở rộng Trụ sở làm việc Chi cục thuế huyện Yên Mỹ, tại thị trấn Bần Yên Nhân, huyện Yên Mỹ",2026-09-21 12:38:33
1285,H31.05.02.H31.09.2013.1841,HOÀN THÀNH,"Đã xóa trùng (1 bản duy nhất) (Đã xóa thành công 27 bản trùng thừa, giữ lại bản chính #1)",1,true,Về việc cho ý kiến thẩm định dự án của các doanh nghiệp trên địa bàn huyện Ân Thi,2026-09-21 12:38:41
1286,H31.05.02.H31.09.2013.1834,HOÀN THÀNH,"Đã xóa trùng (1 bản duy nhất) (Đã xóa thành công 27 bản trùng thừa, giữ lại bản chính #1)",1,true,"Phương án kiến trúc công trình nhà máy Sản xuất bột màu công nghiệp các loại nguyên liệu vi lượng dùng trong sản xuất thức ăn chăn nuôi và chiết nạp gas tại huyện Văn Lâm, tỉnh Hưng Yên",2026-09-21 12:38:48
1287,H31.05.02.H31.09.2013.1833,HOÀN THÀNH,"Đã xóa trùng (1 bản duy nhất) (Đã xóa thành công 27 bản trùng thừa, giữ lại bản chính #1)",1,true,"Phương án kiến trúc công trình khu thương mại và dịch vụ Hà Phương. Hạng mục: Nhà dịch vụ, nhà điều hành, nhà kho tại thị trấn Trần Cao, huyện Phù Cừ",2026-09-21 12:38:56
1288,H31.05.02.H31.09.2013.1832,HOÀN THÀNH,"Đã xóa trùng (1 bản duy nhất) (Đã xóa thành công 27 bản trùng thừa, giữ lại bản chính #1)",1,true,"Phương án kiến trúc công trình nhà thể thao đa năng huyện Phù Cừ tại thị trấn Trần Cao, huyện Phù Cừ",2026-09-21 12:39:03
1289,H31.05.02.H31.09.2013.1831,HOÀN THÀNH,"Đã xóa trùng (1 bản duy nhất) (Đã xóa thành công 27 bản trùng thừa, giữ lại bản chính #1)",1,true,Phương án kiến trúc công trình xây dựng mở rộng trụ sở làm việc chi cục thuế huyện Phù Cừ - tỉnh Hưng Yên,2026-09-21 12:39:11
1290,H31.05.02.H31.09.2013.1830,HOÀN THÀNH,"Đã xóa trùng (1 bản duy nhất) (Đã xóa thành công 27 bản trùng thừa, giữ lại bản chính #1)",1,true,"Phương án kiến trúc công trình Tòa nhà business Center tại thị trấn Bần Yên Nhân, huyện Mỹ Hào",2026-09-21 12:39:18
1291,H31.05.02.H31.09.2013.1829,HOÀN THÀNH,"Đã xóa trùng (1 bản duy nhất) (Đã xóa thành công 27 bản trùng thừa, giữ lại bản chính #1)",1,true,"Phương án kiến trúc công trình trung tâm thương mại - khu chung cư đô thị Phố Nối Hưng Yên tại thị trầm Bần Yên Nhân, huyện Mỹ Hào",2026-09-21 12:39:26
1292,H31.05.02.H31.09.2013.1828,HOÀN THÀNH,"Đã xóa trùng (1 bản duy nhất) (Đã xóa thành công 27 bản trùng thừa, giữ lại bản chính #1)",1,true,"Phương án kiên trúc công trình khu nhà ở xã hội Phúc Hưng - Phố Nối tại thị trấn Bần Yên Nhân, huyện Mỹ Hào.",2026-09-21 12:39:33
1293,H31.05.02.H31.09.2013.1835,HOÀN THÀNH,"Đã xóa trùng (1 bản duy nhất) (Đã xóa thành công 27 bản trùng thừa, giữ lại bản chính #1)",1,true,"Lựa chọn nhà đầu tư thực hiện dự án đầu tư xây dựng Khu đô thị Hoàng Gia trên địa bàn xã Giai Phạm và xã Nghĩa Hiệp, huyện Yên Mỹ năm 2013",2026-09-21 12:39:41
1294,H31.05.02.H31.09.2013.1815B,HOÀN THÀNH,"Đã xóa trùng (1 bản duy nhất) (Đã xóa thành công 27 bản trùng thừa, giữ lại bản chính #1)",1,true,"Xác nhận, thẩm định, chấp thuận mặt bằng quy hoạch tổng thể các dự án đầu tư trên địa bàn tỉnh năm 2013 tập 1",2026-09-21 12:39:48
1295,H31.05.02.H31.09.2013.1815A,HOÀN THÀNH,"Đã xóa trùng (1 bản duy nhất) (Đã xóa thành công 26 bản trùng thừa, giữ lại bản chính #1)",1,true,Đề nghị phê duyệt vị trí thực hiện các dự án đầu tư trên địa bàn tỉnh năm 2013,2026-09-21 12:39:55
1296,H31.05.02.H31.09.2013.1815,LỖI KHÓA,Bỏ qua (Lỗi máy chủ) (Đã thử gửi lệnh xóa nhưng máy chủ Vinasynet không cập nhật (bản ghi bị khóa)),50,false,"Xác nhận, thẩm định, chấp thuận mặt bằng quy hoạch tổng thể các dự án đầu tư trên địa bàn tỉnh năm 2013 tập 1",2026-09-21 12:40:06
1297,H31.05.02.H31.09.2012.1808,HOÀN THÀNH,"Đã xóa trùng (1 bản duy nhất) (Đã xóa thành công 27 bản trùng thừa, giữ lại bản chính #1)",1,true,"Về việc cho ý kiến thẩm định dự án của các doanh nghiệp trên địa bàn huyện Thanh Long, huyện Yên Mỹ",2026-09-21 12:40:13
1298,H31.05.02.H31.09.2012.1807,HOÀN THÀNH,"Đã xóa trùng (1 bản duy nhất) (Đã xóa thành công 27 bản trùng thừa, giữ lại bản chính #1)",1,true,"Về việc cho ý kiến thẩm định dự án của các doanh nghiệp trên địa bàn xã Tân Quang, huyện Văn Lâm.",2026-09-21 12:40:21
1299,H31.05.02.H31.09.2012.1806,HOÀN THÀNH,"Đã xóa trùng (1 bản duy nhất) (Đã xóa thành công 27 bản trùng thừa, giữ lại bản chính #1)",1,true,"Về việc cho ý kiến thẩm định dự án của các doanh nghiệp trên địa bàn xã Chỉ Đạo, huyện Văn Lâm.",2026-09-21 12:40:28
1300,H31.05.02.H31.09.2012.1796A,HOÀN THÀNH,"Đã xóa trùng (1 bản duy nhất) (Đã xóa thành công 27 bản trùng thừa, giữ lại bản chính #1)",1,true,"Cấp chứng chỉ quy hoạch cho các cơ quan, doanh nghiệp năm 2012",2026-09-21 12:40:36
1301,H31.05.02.H31.09.2012.1796,HOÀN THÀNH,"Đã xóa trùng (1 bản duy nhất) (Đã xóa thành công 28 bản trùng thừa, giữ lại bản chính #1)",1,true,"Cấp chứng chỉ quy hoạch cho các cơ quan, doanh nghiệp năm 2012",2026-09-21 12:40:43
1302,H31.05.02.H31.09.2012.1798,HOÀN THÀNH,"Đã xóa trùng (1 bản duy nhất) (Đã xóa thành công 27 bản trùng thừa, giữ lại bản chính #1)",1,true,Về việc cho ý kiến thẩm định dự án của các doanh nghiệp trên địa bàn thành phố Hưng Yên,2026-09-21 12:40:51
1303,H31.05.02.H31.09.2012.1797,HOÀN THÀNH,"Đã xóa trùng (1 bản duy nhất) (Đã xóa thành công 27 bản trùng thừa, giữ lại bản chính #1)",1,true,Công văn về việc cho ý kiến thẩm định dự án của các doanh nghiệp trên địa bàn xã Ân Thi,2026-09-21 12:40:58
1304,H31.05.02.H31.09.2012.1765I,HOÀN THÀNH,"Đã xóa trùng (1 bản duy nhất) (Đã xóa thành công 26 bản trùng thừa, giữ lại bản chính #1)",1,true,Thẩm định mặt bằng quy hoạch tổng thể các dự án đầu tư trên địa bàn huyện Văn Lâm năm 2012,2026-09-21 12:41:06
1305,H31.05.02.H31.09.2012.1765H,HOÀN THÀNH,"Đã xóa trùng (1 bản duy nhất) (Đã xóa thành công 27 bản trùng thừa, giữ lại bản chính #1)",1,true,Thẩm định mặt bằng quy hoạch tổng thể các dự án đầu tư trên địa bàn huyện Văn Giang năm 2012,2026-09-21 12:41:13
1306,H31.05.02.H31.09.2012.1765G,HOÀN THÀNH,"Đã xóa trùng (1 bản duy nhất) (Đã xóa thành công 27 bản trùng thừa, giữ lại bản chính #1)",1,true,Hồ sơ thẩm định mặt bằng quy hoạch tổng thể các dự án đầu tư trên địa bàn huyện Tiên Lữ năm 2012,2026-09-21 12:41:21
1307,H31.05.02.H31.09.2012.1765A,HOÀN THÀNH,"Đã xóa trùng (1 bản duy nhất) (Đã xóa thành công 27 bản trùng thừa, giữ lại bản chính #1)",1,true,Hồ sơ thẩm định mặt bằng quy hoạch tổng thể các dự án đầu tư trên địa bàn huyện Ân Thi năm 2012,2026-09-21 12:41:28
1308,H31.05.02.H31.09.2012.1765,LỖI KHÓA,Bỏ qua (Lỗi máy chủ) (Đã thử gửi lệnh xóa nhưng máy chủ Vinasynet không cập nhật (bản ghi bị khóa)),50,false,"Lựa chọn nhà đầu tư thực hiện dự án xây dựng khu đô thị trên địa bàn xã Long Hưng, huyện Văn Giang năm 2012",2026-09-21 12:41:38
1309,H31.05.02.H31.09.2012.1764,HOÀN THÀNH,"Đã xóa trùng (1 bản duy nhất) (Đã xóa thành công 27 bản trùng thừa, giữ lại bản chính #1)",1,true,Hồ sơ về việc thẩm định chất thuận mặt bằng quy hoạch tổng thể các dự án đầu tư xây dựng trên địa bàn tỉnh Hưng Yên,2026-09-21 12:41:46
1310,H31.05.02.H31.09.2011.2659,HOÀN THÀNH,"Đã xóa trùng (1 bản duy nhất) (Đã xóa thành công 27 bản trùng thừa, giữ lại bản chính #1)",1,true,Mặt bằng quy hoạch tổng thể dự án đầu tư xây dựng trên địa bàn huyện Văn Giang năm 2011,2026-09-21 12:41:53
1311,H31.05.02.H31.09.2011.2658,HOÀN THÀNH,"Đã xóa trùng (1 bản duy nhất) (Đã xóa thành công 27 bản trùng thừa, giữ lại bản chính #1)",1,true,Mặt bằng quy hoạch tổng thể các dự án đầu tư xây dựng trên địa bàn huyện Tiên Lữ năm 2011,2026-09-21 12:42:01
1312,H31.05.02.H31.09.2011.2657,HOÀN THÀNH,"Đã xóa trùng (1 bản duy nhất) (Đã xóa thành công 27 bản trùng thừa, giữ lại bản chính #1)",1,true,Mặt bằng quy hoạch tổng thể các dự án đầu tư xây dựng trên địa bàn huyện Phù Cừ năm 2011,2026-09-21 12:42:08
1313,H31.05.02.H31.09.2011.2656,HOÀN THÀNH,"Đã xóa trùng (1 bản duy nhất) (Đã xóa thành công 27 bản trùng thừa, giữ lại bản chính #1)",1,true,Mặt bằng quy hoạch tổng thể các dự án đầu tư xây dựng trên địa bàn huyện Mỹ Hào năm 2011,2026-09-21 12:42:16
1314,H31.05.02.H31.09.2011.2655,HOÀN THÀNH,"Đã xóa trùng (1 bản duy nhất) (Đã xóa thành công 27 bản trùng thừa, giữ lại bản chính #1)",1,true,Mặt bằng quy hoạch tổng thể các dự án đầu tư xây dựng trên địa bàn huyện Kim Động năm 2011,2026-09-21 12:42:23
1315,H31.05.02.H31.09.2000-2009.2638,HOÀN THÀNH,"Đã xóa trùng (1 bản duy nhất) (Đã xóa thành công 27 bản trùng thừa, giữ lại bản chính #1)",1,true,Mặt bằng quy hoạch tổng thể các dự án đầu tư xây dựng trên địa bàn huyện Văn Lâm năm 2008-2009,2026-09-21 12:42:31
1316,H31.05.02.H31.09.2000-2009.2634,HOÀN THÀNH,"Đã xóa trùng (1 bản duy nhất) (Đã xóa thành công 27 bản trùng thừa, giữ lại bản chính #1)",1,true,Mặt bằng quy hoạch tổng thể xây dựng các dự án đầu tư trên địa bàn huyện Mỹ Hào giai đoạn 2000-2009,2026-09-21 12:42:38
1317,H31.05.02.H31.09.2000-2009.2633,HOÀN THÀNH,"Đã xóa trùng (1 bản duy nhất) (Đã xóa thành công 27 bản trùng thừa, giữ lại bản chính #1)",1,true,Mặt bằng quy hoạch tổng thể xây dựng các dự án đầu tư trên địa bàn huyện Kim Động giai đoạn 2003 - 2019,2026-09-21 12:42:45
1318,H31.05.02.H31.09.2019.2604,HOÀN THÀNH,"Đã xóa trùng (1 bản duy nhất) (Đã xóa thành công 27 bản trùng thừa, giữ lại bản chính #1)",1,true,Cấp phép quy hoạch cho Công ty cổ phần Ánh Khoa để thực hiện dự án ĐTXD hạ tầng kỹ thuật khu làng nghề Yên Mỹ năm 2017,2026-09-21 12:42:53
1319,H31.05.02.H31.09.2019.2601,HOÀN THÀNH,"Đã xóa trùng (1 bản duy nhất) (Đã xóa thành công 27 bản trùng thừa, giữ lại bản chính #1)",1,true,"Phương án kiến trúc các hạng mục công trình thuộc dự án nhà hàng ẩm thực và tổ chức sự kiện Minh Hoàng tại thị trấn Yên Mỹ, huyện Yên Mỹ năm 2017",2026-09-21 12:43:00
1320,H31.05.02.H31.09.2019.2603,HOÀN THÀNH,"Đã xóa trùng (1 bản duy nhất) (Đã xóa thành công 27 bản trùng thừa, giữ lại bản chính #1)",1,true,"Tham gia ý kiến nhiệm vụ lập quy hoạch chi tiết tỷ lệ 1/500 dự án xây dựng hạ tầng khu dân cư mới xã Quảng Châu, thành phố Hưng Yên năm 2017",2026-09-21 12:43:08
1321,H31.05.02.H31.09.2019.2602,HOÀN THÀNH,"Đã xóa trùng (1 bản duy nhất) (Đã xóa thành công 27 bản trùng thừa, giữ lại bản chính #1)",1,true,Tham gia ý kiến nhiệm vụ lập quy hoạch chỉ tiết xây dựng tỷ lệ 1/500 khu dân cư mới phường Lam Sơn (sau khu đô thị Tân Hiến) TP Hưng Yên năm 2017,2026-09-21 12:43:15
1322,H31.05.02.H31.09.2019.2600,HOÀN THÀNH,"Đã xóa trùng (1 bản duy nhất) (Đã xóa thành công 27 bản trùng thừa, giữ lại bản chính #1)",1,true,"Nhiệm vụ và dự tóan quy hoạch xây dựng vùng huyện Ân Thi, tỉnh Hưng Yên đến năm 2080, tầm nhìn đến năm 2050 nam 2017",2026-09-21 12:43:23
1323,H31.05.02.H31.09.2019.2599,HOÀN THÀNH,"Đã xóa trùng (1 bản duy nhất) (Đã xóa thành công 27 bản trùng thừa, giữ lại bản chính #1)",1,true,"Thẩm định, phê duyệt nhiệm vụ quy hoạch chi tiết xây dựng tỷ lệ 1/500 Khu nhà ở liền kề để bán Phúc Thành tại thị trấn Bần Yên Nhân huyện Mỹ Hài năm 2017",2026-09-21 12:43:30
1324,H31.05.02.H31.09.2019.2483,HOÀN THÀNH,"Đã xóa trùng (1 bản duy nhất) (Đã xóa thành công 27 bản trùng thừa, giữ lại bản chính #1)",1,true,"Về việc chấp thuận mặt bằng quy hoạch tổng thể của dự án Trung tâm văn hóa, trụ sở làm việc của Đảng uỷ - HĐND và UBND xã Chỉ Đạo, huyện Văn Lâm",2026-09-21 12:43:37
1325,H31.05.02.H31.09.2019.2482,HOÀN THÀNH,"Đã xóa trùng (1 bản duy nhất) (Đã xóa thành công 27 bản trùng thừa, giữ lại bản chính #1)",1,true,"Về việc chấp thuận mặt bằng quy hoạch tổng thể của dự án Trung tâm văn hóa - thể thao thôn Ngô Xuyên, thị trấn Như Quỳnh, huyện Văn Lâm",2026-09-21 12:43:45
1326,H31.05.02.H31.09.2019.2481,HOÀN THÀNH,"Đã xóa trùng (1 bản duy nhất) (Đã xóa thành công 27 bản trùng thừa, giữ lại bản chính #1)",1,true,"Về việc chấp thuận mặt bằng quy hoạch tổng thể đường dây và trạm biến áp 110KV Như Quỳnh, huyện Văn Lâm",2026-09-21 12:43:52
1327,H31.05.02.H31.09.2019.2480,HOÀN THÀNH,"Đã xóa trùng (1 bản duy nhất) (Đã xóa thành công 27 bản trùng thừa, giữ lại bản chính #1)",1,true,"Về việc chấp thuận điều chỉnh Mặt bằng quy hoạch tổng thể của dự án Trường mầm non thị trấn Như Quỳnh, huyện Văn Lâm",2026-09-21 12:44:00
1328,H31.05.02.H31.09.2019.2479,HOÀN THÀNH,"Đã xóa trùng (1 bản duy nhất) (Đã xóa thành công 27 bản trùng thừa, giữ lại bản chính #1)",1,true,Về việc chấp thuận Mặt bằng quy hoạch tổng thế công trình hạ tầng kỹ thuật các khu dân cư mới trên địa bàn huyện Văn Lâm,2026-09-21 12:44:07
1329,H31.05.02.H31.09.2019.2478,HOÀN THÀNH,"Đã xóa trùng (1 bản duy nhất) (Đã xóa thành công 27 bản trùng thừa, giữ lại bản chính #1)",1,true,"Về việc chấp thuận điều chỉnh mặt bằng quy hoạch chia lô của dự án Khu nhà ở thấp tầng 2A thuộc khu đô thị thương mại và du lịch Văn Giang (Ecopark), huyện Văn Giang",2026-09-21 12:44:14
1330,H31.05.02.H31.09.2019.2477,HOÀN THÀNH,"Đã xóa trùng (1 bản duy nhất) (Đã xóa thành công 27 bản trùng thừa, giữ lại bản chính #1)",1,true,"Về việc chấp thuận mặt bằng quy hoạch tổng thể điều chỉnh dự án: Trường Tiếu học và Trung học cơ sở EDISON, tại lô đất GD-04, khu đô thị thương mại và du lịch Văn Giang (Ecopark).",2026-09-21 12:44:22
1331,H31.05.02.H31.09.2019.2471,HOÀN THÀNH,"Đã xóa trùng (1 bản duy nhất) (Đã xóa thành công 27 bản trùng thừa, giữ lại bản chính #1)",1,true,Về việc chấp thuận mặt bằng quy hoạch tổng thể Khu dân cư mới trên địa bàn huyện Phù Cừ,2026-09-21 12:44:29
1332,H31.05.02.H31.09.2019.2470,HOÀN THÀNH,"Đã xóa trùng (1 bản duy nhất) (Đã xóa thành công 27 bản trùng thừa, giữ lại bản chính #1)",1,true,"Hồ sơ về việc chấp thuận mặt bằng quy hoạch tổng thể khu thương mại dịch vụ 3 và công viên cây xanh thuộc dự án khu nhà ở công nhân, nhà ở thương mại Lạc Hồng - Phố Nối tại xã Nhân Hòa, huyện Mỹ Hào",2026-09-21 12:44:36
1333,H31.05.02.H31.09.2019.2469,HOÀN THÀNH,"Đã xóa trùng (1 bản duy nhất) (Đã xóa thành công 27 bản trùng thừa, giữ lại bản chính #1)",1,true,"Hồ sơ về việc chấp thuận mặt bằng quy hoạch tổng thể điều chỉnh và phương án kiến trúc công trình Trường mầm non Bông Sen Vàng - khu chung cư đô thị Phố Nối tại thị trấn Bần Yên Nhâm, huyện Mỹ Hào",2026-09-21 12:44:44
1334,H31.05.02.H31.09.2018.2350,HOÀN THÀNH,"Đã xóa trùng (1 bản duy nhất) (Đã xóa thành công 27 bản trùng thừa, giữ lại bản chính #1)",1,true,"Về phương án thiết kế kiến trúc công trình: Phòng họp và Nhà để xe của ba cơ quan: Ban nội chính Tỉnh uỷ, Đảng uỷ khối các cơ quan tỉnh và Đảng uỷ khối doanh nghiệp tỉnh tại số 02A đường Bạch Đằng, phường Minh Khai, Tp. Hưng Yên năm 2018",2026-09-21 12:44:51
1335,H31.05.02.H31.09.2018.2349,HOÀN THÀNH,"Đã xóa trùng (1 bản duy nhất) (Đã xóa thành công 27 bản trùng thừa, giữ lại bản chính #1)",1,true,"Về phương án kiến trúc công trình: Trường mầm non Thiên Đức tại phường An Tảo, thành phố Hưng Yên năm 2018",2026-09-21 12:44:58
1336,H31.05.02.H31.09.2018.2348,HOÀN THÀNH,"Đã xóa trùng (1 bản duy nhất) (Đã xóa thành công 27 bản trùng thừa, giữ lại bản chính #1)",1,true,"Chấp thuận phương án kiến trúc công trình: Cải tạo, nâng cấp trụ sở làm việc Sở Công Thương tỉnh Hưng Yên năm 2018",2026-09-21 12:45:06
1337,H31.05.02.H31.09.2018.2347Đ,CẦN SCAN LẠI,Không tìm thấy hồ sơ (Không tìm thấy hồ sơ nào với mã này trên hệ thống Vinasynet),0,false,-,2026-09-21 12:45:10
1338,H31.05.02.H31.09.2018.2347G,HOÀN THÀNH,"Đã xóa trùng (1 bản duy nhất) (Đã xóa thành công 27 bản trùng thừa, giữ lại bản chính #1)",1,true,"Vị trí đặt bảng điện tử truyền thông tại vườn hoa Quảng Trường Nguyễn Văn Linh, thành phố Hưng Yên năm 2018",2026-09-21 12:45:17
1339,H31.05.02.H31.09.2018.2347F,HOÀN THÀNH,"Đã xóa trùng (1 bản duy nhất) (Đã xóa thành công 27 bản trùng thừa, giữ lại bản chính #1)",1,true,Đề nghị phê duyệt vị trí các  khu dân cư mới trên địa bàn thành phố Hưng Yên để đấu giá quyền sử dụng đất năm 2018,2026-09-21 12:45:25
1340,H31.05.02.H31.09.2018.2347E,HOÀN THÀNH,"Đã xóa trùng (1 bản duy nhất) (Đã xóa thành công 27 bản trùng thừa, giữ lại bản chính #1)",1,true,Đề nghị phê duyệt vị trí thực hiện các dự án đầu tư trên địa bàn tỉnh năm 2018,2026-09-21 12:45:32
1341,H31.05.02.H31.09.2018.2347D,HOÀN THÀNH,"Đã xóa trùng (1 bản duy nhất) (Đã xóa thành công 27 bản trùng thừa, giữ lại bản chính #1)",1,true,"Hồ sơ Chấp thuận mặt bằng quy hoạch tổng thể công trình xây dựng hạ tầng kỹ thuật khu dân cư mới xã Liên Phương, thành phố Hưng Yên năm 2018",2026-09-21 12:45:39
1342,H31.05.02.H31.09.2018.2347C,HOÀN THÀNH,"Đã xóa trùng (1 bản duy nhất) (Đã xóa thành công 27 bản trùng thừa, giữ lại bản chính #1)",1,true,Phòng Quy Hoạch - Kiến Trúc Sở Xây Dựng tỉnh Hưng Yên,2026-09-21 12:45:46
1343,H31.05.02.H31.09.2018.2347B,HOÀN THÀNH,"Đã xóa trùng (1 bản duy nhất) (Đã xóa thành công 27 bản trùng thừa, giữ lại bản chính #1)",1,true,Thẩm định mặt bằng quy hoạch tổng thể nhà máy nước thưộc dự án Khu nhà ở và Bến xe khách Mỹ Hào năm 2018.,2026-09-21 12:45:54
1344,H31.05.02.H31.09.2017.2295,HOÀN THÀNH,"Đã xóa trùng (1 bản duy nhất) (Đã xóa thành công 27 bản trùng thừa, giữ lại bản chính #1)",1,true,Về việc chấp thuận quy hoạch tổng thể mặt bằng xây dựng dự án Đài tưởng niệm các Anh hùng liệt sĩ huyện Ân Thì năm 2017,2026-09-21 12:46:01
1345,H31.05.02.H31.09.2017.2294,HOÀN THÀNH,"Đã xóa trùng (1 bản duy nhất) (Đã xóa thành công 27 bản trùng thừa, giữ lại bản chính #1)",1,true,"Về việc chấp thuận Mặt bằng qui hoạch tổng thể Khu dân cư mới trên địa bàn huyện Ân Thị, năm 2016-2019",2026-09-21 12:46:08
1346,H31.05.02.H31.09.2017.2293,HOÀN THÀNH,"Đã xóa trùng (1 bản duy nhất) (Đã xóa thành công 27 bản trùng thừa, giữ lại bản chính #1)",1,true,"Về việc chấp thuận điều chỉnh mặt bằng quy hoạch tổng thể dự án có đầu tư xây dựng và phương án kiến trúc cải tạo, nâng cấp trung tâm bảo trợ xã hội tỉnh Hưng Yên tại xã Đặng Lễ, huyện Ân Thi năm 2018",2026-09-21 12:46:16
1347,H31.05.02.H31.09.2017.2292,HOÀN THÀNH,"Đã xóa trùng (1 bản duy nhất) (Đã xóa thành công 27 bản trùng thừa, giữ lại bản chính #1)",1,true,"Về việc thẩm định, chấp thuận mặt bằng quy hoạch tổng thể, vị trí xây dựng các dự án đầu tư xây dựng trên địa bàn tỉnh Hưng Yên năm 2018",2026-09-21 12:46:23
1348,H31.05.02.H31.09.2017.2291,HOÀN THÀNH,"Đã xóa trùng (1 bản duy nhất) (Đã xóa thành công 27 bản trùng thừa, giữ lại bản chính #1)",1,true,"Về việc chấp thuận mặt bằng quy hoạch tổng thể dự án đầu tư xây dựng: Phòng họp và Nhà để xe của ba cơ quan: Ban Nội chính Tỉnh ủy, Đảng ủy khối các cơ quan tỉnh và Đảng ủy khối doang nghiệp tỉnh tại phường Minh Khai, thành phố Hưng Yên năm 2018",2026-09-21 12:46:31
1349,H31.05.02.H31.09.2017.2290,HOÀN THÀNH,"Đã xóa trùng (1 bản duy nhất) (Đã xóa thành công 27 bản trùng thừa, giữ lại bản chính #1)",1,true,"Về việc chấp thuận mặt bằng quy hoạch tổng thể điều chỉnh dự án trường Cao đẳng Y tế Hưng Yên tại phường An Tảo, thành phố Hưng Yên năm 2018",2026-09-21 12:46:38
1350,H31.05.02.H31.09.2017.2289,HOÀN THÀNH,"Đã xóa trùng (1 bản duy nhất) (Đã xóa thành công 27 bản trùng thừa, giữ lại bản chính #1)",1,true,"Về việc chấp thuận mặt bằng quy hoạch tổng thể điều chỉnh của dự án: Bệnh viện Đa khoa tỉnh Hưng Yên tại phường Hiến Nam, thành phố Hưng Yên năm 2018",2026-09-21 12:46:45
1351,H31.05.02.H31.09.2017.2288L,HOÀN THÀNH,"Đã xóa trùng (1 bản duy nhất) (Đã xóa thành công 27 bản trùng thừa, giữ lại bản chính #1)",1,true,"Thực hiện Quyết định số 994/QĐ-TTg ngày 19/6/2014 của Thủ tướng CP về phê duyệt kế hoạch lập lại trật tư hành lang an toàn đường bộ, đường sắt giai đoạn 2014-2020 năm 2017",2026-09-21 12:46:52
1352,H31.05.02.H31.09.2017.2288K,HOÀN THÀNH,"Đã xóa trùng (1 bản duy nhất) (Đã xóa thành công 27 bản trùng thừa, giữ lại bản chính #1)",1,true,"Hướng tuyến thi công xây dựng đường dây 22KV dọc theo đường ô tô cao tốc Hà Nội - Hải Phòng, cung cấp thông tin về cốt nền quy hoạch khu vực thôn Hòa Mục, xã Hoàn Long, huyện Yên Mỹ năm 2017",2026-09-21 12:47:00
1353,H31.05.02.H31.09.2017.2288I,HOÀN THÀNH,"Đã xóa trùng (1 bản duy nhất) (Đã xóa thành công 27 bản trùng thừa, giữ lại bản chính #1)",1,true,"Tham gia ý kiến xây dựng phương án, cơ chế tạo vốn đầu tư hạ tầng, dự thảo báo cáo sơ kết thực hiện Đề án xây dựng Khu Đại học Phố Hiến năm 2017",2026-09-21 12:47:08
1354,H31.05.02.H31.09.2017.2288H,HOÀN THÀNH,"Đã xóa trùng (1 bản duy nhất) (Đã xóa thành công 27 bản trùng thừa, giữ lại bản chính #1)",1,true,Thẩm định công tác khảo sát đo đạc lập bản đồ địa hình tỷ lệ 1/10.000 phục vụ lập bản đồ điều chỉnh quy hoạch chung thành phố Hưng Yên đến năm 2035,2026-09-21 12:47:15
1355,H31.05.02.H31.09.2017.2282C,HOÀN THÀNH,"Đã xóa trùng (1 bản duy nhất) (Đã xóa thành công 27 bản trùng thừa, giữ lại bản chính #1)",1,true,"Tham gia ý kiến về nhiệm vụ quy hoạch chi tiết xây dựng tỷ lệ 1/500 Khu dân cư Trung tâm xã Phương Chiểu, thành phố Hưng Yên năm 2017",2026-09-21 12:47:23
1356,H31.05.02.H31.09.2017.2282B,HOÀN THÀNH,"Đã xóa trùng (1 bản duy nhất) (Đã xóa thành công 27 bản trùng thừa, giữ lại bản chính #1)",1,true,"Than gia ý kiến cho đồ án quy hoạch chi tiết xây dựng tỷ lệ 1/500 phường Phan Đình Phùng, thị xã Mỹ Hào năm 2017",2026-09-21 12:47:30
1357,H31.05.02.H31.09.2017.2282A,HOÀN THÀNH,"Đã xóa trùng (1 bản duy nhất) (Đã xóa thành công 27 bản trùng thừa, giữ lại bản chính #1)",1,true,"Tham gia ý kiến cho đồ án quy hoạul chi tiết Xây dựng tỷ lệ 1/500 khu dân cư mới ngã tư đường Phạm Bạch Hổ - Trần Hưng Đạo, Phường Lam Sơn, TP Hưng Yên năm 2017",2026-09-21 12:47:37
1358,H31.05.02.H31.09.2017.2282,LỖI KHÓA,Bỏ qua (Lỗi máy chủ) (Đã thử gửi lệnh xóa nhưng máy chủ Vinasynet không cập nhật (bản ghi bị khóa)),50,false,Chủ trương lập quy hoạch chi tiết xây dựng tỷ lệ 1/500 dự án đầu tư xây dựng khu nhà ở liền kề để bán và trung tâm thương mại dịch vụ Bắc Việt; điều chỉnh cục bộ cốt xây dựng nhà xây thô của dự án Khu nhà ở và Bến xe khách Mỹ Hào năm 2017.,2026-09-21 12:47:48
1359,H31.05.02.H31.09.2017.2281,HOÀN THÀNH,"Đã xóa trùng (1 bản duy nhất) (Đã xóa thành công 27 bản trùng thừa, giữ lại bản chính #1)",1,true,"Về việc cho ý kiến thẩm định dự án của các doanh nghiệp trên địa bàn xã Tân Lập và xã Liêu Xá, huyện Yên Mỹ năm 2017.",2026-09-21 12:47:55
1360,H31.05.02.H31.09.2017.2228,HOÀN THÀNH,"Đã xóa trùng (1 bản duy nhất) (Đã xóa thành công 27 bản trùng thừa, giữ lại bản chính #1)",1,true,"Về việc cho ý kiến thẩm định dự án của các doanh nghiệp trên địa bàn xã Long Hưng, huyện Văn Giang năm 2017.",2026-09-21 12:48:03
1361,H31.05.02.H31.09.2017.2158,HOÀN THÀNH,"Đã xóa trùng (1 bản duy nhất) (Đã xóa thành công 27 bản trùng thừa, giữ lại bản chính #1)",1,true,"Phương án kiến trúc công trình Trụ sở làm việc huyện Mỹ Hào tại đường 196, thị trấn Bần, huyện Mỹ Hào, tỉnh Hưng Yên",2026-09-21 12:48:10
1362,H31.05.02.H31.09.2017.2157,HOÀN THÀNH,"Đã xóa trùng (1 bản duy nhất) (Đã xóa thành công 27 bản trùng thừa, giữ lại bản chính #1)",1,true,"Phương án kiến trúc công trình. Nhà làm việc Huyện ủy Mỹ Hào tại đường ĐT 380, thị trấn Bần, huyện Mỹ Hào.",2026-09-21 12:48:18
1363,H31.05.02.H31.09.2017.2156,HOÀN THÀNH,"Đã xóa trùng (1 bản duy nhất) (Đã xóa thành công 27 bản trùng thừa, giữ lại bản chính #1)",1,true,"Phương án kiến trúc công trình Phòng giao dịch Trương Xá - Agribank Chi nhánh huyện Kim Động, Khoái Châu, Ân Thi",2026-09-21 12:48:25
1364,H31.05.02.H31.09.2017.2155,HOÀN THÀNH,"Đã xóa trùng (1 bản duy nhất) (Đã xóa thành công 27 bản trùng thừa, giữ lại bản chính #1)",1,true,"Phương án kiến trúc công trình: Tủng tâm Viettel huyện Kim Động tại thị trấn Lương Bằng, huyện Kim Động",2026-09-21 12:48:33
1365,H31.05.02.H31.09.2017.2154,HOÀN THÀNH,"Đã xóa trùng (1 bản duy nhất) (Đã xóa thành công 27 bản trùng thừa, giữ lại bản chính #1)",1,true,"Phương án thiết kế kiến trúc các hạng mục công trình thuộc dự án: Khu liên hợp văn hóa cộng đồng, huyện Kim Động tại thị trấn Lương Bằng, huyện Kim Động",2026-09-21 12:48:40
1366,H31.05.02.H31.09.2017.2153,HOÀN THÀNH,"Đã xóa trùng (1 bản duy nhất) (Đã xóa thành công 27 bản trùng thừa, giữ lại bản chính #1)",1,true,"Phương án kiến trúc công trình: Tu bổ, tôn tạo đền thờ Triệu Việt Vương (Triệu Quang Phục) tại xã Dạ Trạch, huyện Khoái Châu, tỉnh Hưng Yên",2026-09-21 12:48:47
1367,H31.05.02.H31.09.2017.2142,HOÀN THÀNH,"Đã xóa trùng (1 bản duy nhất) (Đã xóa thành công 27 bản trùng thừa, giữ lại bản chính #1)",1,true,"Phương án kiến trúc công trình trụ sở làm việc Trung tâm công nghệ thông tin và truyền thông tại phường Hiến Nam, thành phố Hưng Yên.",2026-09-21 12:48:55
1368,H31.05.02.H31.09.2017.2141,HOÀN THÀNH,"Đã xóa trùng (1 bản duy nhất) (Đã xóa thành công 27 bản trùng thừa, giữ lại bản chính #1)",1,true,"Phương án kiến trúc công trình Cải tạo, xây dựng hợp khối Nhà làm việc các Ban Đáng tỉnh tại phường Hiến Nam, thành phố Hưng Yên",2026-09-21 12:49:02
1369,H31.05.02.H31.09.2017.2140,HOÀN THÀNH,"Đã xóa trùng (1 bản duy nhất) (Đã xóa thành công 27 bản trùng thừa, giữ lại bản chính #1)",1,true,"Phương án kiến trúc công trình Cái tạo nâng cấp trụ sở làm việc Sở tài nguyên và Môi trường tại phường Hiến Nam, thành phố Hưng Yên",2026-09-21 12:49:10
1370,H31.05.02.H31.09.2017.2139D,HOÀN THÀNH,"Đã xóa trùng (1 bản duy nhất) (Đã xóa thành công 26 bản trùng thừa, giữ lại bản chính #1)",1,true,"Đề nghị phê duyệt vị trí xây dựng khu dân cư các phường, xã thành phố Hưng yên năm 2017",2026-09-21 12:49:18
1371,H31.05.02.H31.09.2017.2139C,HOÀN THÀNH,"Đã xóa trùng (1 bản duy nhất) (Đã xóa thành công 26 bản trùng thừa, giữ lại bản chính #1)",1,true,Đề nghị phê duyệt vị trí xây dựng các dự án đầu tư trong tỉnh năm 2017,2026-09-21 12:49:25
1372,H31.05.02.H31.09.2017.2139A,HOÀN THÀNH,"Đã xóa trùng (1 bản duy nhất) (Đã xóa thành công 27 bản trùng thừa, giữ lại bản chính #1)",1,true,"Chấp thuận mặt bằng, thẩm định mặt bằng quy hoạch tổng thể các dự án đầu tư trên địa bàn tỉnh Hưng Yên năm 2017",2026-09-21 12:49:33
1373,H31.05.02.H31.09.2017.2139B,HOÀN THÀNH,"Đã xóa trùng (1 bản duy nhất) (Đã xóa thành công 27 bản trùng thừa, giữ lại bản chính #1)",1,true,"Xử lý các vị trí đất rãnh nước xen kẹp tại đường Nguyễn Trãi, Lê Lai, phường Lê Lợi, thành phố Hưng yên năm 2014-2017",2026-09-21 12:49:40
1374,H31.05.02.H31.09.2017.2125,HOÀN THÀNH,"Đã xóa trùng (1 bản duy nhất) (Đã xóa thành công 27 bản trùng thừa, giữ lại bản chính #1)",1,true,Về việc chấp thuận mặt bằng quy hoạch tổng thể chia tỷ lệ 1/500 dự án thành phần: Khu biệt thự đảo (GDD1) thuộc khu đô thị thương mại và du lịch Văn Giang (Ecopark),2026-09-21 12:49:48
1375,H31.05.02.H31.09.2017.2124,HOÀN THÀNH,"Đã xóa trùng (1 bản duy nhất) (Đã xóa thành công 27 bản trùng thừa, giữ lại bản chính #1)",1,true,"Về việc chấp thuận Mặt bằng quy hoạch tổng thể dự án Nhà câu lạc bộ thuộc dự án Khu nhà phố Thảo Nguyên, thuộc phân khu 9-12, Khu đô thị thương mại và du lịch Văn Giang (Ecopark)",2026-09-21 12:49:55
1376,H31.05.02.H31.09.2017.2121,HOÀN THÀNH,"Đã xóa trùng (1 bản duy nhất) (Đã xóa thành công 27 bản trùng thừa, giữ lại bản chính #1)",1,true,"Về việc chấp thuận Mặt bằng quy hoạch tổng thể dự án đầu tư xây dựng Trường Mầm non Tô Quyền tại xã Nghĩa Trụ, huyện Văn Giang",2026-09-21 12:50:02
1377,H31.05.02.H31.09.2017.2120,HOÀN THÀNH,"Đã xóa trùng (1 bản duy nhất) (Đã xóa thành công 27 bản trùng thừa, giữ lại bản chính #1)",1,true,"Về việc chấp thuận mặt bằng quy hoạch tổng thể điều chỉnh của dự án Khu trung tâm hành chính TT Văn Giang tại thị trấn Văn Giang, huyện Văn Giang",2026-09-21 12:50:10
1378,H31.05.02.H31.09.2017.2119,HOÀN THÀNH,"Đã xóa trùng (1 bản duy nhất) (Đã xóa thành công 27 bản trùng thừa, giữ lại bản chính #1)",1,true,"Về việc chấp thuận mặt bằng quy hoach tổng thể dự án đầu tư xây dựng Quỹ tín dụng nhân dân Dị Chế, huyện Tiên Lữ",2026-09-21 12:50:17
1379,H31.05.02.H31.09.2017.2116,HOÀN THÀNH,"Đã xóa trùng (1 bản duy nhất) (Đã xóa thành công 26 bản trùng thừa, giữ lại bản chính #1)",1,true,"Về việc chấp thuận Mặt bằng quy hoạch tổng thể dự án đầu tư xây dựng: Nâng cao, cải tạo Chợ Từa tại thị trấn Trần Cao, huyện Phù Cừ",2026-09-21 12:50:25
1380,H31.05.02.H31.09.2017.2115,HOÀN THÀNH,"Đã xóa trùng (1 bản duy nhất) (Đã xóa thành công 26 bản trùng thừa, giữ lại bản chính #1)",1,true,"Về việc chấp thuận Mặt bằng quy hoạch tổng thể ở phương án kiến trúc công trình Nhà văn hóa thôn Cao Xá, thị trần Trần Cao, huyện Phù Cừ",2026-09-21 12:50:32
1381,H31.05.02.H31.09.2017.2114,HOÀN THÀNH,"Đã xóa trùng (1 bản duy nhất) (Đã xóa thành công 27 bản trùng thừa, giữ lại bản chính #1)",1,true,"Về việc thẩm định mặt bằng quy hoạch tổng thể và phương án kiến trúc các hạng mục công trình thuộc dự án Cải tạo và nâng cấp Trường Tiểu học Trần Cao, huyện Phù Cừ",2026-09-21 12:50:39
1382,H31.05.02.H31.09.2017.2113,HOÀN THÀNH,"Đã xóa trùng (1 bản duy nhất) (Đã xóa thành công 27 bản trùng thừa, giữ lại bản chính #1)",1,true,"Về việc thẩm định mặt bằng quy hoạch tổng thể Dự án cải tạo và nâng cấp Trường tiểu học thị trấn Trần Cao, huyện Phù Cừ",2026-09-21 12:50:47
1383,H31.05.02.H31.09.2017.2112,HOÀN THÀNH,"Đã xóa trùng (1 bản duy nhất) (Đã xóa thành công 27 bản trùng thừa, giữ lại bản chính #1)",1,true,"Chấp thuận mặt bằng quy hoạch tổng thể công trình cải tạo nâng cấp sân vận động thị trấn Trần Cao, huyện Phù Cừ",2026-09-21 12:50:54
1384,H31.05.02.H31.09.2017.2111,HOÀN THÀNH,"Đã xóa trùng (1 bản duy nhất) (Đã xóa thành công 27 bản trùng thừa, giữ lại bản chính #1)",1,true,"Về việc chấp thuận điều chỉnh mặt bằng quy hoạch tổng thể dự án đầu tư xây dựng cải tạo sửa chữa, mở rộng trụ sở làm việc HĐND-UBND huyện Phù Cừ, thị trấn Trần Cao",2026-09-21 12:51:02
1385,H31.05.02.H31.09.2017.2110,HOÀN THÀNH,"Đã xóa trùng (1 bản duy nhất) (Đã xóa thành công 27 bản trùng thừa, giữ lại bản chính #1)",1,true,"Về việc chấp thuận mặt bằng quy hoạch tổng thể dự án đầu tư xây dựng Nhà lưu niệm lực lượng Nữ du kích Hoàng Ngân HY và Anh hùng lực lượng vũ trang nhân dân Vũ Thị Kính tại xã Xuân Dục, huyện Mỹ Hào",2026-09-21 12:51:10
1386,H31.05.02.H31.09.2017.2109,HOÀN THÀNH,"Đã xóa trùng (1 bản duy nhất) (Đã xóa thành công 27 bản trùng thừa, giữ lại bản chính #1)",1,true,"Về việc chấp thuận mặt bằng quy hoạch tổng thể điều chỉnh dự án Trường Tiểu học, THCS và THPT Hồng Đức và phương án kiến trúc công trình: Nhà lớp học và nghỉ giáo viên (Trường THPT Hồng Đức) tại xã Nhân Hòa, huyện Mỹ Hào",2026-09-21 12:51:17
1387,H31.05.02.H31.09.2016-2017.2122,HOÀN THÀNH,"Đã xóa trùng (1 bản duy nhất) (Đã xóa thành công 27 bản trùng thừa, giữ lại bản chính #1)",1,true,"Về việc chấp thuận Mặt bằng quy hoạch tổng thể và phương án thiết kế kiến trúc công trình Trường Tiểu học và Trung học Cơ sở EDISON, tại lô đất GD-04, khu đô thị thương mại và du lịch Văn Giang (Ecopark) tại xã Xuân Quan, huyện Văn Giang",2026-09-21 12:51:25
1388,H31.05.02.H31.09.2016-2017.2118,HOÀN THÀNH,"Đã xóa trùng (1 bản duy nhất) (Đã xóa thành công 27 bản trùng thừa, giữ lại bản chính #1)",1,true,"Về việc chấp thuận Mặt bằng quy hoạch tổng thể dự án đầu tư xây dựng Quỹ tín dụng nhân dân Dị Chế tại xã Dị Chế, huyện Tiên Lữ",2026-09-21 12:51:32
1389,H31.05.02.H31.09.2016-2017.2117,HOÀN THÀNH,"Đã xóa trùng (1 bản duy nhất) (Đã xóa thành công 27 bản trùng thừa, giữ lại bản chính #1)",1,true,"Về việc chấp thuận Mặt bằng quy hoạch tổng thể dự án đầu tư xây dựng Trụ sở Agribank Chi nhánh huyện Tiên Lữ, tỉnh Hưng Yên tại thị trấn Vương, huyện Tiên Lữ",2026-09-21 12:51:40
1390,H31.05.02.H31.09.2016-2017.2107,HOÀN THÀNH,"Đã xóa trùng (1 bản duy nhất) (Đã xóa thành công 27 bản trùng thừa, giữ lại bản chính #1)",1,true,"Về việc thẩm định mặt bằng quy hoạch tổng thể điều chỉnh Dự án cải tạo và nâng cấp bãi rác Dị Sử, huyện Mỹ Hào",2026-09-21 12:51:47
1391,H31.05.02.H31.09.2015-2017.2123,HOÀN THÀNH,"Đã xóa trùng (1 bản duy nhất) (Đã xóa thành công 27 bản trùng thừa, giữ lại bản chính #1)",1,true,"Về việc chấp thuận Mặt bằng quy hoạch tổng thể dự án: Nhà câu lạc bộ thuộc dự án khu biệt thư Mimosa Valley, thuộc phân khu 9-12, khu đô thị thương mại và du lịch Văn Giang (Ecopark), huyện Văn Giang",2026-09-21 12:51:54
1392,H31.05.02.H31.09.2010-2017.2108,HOÀN THÀNH,"Đã xóa trùng (1 bản duy nhất) (Đã xóa thành công 27 bản trùng thừa, giữ lại bản chính #1)",1,true,"Về việc chấp thuận Mặt bằng quy hoạch tổng thể dự án Khu nhà ở công nhân thuộc dự án Khu nhà ở công nhân, Nhà ở thương mại Lạc Hồng - Phố Nối tại xã Nhân Hòa, huyện Mỹ Hào",2026-09-21 12:52:02
1393,H31.05.02.H31.09.2017.2106,HOÀN THÀNH,"Đã xóa trùng (1 bản duy nhất) (Đã xóa thành công 26 bản trùng thừa, giữ lại bản chính #1)",1,true,"Về việc chấp thuận Mặt bằng quy hoạch tổng thể và phương án kiến trúc công trình Trường mầm non Bông Sen Vàng - Khu chung cư đô thị Phố Nối, thị trấn Bần Yên Nhân, huyện Mỹ Hào",2026-09-21 12:52:10
1394,H31.05.02.H31.09.2017.2104,HOÀN THÀNH,"Đã xóa trùng (1 bản duy nhất) (Đã xóa thành công 26 bản trùng thừa, giữ lại bản chính #1)",1,true,Về việc chấp thuận mặt bằng quy hoạch tổng thể dự án đầu tư xây dựng trụ sở làm việc Bảo hiểm xã hội huyện Mỹ Hào tại thị trấn Bần Yên Nhân,2026-09-21 12:52:17
1395,H31.05.02.H31.09.2017.2103,HOÀN THÀNH,"Đã xóa trùng (1 bản duy nhất) (Đã xóa thành công 27 bản trùng thừa, giữ lại bản chính #1)",1,true,"Về việc chấp nhận mặt bằng quy hoạch tổng thể dự án đầu tư xây dựng trung tâm khai thác vận chuyển và bưu cục Mỹ Hào, tỉnh Hưng Yên",2026-09-21 12:52:24
1396,H31.05.02.H31.09.2017.2102,HOÀN THÀNH,"Đã xóa trùng (1 bản duy nhất) (Đã xóa thành công 27 bản trùng thừa, giữ lại bản chính #1)",1,true,"Về việc chấp thuận điều chỉnh mặt bằng quy hoạch tổng thể dự án đầu tư xây dựng trụ sở làm việc huyện uỷ Mỹ Hào tại thị trấn Bần Yên Nhân, huyện Mỹ Hào",2026-09-21 12:52:32
1397,H31.05.02.H31.09.2017.2101,HOÀN THÀNH,"Đã xóa trùng (1 bản duy nhất) (Đã xóa thành công 27 bản trùng thừa, giữ lại bản chính #1)",1,true,"Về việc chấp thuận mặt bằng quy hoạch tổng thể dự án đầu tư xây dựng trụ sở làm việc Huyện uỷ Mỹ Hào tại thị trấn Bần Yên Nhân, huyện Mỹ Hào",2026-09-21 12:52:39
1398,H31.05.02.H31.09.2017.2100,HOÀN THÀNH,"Đã xóa trùng (1 bản duy nhất) (Đã xóa thành công 27 bản trùng thừa, giữ lại bản chính #1)",1,true,"Về việc chấp thuận điều chỉnh cục bộ mặt bằng quy hoạch tổng thể dự án tòa nhà hỗn hợp cao tầng và khu nhà ở để bán tại thị tràn Bần Yên Nhân, huyện Mỹ Hào",2026-09-21 12:52:47
1399,H31.05.02.H31.09.2017.2099,HOÀN THÀNH,"Đã xóa trùng (1 bản duy nhất) (Đã xóa thành công 27 bản trùng thừa, giữ lại bản chính #1)",1,true,"Về việc chấp thuận điều chỉnh Mặt bằng quy hoạch tổng thể dự án đầu tư xây dựng tòa nhà hỗn hợp cao tầng và khu nhà ở để bán tại thị trấn Bần Yên Nhân, huyện Mỹ Hào",2026-09-21 12:52:54
1400,H31.05.02.H31.09.2017.2098,HOÀN THÀNH,"Đã xóa trùng (1 bản duy nhất) (Đã xóa thành công 26 bản trùng thừa, giữ lại bản chính #1)",1,true,"Về việc thẩm định mặt bằng quy hoạch tổng thể điều chỉnh Đài viễn thông huyện Mỹ Hào tại thị trấn Bần Yên Nhân, huyện Mỹ Hào",2026-09-21 12:53:01
1401,H31.05.02.H31.09.2017.2097,HOÀN THÀNH,"Đã xóa trùng (1 bản duy nhất) (Đã xóa thành công 26 bản trùng thừa, giữ lại bản chính #1)",1,true,"Về việc chấp thuận Mặt bằng quy hoạch tổng thể Dự án đầu tư cấp nước sạch nông thôn mới của Công ty TNHH nước sạch Ngọc Tuấn - Nagaoka ở xã Chính Nghĩa, huyện Kim Động",2026-09-21 12:53:09
1402,H31.05.02.H31.09.2017.2095,HOÀN THÀNH,"Đã xóa trùng (1 bản duy nhất) (Đã xóa thành công 26 bản trùng thừa, giữ lại bản chính #1)",1,true,"Về việc chấp thuận mặt bằng quy hoạch tổng thể dự án đầu tư xây dựng khu liên hiệp văn hóa cộng đồng huyện Kim Động tại thị trấn Lương Bằng, huyện Kim Động.",2026-09-21 12:53:16
1403,H31.05.02.H31.09.2017.2093,HOÀN THÀNH,"Đã xóa trùng (1 bản duy nhất) (Đã xóa thành công 26 bản trùng thừa, giữ lại bản chính #1)",1,true,"Về việc chấp thuận Mặt bằng quy hoạch tổng thể dự án đầu tư xây dựng Phòng giao dịch Phố Hiến - Ngân hàng TMCP Công thương Việt Nam Chi nhánh Hưng Yên tại phường Lê Lợi và phường Quang Trung, thành phố Hưng Yên",2026-09-21 12:53:24
1404,H31.05.02.H31.09.2017.2091,HOÀN THÀNH,"Đã xóa trùng (1 bản duy nhất) (Đã xóa thành công 27 bản trùng thừa, giữ lại bản chính #1)",1,true,"Về việc thẩm định mặt bằng quy hoạch tổng thể Khu nhà ở liền kề Detec tại phường Hồng Châu, thành phố Hưng Yên",2026-09-21 12:53:31
1405,H31.05.02.H31.09.2017.2090,HOÀN THÀNH,"Đã xóa trùng (1 bản duy nhất) (Đã xóa thành công 27 bản trùng thừa, giữ lại bản chính #1)",1,true,"Về việc chấp thuận mặt bằng quy hoạch tổng thể dự án đầu tư xây dựng Nhà quản lý và nhà vệ sinh công cộng tại Quảng trường trung tâm tỉnh tại phường Hiến Nam, thành phố Hưng Yên",2026-09-21 12:53:39
1406,H31.05.02.H31.09.2017.2088,HOÀN THÀNH,"Đã xóa trùng (1 bản duy nhất) (Đã xóa thành công 27 bản trùng thừa, giữ lại bản chính #1)",1,true,"Về việc chấp thuận mặt bằng quy hoạch tổng thể dự án đầu tư xây dựng: Trạm biến áp 110KV Bãi Sậy và hướng tuyến đường dây đấu nối 110KV tại xã Bãi Sậy, huyện Ân Thi",2026-09-21 12:53:46
1407,H31.05.02.H31.09.2017.2087,HOÀN THÀNH,"Đã xóa trùng (1 bản duy nhất) (Đã xóa thành công 26 bản trùng thừa, giữ lại bản chính #1)",1,true,"Về việc chấp thuận Mặt bằng quy hoạch tổng thể dự án đầu tư xây dựng Trụ sở Agribank Chi nhánh huyện Ân Thi, tỉnh Hưng Yên.",2026-09-21 12:53:53
1408,H31.05.02.H31.09.2016-2017.2105,HOÀN THÀNH,"Đã xóa trùng (1 bản duy nhất) (Đã xóa thành công 27 bản trùng thừa, giữ lại bản chính #1)",1,true,Về việc chấp thuận mặt bằng quy hoạch tổng thể dự án đầu tư xây dựng Trụ sở làm việc Chi cục thuế huyện Mỹ Hào tại thị trấn Bần Yên Nhân,2026-09-21 12:54:01
1409,H31.05.02.H31.09.2016-2017.2092,HOÀN THÀNH,"Đã xóa trùng (1 bản duy nhất) (Đã xóa thành công 27 bản trùng thừa, giữ lại bản chính #1)",1,true,"Về việc thẩm định mặt bằng quy hoạch tổng thể trung tâm thương mại Hưng Yên tại phường Lam Sơn, thành phố Hưng Yên",2026-09-21 12:54:08
1410,H31.05.02.H31.09.2015-2017.2096,HOÀN THÀNH,"Đã xóa trùng (1 bản duy nhất) (Đã xóa thành công 27 bản trùng thừa, giữ lại bản chính #1)",1,true,Về việc chấp thuận mặt bằng quy hoạch tổng thể dự án đầu tư xây dựng Trung tâm Viettel huyện Kim Động,2026-09-21 12:54:16
1411,H31.05.02.H31.09.2013-2017.2089,HOÀN THÀNH,"Đã xóa trùng (1 bản duy nhất) (Đã xóa thành công 27 bản trùng thừa, giữ lại bản chính #1)",1,true,"Về việc thẩm định mặt bằng quy hoạch tổng thể điều chỉnh Khu nhà ở liền kề An Tảo tại phường An Tảo, thành phố Hưng Yên",2026-09-21 12:54:23
1412,H31.05.02.H31.09.2009-2017.2094,HOÀN THÀNH,"Đã xóa trùng (1 bản duy nhất) (Đã xóa thành công 27 bản trùng thừa, giữ lại bản chính #1)",1,true,"Hồ sơ về việc chấp thuận tổng thể mặt bằng chia là điều chỉnh Làng sinh thái - du lịch đô thị đầm Dạ trạch, huyện Khoái Châu",2026-09-21 12:54:30
1413,H31.05.02.H31.09.2018.2033,HOÀN THÀNH,"Đã xóa trùng (1 bản duy nhất) (Đã xóa thành công 27 bản trùng thừa, giữ lại bản chính #1)",1,true,Hồ sơ về việc cấp giấy phép xây dựng cho Công ty TNHH gốm sứ Quang Vinh cho trung tâm làng nghề Việt tại xã Xuân Quan huyện Văn Giang.,2026-09-21 12:54:38
1414,H31.05.02.H31.09.2016.2033A,HOÀN THÀNH,"Đã xóa trùng (1 bản duy nhất) (Đã xóa thành công 27 bản trùng thừa, giữ lại bản chính #1)",1,true,Hồ sơ về việc cấp chứng chỉ quy hoạch cho các cơ quan doanh nghiệp năm 2016,2026-09-21 12:54:45
1415,H31.05.02.H31.09.2016.2032,HOÀN THÀNH,"Đã xóa trùng (1 bản duy nhất) (Đã xóa thành công 27 bản trùng thừa, giữ lại bản chính #1)",1,true,"Phương án kiến trúc công trình: Nhà văn hóa xã Tân Việt, huyện Yên Mỹ, tỉnh Hưng Yên",2026-09-21 12:54:52
1416,H31.05.02.H31.09.2016.2031,HOÀN THÀNH,"Đã xóa trùng (1 bản duy nhất) (Đã xóa thành công 27 bản trùng thừa, giữ lại bản chính #1)",1,true,"Phương án kiến trúc công trình: Trường tiểu học Tân Việt tại xã Tân Việt, huyện Yên Mỹ",2026-09-21 12:55:00
1417,H31.05.02.H31.09.2016.2028,HOÀN THÀNH,"Đã xóa trùng (1 bản duy nhất) (Đã xóa thành công 27 bản trùng thừa, giữ lại bản chính #1)",1,true,Phương án kiến trúc công trình Nhà lớp học và nhà hiệu bộ - Trường tiểu học Như Quỳnh B - thị trấn Như Quỳnh,2026-09-21 12:55:07
1418,H31.05.02.H31.09.2015-2016.2029,HOÀN THÀNH,"Đã xóa trùng (1 bản duy nhất) (Đã xóa thành công 27 bản trùng thừa, giữ lại bản chính #1)",1,true,"Hồ sơ phương án kiến trúc các mẫu nhà chia lô tại dự án: Khu nhà ở Bắc Việt tại thị trấn Như Quỳnh, huyện Văn Lâm",2026-09-21 12:55:14
1419,H31.05.02.H31.09.2012-2016.2030,HOÀN THÀNH,"Đã xóa trùng (1 bản duy nhất) (Đã xóa thành công 27 bản trùng thừa, giữ lại bản chính #1)",1,true,"Phương án kiến trúc công trình chợ Đồng Than tại xã Đồng Than, huyện Yên Mỹ",2026-09-21 12:55:22
1420,H31.05.02.H31.09.2016.2000,HOÀN THÀNH,"Đã xóa trùng (1 bản duy nhất) (Đã xóa thành công 27 bản trùng thừa, giữ lại bản chính #1)",1,true,"Phương án kiến trúc công trình Nhà lớp học bộ môn và phục vụ học tập Trường THPT Nghĩa Dân, xã Nghĩa Dân, huyện Kim Động",2026-09-21 12:55:29
1421,H31.05.02.H31.09.2016.1999,HOÀN THÀNH,"Đã xóa trùng (1 bản duy nhất) (Đã xóa thành công 27 bản trùng thừa, giữ lại bản chính #1)",1,true,"Phương án kiến trúc công trình: Nhà lớp học lý thuyết và thư viện Trường THPT Kim Động tại thị trấn Lương Bằng, huyện Kim Động",2026-09-21 12:55:37
1422,H31.05.02.H31.09.2016.1998,HOÀN THÀNH,"Đã xóa trùng (1 bản duy nhất) (Đã xóa thành công 27 bản trùng thừa, giữ lại bản chính #1)",1,true,Phương án kiến trúc công trình trụ sở làm việc Chi cục thuế huyện Kim Động - tỉnh Hưng Yên,2026-09-21 12:55:44
1423,H31.05.02.H31.09.2016.1997,HOÀN THÀNH,"Đã xóa trùng (1 bản duy nhất) (Đã xóa thành công 27 bản trùng thừa, giữ lại bản chính #1)",1,true,"Phương án kiến trúc dự án Đầu tư xây dựng chợ và hạ tầng kỹ thuật khu nhà ở thương mại huyện Khoái Châu, Hạng mục: Cảnh quan, sân dạo giữa các khối nhà và công trình phụ dự án tại xã Dân Tiến, huyện Khoái Châu",2026-09-21 12:55:51
1424,H31.05.02.H31.09.2016.1996,HOÀN THÀNH,"Đã xóa trùng (1 bản duy nhất) (Đã xóa thành công 27 bản trùng thừa, giữ lại bản chính #1)",1,true,"Phương án kiến trúc công trình: Nhà điều hành - Trường chất lượng cao Phước Huệ (Trường mầm non tư thục Sao Sáng) tại phường Lam Sơn, thành phố Hưng Yên",2026-09-21 12:55:59
1425,H31.05.02.H31.09.2016.1995,HOÀN THÀNH,"Đã xóa trùng (1 bản duy nhất) (Đã xóa thành công 27 bản trùng thừa, giữ lại bản chính #1)",1,true,"Phương án kiến trúc công trình Nhà lớp học bộ môn Trường Trung học phổ thông Phạm Ngũ Lão tại xã Tân Phúc, huyện Ân Thi",2026-09-21 12:56:06
1426,H31.05.02.H31.09.2016.1994,HOÀN THÀNH,"Đã xóa trùng (1 bản duy nhất) (Đã xóa thành công 27 bản trùng thừa, giữ lại bản chính #1)",1,true,"Phương án thiết kế kiến trúc các hạng mục dự án Trung tâm phòng chống HIV/AIDS và các bệnh nhiệt đới tỉnh Hưng Yên tại thành phố Hưng Yên, tỉnh Hưng Yên",2026-09-21 12:56:13
1427,H31.05.02.H31.09.2016.1993,HOÀN THÀNH,"Đã xóa trùng (1 bản duy nhất) (Đã xóa thành công 27 bản trùng thừa, giữ lại bản chính #1)",1,true,"Phương án kiến trúc công tình. Cải tạo, nâng cấp trụ sở làm việc từ 3 tầng lên 4 tầng làm kho lưu trữ hồ sơ tài liệu ở tầng 4 của Văn phòng đăng ký đất đai tại phường Hiến Nam, thành phố Hưng Yên",2026-09-21 12:56:21
1428,H31.05.02.H31.09.2016.1992,HOÀN THÀNH,"Đã xóa trùng (1 bản duy nhất) (Đã xóa thành công 27 bản trùng thừa, giữ lại bản chính #1)",1,true,"Phương án kiến trúc công trình Cải tạo, xây dựng hợp khôi Nhà khách tỉnh uỷ tại đường chùa Chuông thành phố Hưng Yên",2026-09-21 12:56:28
1429,H31.05.02.H31.09.2016.1991,HOÀN THÀNH,"Đã xóa trùng (1 bản duy nhất) (Đã xóa thành công 27 bản trùng thừa, giữ lại bản chính #1)",1,true,"Phương án kiến trúc công trình: Mở rộng trụ sở làm việc Sở Giáo dục và Đào tạo tại phường An Tảo, thành phố Hưng Yên",2026-09-21 12:56:35
1430,H31.05.02.H31.09.2014.1902A,HOÀN THÀNH,"Đã xóa trùng (1 bản duy nhất) (Đã xóa thành công 27 bản trùng thừa, giữ lại bản chính #1)",1,true,Cấp chứng chỉ quy hoạch cho các cơ quan doanh nghiệp năm 2014,2026-09-21 12:56:43
1431,H31.05.02.H31.09.2014.1902,HOÀN THÀNH,"Đã xóa trùng (1 bản duy nhất) (Đã xóa thành công 28 bản trùng thừa, giữ lại bản chính #1)",1,true,Cấp chứng chỉ quy hoạch cho các cơ quan doanh nghiệp năm 2014,2026-09-21 12:56:50
1432,H31.05.02.H31.09.2014.1901,HOÀN THÀNH,"Đã xóa trùng (1 bản duy nhất) (Đã xóa thành công 27 bản trùng thừa, giữ lại bản chính #1)",1,true,"Thuyết minh tổng hợp quy hoạc chi tiết xây dựng tỷ lệ 1/500 công trình đầu tư xây dựng hạ tầng kỹ thuật khu dân cư mới xã Đình Dù và Xã Trưng Trắc, huyện Văn Lâm",2026-09-21 12:56:57
1433,H31.05.02.H31.09.2014.1883,HOÀN THÀNH,"Đã xóa trùng (1 bản duy nhất) (Đã xóa thành công 27 bản trùng thừa, giữ lại bản chính #1)",1,true,Phương án kiến trúc các công trình thuộc dự án thành phần khu nhà ở thấp tầng 2A thuộc khu đô thị thương mại và du lịch Văn Giang huyện Văn Giang,2026-09-21 12:57:05
1434,H31.05.02.H31.09.2014.1882,HOÀN THÀNH,"Đã xóa trùng (1 bản duy nhất) (Đã xóa thành công 27 bản trùng thừa, giữ lại bản chính #1)",1,true,"Phương án kiến trúc công trình Nhà hiệu bộ trường THPT Văn Giang tịa huyện Văn Giang, tỉnh Hưng Yên",2026-09-21 12:57:12
1435,H31.05.02.H31.09.2014.1881,HOÀN THÀNH,"Đã xóa trùng (1 bản duy nhất) (Đã xóa thành công 27 bản trùng thừa, giữ lại bản chính #1)",1,true,Phương án kiến trúc công trình nhà làm việ ctruj sở làm việc chi cụ thuế huyện Văn Giang,2026-09-21 12:57:19
1436,H31.05.02.H31.09.2014.1880Đ,CẦN SCAN LẠI,Không tìm thấy hồ sơ (Không tìm thấy hồ sơ nào với mã này trên hệ thống Vinasynet),0,false,-,2026-09-21 12:57:23
1437,H31.05.02.H31.09.2014.1880E,HOÀN THÀNH,"Đã xóa trùng (1 bản duy nhất) (Đã xóa thành công 26 bản trùng thừa, giữ lại bản chính #1)",1,true,Bổ sung quy hoạch xuất tuyến 35KV TBA 110 KV Kim Động cấp điện cho các phụ tải trung tâm phía Bắc huyện Ân Thi và thống nhất phương án xuất tuyế 22 kV TBA 110 KV Khoái Châu cấp điện cho các phụ tải công  nghiệp khu vực phía Đông huyện Văn Giang,2026-09-21 12:57:30
1438,H31.05.02.H31.09.2014.1880D,HOÀN THÀNH,"Đã xóa trùng (1 bản duy nhất) (Đã xóa thành công 26 bản trùng thừa, giữ lại bản chính #1)",1,true,Về việc điều chỉnh quy hoạch xây dựng chi tiết tỷ lệ 1/200 khu công nghiệp dệt may phố Nối giai đoạn II một số nội dung liên quan trong công tác quản lý quy hoạch XD dự án Nhà máy SX Cabin thùng xe và phụ tùng ô tô của Công ty Cổ phần cơ khí 120,2026-09-21 12:57:38
1439,H31.05.02.H31.09.2014.1880C,HOÀN THÀNH,"Đã xóa trùng (1 bản duy nhất) (Đã xóa thành công 27 bản trùng thừa, giữ lại bản chính #1)",1,true,"Về việc lập quy hoạch khu đô thị sinh thái trên địa bàn các xã Nghĩa Trụ, Long Hưng, huyện Văn Giang năm 2013",2026-09-21 12:57:45
1440,H31.05.02.H31.09.2014.1880B,HOÀN THÀNH,"Đã xóa trùng (1 bản duy nhất) (Đã xóa thành công 27 bản trùng thừa, giữ lại bản chính #1)",1,true,Về việc một số nội dung tại dự thảo Biên bản làm việc với Đoàn Thanh tra theo Quyết định số 154/QĐ-TTr ngày 18/06/2013 của Chánh Thanh tra Bộ Xây dựng năm 2013,2026-09-21 12:57:53
1441,H31.05.02.H31.09.2014.1880A,HOÀN THÀNH,"Đã xóa trùng (1 bản duy nhất) (Đã xóa thành công 27 bản trùng thừa, giữ lại bản chính #1)",1,true,Cấp chứng chỉ quy hoạch cho các cơ quan doanh nghiệp năm 2013,2026-09-21 12:58:00
1442,H31.05.02.H31.09.2014.1880,LỖI KHÓA,Bỏ qua (Lỗi máy chủ) (Đã thử gửi lệnh xóa nhưng máy chủ Vinasynet không cập nhật (bản ghi bị khóa)),50,false,"Triển khai dự án thành phần thuộc dự án xây dựng cải tạo và chỉnh trang thôn Văn Nhuế, thị trấn Bần yên Nhân, lập lại dự toán đồ ăn QHCT xd dọc tuyến đường bộ nốihai cao tốc HN - HP với Cầu Giẽ - NB đến năm 2030",2026-09-21 12:58:10
1443,H31.05.02.H31.09.2014.1879,HOÀN THÀNH,"Đã xóa trùng (1 bản duy nhất) (Đã xóa thành công 27 bản trùng thừa, giữ lại bản chính #1)",1,true,"Phương án kiến trúc Công trình: Nhà làm việc số 2 các phòng chức năng UBND huyện Tiên Lữ, thị trấn Vương, huyện Tiên Lữ",2026-09-21 12:58:18
1444,H31.05.02.H31.09.2014.1878,HOÀN THÀNH,"Đã xóa trùng (1 bản duy nhất) (Đã xóa thành công 27 bản trùng thừa, giữ lại bản chính #1)",1,true,"Phương án kiến trúc công trình cải tạo, nâng cấp khu tưởng niệm liệt sỹ huyện Tiên Lữ tỉnh Hưng Yên",2026-09-21 12:58:25
1445,H31.05.02.H31.09.2014.1861,HOÀN THÀNH,"Đã xóa trùng (1 bản duy nhất) (Đã xóa thành công 27 bản trùng thừa, giữ lại bản chính #1)",1,true,"Phương án kiến trúc công trình nhà hiệu bộ Trường THPT Hưng Yên tại thành phố Hưng Yên, tỉnh Hưng Yên",2026-09-21 12:58:32
1446,H31.05.02.H31.09.2014.1859,HOÀN THÀNH,"Đã xóa trùng (1 bản duy nhất) (Đã xóa thành công 27 bản trùng thừa, giữ lại bản chính #1)",1,true,"Phương án kiến trúc công trình cải tạo, sửa chữa nghĩa trang liệt sỹ xã Tân Phúc, huyện Ân Thi",2026-09-21 12:58:40
1447,H31.05.02.H31.09.2014.1857,HOÀN THÀNH,"Đã xóa trùng (1 bản duy nhất) (Đã xóa thành công 27 bản trùng thừa, giữ lại bản chính #1)",1,true,"Phương án kiến trúc công trình Nhà lớp học Trường THPT Phạm Ngũ Lão tại xã Tân Phúc, huyện Ân Thi",2026-09-21 12:58:47
1448,H31.05.02.H31.09.2014.1856,HOÀN THÀNH,"Đã xóa trùng (1 bản duy nhất) (Đã xóa thành công 27 bản trùng thừa, giữ lại bản chính #1)",1,true,"Về phương án kiến trúc công trình Nhà làm việc 3 tầng Trụ sở BHXH huyện Ân Thi tại huyện Ân Thi, tỉnh Hưng Yên",2026-09-21 12:58:55
1449,H31.05.02.H31.09.2014.1855,HOÀN THÀNH,"Đã xóa trùng (1 bản duy nhất) (Đã xóa thành công 27 bản trùng thừa, giữ lại bản chính #1)",1,true,"Phương án kiến trúc Công trình: Cải tạo, mở rộng Trụ sở làm việc Ban Quản lý các khu công nghiệp tỉnh tại thị trấn Bần Yên Nhân, huyện Mỹ Hào",2026-09-21 12:59:02
1450,H31.05.02.H31.09.2013-2014.1858,HOÀN THÀNH,"Đã xóa trùng (1 bản duy nhất) (Đã xóa thành công 27 bản trùng thừa, giữ lại bản chính #1)",1,true,"Phương án kiến trúc công trình: Cải tạo, sửa chữa nghĩa trang liệt sỹ xã Xuân Trúc tại huyện Ân Thi, tỉnh Hưng Yên",2026-09-21 12:59:09
1451,H31.05.02.H31.09.2012-2014.1862,HOÀN THÀNH,"Đã xóa trùng (1 bản duy nhất) (Đã xóa thành công 27 bản trùng thừa, giữ lại bản chính #1)",1,true,"Hồ sơ Phương án kiến trúc công trình: mở rộng trụ sở Ngân hàng đầu tư và phát triển TPHY tại phường Hiến Nam, thành phố Hưng Yên",2026-09-21 12:59:17
1452,H31.05.02.H31.09.2009-2014.1860,HOÀN THÀNH,"Đã xóa trùng (1 bản duy nhất) (Đã xóa thành công 27 bản trùng thừa, giữ lại bản chính #1)",1,true,Phương án kiến trúc công trình: Trung tâm điều dưỡng chăm sóc người có công và phục hồi chức năng tỉnh Hưng Yên,2026-09-21 12:59:24
1453,H31.05.02.H31.09.2013.1817,HOÀN THÀNH,"Đã xóa trùng (1 bản duy nhất) (Đã xóa thành công 27 bản trùng thừa, giữ lại bản chính #1)",1,true,"Phương án kiến trúc công trình Mở rộng quy mô Nhà làm việc Sở tài chính gđ2 tại thành phố Hưng Yên, tỉnh Thưng Yên",2026-09-21 12:59:32
1454,H31.05.02.H31.09.2013.1816,HOÀN THÀNH,"Đã xóa trùng (1 bản duy nhất) (Đã xóa thành công 27 bản trùng thừa, giữ lại bản chính #1)",1,true,"Phương án kiến trúc khối nhà phục vụ Trung tâm hội nghị tỉnh Hưng Yên tại phường Hiến Nam, thành phố Hưng Yên",2026-09-21 12:59:39
1455,H31.05.02.H31.09.2013.1815C,HOÀN THÀNH,"Đã xóa trùng (1 bản duy nhất) (Đã xóa thành công 27 bản trùng thừa, giữ lại bản chính #1)",1,true,"Xác nhận, thẩm định, chấp thuận mặt bằng quy hoạch tổng thể các dự án đầu tư trên địa bản tỉnh năm 2113 - Tập II",2026-09-21 12:59:47
1456,H31.05.02.H31.09.2012.1795,HOÀN THÀNH,"Đã xóa trùng (1 bản duy nhất) (Đã xóa thành công 27 bản trùng thừa, giữ lại bản chính #1)",1,true,"Về việc xin điều chỉnh Quy mô và phê duyệt phương án thiết kế kiến trúc Nhà hiệu bộ thuộc Dư án giai đoạn I (2012 - 2015) tại xã Giai Phạm, huyện Yên Mỹ",2026-09-21 12:59:54
1457,H31.05.02.H31.09.2012.1794,HOÀN THÀNH,"Đã xóa trùng (1 bản duy nhất) (Đã xóa thành công 27 bản trùng thừa, giữ lại bản chính #1)",1,true,"Phương án kiến trúc công trình Nhà kíp học lý thuyết và một số công trình phụ trợ Trường THPT Yên Mỹ, tỉnh Hưng Yên",2026-09-21 13:00:01
1458,H31.05.02.H31.09.2012.1793,HOÀN THÀNH,"Đã xóa trùng (1 bản duy nhất) (Đã xóa thành công 27 bản trùng thừa, giữ lại bản chính #1)",1,true,Phương án kiên trúc công trình Nhà làm. việc 5 tầng thi cục thuế huyện Văn Lâm,2026-09-21 13:00:09
1459,H31.05.02.H31.09.2012.1792,HOÀN THÀNH,"Đã xóa trùng (1 bản duy nhất) (Đã xóa thành công 27 bản trùng thừa, giữ lại bản chính #1)",1,true,"Phương án kiển trúc công trình Trường tiểu học, trung học cơ sở và Trung học Phổ thông Ecopark  Đoàn Thị Điểm tại huyện Văn Giang, tỉnh Hưng Yên",2026-09-21 13:00:16
1460,H31.05.02.H31.09.2012.1791,HOÀN THÀNH,"Đã xóa trùng (1 bản duy nhất) (Đã xóa thành công 27 bản trùng thừa, giữ lại bản chính #1)",1,true,"Phương án kiến trúc công trình: Trụ sở làm việc Đảng ủy - HĐND - UBND xã Nghĩa Trụ, huyện Văn Giang",2026-09-21 13:00:23
1461,H31.05.02.H31.09.2012.1790,HOÀN THÀNH,"Đã xóa trùng (1 bản duy nhất) (Đã xóa thành công 27 bản trùng thừa, giữ lại bản chính #1)",1,true,"Phương án kiến trúc công trình: Nhà văn hóa huyện Văn Giang, tại huyện Văn Giang, tỉnh Hưng Yên",2026-09-21 13:00:30
1462,H31.05.02.H31.09.2012.1789,HOÀN THÀNH,"Đã xóa trùng (1 bản duy nhất) (Đã xóa thành công 27 bản trùng thừa, giữ lại bản chính #1)",1,true,"Điều chỉnh phương án kiến trúc: Nhà hành chính tổng hợp - Trung tâm y tế huyện Phù Cừ, tỉnh Hưng Yên",2026-09-21 13:00:38
1463,H31.05.02.H31.09.2012.1788,HOÀN THÀNH,"Đã xóa trùng (1 bản duy nhất) (Đã xóa thành công 27 bản trùng thừa, giữ lại bản chính #1)",1,true,Về việc quy hoạch mặt bằng tổng thể và phương án kiến trúc công trình Nhà làm việc cơ quan Huyện uỷ Phù Cừ,2026-09-21 13:00:45
1464,H31.05.02.H31.09.2012.1787,HOÀN THÀNH,"Đã xóa trùng (1 bản duy nhất) (Đã xóa thành công 27 bản trùng thừa, giữ lại bản chính #1)",1,true,Phương án kiến trúc công trình Nhà làm việc UBND huyện Phù cư tại thị trấn Trần Cao huyện Phù Cừ,2026-09-21 13:00:52
1465,H31.05.02.H31.09.2012.1765N,HOÀN THÀNH,"Đã xóa trùng (1 bản duy nhất) (Đã xóa thành công 27 bản trùng thừa, giữ lại bản chính #1)",1,true,Đề nghị phê duyệt vị trí xây dựng các dự án đầu tư xây dựng trên địa bàn tỉnh Hưng Yên năm 2012,2026-09-21 13:01:00
1466,H31.05.02.H31.09.2012.1765L,HOÀN THÀNH,"Đã xóa trùng (1 bản duy nhất) (Đã xóa thành công 27 bản trùng thừa, giữ lại bản chính #1)",1,true,"Mặt bằng quy hoạch tổng thể dự án Khu dân cư mới xã Lạc Hồng, huyện Văn Lâm năm 2012",2026-09-21 13:01:07
1467,H31.05.02.H31.09.2012.1765K,HOÀN THÀNH,"Đã xóa trùng (1 bản duy nhất) (Đã xóa thành công 27 bản trùng thừa, giữ lại bản chính #1)",1,true,Thẩm định mặt bằng quy hoạch tổng thể các dự án đầu tư xây dựng trên địa bàn huyện Yên Mỹ năm 2012,2026-09-21 13:01:14
1468,H31.05.02.H31.09.2012.1765P,HOÀN THÀNH,"Đã xóa trùng (1 bản duy nhất) (Đã xóa thành công 27 bản trùng thừa, giữ lại bản chính #1)",1,true,Thuyết minh tổng hợp quy hoạch xây dựng vùng dọc tuyến đường ô tô cao tốc Hà Nội Hải Phòng năm 2012,2026-09-21 13:01:22
1469,H31.05.02.H31.09.2012.1765M,HOÀN THÀNH,"Đã xóa trùng (1 bản duy nhất) (Đã xóa thành công 27 bản trùng thừa, giữ lại bản chính #1)",1,true,"Kiểm tra việc tổ chức bán mặt bằng xây dựng nhà ở dự án Khu nhà ở thương mại và dịch vụ Phúc Hưng tại phường Hiến Nam, thành phố Hưng Yên năm2012",2026-09-21 13:01:29
1470,H31.05.02.H31.09.2012.1765F,HOÀN THÀNH,"Đã xóa trùng (1 bản duy nhất) (Đã xóa thành công 27 bản trùng thừa, giữ lại bản chính #1)",1,true,Thẩm định mặt bằng quy hoạch tổng thể các dự án đầu tư trên địa bàn huyện Phù Cừ năm 2012,2026-09-21 13:01:36
1471,H31.05.02.H31.09.2012.1765E,HOÀN THÀNH,"Đã xóa trùng (1 bản duy nhất) (Đã xóa thành công 27 bản trùng thừa, giữ lại bản chính #1)",1,true,Thẩm định mặt bằng quy hoạch tổng thể các dự án đầu tư trên địa bàn huyện Mỹ Hào năm 2012,2026-09-21 13:01:44
1472,H31.05.02.H31.09.2012.1765D,HOÀN THÀNH,"Đã xóa trùng (1 bản duy nhất) (Đã xóa thành công 27 bản trùng thừa, giữ lại bản chính #1)",1,true,Thẩm định mặt bằng quy hoạch tổng thể các dự án đầu tư trên địa bàn huyện Kim Động năm 2012,2026-09-21 13:01:51
1473,H31.05.02.H31.09.2012.1765C,HOÀN THÀNH,"Đã xóa trùng (1 bản duy nhất) (Đã xóa thành công 27 bản trùng thừa, giữ lại bản chính #1)",1,true,Thẩm định mặt bằng quy hoạch tổng thể các dự án đầu tư trên địa bàn huyện Khoái Châu năm 2012.,2026-09-21 13:01:58
1474,H31.05.02.H31.09.2012.1765B,HOÀN THÀNH,"Đã xóa trùng (1 bản duy nhất) (Đã xóa thành công 27 bản trùng thừa, giữ lại bản chính #1)",1,true,Thẩm định mặt bằng quy hoạch tổng thể các dự án đầu tư trên địa bàn thành phố Hưng Yên năm 2012,2026-09-21 13:02:06
1475,H31.05.02.H31.09.2011.2654,HOÀN THÀNH,"Đã xóa trùng (1 bản duy nhất) (Đã xóa thành công 27 bản trùng thừa, giữ lại bản chính #1)",1,true,Mặt bằng quy hoạch tổng thể các dự án đầu tư xây dùng trên địa bàn huyện Khoái Châu năm 2011,2026-09-21 13:02:13
1476,H31.05.02.H31.09.2011.2653,HOÀN THÀNH,"Đã xóa trùng (1 bản duy nhất) (Đã xóa thành công 27 bản trùng thừa, giữ lại bản chính #1)",1,true,"Quy hoạch chi tiết khu đô thị Sơn Nam Plaza, mặt bằng vị trí các căn biệt thự và liền kề tại phường Hồng Châu, thành phố Hưng Yên, năm 2011",2026-09-21 13:02:20
1477,H31.05.02.H31.09.2011.2652,HOÀN THÀNH,"Đã xóa trùng (1 bản duy nhất) (Đã xóa thành công 27 bản trùng thừa, giữ lại bản chính #1)",1,true,Mặt bằng quy hoạch tổng thể các dự án đầu tư xây dựng trên địa bàn thành phố Hưng Yên năm 2011,2026-09-21 13:02:28
1478,H31.05.02.H31.09.2007.2637,HOÀN THÀNH,"Đã xóa trùng (1 bản duy nhất) (Đã xóa thành công 27 bản trùng thừa, giữ lại bản chính #1)",1,true,Mặt bằng quy hoạch tổng thể xây dựng các dự án đầu tư trên địa bàn huyện Văn Lâm giai đoạn 2002 – 2009,2026-09-21 13:02:35
1479,H31.05.02.H31.09.2010.2632,HOÀN THÀNH,"Đã xóa trùng (1 bản duy nhất) (Đã xóa thành công 27 bản trùng thừa, giữ lại bản chính #1)",1,true,Mặt bằng quy hoạch tổng thể xây dựng các dự án đầu tư trên địa bàn huyện Khoái Châu giai đoạn 2007 - 2010,2026-09-21 13:02:42
1480,H31.05.02.H31.09.2009.2631,HOÀN THÀNH,"Đã xóa trùng (1 bản duy nhất) (Đã xóa thành công 27 bản trùng thừa, giữ lại bản chính #1)",1,true,Mặt bằng quy hoạch tổng thể xây dựng các dự án đầu tư trên địa bàn thị xã Hưng Yên giai đoạn 2001-2009,2026-09-21 13:02:50
1481,H31.05.02.H31.09.2009.2630,HOÀN THÀNH,"Đã xóa trùng (1 bản duy nhất) (Đã xóa thành công 27 bản trùng thừa, giữ lại bản chính #1)",1,true,"Nhiệm vụ lập quy hoạch phân khu xây dựng tỷ lệ 1/2000 dự án ĐTXD khu nhà ở cao cấp Sen Hồ và khu nhà ở cao cấp Sen Hồ 2 tại phường Nhân Hòa, TX Mỹ Hào",2026-09-21 13:02:57
1482,H31.05.02.H31.09.2019.2552,HOÀN THÀNH,"Đã xóa trùng (1 bản duy nhất) (Đã xóa thành công 27 bản trùng thừa, giữ lại bản chính #1)",1,true,"Về việc cho ý kiến thẩm định dự án của các doanh nghiệp trên địa bàn xã Tân Lập, huyện Yên Mỹ",2026-09-21 13:03:04
1483,H31.05.02.H31.09.2019.2551,HOÀN THÀNH,"Đã xóa trùng (1 bản duy nhất) (Đã xóa thành công 27 bản trùng thừa, giữ lại bản chính #1)",1,true,"Về việc cho ý kiến thẩm định dự án của các doanh nghiệp trên địa bàn xã Ngọc Long, huyện Yên Mỹ",2026-09-21 13:03:12
1484,H31.05.02.H31.09.2019.2550,HOÀN THÀNH,"Đã xóa trùng (1 bản duy nhất) (Đã xóa thành công 27 bản trùng thừa, giữ lại bản chính #1)",1,true,"Về việc cho ý kiến thẩm định dự án của các doanh nghiệp trên địa bàn xã Nghĩa Hiệp, huyện Yên Mỹ",2026-09-21 13:03:19
1485,H31.05.02.H31.09.2019.2549,HOÀN THÀNH,"Đã xóa trùng (1 bản duy nhất) (Đã xóa thành công 27 bản trùng thừa, giữ lại bản chính #1)",1,true,"Về việc cho ý kiến thẩm định dự án của các doanh nghiệp trên địa bàn xã Minh Châu, huyện Yên Mỹ",2026-09-21 13:03:26
1486,H31.05.02.H31.09.2019.2548,HOÀN THÀNH,"Đã xóa trùng (1 bản duy nhất) (Đã xóa thành công 27 bản trùng thừa, giữ lại bản chính #1)",1,true,"Về việc cho ý kiến thẩm định dự án của các doanh nghiệp trên địa bàn xã Lý Thường Kiệt, huyện Yên Mỹ",2026-09-21 13:03:34
1487,H31.05.02.H31.09.2019.2547,HOÀN THÀNH,"Đã xóa trùng (1 bản duy nhất) (Đã xóa thành công 27 bản trùng thừa, giữ lại bản chính #1)",1,true,"Về việc cho ý kiến thẩm định dự án của các doanh nghiệp trên địa bàn xã Liêu Xá, huyện Yên Mỹ",2026-09-21 13:03:41
1488,H31.05.02.H31.09.2019.2546,HOÀN THÀNH,"Đã xóa trùng (1 bản duy nhất) (Đã xóa thành công 27 bản trùng thừa, giữ lại bản chính #1)",1,true,"Về việc cho ý kiến thẩm định dự án của các doanh nghiệp trên địa bàn xã Hoàn Long, huyện Yên Mỹ",2026-09-21 13:03:48
1489,H31.05.02.H31.09.2018.2299,HOÀN THÀNH,"Đã xóa trùng (1 bản duy nhất) (Đã xóa thành công 26 bản trùng thừa, giữ lại bản chính #1)",1,true,"Về việc chấp thuận Mặt bằng qui hoạch tổng thể điều chỉnh và phương án kiến trúc công trình: Siêu thị Anh Duy tại phường Hiến Nam, thành phố Hưng Yên năm 2018.",2026-09-21 13:03:56
1490,H31.05.02.H31.09.2018.2298,HOÀN THÀNH,"Đã xóa trùng (1 bản duy nhất) (Đã xóa thành công 26 bản trùng thừa, giữ lại bản chính #1)",1,true,"Về việc xác nhận mặt bằng tổng thể hiện trạng xây dựng của dự án Nhà máy nước số 2 TP Hưng Yên tại phường Lê Lợi và phường Hiến Nam, TP Hưng Yên năm 2018.",2026-09-21 13:04:03
1491,H31.05.02.H31.09.2018.2297,HOÀN THÀNH,"Đã xóa trùng (1 bản duy nhất) (Đã xóa thành công 26 bản trùng thừa, giữ lại bản chính #1)",1,true,"Về việc chấp thuận điều chỉnh Mặt bằng qui hoạch tổng thể dự án Trường mầm non Thiên Đức tại phường An Tảo, thành phố Hưng Yên năm 2018.",2026-09-21 13:04:10
1492,H31.05.02.H31.09.2018.2296,HOÀN THÀNH,"Đã xóa trùng (1 bản duy nhất) (Đã xóa thành công 26 bản trùng thừa, giữ lại bản chính #1)",1,true,"Hồ sơ về việc chấp thuận Mặt bằng quy hoạch tổng thể dự án đầu tư xây dựng Đề thờ danh nhân Nguyễn Trung Ngạn tại thị trấn Ân Thi, huyện Ân Thi năm 2019",2026-09-21 13:04:18
1493,H31.05.02.H31.09.2016.2053,HOÀN THÀNH,"Đã xóa trùng (1 bản duy nhất) (Đã xóa thành công 27 bản trùng thừa, giữ lại bản chính #1)",1,true,Hồ sơ về việc cho ý kiến thẩm định dự án của các doanh  nghiệp trên địa bàn huyện Văn Giang,2026-09-21 13:04:25
1494,H31.05.02.H31.09.2012.1781,HOÀN THÀNH,"Đã xóa trùng (1 bản duy nhất) (Đã xóa thành công 27 bản trùng thừa, giữ lại bản chính #1)",1,true,Hồ sơ Thiết kế bản vẽ thi công chợ tạm tại Thành phố Hưng Yên,2026-09-21 13:04:32
1495,H31.05.02.H31.09.1996-1999.01,HOÀN THÀNH,"Đạt chuẩn (1 bản duy nhất) (Hồ sơ chuẩn, không có bản trùng thừa)",1,true,Quy hoạch chung xây dựng thị trấn Kim Động,2026-09-21 13:04:35
1496,H31.05.02.H31.09.1996-1999.03,HOÀN THÀNH,Chưa xử lý,-,false,-,2026-09-19 16:44:21
1497,H31.05.02.H31.09.1996-1999.04,HOÀN THÀNH,Chưa xử lý,-,false,-,2026-09-19 16:44:36
1498,H31.05.02.H31.09.1996-1999.05,HOÀN THÀNH,Chưa xử lý,-,false,-,2026-09-19 16:44:50
1499,H31.05.02.H31.09.1999-2000.06,HOÀN THÀNH,Chưa xử lý,-,false,-,2026-09-19 16:45:04
1500,H31.05.02.H31.09.1999-2000.07,HOÀN THÀNH,Chưa xử lý,-,false,-,2026-09-19 16:45:18
1501,H31.05.02.H31.09.1999-2000.08,HOÀN THÀNH,Chưa xử lý,-,false,-,2026-09-19 16:45:32
1502,H31.05.02.H31.09.2001-2003.09,HOÀN THÀNH,"Đạt chuẩn (1 bản duy nhất) (Hồ sơ chuẩn, không có bản trùng thừa)",1,true,"Quy hoạch chi tiết khu công nghiệp thị xã Hưng Yên, tỉnh Hưng Yên",2026-09-21 13:04:38
1503,H31.05.02.H31.09.2001-2003.10,HOÀN THÀNH,Chưa xử lý,-,false,-,2026-09-19 16:46:00
1504,H31.05.02.H31.09.2001-2003.11,HOÀN THÀNH,Chưa xử lý,-,false,-,2026-09-19 16:46:14
1505,H31.05.02.H31.09.2004.12,HOÀN THÀNH,Chưa xử lý,-,false,-,2026-09-19 16:46:28
1506,H31.05.02.H31.09.2004.13,HOÀN THÀNH,Chưa xử lý,-,false,-,2026-09-19 16:46:42
1507,H31.05.02.H31.09.2004-2005.14,HOÀN THÀNH,Chưa xử lý,-,false,-,2026-09-19 16:46:57
1508,H31.05.02.H31.09.2004-2005.15,HOÀN THÀNH,Chưa xử lý,-,false,-,2026-09-19 16:47:11
1509,H31.05.02.H31.09.2004-2005.16,HOÀN THÀNH,Chưa xử lý,-,false,-,2026-09-19 16:47:25
1510,H31.05.02.H31.09.2005.17,HOÀN THÀNH,Chưa xử lý,-,false,-,2026-09-19 16:47:39
1511,H31.05.02.H31.09.2005.18,HOÀN THÀNH,Chưa xử lý,-,false,-,2026-09-19 16:47:53
1512,H31.05.02.H31.09.2005.19,HOÀN THÀNH,Chưa xử lý,-,false,-,2026-09-19 16:48:08
1513,H31.05.02.H31.09.2005.20,HOÀN THÀNH,Chưa xử lý,-,false,-,2026-09-19 16:48:22
1514,H31.05.02.H31.09.2005.21,HOÀN THÀNH,Chưa xử lý,-,false,-,2026-09-19 16:48:36
1515,H31.05.02.H31.09.2005 - 2006.23,HOÀN THÀNH,Chưa xử lý,-,false,-,2026-09-19 16:48:50
1516,H31.05.02.H31.09.2005 - 2006.24,HOÀN THÀNH,Chưa xử lý,-,false,-,2026-09-19 16:49:04
1517,H31.05.02.H31.09.2005 - 2006.25,HOÀN THÀNH,Chưa xử lý,-,false,-,2026-09-19 16:49:18
1518,H31.05.02.H31.09.2005 - 2006.26,HOÀN THÀNH,Chưa xử lý,-,false,-,2026-09-19 16:49:32
1519,H31.05.02.H31.09.2006.27,HOÀN THÀNH,Chưa xử lý,-,false,-,2026-09-19 16:49:46
1520,H31.05.02.H31.09.2006.28,HOÀN THÀNH,Chưa xử lý,-,false,-,2026-09-19 16:50:01
1521,H31.05.02.H31.09.2006.30,HOÀN THÀNH,"Đã xóa trùng (1 bản duy nhất) (Đã xóa thành công 1 bản trùng thừa, giữ lại bản chính #1)",1,true,Tập lưu Công văn của Sở Xây dựng tỉnh Hưng Yên năm 2006 (từ số 254 - 373),2026-09-21 13:04:48
1522,H31.05.02.H31.09.2006.31,HOÀN THÀNH,Chưa xử lý,-,false,-,2026-09-19 16:50:29
1523,H31.05.02.H31.09.2006.32,HOÀN THÀNH,Chưa xử lý,-,false,-,2026-09-19 16:50:43
1524,H31.05.02.H31.09.2006.33,HOÀN THÀNH,Chưa xử lý,-,false,-,2026-09-19 16:50:57
1525,H31.05.02.H31.09.2006.34,HOÀN THÀNH,Chưa xử lý,-,false,-,2026-09-19 16:51:11
1526,H31.05.02.H31.09.2006.35,HOÀN THÀNH,Chưa xử lý,-,false,-,2026-09-19 16:51:26
1527,H31.05.02.H31.09.2006-2007.36,HOÀN THÀNH,Chưa xử lý,-,false,-,2026-09-19 16:51:40
1528,H31.05.02.H31.09.2006-2007.37,HOÀN THÀNH,Chưa xử lý,-,false,-,2026-09-19 16:51:54
1529,H31.05.02.H31.09.2006-2007.38,HOÀN THÀNH,Chưa xử lý,-,false,-,2026-09-19 16:52:09
1530,H31.05.02.H31.09.2007.39,HOÀN THÀNH,Chưa xử lý,-,false,-,2026-09-19 16:52:23
1531,H31.05.02.H31.09.2007.40,HOÀN THÀNH,"Đạt chuẩn (1 bản duy nhất) (Hồ sơ chuẩn, không có bản trùng thừa)",1,true,"Quy hoạch xây dựng điểm dân cư nông thôn xã Hồng Tiến, huyện Khoái Châu 2007",2026-09-21 13:04:52
1532,H31.05.02.H31.09.2007.41,HOÀN THÀNH,Chưa xử lý,-,false,-,2026-09-19 16:52:51
1533,H31.05.02.H31.09.2007.42,HOÀN THÀNH,Chưa xử lý,-,false,-,2026-09-19 16:53:05
1534,H31.05.02.H31.09.2007.43,HOÀN THÀNH,Chưa xử lý,-,false,-,2026-09-19 16:53:20
1535,H31.05.02.H31.09.2007.44,HOÀN THÀNH,Chưa xử lý,-,false,-,2026-09-19 16:53:34
1536,H31.05.02.H31.09.2007-2008.45,HOÀN THÀNH,Chưa xử lý,-,false,-,2026-09-19 16:53:48
1537,H31.05.02.H31.09.2007-2008.46,HOÀN THÀNH,Chưa xử lý,-,false,-,2026-09-19 16:54:02
1538,H31.05.02.H31.09.2008.47,HOÀN THÀNH,Chưa xử lý,-,false,-,2026-09-19 16:54:16
1539,H31.05.02.H31.09.2008.48,HOÀN THÀNH,Chưa xử lý,-,false,-,2026-09-19 16:54:30
1540,H31.05.02.H31.09.2008.49,HOÀN THÀNH,Chưa xử lý,-,false,-,2026-09-19 16:54:44
1541,H31.05.02.H31.09.2008.50,HOÀN THÀNH,Chưa xử lý,-,false,-,2026-09-19 16:54:59
1542,H31.05.02.H31.09.2008.51,HOÀN THÀNH,Chưa xử lý,-,false,-,2026-09-19 16:55:13
1543,H31.05.02.H31.09.2008.53,HOÀN THÀNH,"Đã xóa trùng (1 bản duy nhất) (Đã xóa thành công 4 bản trùng thừa, giữ lại bản chính #1)",1,true,"Quy hoạch chi tiết xây dựng khu đô thị mới phía Đông huyện Văn Giang - tỉnh Hưng Yên đến năm 2020, tỷ lệ 1\500 năm 2008 (tập 2)",2026-09-21 13:05:00
1544,H31.05.02.H31.09.2008.54,HOÀN THÀNH,"Đã xóa trùng (1 bản duy nhất) (Đã xóa thành công 7 bản trùng thừa, giữ lại bản chính #1)",1,true,Quy hoạch chi tiết tỷ là 1\2000 xây dựng khu đô thị mới phía Đông huyện Văn Giang tới năm 2020 (tập 1),2026-09-21 13:05:07
1545,H31.05.02.H31.09.2008.55,HOÀN THÀNH,Chưa xử lý,-,false,-,2026-09-19 16:55:55
1546,H31.05.02.H31.09.2008.57,HOÀN THÀNH,"Đã xóa trùng (1 bản duy nhất) (Đã xóa thành công 12 bản trùng thừa, giữ lại bản chính #1)",1,true,"Quy hoạch chi tiết tỷ lệ 1\2000 cụm công nghiệp tại xã Tân Tiến, huyện Văn Giang",2026-09-21 13:05:14
1547,H31.05.02.H31.09.2008.58,HOÀN THÀNH,Chưa xử lý,-,false,-,2026-09-19 16:56:24
1548,H31.05.02.H31.09.2008.59,HOÀN THÀNH,Chưa xử lý,-,false,-,2026-09-19 16:56:38
1549,H31.05.02.H31.09.2008.60,HOÀN THÀNH,Chưa xử lý,-,false,-,2026-09-19 16:56:52
1550,H31.05.02.H31.09.2008.61,HOÀN THÀNH,Chưa xử lý,-,false,-,2026-09-19 16:57:06
1551,H31.05.02.H31.09.2009.62,HOÀN THÀNH,Chưa xử lý,-,false,-,2026-09-19 16:57:20
1552,H31.05.02.H31.09.2009.63,HOÀN THÀNH,"Đã xóa trùng (1 bản duy nhất) (Đã xóa thành công 5 bản trùng thừa, giữ lại bản chính #1)",1,true,"Quy hoạch chi tiết xây dựng tỷ lệ 1\500 Khu sinh thái Hoàng Gia Hồ An Vũ, thành phố Hưng Yên, tỉnh Hưng Yên năm 2009 (tập 2)",2026-09-21 13:05:22
1553,H31.05.02.H31.09.2009.64,HOÀN THÀNH,"Đã xóa trùng (1 bản duy nhất) (Đã xóa thành công 7 bản trùng thừa, giữ lại bản chính #1)",1,true,"Hồ sơ quy hoạch xây dựng điểm dân cư nông thôn xã Dân Tiến, huyện Khoái Châu",2026-09-21 13:05:29
1554,H31.05.02.H31.09.2009.65,HOÀN THÀNH,"Đã xóa trùng (1 bản duy nhất) (Đã xóa thành công 2 bản trùng thừa, giữ lại bản chính #1)",1,true,"Hồ sơ quy hoạch 1\500 Làng du lịch sinh thái Vũ Hưng tại xã Hiệp Cường và Ngọc Thanh, huyện Kim Động",2026-09-21 13:05:36
1555,H31.05.02.H31.09.2009.66,HOÀN THÀNH,Chưa xử lý,-,false,-,2026-09-19 16:58:17
1556,H31.05.02.H31.09.2009.67,HOÀN THÀNH,"Đã xóa trùng (1 bản duy nhất) (Đã xóa thành công 5 bản trùng thừa, giữ lại bản chính #1)",1,true,"Hồ sơ quy hoạch xây dựng điểm dân cư nông thôn xã Song Mai, huyện Kim Động",2026-09-21 13:05:43
1557,H31.05.02.H31.09.2009.68,HOÀN THÀNH,Chưa xử lý,-,false,-,2026-09-19 16:58:46
1558,H31.05.02.H31.09.2009.69,HOÀN THÀNH,"Đã xóa trùng (1 bản duy nhất) (Đã xóa thành công 4 bản trùng thừa, giữ lại bản chính #1)",1,true,"Điều chỉnh quy hoạch chung tỷ lệ 1\2000 thị trấn Vương, huyện Tiên Lữ, tỉnh Hưng Yên.",2026-09-21 13:05:50
1559,H31.05.02.H31.09.2009.70,HOÀN THÀNH,"Đã xóa trùng (1 bản duy nhất) (Đã xóa thành công 4 bản trùng thừa, giữ lại bản chính #1)",1,true,"Quy hoạch khu tái định cư xã Cửu Cao, huyện Văn Giang, tỉnh Hưng Yên.",2026-09-21 13:05:57
1560,H31.05.02.H31.09.2009.71,HOÀN THÀNH,"Đã xóa trùng (1 bản duy nhất) (Đã xóa thành công 5 bản trùng thừa, giữ lại bản chính #1)",1,true,"Quy hoạch chi tiết khu công nghiệp Phố Nối A mở rộng tỷ lệ 1\2000 tỉnh Hưng Yên tại huyện Văn Lâm, huyện Mỹ Hào",2026-09-21 13:06:04
1561,H31.05.02.H31.09.2009.72,HOÀN THÀNH,"Đã xóa trùng (1 bản duy nhất) (Đã xóa thành công 2 bản trùng thừa, giữ lại bản chính #1)",1,true,"Hồ sơ Quy hoạch xây dựng điểm dân cư nông thôn xã Đại Đồng, huyện Văn Lâm năm 2009.",2026-09-21 13:06:11
1562,H31.05.02.H31.09.2009.73,HOÀN THÀNH,"Đã xóa trùng (1 bản duy nhất) (Đã xóa thành công 2 bản trùng thừa, giữ lại bản chính #1)",1,true,"Quy hoạch chi tiết xây dựng tỷ lệ 1\500 chợ và khu nhà ở thương mại Yên Mỹ, tỉnh Hưng Yên",2026-09-21 13:06:18
1563,H31.05.02.H31.09.2009.74,HOÀN THÀNH,Chưa xử lý,-,false,-,2026-09-19 17:00:11
1564,H31.05.02.H31.09.2009.75,HOÀN THÀNH,Chưa xử lý,-,false,-,2026-09-19 17:00:25
1565,H31.05.02.H31.09.2009.76,HOÀN THÀNH,Chưa xử lý,-,false,-,2026-09-19 17:00:39
1566,H31.05.02.H31.09.2010.78,HOÀN THÀNH,"Đã xóa trùng (1 bản duy nhất) (Đã xóa thành công 4 bản trùng thừa, giữ lại bản chính #1)",1,true,"Hồ sơ quy hoạch chi tiết xây dựng tỷ lệ 1\500 phục dựng Chùa Nguyệt Đường Thiền viện Trúc Lâm Hương Hải, phường Lam Sơn, TP Hưng Yên năm 2010",2026-09-21 13:06:26
1567,H31.05.02.H31.09.2010.79,HOÀN THÀNH,"Đã xóa trùng (1 bản duy nhất) (Đã xóa thành công 7 bản trùng thừa, giữ lại bản chính #1)",1,true,"Hồ sơ quy hoạch chi tiết xây dựng tỉ lệ 1\500 Chợ và hạ tầng kĩ thuật khu nhà ở thương mại huyện Khoái Châu tại xã Dân Tiến, huyện Khoái Châu năm 2010 (tập 1)",2026-09-21 13:06:33
1568,H31.05.02.H31.09.2010.80,HOÀN THÀNH,Chưa xử lý,-,false,-,2026-09-19 17:01:22
1569,H31.05.02.H31.09.2010.81,HOÀN THÀNH,Chưa xử lý,-,false,-,2026-09-19 17:01:36
1570,H31.05.02.H31.09.2010.82,HOÀN THÀNH,Chưa xử lý,-,false,-,2026-09-19 17:01:50
1571,H31.05.02.H31.09.2010.83,HOÀN THÀNH,"Đạt chuẩn (1 bản duy nhất) (Hồ sơ chuẩn, không có bản trùng thừa)",1,true,"Quy hoạch xây dựng điểm dân cư nông nông xã An Viên, huyện Tiến Lữ năm 2010",2026-09-21 13:06:35
1572,H31.05.02.H31.09.2010.84,HOÀN THÀNH,Chưa xử lý,-,false,-,2026-09-19 17:02:18
1573,H31.05.02.H31.09.2010.85,HOÀN THÀNH,"Đã xóa trùng (1 bản duy nhất) (Đã xóa thành công 7 bản trùng thừa, giữ lại bản chính #1)",1,true,"Quy hoạch chi tiết xây dựng khu đô thị Đại An tỷ lệ 1\2000 huyện Văn Lâm, Văn Giang, tỉnh Hưng Yên năm 2009",2026-09-21 13:06:42
1574,H31.05.02.H31.09.2010.86,HOÀN THÀNH,Chưa xử lý,-,false,-,2026-09-19 17:02:46
1575,H31.05.02.H31.09.2010.87,HOÀN THÀNH,Chưa xử lý,-,false,-,2026-09-19 17:03:00
1576,H31.05.02.H31.09.2011.100,HOÀN THÀNH,"Đã xóa trùng (1 bản duy nhất) (Đã xóa thành công 2 bản trùng thừa, giữ lại bản chính #1)",1,true,"Hồ sơ quy hoạch chi tiết tỷ lệ 1\500 khu nhà ở và dịch vụ đô thị Yên Sơn, Nhân Hòa tại xã Nhân Hòa - tỉnh Hưng Yên",2026-09-21 13:06:50
1577,H31.05.02.H31.09.2011.101,HOÀN THÀNH,Chưa xử lý,-,false,-,2026-09-19 17:03:29
1578,H31.05.02.H31.09.2011.102,HOÀN THÀNH,Chưa xử lý,-,false,-,2026-09-19 17:03:43
1579,H31.05.02.H31.09.2011.103,HOÀN THÀNH,Chưa xử lý,-,false,-,2026-09-19 17:03:57
1580,H31.05.02.H31.09.2011.104,HOÀN THÀNH,Chưa xử lý,-,false,-,2026-09-19 17:04:11
1581,H31.05.02.H31.09.2011.105,HOÀN THÀNH,Chưa xử lý,-,false,-,2026-09-19 17:04:25
1582,H31.05.02.H31.09.2011.106,HOÀN THÀNH,"Đã xóa trùng (1 bản duy nhất) (Đã xóa thành công 9 bản trùng thừa, giữ lại bản chính #1)",1,true,"Quy hoạch chi tiết tỷ lệ 1\500 khu nhà ở và dịch vụ đô thị, công nghiệp. Như Quỳnh, huyện Văn Lâm (tập 1).",2026-09-21 13:06:57
1583,H31.05.02.H31.09.2011.107,HOÀN THÀNH,"Đã xóa trùng (1 bản duy nhất) (Đã xóa thành công 11 bản trùng thừa, giữ lại bản chính #1)",1,true,"Quy hoạch chi tiết tỷ lệ 1\500 khu nhà ở và dịch vụ đô thị, công nghiệp Như Quỳnh, huyện Văn Lâm (tập 2)",2026-09-21 13:07:05
1584,H31.05.02.H31.09.2011.108,HOÀN THÀNH,"Đã xóa trùng (1 bản duy nhất) (Đã xóa thành công 4 bản trùng thừa, giữ lại bản chính #1)",1,true,Điều chỉnh quy hoạch chi tiết KCN Phố Nối A đô thi phố Nối - tỉnh Hưng Yên tỷ lệ 1\2000 tại huyện Văn Lâm,2026-09-21 13:07:11
1585,H31.05.02.H31.09.2011.109,HOÀN THÀNH,"Đạt chuẩn (1 bản duy nhất) (Hồ sơ chuẩn, không có bản trùng thừa)",1,true,"Quy hoạch phân khu tỷ lệ 1\2000 khu nhà ở và dịch vụ đô thị, công nghiệp Như Quỳnh, huyện Văn Lâm",2026-09-21 13:07:14
1586,H31.05.02.H31.09.2011.110,HOÀN THÀNH,Chưa xử lý,-,false,-,2026-09-19 17:05:36
1587,H31.05.02.H31.09.2011.111,HOÀN THÀNH,Chưa xử lý,-,false,-,2026-09-19 17:05:50
1588,H31.05.02.H31.09.2011.112,HOÀN THÀNH,Chưa xử lý,-,false,-,2026-09-19 17:06:04
1589,H31.05.02.H31.09.2011.113,HOÀN THÀNH,Chưa xử lý,-,false,-,2026-09-19 17:06:18
1590,H31.05.02.H31.09.2011.114,HOÀN THÀNH,Chưa xử lý,-,false,-,2026-09-19 17:06:32
1591,H31.05.02.H31.09.2011.88,HOÀN THÀNH,Chưa xử lý,-,false,-,2026-09-19 17:06:46
1592,H31.05.02.H31.09.2011.89,HOÀN THÀNH,Chưa xử lý,-,false,-,2026-09-19 17:07:00
1593,H31.05.02.H31.09.2011.91,HOÀN THÀNH,Chưa xử lý,-,false,-,2026-09-19 17:07:14
1594,H31.05.02.H31.09.2011.92,HOÀN THÀNH,"Đã xóa trùng (1 bản duy nhất) (Đã xóa thành công 5 bản trùng thừa, giữ lại bản chính #1)",1,true,"Quy hoạch chi tiết xây dựng tỷ lệ 1\500 phân khu B Khu đô thị mới phía Bắc quốc lộ 5, huyện Mỹ Hào - tỉnh Hưng Yên (tập2)",2026-09-21 13:07:22
1595,H31.05.02.H31.09.2011.93,HOÀN THÀNH,"Đã xóa trùng (1 bản duy nhất) (Đã xóa thành công 2 bản trùng thừa, giữ lại bản chính #1)",1,true,"Quy hoạch chi tiết xây dựng tỷ lệ 1\500 phân khu B Khu đô thị mới phía Bắc quốc lộ 5 huyện Mỹ Hào, tỉnh Hưng Yên (tập 3)",2026-09-21 13:07:29
1596,H31.05.02.H31.09.2011.94,HOÀN THÀNH,"Đã xóa trùng (1 bản duy nhất) (Đã xóa thành công 2 bản trùng thừa, giữ lại bản chính #1)",1,true,"Quy hoạch chi tiết xây dựng tỷ lộ 1\500  phân khu B Khu đô thị mới Phía Bắc quốc lộ 5, huyện Mỹ Hào - tỉnh Hưng Yên (tập 4)",2026-09-21 13:07:36
1597,H31.05.02.H31.09.2011.95,HOÀN THÀNH,Chưa xử lý,-,false,-,2026-09-19 17:08:11
1598,H31.05.02.H31.09.2011.96,HOÀN THÀNH,Chưa xử lý,-,false,-,2026-09-19 17:08:25
1599,H31.05.02.H31.09.2011.97,HOÀN THÀNH,"Đã xóa trùng (1 bản duy nhất) (Đã xóa thành công 7 bản trùng thừa, giữ lại bản chính #1)",1,true,"Quy hoạch chi tiết tỷ lệ 1\500 phân khu B khu đô thị mới Phố Nối - tỉnh Hưng Yên, huyện Mỹ Hào",2026-09-21 13:07:43
1600,H31.05.02.H31.09.2011.98,HOÀN THÀNH,"Đã xóa trùng (1 bản duy nhất) (Đã xóa thành công 4 bản trùng thừa, giữ lại bản chính #1)",1,true,"Đồ án quy hoạch xây dựng điều chỉnh quy hoạch công trình xây dựng 1\2000 khu công nghiệp Dệt may Phố Nối giai đoạn 2 tại Yên Mỹ, huyện Mỹ Hào",2026-09-21 13:07:50
1601,H31.05.02.H31.09.2011.99,HOÀN THÀNH,"Đã xóa trùng (1 bản duy nhất) (Đã xóa thành công 5 bản trùng thừa, giữ lại bản chính #1)",1,true,"Hồ sơ Quy hoạch công trình 1\500 trường Đại học Sư phạm kỹ thuật Hưng Yên (cơ sở 2) tại xã Nhân Hòa, huyện Mỹ Hào",2026-09-21 13:07:57
1602,H31.05.02.H31.09.2011-2012.115,HOÀN THÀNH,Chưa xử lý,-,false,-,2026-09-19 17:09:22
1603,H31.05.02.H31.09.2011-2012.116,HOÀN THÀNH,Chưa xử lý,-,false,-,2026-09-19 17:09:36
1604,H31.05.02.H31.09.2012.117,HOÀN THÀNH,"Đã xóa trùng (1 bản duy nhất) (Đã xóa thành công 4 bản trùng thừa, giữ lại bản chính #1)",1,true,"Quy hoạch chung xây dựng khu Bô Thời - Dân Tiến (gọi là đô thị Châu Hưng), huyện Khoái Châu, tình Hưng Yên đến năm 2020, tầm nhìn đến năm 2030",2026-09-21 13:08:04
1605,H31.05.02.H31.09.2012.118,HOÀN THÀNH,"Đã xóa trùng (1 bản duy nhất) (Đã xóa thành công 10 bản trùng thừa, giữ lại bản chính #1)",1,true,"Về việc điều chỉnh quy hoạch chung xây dựng thị trấn Lương Bằng, huyện Kim Động, tỉnh Hưng Yên đến năm 2025",2026-09-21 13:08:11
1606,H31.05.02.H31.09.2012.119,HOÀN THÀNH,Chưa xử lý,-,false,-,2026-09-19 17:10:18
1607,H31.05.02.H31.09.2012.120,HOÀN THÀNH,Chưa xử lý,-,false,-,2026-09-19 17:10:32
1608,H31.05.02.H31.09.2012.121,HOÀN THÀNH,Chưa xử lý,-,false,-,2026-09-19 17:10:46
1609,H31.05.02.H31.09.2012.122,HOÀN THÀNH,Chưa xử lý,-,false,-,2026-09-19 17:11:00
1610,H31.05.02.H31.09.2012.123,HOÀN THÀNH,Chưa xử lý,-,false,-,2026-09-19 17:11:14
1611,H31.05.02.H31.09.2012.124,HOÀN THÀNH,Chưa xử lý,-,false,-,2026-09-19 17:11:29
1612,H31.05.02.H31.09.2012.125,HOÀN THÀNH,Chưa xử lý,-,false,-,2026-09-19 17:11:43
1613,H31.05.02.H31.09.2012.126,HOÀN THÀNH,Chưa xử lý,-,false,-,2026-09-19 17:11:57
1614,H31.05.02.H31.09.2012.127,HOÀN THÀNH,Chưa xử lý,-,false,-,2026-09-19 17:12:11
1615,H31.05.02.H31.09.2012-2013.128,HOÀN THÀNH,Chưa xử lý,-,false,-,2026-09-19 17:12:25
1616,H31.05.02.H31.09.2012-2013.129,HOÀN THÀNH,Chưa xử lý,-,false,-,2026-09-19 17:12:39
1617,H31.05.02.H31.09.2012-2013.130,HOÀN THÀNH,Chưa xử lý,-,false,-,2026-09-19 17:12:53
1618,H31.05.02.H31.09.2013.131,HOÀN THÀNH,Chưa xử lý,-,false,-,2026-09-19 17:13:07
1619,H31.05.02.H31.09.2013.132,HOÀN THÀNH,Chưa xử lý,-,false,-,2026-09-19 17:13:21
1620,H31.05.02.H31.09.2013.133,HOÀN THÀNH,Chưa xử lý,-,false,-,2026-09-19 17:13:36
1621,H31.05.02.H31.09.2013.134,HOÀN THÀNH,Chưa xử lý,-,false,-,2026-09-19 17:13:50
1622,H31.05.02.H31.09.2013.137,HOÀN THÀNH,Chưa xử lý,-,false,-,2026-09-19 17:14:04
1623,H31.05.02.H31.09.2014.139,HOÀN THÀNH,Chưa xử lý,-,false,-,2026-09-19 17:14:18
1624,H31.05.02.H31.09.2014.140,HOÀN THÀNH,Chưa xử lý,-,false,-,2026-09-19 17:14:32
1625,H31.05.02.H31.09.2014.141,HOÀN THÀNH,Chưa xử lý,-,false,-,2026-09-19 17:14:46
1626,H31.05.02.H31.09.2014.142,HOÀN THÀNH,Chưa xử lý,-,false,-,2026-09-19 17:15:00
1627,H31.05.02.H31.09.2014.143,HOÀN THÀNH,"Đạt chuẩn (1 bản duy nhất) (Hồ sơ chuẩn, không có bản trùng thừa)",1,true,"Điều chỉnh cục bộ Quy hoạch chi tiết xây dựng tỷ lệ 1\500 cải tạo, chỉnh trang hạ tầng kỹ thuật khu vực thôn Văn Nhuế, huyện Mỹ Hào, tỉnh Hưng Yên (tập 3)",2026-09-21 13:08:17
1628,H31.05.02.H31.09.2014.144,HOÀN THÀNH,Chưa xử lý,-,false,-,2026-09-19 17:15:28
1629,H31.05.02.H31.09.2014.145,HOÀN THÀNH,Chưa xử lý,-,false,-,2026-09-19 17:15:43
1630,H31.05.02.H31.09.2014.146,HOÀN THÀNH,Chưa xử lý,-,false,-,2026-09-19 17:15:57
1631,H31.05.02.H31.09.2014-2015.147,HOÀN THÀNH,Chưa xử lý,-,false,-,2026-09-19 17:16:11
1632,H31.05.02.H31.09.2014-2015.148,HOÀN THÀNH,"Đạt chuẩn (1 bản duy nhất) (Hồ sơ chuẩn, không có bản trùng thừa)",1,true,"Hồ sơ quy hoạch chi tiết xây dựng tỷ lệ 1\500 Khu liên hợp thể dục thể thao tỉnh Hưng Yên tại phường Hiến Nam & xã Liên Phương, thành phố Hưng Yên",2026-09-21 13:08:20
1633,H31.05.02.H31.09.2014-2015.149,HOÀN THÀNH,Chưa xử lý,-,false,-,2026-09-19 17:16:39
1634,H31.05.02.H31.09.2015.150,HOÀN THÀNH,Chưa xử lý,-,false,-,2026-09-19 17:16:53
1635,H31.05.02.H31.09.2015.151,HOÀN THÀNH,Chưa xử lý,-,false,-,2026-09-19 17:17:07
1636,H31.05.02.H31.09.2015.152,HOÀN THÀNH,Chưa xử lý,-,false,-,2026-09-19 17:17:21
1637,H31.05.02.H31.09.2015.153,HOÀN THÀNH,Chưa xử lý,-,false,-,2026-09-19 17:17:35
1638,H31.05.02.H31.09.2015.154,HOÀN THÀNH,Chưa xử lý,-,false,-,2026-09-19 17:17:49
1639,H31.05.02.H31.09.2015.155,HOÀN THÀNH,"Đạt chuẩn (1 bản duy nhất) (Hồ sơ chuẩn, không có bản trùng thừa)",1,true,Điều chỉnh cục bộ Quy hoạch chi tiết xây dựng tỷ lệ 1\500 Phân khu 9-12 Khu đô thị thương mại và du lịch Văn Giang (Ecopark) năm 2013-2015 (tập 1),2026-09-21 13:08:23
1640,H31.05.02.H31.09.2015.156,HOÀN THÀNH,Chưa xử lý,-,false,-,2026-09-19 17:18:18
1641,H31.05.02.H31.09.2015.157,HOÀN THÀNH,"Đạt chuẩn (1 bản duy nhất) (Hồ sơ chuẩn, không có bản trùng thừa)",1,true,"Quy hoạch chi tiết xây dựng tỉ lệ 1\500 Chợ và khu nhà ở thương mại Như Quỳnh, huyện Văn Lâm (tập 1)",2026-09-21 13:08:26
1642,H31.05.02.H31.09.2015.158,HOÀN THÀNH,Chưa xử lý,-,false,-,2026-09-19 17:18:46
1643,H31.05.02.H31.09.2015-2016.159,HOÀN THÀNH,Chưa xử lý,-,false,-,2026-09-19 17:19:00
1644,H31.05.02.H31.09.2015-2016.160,HOÀN THÀNH,"Đạt chuẩn (1 bản duy nhất) (Hồ sơ chuẩn, không có bản trùng thừa)",1,true,"Quy hoạch chi tiết Bến xe Mỹ Hào và khu nhà ở tỷ lệ 1\500, huyện Mỹ Hào, tỉnh Hưng Yên",2026-09-21 13:08:28
1645,H31.05.02.H31.09.2015-2016.161,HOÀN THÀNH,Chưa xử lý,-,false,-,2026-09-19 17:19:28
1646,H31.05.02.H31.09.2016.162,HOÀN THÀNH,Chưa xử lý,-,false,-,2026-09-19 17:19:42
1647,H31.05.02.H31.09.2016.163,HOÀN THÀNH,"Đạt chuẩn (1 bản duy nhất) (Hồ sơ chuẩn, không có bản trùng thừa)",1,true,Quy hoạch chi tiết xây dựng tỷ lệ 1\500 phân khu A thuộc đô thị Xuân Thành Land - Văn Giang tại xã Long Hưng - huyện Văn Giang năm 2015 (tập 2),2026-09-21 13:08:31
1648,H31.05.02.H31.09.2016.165,HOÀN THÀNH,"Đạt chuẩn (1 bản duy nhất) (Hồ sơ chuẩn, không có bản trùng thừa)",1,true,Điều chỉnh quy hoạch chi tiết xây dựng tỷ lệ là 1\500 Khu đô thị thương mại và du lịch Văn Giang (Ecopark) năm 2016 (tập 1),2026-09-21 13:08:33
1649,H31.05.02.H31.09.2016.167,HOÀN THÀNH,Chưa xử lý,-,false,-,2026-09-19 17:20:25
1650,H31.05.02.H31.09.2016.168,HOÀN THÀNH,Chưa xử lý,-,false,-,2026-09-19 17:20:39
1651,H31.05.02.H31.09.2016.169,HOÀN THÀNH,Chưa xử lý,-,false,-,2026-09-19 17:20:53
1652,H31.05.02.H31.09.2016.170,HOÀN THÀNH,Chưa xử lý,-,false,-,2026-09-19 17:21:07
1653,H31.05.02.H31.09.2016.171,HOÀN THÀNH,Chưa xử lý,-,false,-,2026-09-19 17:21:22
1654,H31.05.02.H31.09.2016-2017.172,HOÀN THÀNH,Chưa xử lý,-,false,-,2026-09-19 17:21:36
1655,H31.05.02.H31.09.2016-2017.173,HOÀN THÀNH,Chưa xử lý,-,false,-,2026-09-19 17:21:57
1656,H31.05.02.H31.09.2017.174,HOÀN THÀNH,Chưa xử lý,-,false,-,2026-09-19 17:22:11
1657,H31.05.02.H31.09.2017.175,CẦN SCAN LẠI,Không tìm thấy hồ sơ (Không tìm thấy hồ sơ nào với mã này trên hệ thống Vinasynet),0,false,-,2026-09-21 13:08:39
1658,H31.05.02.H31.09.2017.176,CẦN SCAN LẠI,Không tìm thấy hồ sơ (Không tìm thấy hồ sơ nào với mã này trên hệ thống Vinasynet),0,false,-,2026-09-21 13:08:42
1659,H31.05.02.H31.09.2017.177,HOÀN THÀNH,"Đạt chuẩn (1 bản duy nhất) (Hồ sơ chuẩn, không có bản trùng thừa)",1,true,Quy hoạch phân khu tỷ lệ 1\2000 Khu Đại học Phổ thiến tính thúng Yên. năm 2011-2015 (tập 2).,2026-09-21 13:08:44
1660,H31.05.02.H31.09.2017.178,HOÀN THÀNH,Chưa xử lý,-,false,-,2026-09-19 17:23:07
1661,H31.05.02.H31.09.2017.179,HOÀN THÀNH,Chưa xử lý,-,false,-,2026-09-19 17:23:21
1662,H31.05.02.H31.09.2017.180,HOÀN THÀNH,"Đạt chuẩn (1 bản duy nhất) (Hồ sơ chuẩn, không có bản trùng thừa)",1,true,Quy hoạch phân khu tỷ lệ 1\2000 Khu Đại học Phố Hiến - tỉnh Hưng Yên (tập 5),2026-09-21 13:08:47
1663,H31.05.02.H31.09.2017.181,HOÀN THÀNH,Chưa xử lý,-,false,-,2026-09-19 17:23:49
1664,H31.05.02.H31.09.2019.182,HOÀN THÀNH,Chưa xử lý,-,false,-,2026-09-19 17:24:03
1665,H31.05.02.H31.09.2017.183,CẦN SCAN LẠI,Không tìm thấy hồ sơ (Không tìm thấy hồ sơ nào với mã này trên hệ thống Vinasynet),0,false,-,2026-09-21 13:08:51
1666,H31.05.02.H31.09.2017.184,HOÀN THÀNH,"Đạt chuẩn (1 bản duy nhất) (Hồ sơ chuẩn, không có bản trùng thừa)",1,true,"Điều chỉnh quy hoạch chi tiết xây dựng tỷ lệ 11500 Khu dân cư mới NU-10. Khu Đại học Phố Hiến tại xã Nhật Tân, huyện Tiên Lữ (tập 2)",2026-09-21 13:08:53
1667,H31.05.02.H31.09.2017.185,HOÀN THÀNH,Chưa xử lý,-,false,-,2026-09-19 17:24:45
1668,H31.05.02.H31.09.2017.186,HOÀN THÀNH,Chưa xử lý,-,false,-,2026-09-19 17:25:00
1669,H31.05.02.H31.09.2017.187,HOÀN THÀNH,Chưa xử lý,-,false,-,2026-09-19 17:25:14
1670,H31.05.02.H31.09.2017.188,HOÀN THÀNH,Chưa xử lý,-,false,-,2026-09-19 17:25:28
1671,H31.05.02.H31.09.2017.189,HOÀN THÀNH,Chưa xử lý,-,false,-,2026-09-19 17:25:42
1672,H31.05.02.H31.09.2017.190,HOÀN THÀNH,Chưa xử lý,-,false,-,2026-09-19 17:25:56
1673,H31.05.02.H31.09.2017.191,HOÀN THÀNH,Chưa xử lý,-,false,-,2026-09-19 17:26:10
1674,H31.05.02.H31.09.2017.192,HOÀN THÀNH,Chưa xử lý,-,false,-,2026-09-19 17:26:24
1675,H31.05.02.H31.09.2017.193,HOÀN THÀNH,"Đạt chuẩn (1 bản duy nhất) (Hồ sơ chuẩn, không có bản trùng thừa)",1,true,"Hồ sơ quy hoạch chi tiết phường Phan Đình Phùng, thị xã Mỹ Hào, tỉnh Hưng Yên tỷ lệ 1\500",2026-09-21 13:08:57
1676,H31.05.02.H31.09.2017.194,HOÀN THÀNH,Chưa xử lý,-,false,-,2026-09-19 17:26:52
1677,H31.05.02.H31.09.2017.195,HOÀN THÀNH,Chưa xử lý,-,false,-,2026-09-19 17:27:06
1678,H31.05.02.H31.09.2017.196,HOÀN THÀNH,Chưa xử lý,-,false,-,2026-09-19 17:27:20
1679,H31.05.02.H31.09.2017.197,HOÀN THÀNH,Chưa xử lý,-,false,-,2026-09-19 17:27:34
1680,H31.05.02.H31.09.2017.198,HOÀN THÀNH,Chưa xử lý,-,false,-,2026-09-19 17:27:48
1681,H31.05.02.H31.09.2017.199,HOÀN THÀNH,Chưa xử lý,-,false,-,2026-09-19 17:28:03
1682,H31.05.02.H31.09.2017.200,HOÀN THÀNH,Chưa xử lý,-,false,-,2026-09-19 17:28:17
1683,H31.05.02.H31.09.2017.201,HOÀN THÀNH,Chưa xử lý,-,false,-,2026-09-19 17:28:31
1684,H31.05.02.H31.09.2017.202,HOÀN THÀNH,"Đạt chuẩn (1 bản duy nhất) (Hồ sơ chuẩn, không có bản trùng thừa)",1,true,"Hồ sơ quy hoạch chi tiết xây dựng tỷ lệ 1\500 khu biệt thự và nhà phố vườn Vạn Tuế (Sago Palm Garden) tại xã Phụng Công, huyện Văn Giang năm 2018",2026-09-21 13:09:01
1685,H31.05.02.H31.09.2017.205,HOÀN THÀNH,Chưa xử lý,-,false,-,2026-09-19 17:28:59
1686,H31.05.02.H31.09.2017.206,HOÀN THÀNH,Chưa xử lý,-,false,-,2026-09-19 17:29:13
1687,H31.05.02.H31.09.2017.207,HOÀN THÀNH,Chưa xử lý,-,false,-,2026-09-19 17:29:27
1688,H31.05.02.H31.09.2017.208,HOÀN THÀNH,"Đã xóa trùng (1 bản duy nhất) (Đã xóa thành công 3 bản trùng thừa, giữ lại bản chính #1)",1,true,"Về việc chấp thuận mặt bằng quy hoạch tổng thể dự án đầu tư xây dựng: Trạm biến áp 110KV Bãi Sậy và hướng tuyến đường dây đấu nối 110KV tại xã Bãi Sậy, huyện Ân Thi",2026-09-21 13:09:08
1689,H31.05.02.H31.09.2017.209,HOÀN THÀNH,"Đã xóa trùng (1 bản duy nhất) (Đã xóa thành công 9 bản trùng thừa, giữ lại bản chính #1)",1,true,"Về việc chấp thuận điều chỉnh Mặt bằng quy hoạch tổng thể dự án đầu tư xây dựng tòa nhà hỗn hợp cao tầng và khu nhà ở để bán tại thị trấn Bần Yên Nhân, huyện Mỹ Hào",2026-09-21 13:09:16
1690,H31.05.02.H31.09.2017.210,HOÀN THÀNH,"Đã xóa trùng (1 bản duy nhất) (Đã xóa thành công 9 bản trùng thừa, giữ lại bản chính #1)",1,true,"Về việc chấp thuận mặt bằng quy hoạch tổng thể điều chỉnh dự án Trường Tiểu học, THCS và THPT Hồng Đức và phương án kiến trúc công trình: Nhà lớp học và nghỉ giáo viên (Trường THPT Hồng Đức) tại xã Nhân Hòa, huyện Mỹ Hào",2026-09-21 13:09:23
1691,H31.05.02.H31.09.2017.211,HOÀN THÀNH,"Đã xóa trùng (1 bản duy nhất) (Đã xóa thành công 10 bản trùng thừa, giữ lại bản chính #1)",1,true,"Về việc chấp thuận mặt bằng quy hoach tổng thể dự án đầu tư xây dựng Quỹ tín dụng nhân dân Dị Chế, huyện Tiên Lữ",2026-09-21 13:09:30
1692,H31.05.02.H31.09.2017-2018.212,HOÀN THÀNH,Chưa xử lý,-,false,-,2026-09-19 17:30:39
1693,H31.05.02.H31.09.2017-2018.213,HOÀN THÀNH,Chưa xử lý,-,false,-,2026-09-19 17:30:53
1694,H31.05.02.H31.09.2018.214,HOÀN THÀNH,Chưa xử lý,-,false,-,2026-09-19 17:31:07
1695,H31.05.02.H31.09.2018.215,HOÀN THÀNH,Chưa xử lý,-,false,-,2026-09-19 17:31:21
1696,H31.05.02.H31.09.2018.216,HOÀN THÀNH,"Đạt chuẩn (1 bản duy nhất) (Hồ sơ chuẩn, không có bản trùng thừa)",1,true,"Quy hoạch chi tiết xây dựng tỷ lệ 1\500 Cụm công nghiệp Tân Dân - Khoái Châu tại xã Tân Dân, huyện Khoái Châu",2026-09-21 13:09:33
1697,H31.05.02.H31.09.2018.217,HOÀN THÀNH,Chưa xử lý,-,false,-,2026-09-19 17:31:49
1698,H31.05.02.H31.09.2018.218,HOÀN THÀNH,Chưa xử lý,-,false,-,2026-09-19 17:32:04
1699,H31.05.02.H31.09.2018.219,HOÀN THÀNH,Chưa xử lý,-,false,-,2026-09-19 17:32:18
1700,H31.05.02.H31.09.2018.220,HOÀN THÀNH,"Đã xóa trùng (1 bản duy nhất) (Đã xóa thành công 1 bản trùng thừa, giữ lại bản chính #1)",1,true,"Phê duyệt nhiệm vụ quy hoạch chi tiết tỷ lệ 1/500 dự án tổ hợp thương mại, dịch vụ nhà ở cao cấp LAVIDA CTREEN tại xã Nghĩa Hiệp, huyện Yên Mỹ",2026-09-21 13:09:40
1701,H31.05.02.H31.09.2018.221,HOÀN THÀNH,Chưa xử lý,-,false,-,2026-09-19 17:32:46
1702,H31.05.02.H31.09.2018.222,HOÀN THÀNH,Chưa xử lý,-,false,-,2026-09-19 17:33:00
1703,H31.05.02.H31.09.2018.223,HOÀN THÀNH,"Đạt chuẩn (1 bản duy nhất) (Hồ sơ chuẩn, không có bản trùng thừa)",1,true,"Quy hoạch chi tiết xây dựng tỷ lệ 1\500 Khu nhà ở liên kề để bán Green Sea City tại thị trấn Bần Yên Nhân, huyện Mỹ Hào, tỉnh Hưng Yên",2026-09-21 13:09:43
1704,H31.05.02.H31.09.2018.224,HOÀN THÀNH,Chưa xử lý,-,false,-,2026-09-19 17:33:28
1705,H31.05.02.H31.09.2018.225,HOÀN THÀNH,Chưa xử lý,-,false,-,2026-09-19 17:33:42
1706,H31.05.02.H31.09.2018.226,HOÀN THÀNH,"Đã xóa trùng (1 bản duy nhất) (Đã xóa thành công 3 bản trùng thừa, giữ lại bản chính #1)",1,true,"Điều chỉnh cục bộ quy hoạch chi tiết xây dựng tỷ lệ 1\2000 Khu công nghiệp dệt may Phố Nối - giai đoạn II. Quy  mô 96,64HA tại xã Liêu Xá, huyện Yên Mỹ và xã Dị Sử, huyện Mỹ Hào, tỉnh Hưng Yên năm 2013 - 2017 (tập 1)",2026-09-21 13:09:50
1707,H31.05.02.H31.09.2018.226,HOÀN THÀNH,"Đã xóa trùng (1 bản duy nhất) (Đã xóa thành công 3 bản trùng thừa, giữ lại bản chính #1)",1,true,"Điều chỉnh cục bộ quy hoạch chi tiết xây dựng tỷ lệ 1\2000 Khu công nghiệp dệt may Phố Nối - giai đoạn II. Quy  mô 96,64HA tại xã Liêu Xá, huyện Yên Mỹ và xã Dị Sử, huyện Mỹ Hào, tỉnh Hưng Yên năm 2013 - 2017 (tập 1)",2026-09-21 13:09:50
1708,H31.05.02.H31.09.2018.229,HOÀN THÀNH,"Đã xóa trùng (1 bản duy nhất) (Đã xóa thành công 6 bản trùng thừa, giữ lại bản chính #1)",1,true,"Điều chỉnh quy hoạch chi tiết xây dựng tỷ lệ 1\500 khu dân cư mới trên địa bàn xã Nhân Hòa, huyện Mỹ Hào",2026-09-21 13:09:57
1709,H31.05.02.H31.09.2018.230,HOÀN THÀNH,"Đã xóa trùng (1 bản duy nhất) (Đã xóa thành công 12 bản trùng thừa, giữ lại bản chính #1)",1,true,"Về việc chấp thuận mặt bằng quy hoạch tổng thể điều chỉnh cộng phương án kiến trúc công trình: Nhà chợ kinh doanh thường xuyên thuộc dự án đầu tư xây dựng Chợ bao bì và khu nhà ở thương mại Phố Nối tại TT. Bần Yên Nhân, huyện Mỹ Hào năm 2018",2026-09-21 13:10:04
1710,H31.05.02.H31.09.2018.231,HOÀN THÀNH,"Đã xóa trùng (1 bản duy nhất) (Đã xóa thành công 12 bản trùng thừa, giữ lại bản chính #1)",1,true,"Về việc chấp thuận Mặt bằng quy hoạch tổng thể điều chỉnh mở rộng dự án cộng phương án kiến trúc Công trình Trường Tiều học, Trung học cơ sở và Trung học phổ thông Hồng Đức tại xã Nhân Hòa, huyện Mỹ Hào năm 2017-2018.",2026-09-21 13:10:11
1711,H31.05.02.H31.09.2018.232,HOÀN THÀNH,"Đã xóa trùng (1 bản duy nhất) (Đã xóa thành công 12 bản trùng thừa, giữ lại bản chính #1)",1,true,"Về việc chấp thuận mặt bằng quy hoạch tổng thể cộng phương án kiến trúc công trình: Trường mầm non tập trung thị trấn Trần Cao, huyện Phù Cừ năm 2018",2026-09-21 13:10:18
1712,H31.05.02.H31.09.2018.233,HOÀN THÀNH,"Đã xóa trùng (1 bản duy nhất) (Đã xóa thành công 8 bản trùng thừa, giữ lại bản chính #1)",1,true,"Về việc chấp thuận Mặt bằng quy hoạch tổng thể điều chỉnh dự án Nhà máy sản xuất nhựa bao bì và nhựa đồ gỗ nội thất, ngoại thất - petrolimex tại xã Trưng Trắc, huyện Văn Lâm năm 2018",2026-09-21 13:10:25
1713,H31.05.02.H31.09.2018.234,LỖI KHÓA,Bỏ qua (Lỗi máy chủ) (Đã thử gửi lệnh xóa nhưng máy chủ Vinasynet không cập nhật (bản ghi bị khóa)),50,false,Thẩm định mặt bằng quy hoạch tổng thể dự án đầu tư xây dựng Khu nhà ở liền kề để bán và Trung tâm dịch vụ thương mại Mỹ Văn năm 2018,2026-09-21 13:10:35
1714,H31.05.02.H31.09.2018.236,HOÀN THÀNH,"Đã xóa trùng (1 bản duy nhất) (Đã xóa thành công 12 bản trùng thừa, giữ lại bản chính #1)",1,true,Về phương án thiết kế kiến trúc các hạng mục công trình Khu căn hộ Cảnh Hồ thuộc Khu đô thị thương mại và du lịch Văn Giang (Ecopark) năm 2018,2026-09-21 13:10:42
1715,H31.05.02.H31.09.2018.237,HOÀN THÀNH,"Đã xóa trùng (1 bản duy nhất) (Đã xóa thành công 12 bản trùng thừa, giữ lại bản chính #1)",1,true,"Hồ sơ phương án kiến trúc dự án Ecopark Grand - The Island, mẫu biệt thự 4A - 04, huyện Văn Giang, tỉnh Hưng Yên năm 2018",2026-09-21 13:10:49
1716,H31.05.02.H31.09.2018.238,HOÀN THÀNH,"Đã xóa trùng (1 bản duy nhất) (Đã xóa thành công 12 bản trùng thừa, giữ lại bản chính #1)",1,true,Về việc cho ý kiến thẩm định dự án của các doanh nghiệp trên địa bàn thành phố Hưng Yên năm 2018,2026-09-21 13:10:56
1717,H31.05.02.H31.09.2018.239,HOÀN THÀNH,"Đã xóa trùng (1 bản duy nhất) (Đã xóa thành công 12 bản trùng thừa, giữ lại bản chính #1)",1,true,"Về việc cho ý kiến thẩm định dự án của các doanh nghiệp trên địa bàn xã Chính Nghĩa, huyện Kim Động năm 2018",2026-09-21 13:11:03
1718,H31.05.02.H31.09.2018.240,HOÀN THÀNH,"Đã xóa trùng (1 bản duy nhất) (Đã xóa thành công 12 bản trùng thừa, giữ lại bản chính #1)",1,true,"Về việc cho ý kiến thẩm định dự án của các doanh nghiệp trên địa bàn xã Toàn Thắng, huyện Kim Động năm 2018",2026-09-21 13:11:10
1719,H31.05.02.H31.09.2018.241,HOÀN THÀNH,"Đã xóa trùng (1 bản duy nhất) (Đã xóa thành công 12 bản trùng thừa, giữ lại bản chính #1)",1,true,"Về việc cho ý kiến thẩm định dự án của các doanh nghiệp trên địa bàn xã Tân Tiến, huyện Văn Giang năm 2018 (Tập 1)",2026-09-21 13:11:17
1720,H31.05.02.H31.09.2018.242,HOÀN THÀNH,"Đã xóa trùng (1 bản duy nhất) (Đã xóa thành công 12 bản trùng thừa, giữ lại bản chính #1)",1,true,"Về việc cho ý kiến thẩm định dự án của các doanh nghiệp trên địa bàn huyện Văn Lâm, tỉnh Hưng Yên năm 2018",2026-09-21 13:11:24
1721,H31.05.02.H31.09.2018.243,HOÀN THÀNH,"Đã xóa trùng (1 bản duy nhất) (Đã xóa thành công 12 bản trùng thừa, giữ lại bản chính #1)",1,true,"Về việc cho ý kiến thẩm định dự án của các doanh nghiệp trên địa bàn xã Tân Quang, huyện Văn Lâm năm 2018",2026-09-21 13:11:31
1722,H31.05.02.H31.09.2018.244,HOÀN THÀNH,"Đã xóa trùng (1 bản duy nhất) (Đã xóa thành công 12 bản trùng thừa, giữ lại bản chính #1)",1,true,"Về việc cho ý kiến thẩm định dự án của các doanh nghiệp trên địa bàn xã Trung Hưng, huyện Yên Mỹ năm 2018",2026-09-21 13:11:38
1723,H31.05.02.H31.09.2018-2019.245,HOÀN THÀNH,"Đã xóa trùng (1 bản duy nhất) (Đã xóa thành công 35 bản trùng thừa, giữ lại bản chính #1)",1,true,Cung cấp thông tin về cốt nền quy hoạch Khu vực Trạm biến áp 110kV thuộc dự án đường dây và trạm biến áp 110kV Yên Mỹ 2 năm 2018,2026-09-21 13:11:46
1724,H31.05.02.H31.09.2018-2019.246,HOÀN THÀNH,"Đã xóa trùng (1 bản duy nhất) (Đã xóa thành công 5 bản trùng thừa, giữ lại bản chính #1)",1,true,Về việc chấp thuận mặt bằng quy hoạch tổng thể điều chỉnh ngân hàng chính sách xã hội huyện Ân Thị tại thị trấn Ân Thị,2026-09-21 13:11:53
1725,H31.05.02.H31.09.2019.247,HOÀN THÀNH,"Đã xóa trùng (1 bản duy nhất) (Đã xóa thành công 11 bản trùng thừa, giữ lại bản chính #1)",1,true,Về việc chấp thuận điều chỉnh mặt bằng quy hoạch chia lô tỷ lệ 1/500 Khu biệt thự đảo (giai đoạn 1) Khu đô thị thương mại và du lịch Văn Giang (Ecopark),2026-09-21 13:12:00
1726,H31.05.02.H31.09.2019.248,HOÀN THÀNH,"Đã xóa trùng (1 bản duy nhất) (Đã xóa thành công 12 bản trùng thừa, giữ lại bản chính #1)",1,true,"Phương án kiến trúc công trình Siêu thị sách Hưng Yên tại phường An Tảo, thành phố Hưng Yên",2026-09-21 13:12:07
1727,H31.05.02.H31.09.2019.249,HOÀN THÀNH,"Đã xóa trùng (1 bản duy nhất) (Đã xóa thành công 11 bản trùng thừa, giữ lại bản chính #1)",1,true,"Phương án thiết kế kiến trúc công trình khách sạn Quỳnh Trang thuộc dự án khu thương mại và dịch vụ Quỳnh Trang tại xã Trưng Trắc, huyện Văn Lâm",2026-09-21 13:12:14
1728,H31.05.02.H31.09.2019.250,HOÀN THÀNH,"Đã xóa trùng (1 bản duy nhất) (Đã xóa thành công 12 bản trùng thừa, giữ lại bản chính #1)",1,true,Về việc cho ý kiến thẩm định dự án các doanh nghiệp trên địa bàn thành phố Hưng Yên (tập 2),2026-09-21 13:12:21
1729,H31.05.02.H31.09.2019.251,HOÀN THÀNH,"Đã xóa trùng (1 bản duy nhất) (Đã xóa thành công 12 bản trùng thừa, giữ lại bản chính #1)",1,true,"Về việc cho ý kiến thẩm định dự án của các doanh nghiệp trên địa bàn xã Phùng Chí Kiên và xã Cẩm Xá, huyện Mỹ Hào",2026-09-21 13:12:28
1730,H31.05.02.H31.09.2019.257,HOÀN THÀNH,"Đã xóa trùng (1 bản duy nhất) (Đã xóa thành công 12 bản trùng thừa, giữ lại bản chính #1)",1,true,Thỏa thuận nội dụng dự án quy hoạch chi tiết tỷ lệ 1/500 Trung tâm thương mại quốc tế Kinh Hoa Mỹ Việt tại huyên Mỹ Hào năm 2010,2026-09-21 13:12:35
1731,H31.05.02.H31.09.2019.258,HOÀN THÀNH,"Đã xóa trùng (1 bản duy nhất) (Đã xóa thành công 9 bản trùng thừa, giữ lại bản chính #1)",1,true,Về việc tham gia ý kiến cho vị trí xây dựng Nhà ăn Huyện ủy Văn Lâm năm 2013,2026-09-21 13:12:42
1732,H31.05.02.H31.09.2019.259,HOÀN THÀNH,"Đã xóa trùng (1 bản duy nhất) (Đã xóa thành công 6 bản trùng thừa, giữ lại bản chính #1)",1,true,Hồ sơ tham gia ý kiến về đồ án quy hoạch và đồ án quy hoạch xây dựng chi tiết tỷ lệ 1/500 Khu trung tâm hành chính huyện Mỹ Hào năm 2015,2026-09-21 13:12:49
1733,H31.05.02.H31.09.2019.260,HOÀN THÀNH,"Đã xóa trùng (1 bản duy nhất) (Đã xóa thành công 11 bản trùng thừa, giữ lại bản chính #1)",1,true,Góp ý kiến vào đồ án điều chỉnh quy hoạch chung xây dựng huyện Văn Giang đến năm 2035,2026-09-21 13:12:56
1734,H31.05.02.H31.09.2019.261,HOÀN THÀNH,"Đã xóa trùng (1 bản duy nhất) (Đã xóa thành công 11 bản trùng thừa, giữ lại bản chính #1)",1,true,"Chấp thuận mặt bằng quy hoạch tổng thể điều chình cục bộ dự án Khu nhà ở dành cho người thu nhập thấp tại phường Hiến Nam, TP Hưng Yên Tập II",2026-09-21 13:13:03
1735,H31.05.02.H31.09.2019.262,HOÀN THÀNH,"Đã xóa trùng (1 bản duy nhất) (Đã xóa thành công 12 bản trùng thừa, giữ lại bản chính #1)",1,true,"Đề nghị thẩm định quy hoạch chi tiết xây dựng cụm công nghiệp Lương Bằng - Hiệp Cường huyện Kim Động, tỷ lệ 1/500 năm 2019",2026-09-21 13:13:10
1736,H31.05.02.H31.09.2019.263,HOÀN THÀNH,Chưa xử lý,-,false,-,2026-09-19 17:40:56
1737,H31.05.02.H31.09.2019.264,HOÀN THÀNH,Chưa xử lý,-,false,-,2026-09-19 17:41:10
1738,H31.05.02.H31.09.2019.265,HOÀN THÀNH,Chưa xử lý,-,false,-,2026-09-19 17:41:24
1739,H31.05.02.H31.09.2019.266,HOÀN THÀNH,Chưa xử lý,-,false,-,2026-09-19 17:41:38
1740,H31.05.02.H31.09.2019.267,HOÀN THÀNH,Chưa xử lý,-,false,-,2026-09-19 17:41:52
1741,H31.05.02.H31.09.2019.268,HOÀN THÀNH,Chưa xử lý,-,false,-,2026-09-19 17:42:06
1742,H31.05.02.H31.09.2019.269,HOÀN THÀNH,"Đạt chuẩn (1 bản duy nhất) (Hồ sơ chuẩn, không có bản trùng thừa)",1,true,"Điều chính quy hoạch chi tiết xây dựng tỷ lệ 1\500 cụm công nghiệp sạch huyện Văn Giang, phía Tây đường liên tỉnh Hà Nội - Hưng Yên tại xã Tân Tiến, huyện Văn Giang",2026-09-21 13:13:14
1743,H31.05.02.H31.09.2019.270,HOÀN THÀNH,Chưa xử lý,-,false,-,2026-09-19 17:42:34
1744,H31.05.02.H31.09.2019.271,HOÀN THÀNH,Chưa xử lý,-,false,-,2026-09-19 17:42:48
1745,H31.05.02.H31.09.2019.272,HOÀN THÀNH,Chưa xử lý,-,false,-,2026-09-19 17:43:02
1746,H31.05.02.H31.09.2019.273,HOÀN THÀNH,Chưa xử lý,-,false,-,2026-09-19 17:43:17
1747,H31.05.02.H31.09.2019.274,HOÀN THÀNH,Chưa xử lý,-,false,-,2026-09-19 17:43:31
1748,H31.05.02.H31.09.2019.275,HOÀN THÀNH,Chưa xử lý,-,false,-,2026-09-19 17:43:45
1749,H31.05.02.H31.09.2019.276,HOÀN THÀNH,Chưa xử lý,-,false,-,2026-09-19 17:43:59
1750,H31.05.02.H31.09.2019.277,HOÀN THÀNH,"Đạt chuẩn (1 bản duy nhất) (Hồ sơ chuẩn, không có bản trùng thừa)",1,true,"Quy hoạch chi tiết xây dựng tỷ lệ 1\500 Dự án đầu tư xây dựng khu nhà ở thương mại 319 xã Tân Lập và TT Yên Mỹ, huyện Yên Mỹ, tỉnh Hưng Yên",2026-09-21 13:13:17
1751,H31.05.02.H31.09.2019.278,HOÀN THÀNH,"Đạt chuẩn (1 bản duy nhất) (Hồ sơ chuẩn, không có bản trùng thừa)",1,true,"Quy hoạch chi tiết xây dựng tỷ lệ 1\500 khu nhà ở thương mại Hoàng Long trên địa bàn thị trấn Yên Mỹ, huyện Yên Mỹ",2026-09-21 13:13:19
1752,H31.05.02.H31.09.2019.279,HOÀN THÀNH,Chưa xử lý,-,false,-,2026-09-19 17:44:41
1753,H31.05.02.H31.09.2019.280,HOÀN THÀNH,"Đạt chuẩn (1 bản duy nhất) (Hồ sơ chuẩn, không có bản trùng thừa)",1,true,"Quy hoạch phân khu xây dựng tỉ lệ 1\2000 KCN Lý Thường Kiệt trên địa bàn huyện Yên Mỹ, huyện Khoái Châu, huyện Ân Thi - tỉnh Hưng Yên",2026-09-21 13:13:22
1754,H31.05.02.H31.09.2014.549,HOÀN THÀNH,Chưa xử lý,-,false,-,2026-09-19 17:44:58
1755,H31.05.02.H31.09.2014.548,HOÀN THÀNH,"Đạt chuẩn (1 bản duy nhất) (Hồ sơ chuẩn, không có bản trùng thừa)",1,true,"Hồ sơ chứng nhận quyền sở hữu nhà ở, tài sản gắn liền với đất dự án: Chợ trung tâm mua sắm Tiến Đạt xã Giai Phạm, Huyện Yên Mỹ năm 2014",2026-09-21 13:13:24
1756,H31.05.02.H31.09.2014.547,HOÀN THÀNH,"Đạt chuẩn (1 bản duy nhất) (Hồ sơ chuẩn, không có bản trùng thừa)",1,true,"Hồ sơ chứng nhận quyền sở hữu nhà ở, tài sản gắn liền với đất dự án: Chi nhánh công ty xây dựng số 18 thị trấn Bần Yên Nhân, huyện Mỹ Hào năm 2014",2026-09-21 13:13:26
1757,H31.05.02.H31.09.2014.546,HOÀN THÀNH,Chưa xử lý,-,false,-,2026-09-19 17:45:05
1758,H31.05.02.H31.09.2014.545,HOÀN THÀNH,"Đạt chuẩn (1 bản duy nhất) (Hồ sơ chuẩn, không có bản trùng thừa)",1,true,"Hồ sơ chứng nhận quyền sở hữu nhà ở, tài sản gắn liền với đất dự án: Nhà máy gạch Tuynel xã Phan Đình Phùng, huyện Mỹ Hào năm 2014. Tập 3: Hồ sơ bản vẽ hoàn công, các văn bản pháp lý",2026-09-21 13:13:29
1759,H31.05.02.H31.09.2014.544,HOÀN THÀNH,Chưa xử lý,-,false,-,2026-09-19 17:45:10
1760,H31.05.02.H31.09.2014.543,HOÀN THÀNH,Chưa xử lý,-,false,-,2026-09-19 17:45:12
1761,H31.05.02.H31.09.2014.542,HOÀN THÀNH,Chưa xử lý,-,false,-,2026-09-19 17:45:15
1762,H31.05.02.H31.09.2014.541,HOÀN THÀNH,Chưa xử lý,-,false,-,2026-09-19 17:45:17
1763,H31.05.02.H31.09.2014.540,HOÀN THÀNH,Chưa xử lý,-,false,-,2026-09-19 17:45:19
1764,H31.05.02.H31.09.2014.539,HOÀN THÀNH,Chưa xử lý,-,false,-,2026-09-19 17:45:22
1765,H31.05.02.H31.09.2014.538,HOÀN THÀNH,"Đạt chuẩn (1 bản duy nhất) (Hồ sơ chuẩn, không có bản trùng thừa)",1,true,"Hồ sơ chứng nhận quyền sở hữu nhà ở, tài sản gắn liền với đất dự án: Nhà máy Everpia xã Tân Quang, huyện Văn Lâm năm 2014",2026-09-21 13:13:32
1766,H31.05.02.H31.09.2014.537,HOÀN THÀNH,Chưa xử lý,-,false,-,2026-09-19 17:45:45
1767,H31.05.02.H31.09.2014.536,HOÀN THÀNH,Chưa xử lý,-,false,-,2026-09-19 17:45:59
1768,H31.05.02.H31.09.2014.535,HOÀN THÀNH,"Đạt chuẩn (1 bản duy nhất) (Hồ sơ chuẩn, không có bản trùng thừa)",1,true,"Hồ sơ chứng nhận quyền sở hữu nhà ở, tài sản gắn liền với đất dự án: Nhà máy thép công nghiệp Nhật Quang xã Lạc Đạo, huyện Văn Lâm năm 2013. Tập 3: Bản vẽ Hoàn công - Khu A",2026-09-21 13:13:35
1769,H31.05.02.H31.09.2014.534,HOÀN THÀNH,Chưa xử lý,-,false,-,2026-09-19 17:46:28
1770,H31.05.02.H31.09.2014.533,HOÀN THÀNH,Chưa xử lý,-,false,-,2026-09-19 17:46:42
1771,H31.05.02.H31.09.2014.532,HOÀN THÀNH,Chưa xử lý,-,false,-,2026-09-19 17:46:56
1772,H31.05.02.H31.09.2013.531,HOÀN THÀNH,"Đạt chuẩn (1 bản duy nhất) (Hồ sơ chuẩn, không có bản trùng thừa)",1,true,"Hồ sơ chứng nhận quyền sở hữu nhà ở, tài sản gắn liền với đất dự án: Nhà máy sản xuất Cty TNHH dịch vụ TM&PT Thành Công xã Liêu Xá, huyện Yên Lạc năm 2013",2026-09-21 13:13:38
1773,H31.05.02.H31.09.2013.530,HOÀN THÀNH,Chưa xử lý,-,false,-,2026-09-19 17:47:24
1774,H31.05.02.H31.09.2013.529,HOÀN THÀNH,Chưa xử lý,-,false,-,2026-09-19 17:47:38
1775,H31.05.02.H31.09.2013.528,HOÀN THÀNH,Chưa xử lý,-,false,-,2026-09-19 17:47:52
1776,H31.05.02.H31.09.2013.527,HOÀN THÀNH,"Đạt chuẩn (1 bản duy nhất) (Hồ sơ chuẩn, không có bản trùng thừa)",1,true,Hồ sơ chứng nhận quyền sở hữu nhà ở; tài sản gắn liền với đất dự án: Nhà xưởng Công ty TNHH Foremart Việt Nam huyện Ân Thi năm 2012,2026-09-21 13:13:40
1777,H31.05.02.H31.09.2013.526,HOÀN THÀNH,Chưa xử lý,-,false,-,2026-09-19 17:48:21
1778,H31.05.02.H31.09.2013.525,HOÀN THÀNH,Chưa xử lý,-,false,-,2026-09-19 17:48:35
1779,H31.05.02.H31.09.2013.524,HOÀN THÀNH,Chưa xử lý,-,false,-,2026-09-19 17:48:49
1780,H31.05.02.H31.09.2013.523,HOÀN THÀNH,Chưa xử lý,-,false,-,2026-09-19 17:49:04
1781,H31.05.02.H31.09.2013.522,HOÀN THÀNH,"Đạt chuẩn (1 bản duy nhất) (Hồ sơ chuẩn, không có bản trùng thừa)",1,true,"Hồ sơ chứng nhận quyền sở hữu nhà ở, tài sản gắn liền với đất công trình: Xưởng sản xuất đồ gỗ mỹ nghệ cao cấp - Công ty TNHH Mai Trang TP Hưng Yên năm 2011. Tập 1: Hồ sơ thiết kế kỹ thuật thi công, Hồ sơ thiết kế kỹ thuật thi công nhà giới thiệu sản phẩm",2026-09-21 13:13:43
1782,H31.05.02.H31.09.2013.521,HOÀN THÀNH,Chưa xử lý,-,false,-,2026-09-19 17:49:32
1783,H31.05.02.H31.09.2013.520,HOÀN THÀNH,Chưa xử lý,-,false,-,2026-09-19 17:49:46
1784,H31.05.02.H31.09.2013.519,HOÀN THÀNH,Chưa xử lý,-,false,-,2026-09-19 17:50:01
1785,H31.05.02.H31.09.2013.518,HOÀN THÀNH,Chưa xử lý,-,false,-,2026-09-19 17:50:15
1786,H31.05.02.H31.09.2013.517,HOÀN THÀNH,Chưa xử lý,-,false,-,2026-09-19 17:50:30
1787,H31.05.02.H31.09.2013.516,HOÀN THÀNH,Chưa xử lý,-,false,-,2026-09-19 17:50:44
1788,H31.05.02.H31.09.2013.515,HOÀN THÀNH,"Đạt chuẩn (1 bản duy nhất) (Hồ sơ chuẩn, không có bản trùng thừa)",1,true,"Hồ sơ chứng nhận quyền sở hữu nhà ở, tài sản gắn liền với đất dự án: Nhà văn phòng; Xưởng sản xuất số 01; xưởng sản xuất số 02; xưởng sản xuất số 03 xã Xuân Dục, huyện Mỹ Hào năm 2013",2026-09-21 13:13:47
1789,H31.05.02.H31.09.2013.514,HOÀN THÀNH,Chưa xử lý,-,false,-,2026-09-19 17:51:13
1790,H31.05.02.H31.09.2013.513,HOÀN THÀNH,Chưa xử lý,-,false,-,2026-09-19 17:51:27
1791,H31.05.02.H31.09.2013.512,HOÀN THÀNH,Chưa xử lý,-,false,-,2026-09-19 17:51:41
1792,H31.05.02.H31.09.2013.511,HOÀN THÀNH,Chưa xử lý,-,false,-,2026-09-19 17:51:56
1793,H31.05.02.H31.09.2013.510,HOÀN THÀNH,Chưa xử lý,-,false,-,2026-09-19 17:52:10
1794,H31.05.02.H31.09.2013.509,HOÀN THÀNH,Chưa xử lý,-,false,-,2026-09-19 17:52:25
1795,H31.05.02.H31.09.2013.508,HOÀN THÀNH,Chưa xử lý,-,false,-,2026-09-19 17:52:39
1796,H31.05.02.H31.09.2013.507,HOÀN THÀNH,Chưa xử lý,-,false,-,2026-09-19 17:52:53
1797,H31.05.02.H31.09.2013.506,HOÀN THÀNH,Chưa xử lý,-,false,-,2026-09-19 17:53:07
1798,H31.05.02.H31.09.2012.505,HOÀN THÀNH,Chưa xử lý,-,false,-,2026-09-19 17:53:21
1799,H31.05.02.H31.09.2012.504,HOÀN THÀNH,Chưa xử lý,-,false,-,2026-09-19 17:53:35
1800,H31.05.02.H31.09.2012.503,HOÀN THÀNH,Chưa xử lý,-,false,-,2026-09-19 17:53:49
1801,H31.05.02.H31.09.2012.502,HOÀN THÀNH,Chưa xử lý,-,false,-,2026-09-19 17:54:04
1802,H31.05.02.H31.09.2012.501,HOÀN THÀNH,Chưa xử lý,-,false,-,2026-09-19 17:54:18
1803,H31.05.02.H31.09.2012.500,HOÀN THÀNH,Chưa xử lý,-,false,-,2026-09-19 17:54:33
1804,H31.05.02.H31.09.2012.499,HOÀN THÀNH,Chưa xử lý,-,false,-,2026-09-19 17:54:48
1805,H31.05.02.H31.09.2012.498,HOÀN THÀNH,Chưa xử lý,-,false,-,2026-09-19 17:55:03
1806,H31.05.02.H31.09.2012.497,HOÀN THÀNH,Chưa xử lý,-,false,-,2026-09-19 17:55:17
1807,H31.05.02.H31.09.2012.496,HOÀN THÀNH,Chưa xử lý,-,false,-,2026-09-19 17:55:32
1808,H31.05.02.H31.09.2012.495,HOÀN THÀNH,Chưa xử lý,-,false,-,2026-09-19 17:55:46
1809,H31.05.02.H31.09.2012.494,HOÀN THÀNH,Chưa xử lý,-,false,-,2026-09-19 17:56:01
1810,H31.05.02.H31.09.2012.493,HOÀN THÀNH,"Đạt chuẩn (1 bản duy nhất) (Hồ sơ chuẩn, không có bản trùng thừa)",1,true,"Hồ sơ chứng nhận quyền sở hữu nhà ở, tài sản gắn liền với đất dự án: Cty cổ phần thực phẩm Đức Việt xã Tân Lập, huyện Yên Mỹ năm 2012",2026-09-21 13:13:52
1811,H31.05.02.H31.09.2012.492,HOÀN THÀNH,Chưa xử lý,-,false,-,2026-09-19 17:56:30
1812,H31.05.02.H31.09.2012.491,HOÀN THÀNH,Chưa xử lý,-,false,-,2026-09-19 17:56:45
1813,H31.05.02.H31.09.2012.490,HOÀN THÀNH,Chưa xử lý,-,false,-,2026-09-19 17:57:00
1814,H31.05.02.H31.09.2012.489,HOÀN THÀNH,"Đạt chuẩn (1 bản duy nhất) (Hồ sơ chuẩn, không có bản trùng thừa)",1,true,"Hồ sơ chứng nhận quyền sở hữu nhà ở, tài sản gắn liền với đất dự án: Nhà xưởng GP. Window - Phố Nối Thị trấn Bần Yên Nhân, huyện Mỹ Hào năm 2012",2026-09-21 13:13:55
1815,H31.05.02.H31.09.2012.488,HOÀN THÀNH,Chưa xử lý,-,false,-,2026-09-19 17:57:28
1816,H31.05.02.H31.09.2012.487,HOÀN THÀNH,Chưa xử lý,-,false,-,2026-09-19 17:57:43
1817,H31.05.02.H31.09.2012.486,HOÀN THÀNH,"Đạt chuẩn (1 bản duy nhất) (Hồ sơ chuẩn, không có bản trùng thừa)",1,true,"Hồ sơ chứng nhận quyền sở hữu nhà ở, tài sản gắn liền với đất dự án: Nhà máy cắt xẻ Inox Thành Nam huyện Mỹ Hào năm 2010",2026-09-21 13:13:58
1818,H31.05.02.H31.09.2012.485,HOÀN THÀNH,Chưa xử lý,-,false,-,2026-09-19 17:58:12
1819,H31.05.02.H31.09.2012.484,HOÀN THÀNH,Chưa xử lý,-,false,-,2026-09-19 17:58:27
1820,H31.05.02.H31.09.2012.483,HOÀN THÀNH,Chưa xử lý,-,false,-,2026-09-19 17:58:41
1821,H31.05.02.H31.09.2012.482,HOÀN THÀNH,Chưa xử lý,-,false,-,2026-09-19 17:58:56
1822,H31.05.02.H31.09.2012.481,HOÀN THÀNH,Chưa xử lý,-,false,-,2026-09-19 17:59:10
1823,H31.05.02.H31.09.2012.480,HOÀN THÀNH,Chưa xử lý,-,false,-,2026-09-19 17:59:25
1824,H31.05.02.H31.09.2012.479,HOÀN THÀNH,Chưa xử lý,-,false,-,2026-09-19 17:59:39
1825,H31.05.02.H31.09.2012.478,HOÀN THÀNH,Chưa xử lý,-,false,-,2026-09-19 17:59:55
1826,H31.05.02.H31.09.2012.477,HOÀN THÀNH,Chưa xử lý,-,false,-,2026-09-19 18:00:09
1827,H31.05.02.H31.09.2012.476,HOÀN THÀNH,Chưa xử lý,-,false,-,2026-09-19 18:00:28
1828,H31.05.02.H31.09.2012.475,HOÀN THÀNH,Chưa xử lý,-,false,-,2026-09-19 18:01:07
1829,H31.05.02.H31.09.2012.474,HOÀN THÀNH,Chưa xử lý,-,false,-,2026-09-19 18:01:54
1830,H31.05.02.H31.09.2012.473,HOÀN THÀNH,Chưa xử lý,-,false,-,2026-09-19 18:02:33
1831,H31.05.02.H31.09.2012.472,HOÀN THÀNH,Chưa xử lý,-,false,-,2026-09-19 18:03:11
1832,H31.05.02.H31.09.2012.471,HOÀN THÀNH,Chưa xử lý,-,false,-,2026-09-19 18:03:51
1833,H31.05.02.H31.09.2012.470,HOÀN THÀNH,Chưa xử lý,-,false,-,2026-09-19 18:04:29
1834,H31.05.02.H31.09.2012.469,HOÀN THÀNH,Chưa xử lý,-,false,-,2026-09-19 18:05:07
1835,H31.05.02.H31.09.2012.468,HOÀN THÀNH,Chưa xử lý,-,false,-,2026-09-19 18:05:45
1836,H31.05.02.H31.09.2012.467,HOÀN THÀNH,Chưa xử lý,-,false,-,2026-09-19 18:06:23
1837,H31.05.02.H31.09.2012.466,HOÀN THÀNH,Chưa xử lý,-,false,-,2026-09-19 18:07:01
1838,H31.05.02.H31.09.2012.465,HOÀN THÀNH,Chưa xử lý,-,false,-,2026-09-19 18:07:39
1839,H31.05.02.H31.09.2012.464,HOÀN THÀNH,Chưa xử lý,-,false,-,2026-09-19 18:08:17
1840,H31.05.02.H31.09.2011.463,HOÀN THÀNH,Chưa xử lý,-,false,-,2026-09-19 18:08:55
1841,H31.05.02.H31.09.2011.462,HOÀN THÀNH,Chưa xử lý,-,false,-,2026-09-19 18:09:33
1842,H31.05.02.H31.09.2011.461,HOÀN THÀNH,Chưa xử lý,-,false,-,2026-09-19 18:10:11
1843,H31.05.02.H31.09.2011.460,HOÀN THÀNH,Chưa xử lý,-,false,-,2026-09-19 18:10:49
1844,H31.05.02.H31.09.2011.459,HOÀN THÀNH,Chưa xử lý,-,false,-,2026-09-19 18:11:27
1845,H31.05.02.H31.09.2011.458,HOÀN THÀNH,Chưa xử lý,-,false,-,2026-09-19 18:12:05
1846,H31.05.02.H31.09.2010.917,HOÀN THÀNH,Chưa xử lý,-,false,-,2026-09-19 18:12:43
1847,H31.05.02.H31.09.2010.915,HOÀN THÀNH,Chưa xử lý,-,false,-,2026-09-19 18:13:21
1848,H31.05.02.H31.09.2008.916,HOÀN THÀNH,"Đạt chuẩn (1 bản duy nhất) (Hồ sơ chuẩn, không có bản trùng thừa)",1,true,"Thiết kế bản vẽ thi công công trình Cải tạo nâng cấp Trường THPT Tiên Lữ tại thị trấn Vương, huyện Tiên Lữ năm 2008",2026-09-21 13:14:05
1849,H31.05.02.H31.09.2010.909,HOÀN THÀNH,"Đạt chuẩn (1 bản duy nhất) (Hồ sơ chuẩn, không có bản trùng thừa)",1,true,"Về việc tham gia ý kiến thẩm định nhiệm vụ thiết kế công trình Nhà làm việc cơ quan huyện uỷ, huyện Tiên Lữ, thị trấn Vương, huyện Tiên Lữ năm 2010",2026-09-21 13:14:08
1850,H31.05.02.H31.09.2009.900,HOÀN THÀNH,"Đạt chuẩn (1 bản duy nhất) (Hồ sơ chuẩn, không có bản trùng thừa)",1,true,"Về phương án đền bù 12 hộ (bổ sung) kinh phí bồi thường, hỗ trợ tài sản để GPMB nâng cấp mở rộng QL38B đoạn Hải Dương - Hưng Yên (WB4) thuộc địa phận thị trấn Vương, huyện Tiên Lữ năm 2009",2026-09-21 13:14:10
1851,H31.05.02.H31.09.2009.899,HOÀN THÀNH,Chưa xử lý,-,false,-,2026-09-19 18:20:18
1852,H31.05.02.H31.09.2008.898,HOÀN THÀNH,"Đạt chuẩn (1 bản duy nhất) (Hồ sơ chuẩn, không có bản trùng thừa)",1,true,"Về phương án bồi thường GPMB để thi công nâng cấp mở rộng quốc lộ 38, dự án WB4 thuộc huyện Tiên Lữ năm 2008",2026-09-21 13:14:12
1853,H31.05.02.H31.09.2008.897,HOÀN THÀNH,Chưa xử lý,-,false,-,2026-09-19 18:20:46
1854,H31.05.02.H31.09.2008.896,HOÀN THÀNH,Chưa xử lý,-,false,-,2026-09-19 18:21:00
1855,H31.05.02.H31.09.2008.895,HOÀN THÀNH,Chưa xử lý,-,false,-,2026-09-19 18:21:15
1856,H31.05.02.H31.09.2008.894,HOÀN THÀNH,Chưa xử lý,-,false,-,2026-09-19 18:21:29
1857,H31.05.02.H31.09.2015.892,HOÀN THÀNH,Chưa xử lý,-,false,-,2026-09-19 18:21:43
1858,H31.05.02.H31.09.2015.891,HOÀN THÀNH,"Đạt chuẩn (1 bản duy nhất) (Hồ sơ chuẩn, không có bản trùng thừa)",1,true,"Thẩm định báo cáo kinh tế kỹ thuật công trình trường THCS xã Tống Phan Hạng mục: Nhà lớp học 2 tầng 4 phòng và các hạng mục phụ trợ, huyện Phù Cừ",2026-09-21 13:14:15
1859,H31.05.02.H31.09.2008.893,HOÀN THÀNH,Chưa xử lý,-,false,-,2026-09-19 18:22:12
1860,H31.05.02.H31.09.2014.889,HOÀN THÀNH,Chưa xử lý,-,false,-,2026-09-19 18:22:26
1861,H31.05.02.H31.09.2015.890,HOÀN THÀNH,Chưa xử lý,-,false,-,2026-09-19 18:22:41
1862,H31.05.02.H31.09.2015.888,HOÀN THÀNH,Chưa xử lý,-,false,-,2026-09-19 18:22:55
1863,H31.05.02.H31.09.2015.887,HOÀN THÀNH,Chưa xử lý,-,false,-,2026-09-19 18:23:09
1864,H31.05.02.H31.09.2015.886,HOÀN THÀNH,Chưa xử lý,-,false,-,2026-09-19 18:23:24
1865,H31.05.02.H31.09.2015.885,HOÀN THÀNH,Chưa xử lý,-,false,-,2026-09-19 18:23:38
1866,H31.05.02.H31.09.2015.884,HOÀN THÀNH,Chưa xử lý,-,false,-,2026-09-19 18:23:52
1867,H31.05.02.H31.09.2015.883,HOÀN THÀNH,Chưa xử lý,-,false,-,2026-09-19 18:24:06
1868,H31.05.02.H31.09.2015.882,HOÀN THÀNH,Chưa xử lý,-,false,-,2026-09-19 18:24:20
1869,H31.05.02.H31.09.2013-2014.881,HOÀN THÀNH,Chưa xử lý,-,false,-,2026-09-19 18:24:34
1870,H31.05.02.H31.09.2013.880,HOÀN THÀNH,Chưa xử lý,-,false,-,2026-09-19 18:24:48
1871,H31.05.02.H31.09.2013.879,HOÀN THÀNH,Chưa xử lý,-,false,-,2026-09-19 18:25:02
1872,H31.05.02.H31.09.2014.874,HOÀN THÀNH,Chưa xử lý,-,false,-,2026-09-19 18:25:17
1873,H31.05.02.H31.09.2014.873,HOÀN THÀNH,Chưa xử lý,-,false,-,2026-09-19 18:25:31
1874,H31.05.02.H31.09.2014.872,HOÀN THÀNH,Chưa xử lý,-,false,-,2026-09-19 18:25:45
1875,H31.05.02.H31.09.2014.871,HOÀN THÀNH,Chưa xử lý,-,false,-,2026-09-19 18:25:58
1876,H31.05.02.H31.09.2014.870,HOÀN THÀNH,Chưa xử lý,-,false,-,2026-09-19 18:26:12
1877,H31.05.02.H31.09.2014.866,HOÀN THÀNH,Chưa xử lý,-,false,-,2026-09-19 18:26:26
1878,H31.05.02.H31.09.2014.863,HOÀN THÀNH,Chưa xử lý,-,false,-,2026-09-19 18:26:40
1879,H31.05.02.H31.09.2013.862,HOÀN THÀNH,Chưa xử lý,-,false,-,2026-09-19 18:26:54
1880,H31.05.02.H31.09.2013.861,HOÀN THÀNH,Chưa xử lý,-,false,-,2026-09-19 18:27:09
1881,H31.05.02.H31.09.2008-2012.860,HOÀN THÀNH,"Đạt chuẩn (1 bản duy nhất) (Hồ sơ chuẩn, không có bản trùng thừa)",1,true,"Về việc thiết kế cơ sở công trình: Trung tâm y tế huyện Phù Cừ, hạng mục: nhà hành chính tổng hợp tại thị trấn Trần Cao; huyện Phù Cừ; tỉnh Hưng Yên",2026-09-21 13:14:22
1882,H31.05.02.H31.09.2008-2009.858,HOÀN THÀNH,Chưa xử lý,-,false,-,2026-09-19 18:27:36
1883,H31.05.02.H31.09.2012.857,HOÀN THÀNH,"Đạt chuẩn (1 bản duy nhất) (Hồ sơ chuẩn, không có bản trùng thừa)",1,true,"Về việc báo cáo kinh tế kỹ thuật công trình: Nhà xưởng thực hành, san lấp ao Trung tâm giáo dục thường xuyên huyện Phù Cừ, tại xã Phan Sào Nam, huyện Phù Cừ, tỉnh Hưng Yên",2026-09-21 13:14:24
1884,H31.05.02.H31.09.2010.854,CẦN SCAN LẠI,Không tìm thấy hồ sơ (Không tìm thấy hồ sơ nào với mã này trên hệ thống Vinasynet),0,false,-,2026-09-21 13:14:28
1885,H31.05.02.H31.09.2010.853,CẦN SCAN LẠI,Không tìm thấy hồ sơ (Không tìm thấy hồ sơ nào với mã này trên hệ thống Vinasynet),0,false,-,2026-09-21 13:14:32
1886,H31.05.02.H31.09.2010.852,CẦN SCAN LẠI,Không tìm thấy hồ sơ (Không tìm thấy hồ sơ nào với mã này trên hệ thống Vinasynet),0,false,-,2026-09-21 13:14:35
1887,H31.05.02.H31.09.2010.851,CẦN SCAN LẠI,Không tìm thấy hồ sơ (Không tìm thấy hồ sơ nào với mã này trên hệ thống Vinasynet),0,false,-,2026-09-21 13:14:39
1888,H31.05.02.H31.09.2009.850,HOÀN THÀNH,"Đạt chuẩn (1 bản duy nhất) (Hồ sơ chuẩn, không có bản trùng thừa)",1,true,"Hồ sơ phương án đền bù cho 2 hộ, bồi thường tài sản để giải phóng mặt bằng quốc lộ 38B (dự án WB4) địa phận xã Đoàn Đào, huyện Phù Cừ, tỉnh Hưng Yên",2026-09-21 13:14:41
1889,H31.05.02.H31.09.2009.849,HOÀN THÀNH,Chưa xử lý,-,false,-,2026-09-19 18:29:03
1890,H31.05.02.H31.09.2009.848,HOÀN THÀNH,Chưa xử lý,-,false,-,2026-09-19 18:29:17
1891,H31.05.02.H31.09.2009.847,HOÀN THÀNH,"Đạt chuẩn (1 bản duy nhất) (Hồ sơ chuẩn, không có bản trùng thừa)",1,true,"Phương án đền bù cho 28 hộ kinh phí bồi thường, hỗ trợ đất để giải phóng mặt bằng thực hiện dự án mở rộng Quốc lộ 38B (WB4) tại xã Đoàn Đào, huyện Phù Cừ, tỉnh Hưng Yên.",2026-09-21 13:14:44
1892,H31.05.02.H31.09.2005-2008.846,HOÀN THÀNH,Chưa xử lý,-,false,-,2026-09-19 18:29:45
1893,H31.05.02.H31.09.2009.836,HOÀN THÀNH,Chưa xử lý,-,false,-,2026-09-19 18:29:59
1894,H31.05.02.H31.09.2008.834,HOÀN THÀNH,Chưa xử lý,-,false,-,2026-09-19 18:30:13
1895,H31.05.02.H31.09.2007.833,HOÀN THÀNH,"Đạt chuẩn (1 bản duy nhất) (Hồ sơ chuẩn, không có bản trùng thừa)",1,true,"Về việc thẩm định bổ sung thiết kế bản vẽ thi công, dự toán công trình hạng mục: Móng cọc bê tông cốt thép nhà lớp học 3 tầng trường THCS Phù Cừ tại thị trấn Trần Cao, huyện Phù Cừ",2026-09-21 13:14:47
1896,H31.05.02.H31.09.2009.845,HOÀN THÀNH,Chưa xử lý,-,false,-,2026-09-19 18:30:42
1897,H31.05.02.H31.09.2009.844,HOÀN THÀNH,Chưa xử lý,-,false,-,2026-09-19 18:30:57
1898,H31.05.02.H31.09.2009.843,HOÀN THÀNH,Chưa xử lý,-,false,-,2026-09-19 18:31:11
1899,H31.05.02.H31.09.2009.842,HOÀN THÀNH,Chưa xử lý,-,false,-,2026-09-19 18:31:25
1900,H31.05.02.H31.09.2009.841,HOÀN THÀNH,Chưa xử lý,-,false,-,2026-09-19 18:31:39
1901,H31.05.02.H31.09.2009.840,HOÀN THÀNH,"Đạt chuẩn (1 bản duy nhất) (Hồ sơ chuẩn, không có bản trùng thừa)",1,true,"Về phương án đền bù cho 30 hộ kinh phí bồi thường đất để GPMB thực hiện dự án mở rộng QL38B (WB4) tại xã Đoàn Đào, huyện Phù Cừ",2026-09-21 13:14:50
1902,H31.05.02.H31.09.2009.839,HOÀN THÀNH,Chưa xử lý,-,false,-,2026-09-19 18:32:08
1903,H31.05.02.H31.09.2009.838,HOÀN THÀNH,Chưa xử lý,-,false,-,2026-09-19 18:32:22
1904,H31.05.02.H31.09.2009.837,HOÀN THÀNH,Chưa xử lý,-,false,-,2026-09-19 18:32:36
1905,H31.05.02.H31.09.2008.835,HOÀN THÀNH,Chưa xử lý,-,false,-,2026-09-19 18:32:50
1906,H31.05.02.H31.09.2015.831,HOÀN THÀNH,Chưa xử lý,-,false,-,2026-09-19 18:33:04
1907,H31.05.02.H31.09.2014.830,HOÀN THÀNH,Chưa xử lý,-,false,-,2026-09-19 18:33:18
1908,H31.05.02.H31.09.2006.832,HOÀN THÀNH,Chưa xử lý,-,false,-,2026-09-19 18:33:33
1909,H31.05.02.H31.09.2013.822,HOÀN THÀNH,Chưa xử lý,-,false,-,2026-09-19 18:33:47
1910,H31.05.02.H31.09.2011.824,HOÀN THÀNH,Chưa xử lý,-,false,-,2026-09-19 18:34:02
1911,H31.05.02.H31.09.2011.823,HOÀN THÀNH,Chưa xử lý,-,false,-,2026-09-19 18:34:18
1912,H31.05.02.H31.09.2012.821,HOÀN THÀNH,Chưa xử lý,-,false,-,2026-09-19 18:34:32
1913,H31.05.02.H31.09.2012.820,HOÀN THÀNH,Chưa xử lý,-,false,-,2026-09-19 18:34:46
1914,H31.05.02.H31.09.2011-2012.819,HOÀN THÀNH,Chưa xử lý,-,false,-,2026-09-19 18:35:00
1915,H31.05.02.H31.09.2012.818,HOÀN THÀNH,Chưa xử lý,-,false,-,2026-09-19 18:35:14
1916,H31.05.02.H31.09.2012.817,HOÀN THÀNH,Chưa xử lý,-,false,-,2026-09-19 18:35:29
1917,H31.05.02.H31.09.2012.816,HOÀN THÀNH,Chưa xử lý,-,false,-,2026-09-19 18:35:43
1918,H31.05.02.H31.09.2012.815,HOÀN THÀNH,"Đạt chuẩn (1 bản duy nhất) (Hồ sơ chuẩn, không có bản trùng thừa)",1,true,"Về việc đề xuất cơ sở công trình ký túc xá sinh viên 5 tầng Trường Đại học Sư phạm Kỹ thuật Hưng Yên tại xã Nhân Hòa, huyện Mỹ Hào.",2026-09-21 13:14:55
1919,H31.05.02.H31.09.2011.814,HOÀN THÀNH,"Đạt chuẩn (1 bản duy nhất) (Hồ sơ chuẩn, không có bản trùng thừa)",1,true,"Về kết quả thẩm tra dự toán lập quy hoạch chi tiết tỷ lệ 1/500 Trường Đại học Sư phạm Kỹ thuật Hưng Yên cơ sở II xã Nhân Hòa, huyện Mỹ Hào, tỉnh Hưng Yên",2026-09-21 13:14:57
1920,H31.05.02.H31.09.2009.813,HOÀN THÀNH,Chưa xử lý,-,false,-,2026-09-19 18:36:25
1921,H31.05.02.H31.09.2008.811,HOÀN THÀNH,Chưa xử lý,-,false,-,2026-09-19 18:36:39
1922,H31.05.02.H31.09.2008.810,HOÀN THÀNH,Chưa xử lý,-,false,-,2026-09-19 18:36:53
1923,H31.05.02.H31.09.2007-2008.809,HOÀN THÀNH,Chưa xử lý,-,false,-,2026-09-19 18:37:08
1924,H31.05.02.H31.09.2012.732,HOÀN THÀNH,"Đạt chuẩn (1 bản duy nhất) (Hồ sơ chuẩn, không có bản trùng thừa)",1,true,"Hồ sơ cấp giấy phép xây dựng công trình Nhà máy chế biên nông sản thực phẩm tại thị trấn Lương Bằng, huyện Kim Động",2026-09-21 13:15:00
1925,H31.05.02.H31.09.2012.731,HOÀN THÀNH,Chưa xử lý,-,false,-,2026-09-19 18:37:36
1926,H31.05.02.H31.09.2010-2011.730,HOÀN THÀNH,Chưa xử lý,-,false,-,2026-09-19 18:37:50
1927,H31.05.02.H31.09.2010.729,HOÀN THÀNH,Chưa xử lý,-,false,-,2026-09-19 18:38:04
1928,H31.05.02.H31.09.2010.728,HOÀN THÀNH,Chưa xử lý,-,false,-,2026-09-19 18:38:18
1929,H31.05.02.H31.09.2011.727,HOÀN THÀNH,Chưa xử lý,-,false,-,2026-09-19 18:38:32
1930,H31.05.02.H31.09.2009.726,HOÀN THÀNH,Chưa xử lý,-,false,-,2026-09-19 18:38:40
1931,H31.05.02.H31.09.2011.724,HOÀN THÀNH,Chưa xử lý,-,false,-,2026-09-19 18:38:55
1932,H31.05.02.H31.09.2011.723,HOÀN THÀNH,Chưa xử lý,-,false,-,2026-09-19 18:39:09
1933,H31.05.02.H31.09.2011.722,HOÀN THÀNH,Chưa xử lý,-,false,-,2026-09-19 18:39:23
1934,H31.05.02.H31.09.2010-2011.725,HOÀN THÀNH,Chưa xử lý,-,false,-,2026-09-19 18:39:37
1935,H31.05.02.H31.09.2010.721,HOÀN THÀNH,Chưa xử lý,-,false,-,2026-09-19 18:39:51
1936,H31.05.02.H31.09.2009.716,HOÀN THÀNH,Chưa xử lý,-,false,-,2026-09-19 18:40:00
1937,H31.05.02.H31.09.2009.715,HOÀN THÀNH,Chưa xử lý,-,false,-,2026-09-19 18:40:08
1938,H31.05.02.H31.09.2014.682,HOÀN THÀNH,Chưa xử lý,-,false,-,2026-09-19 18:40:22
1939,H31.05.02.H31.09.2014.681,HOÀN THÀNH,Chưa xử lý,-,false,-,2026-09-19 18:40:36
1940,H31.05.02.H31.09.2013-2014.680,HOÀN THÀNH,Chưa xử lý,-,false,-,2026-09-19 18:40:50
1941,H31.05.02.H31.09.2009.638,HOÀN THÀNH,Chưa xử lý,-,false,-,2026-09-19 18:40:58
1942,H31.05.02.H31.09.2008.634,HOÀN THÀNH,Chưa xử lý,-,false,-,2026-09-19 18:41:12
1943,H31.05.02.H31.09.2009.635,HOÀN THÀNH,Chưa xử lý,-,false,-,2026-09-19 18:41:20
1944,H31.05.02.H31.09.2008.636,HOÀN THÀNH,Chưa xử lý,-,false,-,2026-09-19 18:41:35
1945,H31.05.02.H31.09.2007-2008.637,HOÀN THÀNH,Chưa xử lý,-,false,-,2026-09-19 18:41:49
1946,H31.05.02.H31.09.2008.633,HOÀN THÀNH,Chưa xử lý,-,false,-,2026-09-19 18:42:03
1947,H31.05.02.H31.09.2015.623,HOÀN THÀNH,"Đạt chuẩn (1 bản duy nhất) (Hồ sơ chuẩn, không có bản trùng thừa)",1,true,"Về việc thẩm định báo cáo kinh tế kỹ thuật công trình Nhà lớp học 2 tầng, 8 phòng, trường Trung học cơ sở Phù Ủng tại xã Phù Ủng, huyện Ân Thi",2026-09-21 13:15:06
1948,H31.05.02.H31.09.2015.622,HOÀN THÀNH,Chưa xử lý,-,false,-,2026-09-19 18:42:32
1949,H31.05.02.H31.09.2015.621,HOÀN THÀNH,Chưa xử lý,-,false,-,2026-09-19 18:42:46
1950,H31.05.02.H31.09.2014.616,HOÀN THÀNH,Chưa xử lý,-,false,-,2026-09-19 18:43:01
1951,H31.05.02.H31.09.2014.615,HOÀN THÀNH,"Đạt chuẩn (1 bản duy nhất) (Hồ sơ chuẩn, không có bản trùng thừa)",1,true,Về việc thẩm tra thiết kế bản vẽ thi công - dự toán công trình nhà hiệu bộ trường tiểu học Phù Ủng tại xã Phù Ủng - huyện Ân Thi,2026-09-21 13:15:09
1952,H31.05.02.H31.09.2014.614,HOÀN THÀNH,Chưa xử lý,-,false,-,2026-09-19 18:43:29
1953,H31.05.02.H31.09.2011.609,HOÀN THÀNH,Chưa xử lý,-,false,-,2026-09-19 18:43:43
1954,H31.05.02.H31.09.2011.610,HOÀN THÀNH,Chưa xử lý,-,false,-,2026-09-19 18:43:58
1955,H31.05.02.H31.09.2011.608,HOÀN THÀNH,Chưa xử lý,-,false,-,2026-09-19 18:44:12
1956,H31.05.02.H31.09.2011.607,HOÀN THÀNH,Chưa xử lý,-,false,-,2026-09-19 18:44:26
1957,H31.05.02.H31.09.2011.606,HOÀN THÀNH,Chưa xử lý,-,false,-,2026-09-19 18:44:41
1958,H31.05.02.H31.09.2011.605,HOÀN THÀNH,Chưa xử lý,-,false,-,2026-09-19 18:44:55
1959,H31.05.02.H31.09.2011.598,HOÀN THÀNH,"Đạt chuẩn (1 bản duy nhất) (Hồ sơ chuẩn, không có bản trùng thừa)",1,true,"Về việc tham gia ý kiến thẩm định nhiệm vụ thiết kế Công tình: Cải tạo, nâng cấp nhà làm việc khối đoàn thể huyện Ân Thi tại thị trấn Ân Thi.",2026-09-21 13:15:12
1960,H31.05.02.H31.09.2007-2010.597,HOÀN THÀNH,Chưa xử lý,-,false,-,2026-09-19 18:45:23
1961,H31.05.02.H31.09.2010.590,HOÀN THÀNH,Chưa xử lý,-,false,-,2026-09-19 18:45:37
1962,H31.05.02.H31.09.2010.588,HOÀN THÀNH,Chưa xử lý,-,false,-,2026-09-19 18:45:52
1963,H31.05.02.H31.09.2010.587,HOÀN THÀNH,Chưa xử lý,-,false,-,2026-09-19 18:46:06
1964,H31.05.02.H31.09.2010.586,HOÀN THÀNH,Chưa xử lý,-,false,-,2026-09-19 18:46:20
1965,H31.05.02.H31.09.2010.585,HOÀN THÀNH,Chưa xử lý,-,false,-,2026-09-19 18:46:34
1966,H31.05.02.H31.09.2010.584,HOÀN THÀNH,"Đạt chuẩn (1 bản duy nhất) (Hồ sơ chuẩn, không có bản trùng thừa)",1,true,"Về việc cấp giấy phép xây dựng công trình trạm BTS loại I cho  Trung tâm thông tin di động Vietnam Mobile - Chi nhánh Công ty Cổ phần viễn thông Hà Nội tại xã Hồng Quang, huyện Ân Thi",2026-09-21 13:15:16
1967,H31.05.02.H31.09.2010.589,HOÀN THÀNH,Chưa xử lý,-,false,-,2026-09-19 18:47:03
1968,H31.05.02.H31.09.2008.575,HOÀN THÀNH,Chưa xử lý,-,false,-,2026-09-19 18:47:11
1969,H31.05.02.H31.09.2008.574,HOÀN THÀNH,Chưa xử lý,-,false,-,2026-09-19 18:47:19
1970,H31.05.02.H31.09.2005.569,HOÀN THÀNH,Chưa xử lý,-,false,-,2026-09-19 18:47:34
1971,H31.05.02.H31.09.2008.573,HOÀN THÀNH,Chưa xử lý,-,false,-,2026-09-19 18:47:48
1972,H31.05.02.H31.09.2008.572,HOÀN THÀNH,Chưa xử lý,-,false,-,2026-09-19 18:48:02
1973,H31.05.02.H31.09.2008.571,HOÀN THÀNH,Chưa xử lý,-,false,-,2026-09-19 18:48:16
1974,H31.05.02.H31.09.2008.570,HOÀN THÀNH,Chưa xử lý,-,false,-,2026-09-19 18:48:30
1975,H31.05.02.H31.09.2005-2011.564,HOÀN THÀNH,Chưa xử lý,-,false,-,2026-09-19 18:48:44
1976,H31.05.02.H31.09.2010-2011.563,HOÀN THÀNH,Chưa xử lý,-,false,-,2026-09-19 18:48:58
1977,H31.05.02.H31.09.2011.551,HOÀN THÀNH,Chưa xử lý,-,false,-,2026-09-19 18:49:12
1978,H31.05.02.H31.09.2013.1189,HOÀN THÀNH,Chưa xử lý,-,false,-,2026-09-19 18:49:26
1979,H31.05.02.H31.09.2013.1188,HOÀN THÀNH,Chưa xử lý,-,false,-,2026-09-19 18:49:40
1980,H31.05.02.H31.09.2011.1168,HOÀN THÀNH,Chưa xử lý,-,false,-,2026-09-19 18:49:54
1981,H31.05.02.H31.09.2011.1163,HOÀN THÀNH,Chưa xử lý,-,false,-,2026-09-19 18:50:09
1982,H31.05.02.H31.09.2011.1162,HOÀN THÀNH,Chưa xử lý,-,false,-,2026-09-19 18:50:23
1983,H31.05.02.H31.09.2010.1138,HOÀN THÀNH,Chưa xử lý,-,false,-,2026-09-19 18:50:37
1984,H31.05.02.H31.09.2010.1137,HOÀN THÀNH,Chưa xử lý,-,false,-,2026-09-19 18:50:51
1985,H31.05.02.H31.09.2010.1136,HOÀN THÀNH,Chưa xử lý,-,false,-,2026-09-19 18:51:06
1986,H31.05.02.H31.09.2015.1100,HOÀN THÀNH,Chưa xử lý,-,false,-,2026-09-19 18:51:20
1987,H31.05.02.H31.09.2015.1099,HOÀN THÀNH,Chưa xử lý,-,false,-,2026-09-19 18:51:34
1988,H31.05.02.H31.09.2014.1098,HOÀN THÀNH,Chưa xử lý,-,false,-,2026-09-19 18:51:48
1989,H31.05.02.H31.09.2012.1093,HOÀN THÀNH,Chưa xử lý,-,false,-,2026-09-19 18:52:03
1990,H31.05.02.H31.09.2014.1094,HOÀN THÀNH,Chưa xử lý,-,false,-,2026-09-19 18:52:17
1991,H31.05.02.H31.09.2012.1090,HOÀN THÀNH,Chưa xử lý,-,false,-,2026-09-19 18:52:31
1992,H31.05.02.H31.09.2012.1089,HOÀN THÀNH,Chưa xử lý,-,false,-,2026-09-19 18:52:45
1993,H31.05.02.H31.09.2012.1086,HOÀN THÀNH,Chưa xử lý,-,false,-,2026-09-19 18:53:00
1994,H31.05.02.H31.09.2009.1044,HOÀN THÀNH,Chưa xử lý,-,false,-,2026-09-19 18:53:14
1995,H31.05.02.H31.09.2009.1043,HOÀN THÀNH,Chưa xử lý,-,false,-,2026-09-19 18:53:28
1996,H31.05.02.H31.09.2009.1041,HOÀN THÀNH,Chưa xử lý,-,false,-,2026-09-19 18:53:42
1997,H31.05.02.H31.09.2008-2009.1042,HOÀN THÀNH,Chưa xử lý,-,false,-,2026-09-19 18:53:57
1998,H31.05.02.H31.09.2008.1040,HOÀN THÀNH,Chưa xử lý,-,false,-,2026-09-19 18:54:11
1999,H31.05.02.H31.09.2008.1039,HOÀN THÀNH,Chưa xử lý,-,false,-,2026-09-19 18:54:25
2000,H31.05.02.H31.09.2015.1038,HOÀN THÀNH,Chưa xử lý,-,false,-,2026-09-19 18:54:40
2001,H31.05.02.H31.09.2007-2008.1037,HOÀN THÀNH,Chưa xử lý,-,false,-,2026-09-19 18:54:54
2002,H31.05.02.H31.09.2006.1034,HOÀN THÀNH,Chưa xử lý,-,false,-,2026-09-19 18:55:08
2003,H31.05.02.H31.09.2006.1033,HOÀN THÀNH,Chưa xử lý,-,false,-,2026-09-19 18:55:23
2004,H31.05.02.H31.09.2006.1032,HOÀN THÀNH,Chưa xử lý,-,false,-,2026-09-19 18:55:37
2005,H31.05.02.H31.09.2015.1021,HOÀN THÀNH,Chưa xử lý,-,false,-,2026-09-19 18:55:51
2006,H31.05.02.H31.09.2012.1020,HOÀN THÀNH,Chưa xử lý,-,false,-,2026-09-19 18:56:05
2007,H31.05.02.H31.09.2005-2011.1018,HOÀN THÀNH,Chưa xử lý,-,false,-,2026-09-19 18:56:20
2008,H31.05.02.H31.09.2015.1011,HOÀN THÀNH,Chưa xử lý,-,false,-,2026-09-19 18:56:34
2009,H31.05.02.H31.09.2008.1012,HOÀN THÀNH,Chưa xử lý,-,false,-,2026-09-19 18:56:48
2010,H31.05.02.H31.09.2015.1008,HOÀN THÀNH,Chưa xử lý,-,false,-,2026-09-19 18:57:03
2011,H31.05.02.H31.09.2015.1007,HOÀN THÀNH,Chưa xử lý,-,false,-,2026-09-19 18:57:17
2012,H31.05.02.H31.09.2011.992,HOÀN THÀNH,Chưa xử lý,-,false,-,2026-09-19 18:57:26
2013,H31.05.02.H31.09.2011.993,HOÀN THÀNH,Chưa xử lý,-,false,-,2026-09-19 18:57:34
2014,H31.05.02.H31.09.2014.990,HOÀN THÀNH,"Đạt chuẩn (1 bản duy nhất) (Hồ sơ chuẩn, không có bản trùng thừa)",1,true,"Hồ sơ về việc thẩm tra thiết kế bản vẽ thi công công trình: Cải tạo nhà điều hành sản xuất điện lực Văn Giang tại thị trấn Văn Giang, huyện Văn Giang",2026-09-21 13:15:27
2015,H31.05.02.H31.09.2013.987,HOÀN THÀNH,Chưa xử lý,-,false,-,2026-09-19 18:58:03
2016,H31.05.02.H31.09.2013.988,HOÀN THÀNH,Chưa xử lý,-,false,-,2026-09-19 18:58:17
2017,H31.05.02.H31.09.2012.984,HOÀN THÀNH,Chưa xử lý,-,false,-,2026-09-19 18:58:31
2018,H31.05.02.H31.09.2012.983,HOÀN THÀNH,Chưa xử lý,-,false,-,2026-09-19 18:58:45
2019,H31.05.02.H31.09.2011.986,HOÀN THÀNH,Chưa xử lý,-,false,-,2026-09-19 18:58:54
2020,H31.05.02.H31.09.2010.985,HOÀN THÀNH,Chưa xử lý,-,false,-,2026-09-19 18:59:08
2021,H31.05.02.H31.09.2010.971,HOÀN THÀNH,Chưa xử lý,-,false,-,2026-09-19 18:59:22
2022,H31.05.02.H31.09.2010.970,HOÀN THÀNH,Chưa xử lý,-,false,-,2026-09-19 18:59:36
2023,H31.05.02.H31.09.2010-2011.972,HOÀN THÀNH,Chưa xử lý,-,false,-,2026-09-19 18:59:51
2024,H31.05.02.H31.09.2010.965,HOÀN THÀNH,Chưa xử lý,-,false,-,2026-09-19 19:00:05
2025,H31.05.02.H31.09.2009.963,HOÀN THÀNH,Chưa xử lý,-,false,-,2026-09-19 19:00:19
2026,H31.05.02.H31.09.2009.964,HOÀN THÀNH,Chưa xử lý,-,false,-,2026-09-19 19:00:33
2027,H31.05.02.H31.09.2008-2009.962,HOÀN THÀNH,Chưa xử lý,-,false,-,2026-09-19 19:00:48
2028,H31.05.02.H31.09.2009.961,HOÀN THÀNH,Chưa xử lý,-,false,-,2026-09-19 19:01:02
2029,H31.05.02.H31.09.2009.960,HOÀN THÀNH,Chưa xử lý,-,false,-,2026-09-19 19:01:16
2030,H31.05.02.H31.09.2015.948,HOÀN THÀNH,Chưa xử lý,-,false,-,2026-09-19 19:01:30
2031,H31.05.02.H31.09.2006.949,HOÀN THÀNH,Chưa xử lý,-,false,-,2026-09-19 19:01:45
2032,H31.05.02.H31.09.2013.932,HOÀN THÀNH,Chưa xử lý,-,false,-,2026-09-19 19:01:59
2033,H31.05.02.H31.09.2013.931,HOÀN THÀNH,Chưa xử lý,-,false,-,2026-09-19 19:02:13
2034,H31.05.02.H31.09.2013.930,HOÀN THÀNH,Chưa xử lý,-,false,-,2026-09-19 19:02:28
2035,H31.05.02.H31.09.2012.933,HOÀN THÀNH,Chưa xử lý,-,false,-,2026-09-19 19:02:42
2036,H31.05.02.H31.09.2012.928,HOÀN THÀNH,Chưa xử lý,-,false,-,2026-09-19 19:02:56
2037,H31.05.02.H31.09.2013.929,HOÀN THÀNH,Chưa xử lý,-,false,-,2026-09-19 19:03:11
2038,H31.05.02.H31.09.2010.855,HOÀN THÀNH,Chưa xử lý,-,false,-,2026-09-19 19:03:25
2039,H31.05.02.H31.09.2012.856,HOÀN THÀNH,Chưa xử lý,-,false,-,2026-09-19 19:03:39
2040,H31.05.02.H31.09.2014.829,HOÀN THÀNH,Chưa xử lý,-,false,-,2026-09-19 19:03:53
2041,H31.05.02.H31.09.2014.828,HOÀN THÀNH,Chưa xử lý,-,false,-,2026-09-19 19:04:07
2042,H31.05.02.H31.09.2014.827,HOÀN THÀNH,Chưa xử lý,-,false,-,2026-09-19 19:04:22
2043,H31.05.02.H31.09.2009.812,HOÀN THÀNH,Chưa xử lý,-,false,-,2026-09-19 19:04:36
2044,H31.05.02.H31.09.2011.806,HOÀN THÀNH,Chưa xử lý,-,false,-,2026-09-19 19:04:50
2045,H31.05.02.H31.09.2011.805,HOÀN THÀNH,Chưa xử lý,-,false,-,2026-09-19 19:05:05
2046,H31.05.02.H31.09.2011.803,HOÀN THÀNH,Chưa xử lý,-,false,-,2026-09-19 19:05:19
2047,H31.05.02.H31.09.2011.802,HOÀN THÀNH,Chưa xử lý,-,false,-,2026-09-19 19:05:33
2048,H31.05.02.H31.09.2011.804,HOÀN THÀNH,Chưa xử lý,-,false,-,2026-09-19 19:05:47
2049,H31.05.02.H31.09.2011.801,HOÀN THÀNH,"Đạt chuẩn (1 bản duy nhất) (Hồ sơ chuẩn, không có bản trùng thừa)",1,true,"Về việc cấp giấy phép xây dựng tạm BTS loại 2 tại xã Lạc Xá, huyện Mỹ Hào",2026-09-21 13:15:35
2050,H31.05.02.H31.09.2011.800,HOÀN THÀNH,Chưa xử lý,-,false,-,2026-09-19 19:06:16
2051,H31.05.02.H31.09.2011.799,HOÀN THÀNH,Chưa xử lý,-,false,-,2026-09-19 19:06:30
2052,H31.05.02.H31.09.2011.798,HOÀN THÀNH,Chưa xử lý,-,false,-,2026-09-19 19:06:44
2053,H31.05.02.H31.09.2011.797,HOÀN THÀNH,Chưa xử lý,-,false,-,2026-09-19 19:06:59
2054,H31.05.02.H31.09.2010.791,HOÀN THÀNH,Chưa xử lý,-,false,-,2026-09-19 19:07:07
2055,H31.05.02.H31.09.2010.790,CẦN SCAN LẠI,Không tìm thấy hồ sơ (Không tìm thấy hồ sơ nào với mã này trên hệ thống Vinasynet),0,false,-,2026-09-21 13:15:40
2056,H31.05.02.H31.09.2010.789,CẦN SCAN LẠI,Không tìm thấy hồ sơ (Không tìm thấy hồ sơ nào với mã này trên hệ thống Vinasynet),0,false,-,2026-09-21 13:15:44
2057,H31.05.02.H31.09.2010.788,CẦN SCAN LẠI,Không tìm thấy hồ sơ (Không tìm thấy hồ sơ nào với mã này trên hệ thống Vinasynet),0,false,-,2026-09-21 13:15:48
2058,H31.05.02.H31.09.2009.785,HOÀN THÀNH,"Đạt chuẩn (1 bản duy nhất) (Hồ sơ chuẩn, không có bản trùng thừa)",1,true,"Về việc thẩm định dự toán Nhà máy sản xuất đồ gỗ, mỹ nghệ. Hạng mục: Tường rào đặc, nhà làm việc cấp 4 tại xã Nhân Hòa, huyện Mỹ Hào",2026-09-21 13:15:50
2059,H31.05.02.H31.09.2009.784,HOÀN THÀNH,Chưa xử lý,-,false,-,2026-09-19 19:08:01
2060,H31.05.02.H31.09.2009.787,HOÀN THÀNH,Chưa xử lý,-,false,-,2026-09-19 19:08:15
2061,H31.05.02.H31.09.2009.786,HOÀN THÀNH,Chưa xử lý,-,false,-,2026-09-19 19:08:29
2062,H31.05.02.H31.09.2009.783,HOÀN THÀNH,Chưa xử lý,-,false,-,2026-09-19 19:08:43
2063,H31.05.02.H31.09.2009.782,HOÀN THÀNH,Chưa xử lý,-,false,-,2026-09-19 19:08:58
2064,H31.05.02.H31.09.2009.780,HOÀN THÀNH,Chưa xử lý,-,false,-,2026-09-19 19:09:12
2065,H31.05.02.H31.09.2009.779,HOÀN THÀNH,Chưa xử lý,-,false,-,2026-09-19 19:09:27
2066,H31.05.02.H31.09.2009.777,HOÀN THÀNH,Chưa xử lý,-,false,-,2026-09-19 19:09:41
2067,H31.05.02.H31.09.2009.776,HOÀN THÀNH,Chưa xử lý,-,false,-,2026-09-19 19:09:55
2068,H31.05.02.H31.09.2008.775,HOÀN THÀNH,Chưa xử lý,-,false,-,2026-09-19 19:10:09
2069,H31.05.02.H31.09.2009.774,HOÀN THÀNH,Chưa xử lý,-,false,-,2026-09-19 19:10:24
2070,H31.05.02.H31.09.2006.772,HOÀN THÀNH,Chưa xử lý,-,false,-,2026-09-19 19:10:38
2071,H31.05.02.H31.09.2008.770,HOÀN THÀNH,"Đạt chuẩn (1 bản duy nhất) (Hồ sơ chuẩn, không có bản trùng thừa)",1,true,"Về việc Thiết kế bản vẽ thi công công trình Nhà lớp học Trường THPT Nguyễn Thiện Thuật tại xã Bạch Sam, huyện Mỹ Hào",2026-09-21 13:15:54
2072,H31.05.02.H31.09.2008-2009.771,HOÀN THÀNH,Chưa xử lý,-,false,-,2026-09-19 19:11:06
2073,H31.05.02.H31.09.2008.769,HOÀN THÀNH,Chưa xử lý,-,false,-,2026-09-19 19:11:21
2074,H31.05.02.H31.09.2008.767,HOÀN THÀNH,Chưa xử lý,-,false,-,2026-09-19 19:11:35
2075,H31.05.02.H31.09.2008.768,HOÀN THÀNH,Chưa xử lý,-,false,-,2026-09-19 19:11:50
2076,H31.05.02.H31.09.2006-2008.766,HOÀN THÀNH,Chưa xử lý,-,false,-,2026-09-19 19:12:04
2077,H31.05.02.H31.09.2008.765,HOÀN THÀNH,Chưa xử lý,-,false,-,2026-09-19 19:12:18
2078,H31.05.02.H31.09.2015.759,HOÀN THÀNH,Chưa xử lý,-,false,-,2026-09-19 19:12:33
2079,H31.05.02.H31.09.2015.758,HOÀN THÀNH,Chưa xử lý,-,false,-,2026-09-19 19:12:47
2080,H31.05.02.H31.09.2015.757,HOÀN THÀNH,Chưa xử lý,-,false,-,2026-09-19 19:13:01
2081,H31.05.02.H31.09.2015.756,HOÀN THÀNH,Chưa xử lý,-,false,-,2026-09-19 19:13:15
2082,H31.05.02.H31.09.2015.755,HOÀN THÀNH,Chưa xử lý,-,false,-,2026-09-19 19:13:30
2083,H31.05.02.H31.09.2015.754,HOÀN THÀNH,Chưa xử lý,-,false,-,2026-09-19 19:13:44
2084,H31.05.02.H31.09.2015.753,HOÀN THÀNH,Chưa xử lý,-,false,-,2026-09-19 19:13:58
2085,H31.05.02.H31.09.2015.752,HOÀN THÀNH,Chưa xử lý,-,false,-,2026-09-19 19:14:13
2086,H31.05.02.H31.09.2014.751,HOÀN THÀNH,Chưa xử lý,-,false,-,2026-09-19 19:14:27
2087,H31.05.02.H31.09.2015.750,HOÀN THÀNH,Chưa xử lý,-,false,-,2026-09-19 19:14:41
2088,H31.05.02.H31.09.2015.749,HOÀN THÀNH,Chưa xử lý,-,false,-,2026-09-19 19:14:55
2089,H31.05.02.H31.09.2015.748,HOÀN THÀNH,Chưa xử lý,-,false,-,2026-09-19 19:15:09
2090,H31.05.02.H31.09.2015.747,HOÀN THÀNH,Chưa xử lý,-,false,-,2026-09-19 19:15:24
2091,H31.05.02.H31.09.2014-2015.746,HOÀN THÀNH,Chưa xử lý,-,false,-,2026-09-19 19:15:38
2092,H31.05.02.H31.09.2014.745,HOÀN THÀNH,Chưa xử lý,-,false,-,2026-09-19 19:15:52
2093,H31.05.02.H31.09.2014.744,HOÀN THÀNH,Chưa xử lý,-,false,-,2026-09-19 19:16:06
2094,H31.05.02.H31.09.2014.743,HOÀN THÀNH,Chưa xử lý,-,false,-,2026-09-19 19:16:21
2095,H31.05.02.H31.09.2014.742,HOÀN THÀNH,Chưa xử lý,-,false,-,2026-09-19 19:16:35
2096,H31.05.02.H31.09.2014.740,HOÀN THÀNH,Chưa xử lý,-,false,-,2026-09-19 19:16:49
2097,H31.05.02.H31.09.2014.739,HOÀN THÀNH,Chưa xử lý,-,false,-,2026-09-19 19:17:03
2098,H31.05.02.H31.09.2014.738,HOÀN THÀNH,Chưa xử lý,-,false,-,2026-09-19 19:17:17
2099,H31.05.02.H31.09.2009.737,HOÀN THÀNH,Chưa xử lý,-,false,-,2026-09-19 19:17:26
2100,H31.05.02.H31.09.2013.736,HOÀN THÀNH,Chưa xử lý,-,false,-,2026-09-19 19:17:40
2101,H31.05.02.H31.09.2010.734,HOÀN THÀNH,Chưa xử lý,-,false,-,2026-09-19 19:17:54
2102,H31.05.02.H31.09.2010.733,HOÀN THÀNH,Chưa xử lý,-,false,-,2026-09-19 19:18:09
2103,H31.05.02.H31.09.2012.735,HOÀN THÀNH,Chưa xử lý,-,false,-,2026-09-19 19:18:23
2104,H31.05.02.H31.09.2009-2010.708,HOÀN THÀNH,"Đạt chuẩn (1 bản duy nhất) (Hồ sơ chuẩn, không có bản trùng thừa)",1,true,"Hồ sơ về việc thiết kế bản vẽ thi công công trình nhà lớp học Trường THPT Nguyễn Trung Ngạn tại xã Hồ Tùng Mậu, huyện Ân Thi",2026-09-21 13:16:03
2105,H31.05.02.H31.09.2010.709,HOÀN THÀNH,Chưa xử lý,-,false,-,2026-09-19 19:18:52
2106,H31.05.02.H31.09.2010.702,HOÀN THÀNH,Chưa xử lý,-,false,-,2026-09-19 19:19:06
2107,H31.05.02.H31.09.2009.701,HOÀN THÀNH,Chưa xử lý,-,false,-,2026-09-19 19:19:14
2108,H31.05.02.H31.09.2009.700,HOÀN THÀNH,Chưa xử lý,-,false,-,2026-09-19 19:19:23
2109,H31.05.02.H31.09.2010.699,HOÀN THÀNH,Chưa xử lý,-,false,-,2026-09-19 19:19:37
2110,H31.05.02.H31.09.2010.698,HOÀN THÀNH,Chưa xử lý,-,false,-,2026-09-19 19:19:51
2111,H31.05.02.H31.09.2008.693,HOÀN THÀNH,Chưa xử lý,-,false,-,2026-09-19 19:20:06
2112,H31.05.02.H31.09.2008.692,HOÀN THÀNH,"Đạt chuẩn (1 bản duy nhất) (Hồ sơ chuẩn, không có bản trùng thừa)",1,true,"Hồ sơ thiết kế cơ sở nhà lớp học trường THPT Đức Hợp tại xã Đức Hợp, huyện Kim Động",2026-09-21 13:16:06
2113,H31.05.02.H31.09.2008.691,HOÀN THÀNH,Chưa xử lý,-,false,-,2026-09-19 19:20:34
2114,H31.05.02.H31.09.2006.689,HOÀN THÀNH,Chưa xử lý,-,false,-,2026-09-19 19:20:49
2115,H31.05.02.H31.09.2008.690,HOÀN THÀNH,Chưa xử lý,-,false,-,2026-09-19 19:21:03
2116,H31.05.02.H31.09.2015.688,HOÀN THÀNH,"Đạt chuẩn (1 bản duy nhất) (Hồ sơ chuẩn, không có bản trùng thừa)",1,true,"Về việc thẩm định báo cáo kinh tế, kỹ thuật công trình nhà văn hóa xã Đông Tảo, huyện Khoái Châu",2026-09-21 13:16:09
2117,H31.05.02.H31.09.2015.685,HOÀN THÀNH,"Đạt chuẩn (1 bản duy nhất) (Hồ sơ chuẩn, không có bản trùng thừa)",1,true,"Về việc thẩm định thiết kế bản vẽ thi công - dự toán công trình: Cải tạo, sửa chữa và nâng cấp xưởng điện - điện tử Trường Đại học Sư phạm Kỹ thuật Hưng Yên tại xã Dân Tiến, huyện Khoái Châu, tỉnh Hưng Yên (Tập 1)",2026-09-21 13:16:11
2118,H31.05.02.H31.09.2014.684,HOÀN THÀNH,Chưa xử lý,-,false,-,2026-09-19 19:21:46
2119,H31.05.02.H31.09.2013.678,HOÀN THÀNH,Chưa xử lý,-,false,-,2026-09-19 19:22:00
2120,H31.05.02.H31.09.2014.679,HOÀN THÀNH,"Đạt chuẩn (1 bản duy nhất) (Hồ sơ chuẩn, không có bản trùng thừa)",1,true,"Thẩm tra thiết kế bản vẽ thi công dự toán công trình cải tạo, nâng cấp nhà bếp, nhà ăn bán trú trường THCS Nguyễn Thiện Thuật tại thị trấn Khoái Châu, huyện Khoái Châu",2026-09-21 13:16:14
2121,H31.05.02.H31.09.2012.677,HOÀN THÀNH,Chưa xử lý,-,false,-,2026-09-19 19:22:29
2122,H31.05.02.H31.09.2012.676,HOÀN THÀNH,Chưa xử lý,-,false,-,2026-09-19 19:22:43
2123,H31.05.02.H31.09.2012.675,HOÀN THÀNH,Chưa xử lý,-,false,-,2026-09-19 19:22:57
2124,H31.05.02.H31.09.2012.674,HOÀN THÀNH,Chưa xử lý,-,false,-,2026-09-19 19:23:12
2125,H31.05.02.H31.09.2009.673,HOÀN THÀNH,Chưa xử lý,-,false,-,2026-09-19 19:23:20
2126,H31.05.02.H31.09.2009.672,HOÀN THÀNH,Chưa xử lý,-,false,-,2026-09-19 19:23:28
2127,H31.05.02.H31.09.2009.671,HOÀN THÀNH,Chưa xử lý,-,false,-,2026-09-19 19:23:43
2128,H31.05.02.H31.09.2011.668,HOÀN THÀNH,Chưa xử lý,-,false,-,2026-09-19 19:23:57
2129,H31.05.02.H31.09.2010-2011.667,HOÀN THÀNH,Chưa xử lý,-,false,-,2026-09-19 19:24:12
2130,H31.05.02.H31.09.2011.670,HOÀN THÀNH,Chưa xử lý,-,false,-,2026-09-19 19:24:26
2131,H31.05.02.H31.09.2011.669,HOÀN THÀNH,Chưa xử lý,-,false,-,2026-09-19 19:24:40
2132,H31.05.02.H31.09.2010.652,HOÀN THÀNH,"Đạt chuẩn (1 bản duy nhất) (Hồ sơ chuẩn, không có bản trùng thừa)",1,true,Về việc thiết kế bản vẽ thi công công trình Trường THPT Nguyễn Siêu (gđ II) tại xã Đông kết huyện Khoái Châu,2026-09-21 13:16:18
2133,H31.05.02.H31.09.2008.653,HOÀN THÀNH,Chưa xử lý,-,false,-,2026-09-19 19:25:09
2134,H31.05.02.H31.09.2008.651,HOÀN THÀNH,Chưa xử lý,-,false,-,2026-09-19 19:25:23
2135,H31.05.02.H31.09.2009.643,HOÀN THÀNH,Chưa xử lý,-,false,-,2026-09-19 19:25:31
2136,H31.05.02.H31.09.2009.642,HOÀN THÀNH,Chưa xử lý,-,false,-,2026-09-19 19:25:39
2137,H31.05.02.H31.09.2009.641,HOÀN THÀNH,Chưa xử lý,-,false,-,2026-09-19 19:25:54
2138,H31.05.02.H31.09.2009.640,HOÀN THÀNH,Chưa xử lý,-,false,-,2026-09-19 19:26:08
2139,H31.05.02.H31.09.2010.644,HOÀN THÀNH,Chưa xử lý,-,false,-,2026-09-19 19:26:22
2140,H31.05.02.H31.09.2009.639,HOÀN THÀNH,Chưa xử lý,-,false,-,2026-09-19 19:26:36
2141,H31.05.02.H31.09.2008.631,HOÀN THÀNH,Chưa xử lý,-,false,-,2026-09-19 19:26:50
2142,H31.05.02.H31.09.2008.630,HOÀN THÀNH,Chưa xử lý,-,false,-,2026-09-19 19:27:04
2143,H31.05.02.H31.09.2008.632,HOÀN THÀNH,Chưa xử lý,-,false,-,2026-09-19 19:27:19
2144,H31.05.02.H31.09.2008.629,HOÀN THÀNH,Chưa xử lý,-,false,-,2026-09-19 19:27:33
2145,H31.05.02.H31.09.2006.626,HOÀN THÀNH,Chưa xử lý,-,false,-,2026-09-19 19:27:47
2146,H31.05.02.H31.09.2008.628,HOÀN THÀNH,Chưa xử lý,-,false,-,2026-09-19 19:28:01
2147,H31.05.02.H31.09.2008.627,HOÀN THÀNH,Chưa xử lý,-,false,-,2026-09-19 19:28:16
2148,H31.05.02.H31.09.2015.624,HOÀN THÀNH,Chưa xử lý,-,false,-,2026-09-19 19:28:30
2149,H31.05.02.H31.09.2006.625,HOÀN THÀNH,"Đạt chuẩn (1 bản duy nhất) (Hồ sơ chuẩn, không có bản trùng thừa)",1,true,"Về việc thiết kế cơ sở dự án đầu tư xây dựng khu dân cư mới tại xã An Vỹ, huyện Khoái Châu",2026-09-21 13:16:24
2150,H31.05.02.H31.09.2014.618,HOÀN THÀNH,Chưa xử lý,-,false,-,2026-09-19 19:28:58
2151,H31.05.02.H31.09.2014.617,HOÀN THÀNH,Chưa xử lý,-,false,-,2026-09-19 19:29:12
2152,H31.05.02.H31.09.2011-2012.612,HOÀN THÀNH,Chưa xử lý,-,false,-,2026-09-19 19:29:26
2153,H31.05.02.H31.09.2012.611,HOÀN THÀNH,Chưa xử lý,-,false,-,2026-09-19 19:29:40
2154,H31.05.02.H31.09.2011.604,HOÀN THÀNH,Chưa xử lý,-,false,-,2026-09-19 19:29:55
2155,H31.05.02.H31.09.2011.603,HOÀN THÀNH,Chưa xử lý,-,false,-,2026-09-19 19:30:09
2156,H31.05.02.H31.09.2011.602,HOÀN THÀNH,Chưa xử lý,-,false,-,2026-09-19 19:30:23
2157,H31.05.02.H31.09.2011.601,HOÀN THÀNH,Chưa xử lý,-,false,-,2026-09-19 19:30:37
2158,H31.05.02.H31.09.2011.600,HOÀN THÀNH,Chưa xử lý,-,false,-,2026-09-19 19:30:52
2159,H31.05.02.H31.09.2011.599,HOÀN THÀNH,Chưa xử lý,-,false,-,2026-09-19 19:31:06
2160,H31.05.02.H31.09.2011.596,HOÀN THÀNH,Chưa xử lý,-,false,-,2026-09-19 19:31:20
2161,H31.05.02.H31.09.2011.594,HOÀN THÀNH,Chưa xử lý,-,false,-,2026-09-19 19:31:34
2162,H31.05.02.H31.09.2010-2011.595,HOÀN THÀNH,Chưa xử lý,-,false,-,2026-09-19 19:31:49
2163,H31.05.02.H31.09.2006-2010.593,HOÀN THÀNH,Chưa xử lý,-,false,-,2026-09-19 19:32:03
2164,H31.05.02.H31.09.2010.592,HOÀN THÀNH,Chưa xử lý,-,false,-,2026-09-19 19:32:17
2165,H31.05.02.H31.09.2010.591,HOÀN THÀNH,Chưa xử lý,-,false,-,2026-09-19 19:32:32
2166,H31.05.02.H31.09.2010.583,HOÀN THÀNH,Chưa xử lý,-,false,-,2026-09-19 19:32:46
2167,H31.05.02.H31.09.2009.582,HOÀN THÀNH,"Đạt chuẩn (1 bản duy nhất) (Hồ sơ chuẩn, không có bản trùng thừa)",1,true,"Về việc thẩm định quy hoạch chi tiết công trình: Khu tái định cư 7 vị trí của 4 xã Vân Du, Đào Dương, Tân Phúc, Bãi Sậy huyện Ân Thi",2026-09-21 13:16:29
2168,H31.05.02.H31.09.2009.580,HOÀN THÀNH,Chưa xử lý,-,false,-,2026-09-19 19:33:14
2169,H31.05.02.H31.09.2008-2009.581,HOÀN THÀNH,"Đạt chuẩn (1 bản duy nhất) (Hồ sơ chuẩn, không có bản trùng thừa)",1,true,"Về việc tham gia ý kiến thiết kế cơ sở công trình Trung tâm bồi dưỡng chính trị huyện Ân Thi tại Thị trấn Ân Thi, huyện Ân Thi",2026-09-21 13:16:31
2170,H31.05.02.H31.09.2008.577,HOÀN THÀNH,Chưa xử lý,-,false,-,2026-09-19 19:33:43
2171,H31.05.02.H31.09.2008.576,HOÀN THÀNH,Chưa xử lý,-,false,-,2026-09-19 19:33:57
2172,H31.05.02.H31.09.2008.579,HOÀN THÀNH,Chưa xử lý,-,false,-,2026-09-19 19:34:11
2173,H31.05.02.H31.09.2008.578,HOÀN THÀNH,Chưa xử lý,-,false,-,2026-09-19 19:34:25
2174,H31.05.02.H31.09.2008.539,HOÀN THÀNH,Chưa xử lý,-,false,-,2026-09-19 19:34:34
2175,H31.05.02.H31.09.2008.538,HOÀN THÀNH,Chưa xử lý,-,false,-,2026-09-19 19:34:42
2176,H31.05.02.H31.09.2006-2008.540,HOÀN THÀNH,Chưa xử lý,-,false,-,2026-09-19 19:34:56
2177,H31.05.02.H31.09.2006.537,HOÀN THÀNH,Chưa xử lý,-,false,-,2026-09-19 19:35:10
2178,H31.05.02.H31.09.2015.1206,HOÀN THÀNH,Chưa xử lý,-,false,-,2026-09-19 19:35:24
2179,H31.05.02.H31.09.2014.1205,HOÀN THÀNH,Chưa xử lý,-,false,-,2026-09-19 19:35:38
2180,H31.05.02.H31.09.2014.1204,HOÀN THÀNH,Chưa xử lý,-,false,-,2026-09-19 19:35:52
2181,H31.05.02.H31.09.2013-2014.1202,HOÀN THÀNH,Chưa xử lý,-,false,-,2026-09-19 19:36:06
2182,H31.05.02.H31.09.2014.1197,HOÀN THÀNH,Chưa xử lý,-,false,-,2026-09-19 19:36:20
2183,H31.05.02.H31.09.2014.1195,HOÀN THÀNH,Chưa xử lý,-,false,-,2026-09-19 19:36:34
2184,H31.05.02.H31.09.2014.1194,HOÀN THÀNH,Chưa xử lý,-,false,-,2026-09-19 19:36:48
2185,H31.05.02.H31.09.2014.1192,HOÀN THÀNH,Chưa xử lý,-,false,-,2026-09-19 19:37:02
2186,H31.05.02.H31.09.2012.1187,CẦN SCAN LẠI,Không tìm thấy hồ sơ (Không tìm thấy hồ sơ nào với mã này trên hệ thống Vinasynet),0,false,-,2026-09-21 13:16:38
2187,H31.05.02.H31.09.2012.1186,CẦN SCAN LẠI,Không tìm thấy hồ sơ (Không tìm thấy hồ sơ nào với mã này trên hệ thống Vinasynet),0,false,-,2026-09-21 13:16:42
2188,H31.05.02.H31.09.2012.1185,CẦN SCAN LẠI,Không tìm thấy hồ sơ (Không tìm thấy hồ sơ nào với mã này trên hệ thống Vinasynet),0,false,-,2026-09-21 13:16:45
2189,H31.05.02.H31.09.2012.1184,CẦN SCAN LẠI,Không tìm thấy hồ sơ (Không tìm thấy hồ sơ nào với mã này trên hệ thống Vinasynet),0,false,-,2026-09-21 13:16:49
2190,H31.05.02.H31.09.2012.1183,CẦN SCAN LẠI,Không tìm thấy hồ sơ (Không tìm thấy hồ sơ nào với mã này trên hệ thống Vinasynet),0,false,-,2026-09-21 13:16:53
2191,H31.05.02.H31.09.2012.1182,CẦN SCAN LẠI,Không tìm thấy hồ sơ (Không tìm thấy hồ sơ nào với mã này trên hệ thống Vinasynet),0,false,-,2026-09-21 13:16:57
2192,H31.05.02.H31.09.2012.1181,CẦN SCAN LẠI,Không tìm thấy hồ sơ (Không tìm thấy hồ sơ nào với mã này trên hệ thống Vinasynet),0,false,-,2026-09-21 13:17:00
2193,H31.05.02.H31.09.2012.1180,CẦN SCAN LẠI,Không tìm thấy hồ sơ (Không tìm thấy hồ sơ nào với mã này trên hệ thống Vinasynet),0,false,-,2026-09-21 13:17:04
2194,H31.05.02.H31.09.2010-2012.1179,HOÀN THÀNH,"Đạt chuẩn (1 bản duy nhất) (Hồ sơ chuẩn, không có bản trùng thừa)",1,true,"Về việc thẩm định thiết kế bản vẽ thi công công trình: Nhà ăn Trường Cao đẳng công nghiệp Hưng Yên tại xã Giai Phạm, huyện Yên Mỹ",2026-09-21 13:17:06
2195,H31.05.02.H31.09.2010.1173,HOÀN THÀNH,Chưa xử lý,-,false,-,2026-09-19 19:39:12
2196,H31.05.02.H31.09.2010.1172,HOÀN THÀNH,Chưa xử lý,-,false,-,2026-09-19 19:39:26
2197,H31.05.02.H31.09.2011.1167,HOÀN THÀNH,Chưa xử lý,-,false,-,2026-09-19 19:39:40
2198,H31.05.02.H31.09.2011.1166,HOÀN THÀNH,Chưa xử lý,-,false,-,2026-09-19 19:39:54
2199,H31.05.02.H31.09.2011.1165,HOÀN THÀNH,Chưa xử lý,-,false,-,2026-09-19 19:40:08
2200,H31.05.02.H31.09.2011.1164,HOÀN THÀNH,Chưa xử lý,-,false,-,2026-09-19 19:40:22
2201,H31.05.02.H31.09.2011.1161,HOÀN THÀNH,Chưa xử lý,-,false,-,2026-09-19 19:40:36
2202,H31.05.02.H31.09.2011.1160,HOÀN THÀNH,Chưa xử lý,-,false,-,2026-09-19 19:40:50
2203,H31.05.02.H31.09.2011.1159,HOÀN THÀNH,Chưa xử lý,-,false,-,2026-09-19 19:41:04
2204,H31.05.02.H31.09.2011.1158,HOÀN THÀNH,Chưa xử lý,-,false,-,2026-09-19 19:41:18
2205,H31.05.02.H31.09.2008-2011.1157,HOÀN THÀNH,Chưa xử lý,-,false,-,2026-09-19 19:41:33
2206,H31.05.02.H31.09.2011.1156,HOÀN THÀNH,Chưa xử lý,-,false,-,2026-09-19 19:41:47
2207,H31.05.02.H31.09.2011.1155,HOÀN THÀNH,Chưa xử lý,-,false,-,2026-09-19 19:42:01
2208,H31.05.02.H31.09.2011.1154,HOÀN THÀNH,Chưa xử lý,-,false,-,2026-09-19 19:42:15
2209,H31.05.02.H31.09.2011.1153,HOÀN THÀNH,Chưa xử lý,-,false,-,2026-09-19 19:42:29
2210,H31.05.02.H31.09.2011.1152,HOÀN THÀNH,"Đạt chuẩn (1 bản duy nhất) (Hồ sơ chuẩn, không có bản trùng thừa)",1,true,"Hồ sơ về việc thiết kế cơ sở công trình khu nhà ở A - LK 14, 15, 16 thấp tầng tại xã Liêu Xá, huyện Yên Mỹ",2026-09-21 13:17:11
2211,H31.05.02.H31.09.2010.1150,HOÀN THÀNH,Chưa xử lý,-,false,-,2026-09-19 19:42:57
2212,H31.05.02.H31.09.2009.1148,HOÀN THÀNH,Chưa xử lý,-,false,-,2026-09-19 19:43:12
2213,H31.05.02.H31.09.2008.1147,HOÀN THÀNH,Chưa xử lý,-,false,-,2026-09-19 19:43:26
2214,H31.05.02.H31.09.2009.1149,HOÀN THÀNH,Chưa xử lý,-,false,-,2026-09-19 19:43:40
2215,H31.05.02.H31.09.2010.1142,HOÀN THÀNH,Chưa xử lý,-,false,-,2026-09-19 19:43:54
2216,H31.05.02.H31.09.2010.1141,HOÀN THÀNH,Chưa xử lý,-,false,-,2026-09-19 19:44:09
2217,H31.05.02.H31.09.2010.1140,HOÀN THÀNH,Chưa xử lý,-,false,-,2026-09-19 19:44:23
2218,H31.05.02.H31.09.2010.1135,HOÀN THÀNH,Chưa xử lý,-,false,-,2026-09-19 19:44:37
2219,H31.05.02.H31.09.2010.1134,HOÀN THÀNH,"Đạt chuẩn (1 bản duy nhất) (Hồ sơ chuẩn, không có bản trùng thừa)",1,true,Hồ sơ về việc cấp phép xây dựng trạm thu phát sóng BTS tại xã Trung Hưng - huyện Yên Mỹ,2026-09-21 13:17:15
2220,H31.05.02.H31.09.2010.1133,HOÀN THÀNH,Chưa xử lý,-,false,-,2026-09-19 19:45:06
2221,H31.05.02.H31.09.2010.1132,HOÀN THÀNH,"Đạt chuẩn (1 bản duy nhất) (Hồ sơ chuẩn, không có bản trùng thừa)",1,true,Hồ sơ về việc cấp phép xây dựng trạm thu phát sóng BTS tại xã Tân Lập - huyện Yên Mỹ,2026-09-21 13:17:18
2222,H31.05.02.H31.09.2010.1131,HOÀN THÀNH,Chưa xử lý,-,false,-,2026-09-19 19:45:34
2223,H31.05.02.H31.09.2010.1130,HOÀN THÀNH,Chưa xử lý,-,false,-,2026-09-19 19:45:49
2224,H31.05.02.H31.09.2009.1129,HOÀN THÀNH,Chưa xử lý,-,false,-,2026-09-19 19:46:03
2225,H31.05.02.H31.09.2009.1128,HOÀN THÀNH,Chưa xử lý,-,false,-,2026-09-19 19:46:17
2226,H31.05.02.H31.09.2009.1127,HOÀN THÀNH,"Đạt chuẩn (1 bản duy nhất) (Hồ sơ chuẩn, không có bản trùng thừa)",1,true,"Hồ sơ về việc tham gia ý kiến thiết kế cơ sở công trình Trung tâm Giáo dục thường xuyên Phố Nối xã Liêu Xá, huyện Yên Mỹ",2026-09-21 13:17:21
2227,H31.05.02.H31.09.2009.1126,HOÀN THÀNH,Chưa xử lý,-,false,-,2026-09-19 19:46:46
2228,H31.05.02.H31.09.2007-2010.1120,HOÀN THÀNH,"Đạt chuẩn (1 bản duy nhất) (Hồ sơ chuẩn, không có bản trùng thừa)",1,true,"Hồ sơ về việc thẩm định dự toán điều chỉnh giá trị gói thầu xây lắp công trình: San nền, đường giao thông nội bộ khu dân cư mới thị trấn Yên Mỹ",2026-09-21 13:17:23
2229,H31.05.02.H31.09.2010.1119,HOÀN THÀNH,Chưa xử lý,-,false,-,2026-09-19 19:47:15
2230,H31.05.02.H31.09.2010.1118,HOÀN THÀNH,Chưa xử lý,-,false,-,2026-09-19 19:47:29
2231,H31.05.02.H31.09.2009.1112,HOÀN THÀNH,Chưa xử lý,-,false,-,2026-09-19 19:47:43
2232,H31.05.02.H31.09.2009.1109,HOÀN THÀNH,"Đạt chuẩn (1 bản duy nhất) (Hồ sơ chuẩn, không có bản trùng thừa)",1,true,Hồ sơ về công trình hệ thống bao che lò đốt rác Trung tâm y tế huyện Yên Mỹ,2026-09-21 13:17:26
2233,H31.05.02.H31.09.2008.1108,HOÀN THÀNH,Chưa xử lý,-,false,-,2026-09-19 19:48:12
2234,H31.05.02.H31.09.2008.1106,HOÀN THÀNH,"Đạt chuẩn (1 bản duy nhất) (Hồ sơ chuẩn, không có bản trùng thừa)",1,true,Hồ sơ về việc thẩm định dự toán Ủy ban nhân dân huyện Yên Mỹ,2026-09-21 13:17:29
2235,H31.05.02.H31.09.2007.1107,HOÀN THÀNH,Chưa xử lý,-,false,-,2026-09-19 19:48:41
2236,H31.05.02.H31.09.2006.1104,HOÀN THÀNH,"Đạt chuẩn (1 bản duy nhất) (Hồ sơ chuẩn, không có bản trùng thừa)",1,true,"Hồ sơ về việc thiết kế bản vẽ thi công công trình tu bổ, tôn tạo khi di tích lịch sử đại danh y Hải Thượng Lãn Ông tại xã Liêu Xá, huyện Yên Mỹ",2026-09-21 13:17:31
2237,H31.05.02.H31.09.2015.1102,HOÀN THÀNH,Chưa xử lý,-,false,-,2026-09-19 19:49:10
2238,H31.05.02.H31.09.2014.1095,HOÀN THÀNH,"Đạt chuẩn (1 bản duy nhất) (Hồ sơ chuẩn, không có bản trùng thừa)",1,true,"Hồ sơ về việc thẩm tra thiết kế bản vẽ thi công - dự toán công trình nà làm việc 2 tầng và các hạng mục phụ trợ trụ sở Đảng ủy - HĐND - UBND xã Lạc Hồng, huyện Văn Lâm",2026-09-21 13:17:33
2239,H31.05.02.H31.09.2012.1092,HOÀN THÀNH,Chưa xử lý,-,false,-,2026-09-19 19:49:38
2240,H31.05.02.H31.09.2012.1091,HOÀN THÀNH,Chưa xử lý,-,false,-,2026-09-19 19:49:53
2241,H31.05.02.H31.09.2012.1088,HOÀN THÀNH,Chưa xử lý,-,false,-,2026-09-19 19:50:07
2242,H31.05.02.H31.09.2012.1087,HOÀN THÀNH,Chưa xử lý,-,false,-,2026-09-19 19:50:21
2243,H31.05.02.H31.09.2010-2011.1085,HOÀN THÀNH,Chưa xử lý,-,false,-,2026-09-19 19:50:35
2244,H31.05.02.H31.09.2010-2011.1084,HOÀN THÀNH,Chưa xử lý,-,false,-,2026-09-19 19:50:49
2245,H31.05.02.H31.09.2010-2011.1083,HOÀN THÀNH,Chưa xử lý,-,false,-,2026-09-19 19:51:03
2246,H31.05.02.H31.09.2011.1081,CẦN SCAN LẠI,Không tìm thấy hồ sơ (Không tìm thấy hồ sơ nào với mã này trên hệ thống Vinasynet),0,false,-,2026-09-21 13:17:39
2247,H31.05.02.H31.09.2011.1079,CẦN SCAN LẠI,Không tìm thấy hồ sơ (Không tìm thấy hồ sơ nào với mã này trên hệ thống Vinasynet),0,false,-,2026-09-21 13:17:42
2248,H31.05.02.H31.09.2008-2011.1080,HOÀN THÀNH,"Đạt chuẩn (1 bản duy nhất) (Hồ sơ chuẩn, không có bản trùng thừa)",1,true,"Hồ sơ về việc cấp giấy phép xây dựng công trình trạm BTS loại 1 - Văn Lâm 17 của Trung tâm thông tin di động khu vực V tại xã Tân Quang, huyện Văn Lâm",2026-09-21 13:17:45
2249,H31.05.02.H31.09.2007-2011.1078,HOÀN THÀNH,Chưa xử lý,-,false,-,2026-09-19 19:51:48
2250,H31.05.02.H31.09.2011.1077,HOÀN THÀNH,Chưa xử lý,-,false,-,2026-09-19 19:51:57
2251,H31.05.02.H31.09.2011.1076,HOÀN THÀNH,Chưa xử lý,-,false,-,2026-09-19 19:52:11
2252,H31.05.02.H31.09.2011.1074,HOÀN THÀNH,Chưa xử lý,-,false,-,2026-09-19 19:52:25
2253,H31.05.02.H31.09.2011.1073,HOÀN THÀNH,Chưa xử lý,-,false,-,2026-09-19 19:52:40
2254,H31.05.02.H31.09.2011.1072,CẦN SCAN LẠI,Không tìm thấy hồ sơ (Không tìm thấy hồ sơ nào với mã này trên hệ thống Vinasynet),0,false,-,2026-09-21 13:17:49
2255,H31.05.02.H31.09.2011.1071,CẦN SCAN LẠI,Không tìm thấy hồ sơ (Không tìm thấy hồ sơ nào với mã này trên hệ thống Vinasynet),0,false,-,2026-09-21 13:17:53
2256,H31.05.02.H31.09.2011.1070,CẦN SCAN LẠI,Không tìm thấy hồ sơ (Không tìm thấy hồ sơ nào với mã này trên hệ thống Vinasynet),0,false,-,2026-09-21 13:17:57
2257,H31.05.02.H31.09.2011.1069,CẦN SCAN LẠI,Không tìm thấy hồ sơ (Không tìm thấy hồ sơ nào với mã này trên hệ thống Vinasynet),0,false,-,2026-09-21 13:18:01
2258,H31.05.02.H31.09.2010.1051,HOÀN THÀNH,"Đạt chuẩn (1 bản duy nhất) (Hồ sơ chuẩn, không có bản trùng thừa)",1,true,"Về việc tham gia ý kiến thẩm định thiết kế bản vẽ thi công công trình nhà lớp học 15 phòng Trường THPT Văn Lâm tại xã Lạc Đạo, huyện Văn Lâm",2026-09-21 13:18:03
2259,H31.05.02.H31.09.2006-2008.1036,HOÀN THÀNH,Chưa xử lý,-,false,-,2026-09-19 19:54:00
2260,H31.05.02.H31.09.2006.1035,HOÀN THÀNH,"Đạt chuẩn (1 bản duy nhất) (Hồ sơ chuẩn, không có bản trùng thừa)",1,true,"Về việc thiết kế cơ sở công trình xây dựng hạ tầng kỹ thuật khu dân cư mới xã Đình Dù và xã Trưng Tắc, huyện Văn Lâm",2026-09-21 13:18:05
2261,H31.05.02.H31.09.2015.1028,HOÀN THÀNH,Chưa xử lý,-,false,-,2026-09-19 19:54:29
2262,H31.05.02.H31.09.2012.1023,HOÀN THÀNH,Chưa xử lý,-,false,-,2026-09-19 19:54:43
2263,H31.05.02.H31.09.2012.1022,HOÀN THÀNH,Chưa xử lý,-,false,-,2026-09-19 19:54:57
2264,H31.05.02.H31.09.2015.1010,HOÀN THÀNH,Chưa xử lý,-,false,-,2026-09-19 19:55:11
2265,H31.05.02.H31.09.2015.1009,HOÀN THÀNH,Chưa xử lý,-,false,-,2026-09-19 19:55:26
2266,H31.05.02.H31.09.2014.1006,HOÀN THÀNH,Chưa xử lý,-,false,-,2026-09-19 19:55:40
2267,H31.05.02.H31.09.2014-2015.1005,HOÀN THÀNH,Chưa xử lý,-,false,-,2026-09-19 19:55:54
2268,H31.05.02.H31.09.2014.1001,HOÀN THÀNH,Chưa xử lý,-,false,-,2026-09-19 19:56:09
2269,H31.05.02.H31.09.2014.1000,HOÀN THÀNH,Chưa xử lý,-,false,-,2026-09-19 19:56:23
2270,H31.05.02.H31.09.2011.1002,HOÀN THÀNH,Chưa xử lý,-,false,-,2026-09-19 19:56:31
2271,H31.05.02.H31.09.2014.997,HOÀN THÀNH,Chưa xử lý,-,false,-,2026-09-19 19:56:45
2272,H31.05.02.H31.09.2011.996,HOÀN THÀNH,Chưa xử lý,-,false,-,2026-09-19 19:56:59
2273,H31.05.02.H31.09.2011.982,HOÀN THÀNH,Chưa xử lý,-,false,-,2026-09-19 19:57:08
2274,H31.05.02.H31.09.2010.981,HOÀN THÀNH,Chưa xử lý,-,false,-,2026-09-19 19:57:22
2275,H31.05.02.H31.09.2011.979,HOÀN THÀNH,Chưa xử lý,-,false,-,2026-09-19 19:57:31
2276,H31.05.02.H31.09.2010.980,HOÀN THÀNH,Chưa xử lý,-,false,-,2026-09-19 19:57:45
2277,H31.05.02.H31.09.2008-2011.978,HOÀN THÀNH,Chưa xử lý,-,false,-,2026-09-19 19:57:59
2278,H31.05.02.H31.09.2011.977,HOÀN THÀNH,Chưa xử lý,-,false,-,2026-09-19 19:58:08
2279,H31.05.02.H31.09.2011.976,HOÀN THÀNH,Chưa xử lý,-,false,-,2026-09-19 19:58:22
2280,H31.05.02.H31.09.2011.975,HOÀN THÀNH,Chưa xử lý,-,false,-,2026-09-19 19:58:36
2281,H31.05.02.H31.09.2011.974,HOÀN THÀNH,Chưa xử lý,-,false,-,2026-09-19 19:58:50
2282,H31.05.02.H31.09.2010.969,HOÀN THÀNH,Chưa xử lý,-,false,-,2026-09-19 19:59:04
2283,H31.05.02.H31.09.2010.968,HOÀN THÀNH,Chưa xử lý,-,false,-,2026-09-19 19:59:19
2284,H31.05.02.H31.09.2010.967,HOÀN THÀNH,Chưa xử lý,-,false,-,2026-09-19 19:59:33
2285,H31.05.02.H31.09.2009-2010.966,HOÀN THÀNH,Chưa xử lý,-,false,-,2026-09-19 19:59:47
2286,H31.05.02.H31.09.2009.959,HOÀN THÀNH,Chưa xử lý,-,false,-,2026-09-19 20:00:01
2287,H31.05.02.H31.09.2009.958,HOÀN THÀNH,"Đạt chuẩn (1 bản duy nhất) (Hồ sơ chuẩn, không có bản trùng thừa)",1,true,"Tham gia ý kiến thẩm định bản vẽ thi công công trình phòng chuẩn bị thực hành thí nghiệm và cải tạo nâng cấp 2 phòng cấp 4 thành thư viện - Phòng thí nghiệm trường THPT Dương Quảng Hàm xã Liên Nghĩa, huyện Văn Giang.",2026-09-21 13:18:12
2288,H31.05.02.H31.09.2009.956,HOÀN THÀNH,Chưa xử lý,-,false,-,2026-09-19 20:00:29
2289,H31.05.02.H31.09.2008-2009.957,HOÀN THÀNH,Chưa xử lý,-,false,-,2026-09-19 20:00:43
2290,H31.05.02.H31.09.2008.955,HOÀN THÀNH,"Đạt chuẩn (1 bản duy nhất) (Hồ sơ chuẩn, không có bản trùng thừa)",1,true,"Về việc thiết kế cơ sở công trình cải tạo, nâng cấp trung tâm y tế huyện Văn Giang (tập 2)",2026-09-21 13:18:15
2291,H31.05.02.H31.09.2008.952,HOÀN THÀNH,Chưa xử lý,-,false,-,2026-09-19 20:01:12
2292,H31.05.02.H31.09.2008.951,HOÀN THÀNH,Chưa xử lý,-,false,-,2026-09-19 20:01:26
2293,H31.05.02.H31.09.2008.953,HOÀN THÀNH,Chưa xử lý,-,false,-,2026-09-19 20:01:40
2294,H31.05.02.H31.09.2008.950,HOÀN THÀNH,Chưa xử lý,-,false,-,2026-09-19 20:01:54
2295,H31.05.02.H31.09.2015.947,HOÀN THÀNH,Chưa xử lý,-,false,-,2026-09-19 20:02:08
2296,H31.05.02.H31.09.2015.946,HOÀN THÀNH,Chưa xử lý,-,false,-,2026-09-19 20:02:22
2297,H31.05.02.H31.09.2015.945,HOÀN THÀNH,Chưa xử lý,-,false,-,2026-09-19 20:02:37
2298,H31.05.02.H31.09.2015.944,HOÀN THÀNH,Chưa xử lý,-,false,-,2026-09-19 20:02:51
2299,H31.05.02.H31.09.2015.943,HOÀN THÀNH,Chưa xử lý,-,false,-,2026-09-19 20:03:05
2300,H31.05.02.H31.09.2012.942,HOÀN THÀNH,Chưa xử lý,-,false,-,2026-09-19 20:03:19
2301,H31.05.02.H31.09.2012-2013.941,HOÀN THÀNH,"Đạt chuẩn (1 bản duy nhất) (Hồ sơ chuẩn, không có bản trùng thừa)",1,true,"Xây dựng nhà lớp học lý thuyết, san nền, tường rào và công trình phụ trợ của trường THPT Trần Hưng Đạo tại xã Thiện Phiến, huyện Tiên Lữ năm 2013",2026-09-21 13:18:19
2302,H31.05.02.H31.09.2011.940,HOÀN THÀNH,Chưa xử lý,-,false,-,2026-09-19 20:03:42
2303,H31.05.02.H31.09.2011.939,HOÀN THÀNH,Chưa xử lý,-,false,-,2026-09-19 20:03:50
2304,H31.05.02.H31.09.2010.938,HOÀN THÀNH,Chưa xử lý,-,false,-,2026-09-19 20:04:05
2305,H31.05.02.H31.09.2014.936,HOÀN THÀNH,"Đạt chuẩn (1 bản duy nhất) (Hồ sơ chuẩn, không có bản trùng thừa)",1,true,"Tham gia ý kiến thiết kế cơ sở dự án Trụ sở làm việc Kho bạc Nhà nước Tiên Lữ tại thị trấn Vương, huyện Tiên Lữ (tập 2)",2026-09-21 13:18:22
2306,H31.05.02.H31.09.2010.937,HOÀN THÀNH,Chưa xử lý,-,false,-,2026-09-19 20:04:33
2307,H31.05.02.H31.09.2010.924,HOÀN THÀNH,Chưa xử lý,-,false,-,2026-09-19 20:04:47
2308,H31.05.02.H31.09.2010.923,HOÀN THÀNH,Chưa xử lý,-,false,-,2026-09-19 20:05:01
2309,H31.05.02.H31.09.2010.922,HOÀN THÀNH,Chưa xử lý,-,false,-,2026-09-19 20:05:15
2310,H31.05.02.H31.09.2010.921,HOÀN THÀNH,Chưa xử lý,-,false,-,2026-09-19 20:05:30
2311,H31.05.02.H31.09.2010.920,HOÀN THÀNH,Chưa xử lý,-,false,-,2026-09-19 20:05:44
2312,H31.05.02.H31.09.2011.927,HOÀN THÀNH,Chưa xử lý,-,false,-,2026-09-19 20:05:52
2313,H31.05.02.H31.09.2011.926,HOÀN THÀNH,Chưa xử lý,-,false,-,2026-09-19 20:06:00
2314,H31.05.02.H31.09.2011.925,HOÀN THÀNH,Chưa xử lý,-,false,-,2026-09-19 20:06:14
2315,H31.05.02.H31.09.2010.919,HOÀN THÀNH,Chưa xử lý,-,false,-,2026-09-19 20:06:28
2316,H31.05.02.H31.09.2010.918,HOÀN THÀNH,Chưa xử lý,-,false,-,2026-09-19 20:06:43
2317,H31.05.02.H31.09.2014.911,HOÀN THÀNH,Chưa xử lý,-,false,-,2026-09-19 20:06:57
2318,H31.05.02.H31.09.2009.904,HOÀN THÀNH,"Đạt chuẩn (1 bản duy nhất) (Hồ sơ chuẩn, không có bản trùng thừa)",1,true,Về việc tham gia ý kiến thiết kế cơ sở chi cục thuế huyện Tiên Lữ năm 2009,2026-09-21 13:18:27
2319,H31.05.02.H31.09.2009.903,HOÀN THÀNH,Chưa xử lý,-,false,-,2026-09-19 20:07:25
2320,H31.05.02.H31.09.2009.902,HOÀN THÀNH,Chưa xử lý,-,false,-,2026-09-19 20:07:39
2321,H31.05.02.H31.09.2009.901,HOÀN THÀNH,Chưa xử lý,-,false,-,2026-09-19 20:07:53
2322,H31.05.02.H31.09.2014.875,HOÀN THÀNH,Chưa xử lý,-,false,-,2026-09-19 20:08:07
2323,H31.05.02.H31.09.2011.877,HOÀN THÀNH,Chưa xử lý,-,false,-,2026-09-19 20:08:21
2324,H31.05.02.H31.09.2009.876,HOÀN THÀNH,Chưa xử lý,-,false,-,2026-09-19 20:08:35
2325,H31.05.02.H31.09.2011.878,HOÀN THÀNH,Chưa xử lý,-,false,-,2026-09-19 20:08:49
2326,H31.05.02.H31.09.2014.865,HOÀN THÀNH,Chưa xử lý,-,false,-,2026-09-19 20:09:04
2327,H31.05.02.H31.09.2014.864,HOÀN THÀNH,Chưa xử lý,-,false,-,2026-09-19 20:09:18
2328,H31.05.02.H31.09.2014.826,HOÀN THÀNH,"Đạt chuẩn (1 bản duy nhất) (Hồ sơ chuẩn, không có bản trùng thừa)",1,true,"Về việc báo cáo kinh tế kỹ thuật điều chỉnh công trình Cải tạo, mở rộng trụ sở làm việc Ban Quản lý các khu công nghiệp tỉnh Hưng Yên tại thị trấn Bần Yên Nhân, huyện Mỹ Hào, tỉnh Hưng Yên.",2026-09-21 13:18:31
2329,H31.05.02.H31.09.2011-2014.825,HOÀN THÀNH,Chưa xử lý,-,false,-,2026-09-19 20:09:46
2330,H31.05.02.H31.09.2011.794,HOÀN THÀNH,Chưa xử lý,-,false,-,2026-09-19 20:10:00
2331,H31.05.02.H31.09.2014.741,HOÀN THÀNH,Chưa xử lý,-,false,-,2026-09-19 20:10:14
2332,H31.05.02.H31.09.2010.707,HOÀN THÀNH,Chưa xử lý,-,false,-,2026-09-19 20:10:28
2333,H31.05.02.H31.09.2008.703,HOÀN THÀNH,Chưa xử lý,-,false,-,2026-09-19 20:10:42
2334,H31.05.02.H31.09.2011.665,HOÀN THÀNH,Chưa xử lý,-,false,-,2026-09-19 20:10:56
2335,H31.05.02.H31.09.2010.664,HOÀN THÀNH,"Đạt chuẩn (1 bản duy nhất) (Hồ sơ chuẩn, không có bản trùng thừa)",1,true,"Về việc tham gia ý kiến thẩm định nhiệm vụ thiết kế công trình cải tạo, nâng cấp Trạm Y tế xã Bình Minh huyện Khoái Châu.",2026-09-21 13:18:34
2336,H31.05.02.H31.09.2010.663,HOÀN THÀNH,Chưa xử lý,-,false,-,2026-09-19 20:11:24
2337,H31.05.02.H31.09.2010.662,HOÀN THÀNH,Chưa xử lý,-,false,-,2026-09-19 20:11:38
2338,H31.05.02.H31.09.2010.661,HOÀN THÀNH,Chưa xử lý,-,false,-,2026-09-19 20:11:52
2339,H31.05.02.H31.09.2010.660,HOÀN THÀNH,Chưa xử lý,-,false,-,2026-09-19 20:12:06
2340,H31.05.02.H31.09.2009-2010.659,HOÀN THÀNH,Chưa xử lý,-,false,-,2026-09-19 20:12:20
2341,H31.05.02.H31.09.2009-2010.658,HOÀN THÀNH,Chưa xử lý,-,false,-,2026-09-19 20:12:35
2342,H31.05.02.H31.09.2008-2011.666,HOÀN THÀNH,Chưa xử lý,-,false,-,2026-09-19 20:12:49
2343,H31.05.02.H31.09.2010.649,HOÀN THÀNH,Chưa xử lý,-,false,-,2026-09-19 20:13:03
2344,H31.05.02.H31.09.2008.650,HOÀN THÀNH,Chưa xử lý,-,false,-,2026-09-19 20:13:17
2345,H31.05.02.H31.09.2015.620,HOÀN THÀNH,Chưa xử lý,-,false,-,2026-09-19 20:13:32
2346,H31.05.02.H31.09.2014.619,HOÀN THÀNH,Chưa xử lý,-,false,-,2026-09-19 20:13:46
2347,H31.05.02.H31.09.2012.613,HOÀN THÀNH,Chưa xử lý,-,false,-,2026-09-19 20:14:00
2348,H31.05.02.H31.09.2014.1200,HOÀN THÀNH,Chưa xử lý,-,false,-,2026-09-19 20:14:14
2349,H31.05.02.H31.09.2014.1198,HOÀN THÀNH,Chưa xử lý,-,false,-,2026-09-19 20:14:28
2350,H31.05.02.H31.09.2014.1193,HOÀN THÀNH,Chưa xử lý,-,false,-,2026-09-19 20:14:42
2351,H31.05.02.H31.09.2013.1191,HOÀN THÀNH,Chưa xử lý,-,false,-,2026-09-19 20:14:56
2352,H31.05.02.H31.09.2013.1190,HOÀN THÀNH,Chưa xử lý,-,false,-,2026-09-19 20:15:11
2353,H31.05.02.H31.09.2007-2009.1177,HOÀN THÀNH,Chưa xử lý,-,false,-,2026-09-19 20:15:25
2354,H31.05.02.H31.09.2011.1169,HOÀN THÀNH,"Đạt chuẩn (1 bản duy nhất) (Hồ sơ chuẩn, không có bản trùng thừa)",1,true,"Về việc tham gia ý kiến thẩm định thiết kế cơ sở dự án đầu tư xây dựng công trình khu nhà ở A - LK 14, A - KK15, A-LK16 thấp tầng thuộc khu đô thị phía bắc đường trục trung tâm khu đô thị phía Nam quốc lộ 5 khu đô thị Phố Nối tỉnh Hưng Yên.",2026-09-21 13:18:40
2355,H31.05.02.H31.09.2010-2011.1151,HOÀN THÀNH,Chưa xử lý,-,false,-,2026-09-19 20:24:18
2356,H31.05.02.H31.09.2010.1144,HOÀN THÀNH,Chưa xử lý,-,false,-,2026-09-19 20:24:32
2357,H31.05.02.H31.09.2010.1143,HOÀN THÀNH,Chưa xử lý,-,false,-,2026-09-19 20:24:46
2358,H31.05.02.H31.09.2010-2011.1145,HOÀN THÀNH,Chưa xử lý,-,false,-,2026-09-19 20:25:00
2359,H31.05.02.H31.09.2009.1116,HOÀN THÀNH,Chưa xử lý,-,false,-,2026-09-19 20:25:15
2360,H31.05.02.H31.09.2009.1115,HOÀN THÀNH,"Đạt chuẩn (1 bản duy nhất) (Hồ sơ chuẩn, không có bản trùng thừa)",1,true,"Về công trình trường Cao đẳng nghề kỹ thuật công nghệ - LOD tại xã Trung Hòa, huyện Yên Mỹ (tập 1).",2026-09-21 13:18:43
2361,H31.05.02.H31.09.2015.1101,HOÀN THÀNH,Chưa xử lý,-,false,-,2026-09-19 20:25:43
2362,H31.05.02.H31.09.2014.1097,HOÀN THÀNH,Chưa xử lý,-,false,-,2026-09-19 20:25:58
2363,H31.05.02.H31.09.2014.1096,HOÀN THÀNH,Chưa xử lý,-,false,-,2026-09-19 20:26:12
2364,H31.05.02.H31.09.2011.1067,CẦN SCAN LẠI,Không tìm thấy hồ sơ (Không tìm thấy hồ sơ nào với mã này trên hệ thống Vinasynet),0,false,-,2026-09-21 13:18:47
2365,H31.05.02.H31.09.2011.1066,CẦN SCAN LẠI,Không tìm thấy hồ sơ (Không tìm thấy hồ sơ nào với mã này trên hệ thống Vinasynet),0,false,-,2026-09-21 13:18:51
2366,H31.05.02.H31.09.2011.1064,CẦN SCAN LẠI,Không tìm thấy hồ sơ (Không tìm thấy hồ sơ nào với mã này trên hệ thống Vinasynet),0,false,-,2026-09-21 13:18:55
2367,H31.05.02.H31.09.2011.1065,CẦN SCAN LẠI,Không tìm thấy hồ sơ (Không tìm thấy hồ sơ nào với mã này trên hệ thống Vinasynet),0,false,-,2026-09-21 13:18:59
2368,H31.05.02.H31.09.2011.1063,CẦN SCAN LẠI,Không tìm thấy hồ sơ (Không tìm thấy hồ sơ nào với mã này trên hệ thống Vinasynet),0,false,-,2026-09-21 13:19:02
2369,H31.05.02.H31.09.2007-2008.1057,HOÀN THÀNH,"Đạt chuẩn (1 bản duy nhất) (Hồ sơ chuẩn, không có bản trùng thừa)",1,true,"Về việc thẩm định thiết kế cơ sở dự án mở rộng khuôn viên và xây dựng nhà lớp học 3 tầng trường THPT Trưng Vương tại xã Trưng Trắc, huyện Văn Lâm",2026-09-21 13:19:05
2370,H31.05.02.H31.09.2008.1058,HOÀN THÀNH,Chưa xử lý,-,false,-,2026-09-19 20:27:47
2371,H31.05.02.H31.09.2010.1055,HOÀN THÀNH,Chưa xử lý,-,false,-,2026-09-19 20:28:01
2372,H31.05.02.H31.09.2009-2010.1056,HOÀN THÀNH,Chưa xử lý,-,false,-,2026-09-19 20:28:15
2373,H31.05.02.H31.09.2009-2010.1054,HOÀN THÀNH,Chưa xử lý,-,false,-,2026-09-19 20:28:30
2374,H31.05.02.H31.09.2015.1027,HOÀN THÀNH,Chưa xử lý,-,false,-,2026-09-19 20:28:44
2375,H31.05.02.H31.09.2012.1019,HOÀN THÀNH,Chưa xử lý,-,false,-,2026-09-19 20:28:58
2376,H31.05.02.H31.09.2012.1004,HOÀN THÀNH,Chưa xử lý,-,false,-,2026-09-19 20:29:12
2377,H31.05.02.H31.09.2012.1003,HOÀN THÀNH,Chưa xử lý,-,false,-,2026-09-19 20:29:26
2378,H31.05.02.H31.09.2014.995,HOÀN THÀNH,Chưa xử lý,-,false,-,2026-09-19 20:29:40
2379,H31.05.02.H31.09.2014.994,HOÀN THÀNH,Chưa xử lý,-,false,-,2026-09-19 20:29:54
2380,H31.05.02.H31.09.2014.991,HOÀN THÀNH,Chưa xử lý,-,false,-,2026-09-19 20:30:08
2381,H31.05.02.H31.09.2014.934,HOÀN THÀNH,Chưa xử lý,-,false,-,2026-09-19 20:30:23
2382,H31.05.02.H31.09.2014.935,HOÀN THÀNH,Chưa xử lý,-,false,-,2026-09-19 20:30:36
2383,H31.05.02.H31.09.2010.914,HOÀN THÀNH,Chưa xử lý,-,false,-,2026-09-19 20:30:51
2384,H31.05.02.H31.09.2009.913,HOÀN THÀNH,Chưa xử lý,-,false,-,2026-09-19 20:31:05
2385,H31.05.02.H31.09.2008.912,HOÀN THÀNH,"Đạt chuẩn (1 bản duy nhất) (Hồ sơ chuẩn, không có bản trùng thừa)",1,true,"Thiết kế cơ sở công trình cải tạo, nâng cấp Trung tâm Y tế huyện Tiên Lữ tại thị trấn Vương, huyện Tiên Lữ năm 2008",2026-09-21 13:46:30
2386,H31.05.02.H31.09.2010.906,HOÀN THÀNH,Chưa xử lý,-,false,-,2026-09-19 20:31:33
2387,H31.05.02.H31.09.2008-2010.908,HOÀN THÀNH,Chưa xử lý,-,false,-,2026-09-19 20:31:47
2388,H31.05.02.H31.09.2008-2010.907,HOÀN THÀNH,Chưa xử lý,-,false,-,2026-09-19 20:32:01
2389,H31.05.02.H31.09.2009.905,HOÀN THÀNH,Chưa xử lý,-,false,-,2026-09-19 20:32:15
2390,H31.05.02.H31.09.2013.869,HOÀN THÀNH,Chưa xử lý,-,false,-,2026-09-19 20:32:29
2391,H31.05.02.H31.09.2013.868,HOÀN THÀNH,Chưa xử lý,-,false,-,2026-09-19 20:32:44
2392,H31.05.02.H31.09.2014.867,HOÀN THÀNH,Chưa xử lý,-,false,-,2026-09-19 20:32:58
2393,H31.05.02.H31.09.2010.795,HOÀN THÀNH,Chưa xử lý,-,false,-,2026-09-19 20:33:12
2394,H31.05.02.H31.09.2006.761,HOÀN THÀNH,Chưa xử lý,-,false,-,2026-09-19 20:33:26
2395,H31.05.02.H31.09.2013-2014.683,HOÀN THÀNH,Chưa xử lý,-,false,-,2026-09-19 20:33:40
2396,H31.05.02.H31.09.2010.657,HOÀN THÀNH,Chưa xử lý,-,false,-,2026-09-19 20:33:55
2397,H31.05.02.H31.09.2010.648,HOÀN THÀNH,Chưa xử lý,-,false,-,2026-09-19 20:34:09
2398,H31.05.02.H31.09.2010.647,HOÀN THÀNH,Chưa xử lý,-,false,-,2026-09-19 20:34:23
2399,H31.05.02.H31.09.2009-2010.645,HOÀN THÀNH,Chưa xử lý,-,false,-,2026-09-19 20:34:37
2400,H31.05.02.H31.09.2015.1211,HOÀN THÀNH,"Đạt chuẩn (1 bản duy nhất) (Hồ sơ chuẩn, không có bản trùng thừa)",1,true,"Về việc thẩm định Báo cáo kinh tế - kỹ thuật công trình cải tạo sân trường và hệ thống thoát nước ngoài nhà Trường Trung học phổ thông Triệu Quang Phục tại xã Yên Phú, huyện Yên Mỹ, tỉnh Hưng Yên",2026-09-21 13:46:35
2401,H31.05.02.H31.09.2014.1210,HOÀN THÀNH,Chưa xử lý,-,false,-,2026-09-19 20:35:05
2402,H31.05.02.H31.09.2013.1209,HOÀN THÀNH,Chưa xử lý,-,false,-,2026-09-19 20:35:20
2403,H31.05.02.H31.09.2013-2014.1201,HOÀN THÀNH,Chưa xử lý,-,false,-,2026-09-19 20:35:34
2404,H31.05.02.H31.09.2014.1199,HOÀN THÀNH,Chưa xử lý,-,false,-,2026-09-19 20:35:48
2405,H31.05.02.H31.09.2012.1174,HOÀN THÀNH,Chưa xử lý,-,false,-,2026-09-19 20:35:56
2406,H31.05.02.H31.09.2007.1175,HOÀN THÀNH,Chưa xử lý,-,false,-,2026-09-19 20:36:10
2407,H31.05.02.H31.09.2009-2010.1124,HOÀN THÀNH,Chưa xử lý,-,false,-,2026-09-19 20:36:24
2408,H31.05.02.H31.09.2009.1122,HOÀN THÀNH,Chưa xử lý,-,false,-,2026-09-19 20:36:38
2409,H31.05.02.H31.09.2010.1047,HOÀN THÀNH,Chưa xử lý,-,false,-,2026-09-19 20:36:52
2410,H31.05.02.H31.09.2009.1046,HOÀN THÀNH,Chưa xử lý,-,false,-,2026-09-19 20:37:06
2411,H31.05.02.H31.09.2009.1045,HOÀN THÀNH,Chưa xử lý,-,false,-,2026-09-19 20:37:20
2412,H31.05.02.H31.09.2008-2010.712,HOÀN THÀNH,Chưa xử lý,-,false,-,2026-09-19 20:37:35
2413,H31.05.02.H31.09.2011.553,HOÀN THÀNH,Chưa xử lý,-,false,-,2026-09-19 20:37:49
2414,H31.05.02.H31.09.2010-2011.552,HOÀN THÀNH,Chưa xử lý,-,false,-,2026-09-19 20:38:03
2415,H31.05.02.H31.09.2009.1117,HOÀN THÀNH,Chưa xử lý,-,false,-,2026-09-19 20:38:18
2416,H31.05.02.H31.09.2013-2016.1026,HOÀN THÀNH,Chưa xử lý,-,false,-,2026-09-19 20:38:32
2417,H31.05.02.H31.09.2009.646,CẦN SCAN LẠI,Không tìm thấy hồ sơ (Không tìm thấy hồ sơ nào với mã này trên hệ thống Vinasynet),0,false,-,2026-09-21 13:46:42
2418,H31.05.02.H31.09.2010-2013.567,HOÀN THÀNH,"Đạt chuẩn (1 bản duy nhất) (Hồ sơ chuẩn, không có bản trùng thừa)",1,true,Hồ sơ về việc thiết kế cơ sở công trình khối nhà phục vụ Trung tâm hội nghị tỉnh tại thị xã Hưng Yên (tập 1),2026-09-21 13:46:45
2419,H31.05.02.H31.09.2007.566,HOÀN THÀNH,Chưa xử lý,-,false,-,2026-09-19 20:39:15
2420,H31.05.02.H31.09.2005.565,HOÀN THÀNH,Chưa xử lý,-,false,-,2026-09-19 20:39:29
2421,H31.05.02.H31.09.2009.1178,HOÀN THÀNH,Chưa xử lý,-,false,-,2026-09-19 20:39:44
2422,H31.05.02.H31.09.2008.1146,HOÀN THÀNH,Chưa xử lý,-,false,-,2026-09-19 20:39:58
2423,H31.05.02.H31.09.2015.1103,HOÀN THÀNH,Chưa xử lý,-,false,-,2026-09-19 20:40:13
2424,H31.05.02.H31.09.2011.1075,CẦN SCAN LẠI,Không tìm thấy hồ sơ (Không tìm thấy hồ sơ nào với mã này trên hệ thống Vinasynet),0,false,-,2026-09-21 13:46:49
2425,H31.05.02.H31.09.2011.1062,CẦN SCAN LẠI,Không tìm thấy hồ sơ (Không tìm thấy hồ sơ nào với mã này trên hệ thống Vinasynet),0,false,-,2026-09-21 13:46:53
2426,H31.05.02.H31.09.2010.1052,HOÀN THÀNH,"Đạt chuẩn (1 bản duy nhất) (Hồ sơ chuẩn, không có bản trùng thừa)",1,true,Về việc tham gia ý kiến thiết thể cơ sở dự án đầu tư xây dựng công trình: Trung  lưu trữ tài liệu; tài sản Ngân hàng đầu tư và phát kiến Việt Nam Chi nhánh Hưng Yên tai huyện Văn Lâm,2026-09-21 13:46:55
2427,H31.05.02.H31.09.2012.1024,HOÀN THÀNH,Chưa xử lý,-,false,-,2026-09-19 20:41:10
2428,H31.05.02.H31.09.2010.1015,HOÀN THÀNH,Chưa xử lý,-,false,-,2026-09-19 20:41:24
2429,H31.05.02.H31.09.2014.999,HOÀN THÀNH,Chưa xử lý,-,false,-,2026-09-19 20:41:39
2430,H31.05.02.H31.09.2010.796,HOÀN THÀNH,Chưa xử lý,-,false,-,2026-09-19 20:41:53
2431,H31.05.02.H31.09.2010.793,CẦN SCAN LẠI,Không tìm thấy hồ sơ (Không tìm thấy hồ sơ nào với mã này trên hệ thống Vinasynet),0,false,-,2026-09-21 13:47:00
2432,H31.05.02.H31.09.2009.792,HOÀN THÀNH,"Đạt chuẩn (1 bản duy nhất) (Hồ sơ chuẩn, không có bản trùng thừa)",1,true,"Về việc thiết kế cơ sở công trình: Nhà làm việc và các hạng mục phụ trợ ngân hàng nông nghiệp và phát triển nông thôn tại thị trấn Bần Yên Nhân, huyện Mỹ Hào",2026-09-21 13:47:02
2433,H31.05.02.H31.09.2009.781,HOÀN THÀNH,Chưa xử lý,-,false,-,2026-09-19 20:42:37
2434,H31.05.02.H31.09.2010.656,HOÀN THÀNH,Chưa xử lý,-,false,-,2026-09-19 20:42:51
2435,H31.05.02.H31.09.2009-2010.562,HOÀN THÀNH,Chưa xử lý,-,false,-,2026-09-19 20:43:05
2436,H31.05.02.H31.09.2009-2010.561,HOÀN THÀNH,"Đạt chuẩn (1 bản duy nhất) (Hồ sơ chuẩn, không có bản trùng thừa)",1,true,"Về việc tham gia ý kiến thẩm định thiết kế bản vẽ thi công - dự toán công trình xây dựng nhà ở sinh viên cụm trường khu vực thành phố Hưng Yên, tại phường Lam Sơn, thành phố Hưng Yên",2026-09-21 13:47:04
2437,H31.05.02.H31.09.2009-2010.560,HOÀN THÀNH,Chưa xử lý,-,false,-,2026-09-19 20:43:35
2438,H31.05.02.H31.09.2011.555,HOÀN THÀNH,"Đạt chuẩn (1 bản duy nhất) (Hồ sơ chuẩn, không có bản trùng thừa)",1,true,"Về việc thiết kế cơ sở dự án đầu tư xây dựng chợ Phố Hiến tại phường Lê Lợi, thành phố Hưng Yên (tập 1)",2026-09-21 13:47:07
2439,H31.05.02.H31.09.2010.556,HOÀN THÀNH,Chưa xử lý,-,false,-,2026-09-19 20:44:03
2440,H31.05.02.H31.09.2015.1208,HOÀN THÀNH,Chưa xử lý,-,false,-,2026-09-19 20:44:18
2441,H31.05.02.H31.09.2015.1207,HOÀN THÀNH,Chưa xử lý,-,false,-,2026-09-19 20:44:32
2442,H31.05.02.H31.09.2012.1171,HOÀN THÀNH,Chưa xử lý,-,false,-,2026-09-19 20:44:40
2443,H31.05.02.H31.09.2010.1170,HOÀN THÀNH,"Đạt chuẩn (1 bản duy nhất) (Hồ sơ chuẩn, không có bản trùng thừa)",1,true,Về việc thiết kế cơ sở công trình nhà ăn và các hạng mục phụ trợ thuộc dự án đầu tư xây dựng công trình ký túc xá Trường Cao Đẳng Công nghiệp Hưng Yên,2026-09-21 13:47:10
2444,H31.05.02.H31.09.2010.1121,HOÀN THÀNH,Chưa xử lý,-,false,-,2026-09-19 20:45:09
2445,H31.05.02.H31.09.2009.1111,HOÀN THÀNH,Chưa xử lý,-,false,-,2026-09-19 20:45:24
2446,H31.05.02.H31.09.2008-2009.1110,HOÀN THÀNH,Chưa xử lý,-,false,-,2026-09-19 20:45:38
2447,H31.05.02.H31.09.2011.1082,HOÀN THÀNH,Chưa xử lý,-,false,-,2026-09-19 20:45:46
2448,H31.05.02.H31.09.2010.1050,HOÀN THÀNH,"Đạt chuẩn (1 bản duy nhất) (Hồ sơ chuẩn, không có bản trùng thừa)",1,true,"Hồ sơ về việc cấp phép xây dựng hạng mục nhà sản xuất chính thuộc Công ty TNHH sử INAX Việt Nam tại xã Lạc Đạo, huyện Văn Lâm",2026-09-21 13:47:13
2449,H31.05.02.H31.09.2008-2010.1049,HOÀN THÀNH,Chưa xử lý,-,false,-,2026-09-19 20:46:15
2450,H31.05.02.H31.09.2010.1048,HOÀN THÀNH,Chưa xử lý,-,false,-,2026-09-19 20:46:29
2451,H31.05.02.H31.09.2015.1029,HOÀN THÀNH,Chưa xử lý,-,false,-,2026-09-19 20:46:44
2452,H31.05.02.H31.09.2008.954,HOÀN THÀNH,Chưa xử lý,-,false,-,2026-09-19 20:46:58
2453,H31.05.02.H31.09.2009.773,HOÀN THÀNH,"Đạt chuẩn (1 bản duy nhất) (Hồ sơ chuẩn, không có bản trùng thừa)",1,true,"Về việc thiết kế cơ sở công trình nâng cấp mở rộng bênh viện đa khoa Phố Nối, thị trấn Bần Yên Nhân, huyện Mỹ Hào (tập 1)",2026-09-21 13:47:16
2454,H31.05.02.H31.09.2012.763,HOÀN THÀNH,Chưa xử lý,-,false,-,2026-09-19 20:47:26
2455,H31.05.02.H31.09.2005-2006.760,HOÀN THÀNH,Chưa xử lý,-,false,-,2026-09-19 20:47:40
2456,H31.05.02.H31.09.2011.720,HOÀN THÀNH,Chưa xử lý,-,false,-,2026-09-19 20:47:54
2457,H31.05.02.H31.09.2011.717,HOÀN THÀNH,Chưa xử lý,-,false,-,2026-09-19 20:48:09
2458,H31.05.02.H31.09.2011.719,HOÀN THÀNH,Chưa xử lý,-,false,-,2026-09-19 20:48:23
2459,H31.05.02.H31.09.2011.718,HOÀN THÀNH,Chưa xử lý,-,false,-,2026-09-19 20:48:37
2460,H31.05.02.H31.09.2010.697,HOÀN THÀNH,Chưa xử lý,-,false,-,2026-09-19 20:48:51
2461,H31.05.02.H31.09.2009.695,HOÀN THÀNH,Chưa xử lý,-,false,-,2026-09-19 20:49:00
2462,H31.05.02.H31.09.2009.696,HOÀN THÀNH,Chưa xử lý,-,false,-,2026-09-19 20:49:08
2463,H31.05.02.H31.09.2010.655,HOÀN THÀNH,Chưa xử lý,-,false,-,2026-09-19 20:49:22
2464,H31.05.02.H31.09.2009.654,HOÀN THÀNH,Chưa xử lý,-,false,-,2026-09-19 20:49:31
2465,H31.05.02.H31.09.2013-2014.1203,HOÀN THÀNH,Chưa xử lý,-,false,-,2026-09-19 20:49:45
2466,H31.05.02.H31.09.2009.1114,HOÀN THÀNH,Chưa xử lý,-,false,-,2026-09-19 20:49:59
2467,H31.05.02.H31.09.2009.1113,HOÀN THÀNH,Chưa xử lý,-,false,-,2026-09-19 20:50:13
2468,H31.05.02.H31.09.2010.1061,HOÀN THÀNH,Chưa xử lý,-,false,-,2026-09-19 20:50:27
2469,H31.05.02.H31.09.2010.1060,HOÀN THÀNH,"Đạt chuẩn (1 bản duy nhất) (Hồ sơ chuẩn, không có bản trùng thừa)",1,true,"Về việc thẩm định nhiệm vụ thiết kế cải tạo nâng cấp Trường THPT Trưng Vương tại xã Trưng Trắc, huyện Văn Lâm",2026-09-21 13:47:20
2470,H31.05.02.H31.09.2010.1059,HOÀN THÀNH,Chưa xử lý,-,false,-,2026-09-19 20:50:56
2471,H31.05.02.H31.09.2013.989,HOÀN THÀNH,Chưa xử lý,-,false,-,2026-09-19 20:51:11
2472,H31.05.02.H31.09.2009.778,HOÀN THÀNH,Chưa xử lý,-,false,-,2026-09-19 20:51:25
2473,H31.05.02.H31.09.2015.687,HOÀN THÀNH,"Đạt chuẩn (1 bản duy nhất) (Hồ sơ chuẩn, không có bản trùng thừa)",1,true,Hồ sơ thẩm tra thiết kế bản vẽ thi công dự toán công trình xây dựng trạm BTS Cẩm Ninh - Ân Thi và Vinh Quang huyện Khoái Châu,2026-09-21 13:47:23
2474,H31.05.02.H31.09.2015.686,HOÀN THÀNH,Chưa xử lý,-,false,-,2026-09-19 20:51:54
2475,H31.05.02.H31.09.2010.568,HOÀN THÀNH,Chưa xử lý,-,false,-,2026-09-19 20:52:08
2476,H31.05.02.H31.09.2009.558,HOÀN THÀNH,Chưa xử lý,-,false,-,2026-09-19 20:52:22
2477,H31.05.02.H31.09.2009.557,HOÀN THÀNH,Chưa xử lý,-,false,-,2026-09-19 20:52:37
2478,H31.05.02.H31.09.2010.550,HOÀN THÀNH,Chưa xử lý,-,false,-,2026-09-19 20:52:51
2479,H31.05.02.H31.09.2010.549,HOÀN THÀNH,Chưa xử lý,-,false,-,2026-09-19 20:53:05
2480,H31.05.02.H31.09.2010.548,HOÀN THÀNH,Chưa xử lý,-,false,-,2026-09-19 20:53:20
2481,H31.05.02.H31.09.2009.547,HOÀN THÀNH,Chưa xử lý,-,false,-,2026-09-19 20:53:34
2482,H31.05.02.H31.09.2008.546,HOÀN THÀNH,Chưa xử lý,-,false,-,2026-09-19 20:53:42
2483,H31.05.02.H31.09.2008.545,HOÀN THÀNH,Chưa xử lý,-,false,-,2026-09-19 20:53:50
2484,H31.05.02.H31.09.2008.544,HOÀN THÀNH,Chưa xử lý,-,false,-,2026-09-19 20:54:05
2485,H31.05.02.H31.09.2008.543,HOÀN THÀNH,Chưa xử lý,-,false,-,2026-09-19 20:54:20
2486,H31.05.02.H31.09.2008.542,HOÀN THÀNH,Chưa xử lý,-,false,-,2026-09-19 20:54:34
2487,H31.05.02.H31.09.2007.541,HOÀN THÀNH,Chưa xử lý,-,false,-,2026-09-19 20:54:48
2488,H31.05.02.H31.09.2006.536,HOÀN THÀNH,"Đạt chuẩn (1 bản duy nhất) (Hồ sơ chuẩn, không có bản trùng thừa)",1,true,Hồ sơ công trình nhà máy nước số II công suất 5000 m³/ngày đêm tại thị xã Hưng Yên,2026-09-21 13:47:28
2489,H31.05.02.H31.09.2005.534,HOÀN THÀNH,Chưa xử lý,-,false,-,2026-09-19 20:55:17
2490,H31.05.02.H31.09.2015.1025,HOÀN THÀNH,Chưa xử lý,-,false,-,2026-09-19 20:55:32
2491,H31.05.02.H31.09.2006-2014.998,HOÀN THÀNH,Chưa xử lý,-,false,-,2026-09-19 20:55:46
2492,H31.05.02.H31.09.2010-2011.807,HOÀN THÀNH,Chưa xử lý,-,false,-,2026-09-19 20:56:01
2493,H31.05.02.H31.09.2009-2010.713,HOÀN THÀNH,Chưa xử lý,-,false,-,2026-09-19 20:56:15
2494,H31.05.02.H31.09.2009.559,HOÀN THÀNH,Chưa xử lý,-,false,-,2026-09-19 20:56:30
2495,H31.05.02.H31.09.2014.1196,HOÀN THÀNH,Chưa xử lý,-,false,-,2026-09-19 20:56:44
2496,H31.05.02.H31.09.2009.1176,HOÀN THÀNH,Chưa xử lý,-,false,-,2026-09-19 20:56:58
2497,H31.05.02.H31.09.2006-2007.1105,HOÀN THÀNH,Chưa xử lý,-,false,-,2026-09-19 20:57:13
2498,H31.05.02.H31.09.2010.1014,HOÀN THÀNH,Chưa xử lý,-,false,-,2026-09-19 20:57:27
2499,H31.05.02.H31.09.2009-2010.1013,HOÀN THÀNH,Chưa xử lý,-,false,-,2026-09-19 20:57:41
2500,H31.05.02.H31.09.2009.859,HOÀN THÀNH,Chưa xử lý,-,false,-,2026-09-19 20:57:55
2501,H31.05.02.H31.09.2011.808,HOÀN THÀNH,Chưa xử lý,-,false,-,2026-09-19 20:58:09
2502,H31.05.02.H31.09.2006.764,HOÀN THÀNH,Chưa xử lý,-,false,-,2026-09-19 20:58:23
2503,H31.05.02.H31.09.2009.714,HOÀN THÀNH,Chưa xử lý,-,false,-,2026-09-19 20:58:37
2504,H31.05.02.H31.09.2025.106,HOÀN THÀNH,"Đạt chuẩn (1 bản duy nhất) (Hồ sơ chuẩn, không có bản trùng thừa)",1,true,"Tập lưu Hướng dẫn của Sở Xây dựng tỉnh Hưng Yên từ số 20, 76 năm 2025",2026-09-21 13:47:32
2505,H31.05.02.H31.09.2025.105,HOÀN THÀNH,Chưa xử lý,-,false,-,2026-09-19 20:59:05
2506,H31.05.02.H31.09.2025.104,HOÀN THÀNH,Chưa xử lý,-,false,-,2026-09-19 20:59:20
2507,H31.05.02.H31.09.2024.103,HOÀN THÀNH,Chưa xử lý,-,false,-,2026-09-19 20:59:34
2508,H31.05.02.H31.09.2024.102,HOÀN THÀNH,Chưa xử lý,-,false,-,2026-09-19 20:59:49
2509,H31.05.02.H31.09.2024.99,HOÀN THÀNH,Chưa xử lý,-,false,-,2026-09-19 21:00:03
2510,H31.05.02.H31.09.2024.101,HOÀN THÀNH,Chưa xử lý,-,false,-,2026-09-19 21:00:18
2511,H31.05.02.H31.09.2024.100,HOÀN THÀNH,Chưa xử lý,-,false,-,2026-09-19 21:00:32
2512,H31.05.02.H31.09.2024.98,HOÀN THÀNH,Chưa xử lý,-,false,-,2026-09-19 21:00:46
2513,H31.05.02.H31.09.2024.97,HOÀN THÀNH,Chưa xử lý,-,false,-,2026-09-19 21:01:00
2514,H31.05.02.H31.09.2024.96,HOÀN THÀNH,Chưa xử lý,-,false,-,2026-09-19 21:01:14
2515,H31.05.02.H31.09.2024.95,HOÀN THÀNH,Chưa xử lý,-,false,-,2026-09-19 21:01:29
2516,H31.05.02.H31.09.2024.94,HOÀN THÀNH,Chưa xử lý,-,false,-,2026-09-19 21:01:43
2517,H31.05.02.H31.09.2023.93,HOÀN THÀNH,Chưa xử lý,-,false,-,2026-09-19 21:01:57
2518,H31.05.02.H31.09.2023.92,HOÀN THÀNH,Chưa xử lý,-,false,-,2026-09-19 21:02:12
2519,H31.05.02.H31.09.2023.91,HOÀN THÀNH,Chưa xử lý,-,false,-,2026-09-19 21:02:28
2520,H31.05.02.H31.09.2023.90,HOÀN THÀNH,Chưa xử lý,-,false,-,2026-09-19 21:02:42
2521,H31.05.02.H31.09.2023.89,HOÀN THÀNH,"Đạt chuẩn (1 bản duy nhất) (Hồ sơ chuẩn, không có bản trùng thừa)",1,true,"Tập lưu Báo cáo của Sở Xây dựng tỉnh Hưng Yên từ số 256 đến đến số 287 (thiểu số: 257, 260) tháng 9 năm 2023",2026-09-21 13:47:37
2522,H31.05.02.H31.09.2023.88,HOÀN THÀNH,Chưa xử lý,-,false,-,2026-09-19 21:03:11
2523,H31.05.02.H31.09.2023.87,HOÀN THÀNH,Chưa xử lý,-,false,-,2026-09-19 21:03:25
2524,H31.05.02.H31.09.2023.86,HOÀN THÀNH,Chưa xử lý,-,false,-,2026-09-19 21:03:39
2525,H31.05.02.H31.09.2023.85,HOÀN THÀNH,Chưa xử lý,-,false,-,2026-09-19 21:03:53
2526,H31.05.02.H31.09.2023.84,HOÀN THÀNH,"Đạt chuẩn (1 bản duy nhất) (Hồ sơ chuẩn, không có bản trùng thừa)",1,true,"Tập lưu Báo cáo của Sở Xây dựng tỉnh Hưng Yên từ số 21 đến số 45 (thiếu số: 27, 28, 31, 33-37, 39, 42) tháng 02 năm 2023",2026-09-21 13:47:40
2527,H31.05.02.H31.09.2023.83,HOÀN THÀNH,Chưa xử lý,-,false,-,2026-09-19 21:04:22
2528,H31.05.02.H31.09.2023.82,HOÀN THÀNH,Chưa xử lý,-,false,-,2026-09-19 21:04:36
2529,H31.05.02.H31.09.2023.81,HOÀN THÀNH,Chưa xử lý,-,false,-,2026-09-19 21:04:50
2530,H31.05.02.H31.09.2023.80,HOÀN THÀNH,Chưa xử lý,-,false,-,2026-09-19 21:05:04
2531,H31.05.02.H31.09.2022.79,HOÀN THÀNH,"Đạt chuẩn (1 bản duy nhất) (Hồ sơ chuẩn, không có bản trùng thừa)",1,true,"Tập lưu Báo cáo của Sở Xây dựng tỉnh Hưng Yên từ số 209 đên số 234 (thiêu số: 233; trùng số: 210, 216) tháng 12 năm 2022.",2026-09-21 13:47:43
2532,H31.05.02.H31.09.2022.78,HOÀN THÀNH,Chưa xử lý,-,false,-,2026-09-19 21:05:33
2533,H31.05.02.H31.09.2022.77,HOÀN THÀNH,Chưa xử lý,-,false,-,2026-09-19 21:05:47
2534,H31.05.02.H31.09.2022.76,HOÀN THÀNH,"Đạt chuẩn (1 bản duy nhất) (Hồ sơ chuẩn, không có bản trùng thừa)",1,true,"Hồ sơ tập lưu Báo cáo của Sở Xây dựng tỉnh Hưng Yên từ số 122 đến số 153 (thiếu số: 145, 148; trùng số: 122, 125, 130) tháng 7-8 năm 2022",2026-09-21 13:47:45
2535,H31.05.02.H31.09.2022.75,HOÀN THÀNH,Chưa xử lý,-,false,-,2026-09-19 21:06:16
2536,H31.05.02.H31.09.2022.74,HOÀN THÀNH,Chưa xử lý,-,false,-,2026-09-19 21:06:30
2537,H31.05.02.H31.09.2022.73,HOÀN THÀNH,"Đạt chuẩn (1 bản duy nhất) (Hồ sơ chuẩn, không có bản trùng thừa)",1,true,"Tập lưu Báo cáo của Sở Xây dựng tỉnh Hưng Yên từ số 01 đến số 35 (thiểu số: 05, 06, 12, 17-20, 23-26, 30, 34) ""tháng 01-02 năm 2022",2026-09-21 13:47:48
2538,H31.05.02.H31.09.2022.72,HOÀN THÀNH,"Đạt chuẩn (1 bản duy nhất) (Hồ sơ chuẩn, không có bản trùng thừa)",1,true,Quyết định của Sở Xây dựng về việc cấp giấy phép hoạt động xây dựng cho nhà thầu nước ngoài năm 2022,2026-09-21 13:47:50
2539,H31.05.02.H31.09.2022.71,HOÀN THÀNH,Chưa xử lý,-,false,-,2026-09-19 21:07:13
2540,H31.05.02.H31.09.2022.70,HOÀN THÀNH,Chưa xử lý,-,false,-,2026-09-19 21:07:28
2541,H31.05.02.H31.09.2021.69,HOÀN THÀNH,Chưa xử lý,-,false,-,2026-09-19 21:07:42
2542,H31.05.02.H31.09.2021.68,HOÀN THÀNH,Chưa xử lý,-,false,-,2026-09-19 21:07:56
2543,H31.05.02.H31.09.2021.67,HOÀN THÀNH,Chưa xử lý,-,false,-,2026-09-19 21:08:10
2544,H31.05.02.H31.09.2021.66,HOÀN THÀNH,Chưa xử lý,-,false,-,2026-09-19 21:08:24
2545,H31.05.02.H31.09.2021.65,HOÀN THÀNH,Chưa xử lý,-,false,-,2026-09-19 21:08:39
2546,H31.05.02.H31.09.2021.64,HOÀN THÀNH,"Đạt chuẩn (1 bản duy nhất) (Hồ sơ chuẩn, không có bản trùng thừa)",1,true,Tập lưu Báo cáo Sở Xây dựng tỉnh Hưng Yên từ số 97 đến số 121 (trùng số 110) tháng 7 năm 2021,2026-09-21 13:47:54
2547,H31.05.02.H31.09.2021.63,HOÀN THÀNH,Chưa xử lý,-,false,-,2026-09-19 21:09:07
2548,H31.05.02.H31.09.2021.62,HOÀN THÀNH,Chưa xử lý,-,false,-,2026-09-19 21:09:21
2549,H31.05.02.H31.09.2021.61,HOÀN THÀNH,Chưa xử lý,-,false,-,2026-09-19 21:09:35
2550,H31.05.02.H31.09.2021.60,HOÀN THÀNH,Chưa xử lý,-,false,-,2026-09-19 21:09:49
2551,H31.05.02.H31.09.2021.59,HOÀN THÀNH,Chưa xử lý,-,false,-,2026-09-19 21:10:03
2552,H31.05.02.H31.09.2021.58,HOÀN THÀNH,"Đạt chuẩn (1 bản duy nhất) (Hồ sơ chuẩn, không có bản trùng thừa)",1,true,"Tập lưu Quyết định của Sở Xây dựng tỉnh Hưng Yên từ số 46 đên số 110 (thiếu số: 105, trùng số: 55, 79, 80, 82, 83, 88, 93, 96) tháng 7-12 năm 2021",2026-09-21 13:47:57
2553,H31.05.02.H31.09.2021.57,HOÀN THÀNH,Chưa xử lý,-,false,-,2026-09-19 21:10:31
2554,H31.05.02.H31.09.2020.56,HOÀN THÀNH,Chưa xử lý,-,false,-,2026-09-19 21:10:46
2555,H31.05.02.H31.09.2020.55,HOÀN THÀNH,Chưa xử lý,-,false,-,2026-09-19 21:11:00
2556,H31.05.02.H31.09.2020.54,HOÀN THÀNH,Chưa xử lý,-,false,-,2026-09-19 21:11:15
2557,H31.05.02.H31.09.2020.53,HOÀN THÀNH,Chưa xử lý,-,false,-,2026-09-19 21:11:29
2558,H31.05.02.H31.09.2020.52,HOÀN THÀNH,Chưa xử lý,-,false,-,2026-09-19 21:11:43
2559,H31.05.02.H31.09.2020.51,HOÀN THÀNH,Chưa xử lý,-,false,-,2026-09-19 21:11:58
2560,H31.05.02.H31.09.2020.50,HOÀN THÀNH,Chưa xử lý,-,false,-,2026-09-19 21:12:12
2561,H31.05.02.H31.09.2020.49,HOÀN THÀNH,Chưa xử lý,-,false,-,2026-09-19 21:12:26
2562,H31.05.02.H31.09.2020.48,HOÀN THÀNH,Chưa xử lý,-,false,-,2026-09-19 21:12:41
2563,H31.05.02.H31.09.2020.47,HOÀN THÀNH,"Đạt chuẩn (1 bản duy nhất) (Hồ sơ chuẩn, không có bản trùng thừa)",1,true,"Tập lưu Báo cáo của Sở Xây dựng tỉnh Hưng Yên từ số 47 đến số 101 (thiếu số: 54, 64, 67, 71, 72, 90, 94, 99; trùng số: 62, 78) tháng 3-4 năm 2020",2026-09-21 13:48:01
2564,H31.05.02.H31.09.2020.46,HOÀN THÀNH,"Đạt chuẩn (1 bản duy nhất) (Hồ sơ chuẩn, không có bản trùng thừa)",1,true,"Tập lưu Báo cáo của Sở Xây dựng tỉnh Hưng Yên từ số 02 đến số 47 (thiếu số: 04, 23; trùng số: 13, 14, 30, 31, 32, 34-37,39, 40) tháng 01-02 năm 2020",2026-09-21 13:48:03
2565,H31.05.02.H31.09.2020.45,HOÀN THÀNH,Chưa xử lý,-,false,-,2026-09-19 21:13:24
2566,H31.05.02.H31.09.2020.44,HOÀN THÀNH,Chưa xử lý,-,false,-,2026-09-19 21:13:38
2567,H31.05.02.H31.09.2020.43,HOÀN THÀNH,Chưa xử lý,-,false,-,2026-09-19 21:13:52
2568,H31.05.02.H31.09.2019.42,HOÀN THÀNH,Chưa xử lý,-,false,-,2026-09-19 21:14:06
2569,H31.05.02.H31.09.2019.41,HOÀN THÀNH,Chưa xử lý,-,false,-,2026-09-19 21:14:20
2570,H31.05.02.H31.09.2019.40,HOÀN THÀNH,Chưa xử lý,-,false,-,2026-09-19 21:14:34
2571,H31.05.02.H31.09.2019.39,HOÀN THÀNH,"Đạt chuẩn (1 bản duy nhất) (Hồ sơ chuẩn, không có bản trùng thừa)",1,true,"Tập lưu Báo cáo của Sở Xây dựng tỉnh Hưng Yên từ số 133 đến số 168 (thiếu số 144, 155, 159, 161, 162; trùng số 165) tháng 8-9 năm 2019",2026-09-21 13:48:06
2572,H31.05.02.H31.09.2019.38,HOÀN THÀNH,Chưa xử lý,-,false,-,2026-09-19 21:15:03
2573,H31.05.02.H31.09.2019.37,HOÀN THÀNH,Chưa xử lý,-,false,-,2026-09-19 21:15:17
2574,H31.05.02.H31.09.2019.36,HOÀN THÀNH,Chưa xử lý,-,false,-,2026-09-19 21:15:31
2575,H31.05.02.H31.09.2019.35,HOÀN THÀNH,Chưa xử lý,-,false,-,2026-09-19 21:15:45
2576,H31.05.02.H31.09.2019.34,HOÀN THÀNH,Chưa xử lý,-,false,-,2026-09-19 21:15:59
2577,H31.05.02.H31.09.2019.33,HOÀN THÀNH,Chưa xử lý,-,false,-,2026-09-19 21:16:13
2578,H31.05.02.H31.09.2018.32,HOÀN THÀNH,Chưa xử lý,-,false,-,2026-09-19 21:16:27
2579,H31.05.02.H31.09.2018.31,HOÀN THÀNH,Chưa xử lý,-,false,-,2026-09-19 21:16:41
2580,H31.05.02.H31.09.2018.30,HOÀN THÀNH,Chưa xử lý,-,false,-,2026-09-19 21:16:56
2581,H31.05.02.H31.09.2018.29,HOÀN THÀNH,Chưa xử lý,-,false,-,2026-09-19 21:17:10
2582,H31.05.02.H31.09.2018.28,HOÀN THÀNH,Chưa xử lý,-,false,-,2026-09-19 21:17:24
2583,H31.05.02.H31.09.2018.27,HOÀN THÀNH,Chưa xử lý,-,false,-,2026-09-19 21:17:38
2584,H31.05.02.H31.09.2018.26,HOÀN THÀNH,Chưa xử lý,-,false,-,2026-09-19 21:17:52
2585,H31.05.02.H31.09.2018.25,HOÀN THÀNH,Chưa xử lý,-,false,-,2026-09-19 21:18:06
2586,H31.05.02.H31.09.2018.24,LỖI KHÓA,Bỏ qua (Lỗi máy chủ) (Đã thử gửi lệnh xóa nhưng máy chủ Vinasynet không cập nhật (bản ghi bị khóa)),50,false,"Về việc cho ý kiến thẩm định dự án của các doanh nghiệp trên địa bàn xã Yên Phú và xã Yên Hòa, huyện Yên Mỹ năm 2018",2026-09-21 13:48:22
2587,H31.05.02.H31.09.2018.23,LỖI KHÓA,Bỏ qua (Lỗi máy chủ) (Đã thử gửi lệnh xóa nhưng máy chủ Vinasynet không cập nhật (bản ghi bị khóa)),50,false,"Về việc chấp thuận mặt bằng quy hoạch tổng thể cộng phương án kiến trúc công trình: Trường mầm non tập trung thị trấn Trần Cao, huyện Phù Cừ năm 2018",2026-09-21 13:48:32
2588,H31.05.02.H31.09.2018.22,HOÀN THÀNH,"Đã xóa trùng (1 bản duy nhất) (Đã xóa thành công 10 bản trùng thừa, giữ lại bản chính #1)",1,true,"Phê duyệt nhiệm vụ quy hoạch chi tiết tỷ lệ 1/500 dự án tổ hợp thương mại, dịch vụ nhà ở cao cấp LAVIDA CTREEN tại xã Nghĩa Hiệp, huyện Yên Mỹ",2026-09-21 13:48:40
2589,H31.05.02.H31.09.2017.21,LỖI KHÓA,Bỏ qua (Lỗi máy chủ) (Đã thử gửi lệnh xóa nhưng máy chủ Vinasynet không cập nhật (bản ghi bị khóa)),50,false,"Phương án thiết kế kiến trúc điều chỉnh, bổ sung các mẫu nhà của dự án khu biệt thự Thủy Nguyên, thuộc phân khu 9-12 khu đô thị thương mại và du lịch Văn Giang (Ecopark).",2026-09-21 13:48:50
2590,H31.05.02.H31.09.2017.20,HOÀN THÀNH,"Đã xóa trùng (1 bản duy nhất) (Đã xóa thành công 10 bản trùng thừa, giữ lại bản chính #1)",1,true,"Về việc chấp thuận điều chỉnh Mặt bằng quy hoạch tổng thể dự án đầu tư xây dựng tòa nhà hỗn hợp cao tầng và khu nhà ở để bán tại thị trấn Bần Yên Nhân, huyện Mỹ Hào",2026-09-21 13:48:57
2591,H31.05.02.H31.09.2017.19,HOÀN THÀNH,"Đã xóa trùng (1 bản duy nhất) (Đã xóa thành công 10 bản trùng thừa, giữ lại bản chính #1)",1,true,"Điều chỉnh quy hoạch chi tiết xây dựng tỷ lệ 1\2000 hồ An Vũ số 2 và An Vũ số 3, thành phố Hưng Yên, tỉnh Hưng Yên (tập 2)",2026-09-21 13:49:04
2592,H31.05.02.H31.09.2017.18,HOÀN THÀNH,"Đã xóa trùng (1 bản duy nhất) (Đã xóa thành công 9 bản trùng thừa, giữ lại bản chính #1)",1,true,Quy hoạch phân khu tỷ lệ 1\2000 Khu Đại học Phố Hiến - tỉnh Hưng Yên (tập 5),2026-09-21 13:49:11
2593,H31.05.02.H31.09.2017.17,HOÀN THÀNH,"Đã xóa trùng (1 bản duy nhất) (Đã xóa thành công 6 bản trùng thừa, giữ lại bản chính #1)",1,true,"Quy hoạch chung xây dựng dọc tuyến đương bộ nối 2 đường cao tốc Hà Nội Hải Phòng và Cầu Giẽ - Ninh Bình đến năm 2025, định hướng đến năm 2035 (tập 2)",2026-09-21 13:49:18
2594,H31.05.02.H31.09.2017.16,HOÀN THÀNH,Chưa xử lý,-,false,-,2026-09-19 21:20:16
2595,H31.05.02.H31.09.2017.15,HOÀN THÀNH,Chưa xử lý,-,false,-,2026-09-19 21:20:30
2596,H31.05.02.H31.09.2017.14,LỖI KHÓA,Bỏ qua (Lỗi máy chủ) (Đã thử gửi lệnh xóa nhưng máy chủ Vinasynet không cập nhật (bản ghi bị khóa)),50,false,"Tập lưu Quyết định của Sở Xây dựng tỉnh Hưng Yên từ số 01 đến số 89 (thiếu số: 36, 75, trùng số: 11, 15, 21, 35, 47, 49, 64, số a: 19a, 23, 24, 25a, 48, 50, 51, 52, 54a, 55a, 56a, 59a, 60a, 63a) tháng 01-12 năm 2017",2026-09-21 13:49:28
2597,H31.05.02.H31.09.2016.13,LỖI KHÓA,Bỏ qua (Lỗi máy chủ) (Đã thử gửi lệnh xóa nhưng máy chủ Vinasynet không cập nhật (bản ghi bị khóa)),50,false,"Sổ đăng ký Quyết định, Báo cáo của Văn phòng Sở Xây dựng tỉnh Hưng Yên năm 2016",2026-09-21 13:49:39
2598,H31.05.02.H31.09.2016.12,HOÀN THÀNH,"Đã xóa trùng (1 bản duy nhất) (Đã xóa thành công 38 bản trùng thừa, giữ lại bản chính #1)",1,true,"Tập lưu Báo cáo Sở Xây dựng tỉnh Hưng Yên từ số 75 đến số 99 (thiếu số 93, 94) tháng 12 năm 2016",2026-09-21 13:49:46
2599,H31.05.02.H31.09.2016.11,HOÀN THÀNH,Chưa xử lý,-,false,-,2026-09-19 21:21:28
2600,H31.05.02.H31.09.2016.10,HOÀN THÀNH,Chưa xử lý,-,false,-,2026-09-19 21:21:43
2601,H31.05.02.H31.09.2016.09,HOÀN THÀNH,Chưa xử lý,-,false,-,2026-09-19 21:21:57
2602,H31.05.02.H31.09.2016.08,HOÀN THÀNH,Chưa xử lý,-,false,-,2026-09-19 21:22:11
2603,H31.05.02.H31.09.2015.07,HOÀN THÀNH,Chưa xử lý,-,false,-,2026-09-19 21:22:26
2604,H31.05.02.H31.09.2015.06,HOÀN THÀNH,Chưa xử lý,-,false,-,2026-09-19 21:22:40
2605,H31.05.02.H31.09.2013.05,HOÀN THÀNH,Chưa xử lý,-,false,-,2026-09-19 21:22:55
2606,H31.05.02.H31.09.2012.04,HOÀN THÀNH,Chưa xử lý,-,false,-,2026-09-19 21:23:09
2607,H31.05.02.H31.09.2011.03,HOÀN THÀNH,Chưa xử lý,-,false,-,2026-09-19 21:23:23
2608,H31.05.02.H31.09.2011.02,HOÀN THÀNH,Chưa xử lý,-,false,-,2026-09-19 21:23:37
2609,H31.05.02.H31.09.2010.01,HOÀN THÀNH,Chưa xử lý,-,false,-,2026-09-19 21:23:51
2610,H31.05.02.H31.09.2025.01,HOÀN THÀNH,Chưa xử lý,-,false,-,2026-09-19 21:24:06
2611,H31.05.02.H31.09.2025.02,HOÀN THÀNH,Chưa xử lý,-,false,-,2026-09-19 21:24:20
2612,H31.05.02.H31.09.2025.03,HOÀN THÀNH,Chưa xử lý,-,false,-,2026-09-19 21:24:34
2613,H31.05.02.H31.09.2025.04,HOÀN THÀNH,Chưa xử lý,-,false,-,2026-09-19 21:24:48
2614,H31.05.02.H31.09.2025.05,HOÀN THÀNH,Chưa xử lý,-,false,-,2026-09-19 21:25:03
2615,H31.05.02.H31.09.2025.06,HOÀN THÀNH,Chưa xử lý,-,false,-,2026-09-19 21:25:17
2616,H31.05.02.H31.09.2025.07,HOÀN THÀNH,Chưa xử lý,-,false,-,2026-09-19 21:25:31
2617,H31.05.02.H31.09.2025.08,HOÀN THÀNH,Chưa xử lý,-,false,-,2026-09-19 21:25:45
2618,H31.05.02.H31.09.2025.09,HOÀN THÀNH,Chưa xử lý,-,false,-,2026-09-19 21:25:59
2619,H31.05.02.H31.09.2018.1483,HOÀN THÀNH,Chưa xử lý,-,false,-,2026-09-19 21:26:13
2620,H31.05.02.H31.09.2017.1482,HOÀN THÀNH,Chưa xử lý,-,false,-,2026-09-19 21:26:22
2621,H31.05.02.H31.09.2017.1481,HOÀN THÀNH,Chưa xử lý,-,false,-,2026-09-19 21:26:30
2622,H31.05.02.H31.09.2017.1480,HOÀN THÀNH,Chưa xử lý,-,false,-,2026-09-19 21:26:44
2623,H31.05.02.H31.09.2017.1479,HOÀN THÀNH,Chưa xử lý,-,false,-,2026-09-19 21:26:58
2624,H31.05.02.H31.09.2017.1478,HOÀN THÀNH,Chưa xử lý,-,false,-,2026-09-19 21:27:12
2625,H31.05.02.H31.09.2016-2017.1477,HOÀN THÀNH,Chưa xử lý,-,false,-,2026-09-19 21:27:27
2626,H31.05.02.H31.09.2017.1476,HOÀN THÀNH,Chưa xử lý,-,false,-,2026-09-19 21:27:41
2627,H31.05.02.H31.09.2017.1475,HOÀN THÀNH,Chưa xử lý,-,false,-,2026-09-19 21:27:55
2628,H31.05.02.H31.09.2017.1474,HOÀN THÀNH,Chưa xử lý,-,false,-,2026-09-19 21:28:09
2629,H31.05.02.H31.09.2017.1473,HOÀN THÀNH,Chưa xử lý,-,false,-,2026-09-19 21:28:23
2630,H31.05.02.H31.09.2017.1472,HOÀN THÀNH,Chưa xử lý,-,false,-,2026-09-19 21:28:38
2631,H31.05.02.H31.09.2017.1471,HOÀN THÀNH,Chưa xử lý,-,false,-,2026-09-19 21:28:52
2632,H31.05.02.H31.09.2017.1470,HOÀN THÀNH,Chưa xử lý,-,false,-,2026-09-19 21:29:07
2633,H31.05.02.H31.09.2017.1469,HOÀN THÀNH,Chưa xử lý,-,false,-,2026-09-19 21:29:21
2634,H31.05.02.H31.09.2017.1468,HOÀN THÀNH,Chưa xử lý,-,false,-,2026-09-19 21:29:35
2635,H31.05.02.H31.09.2017.1464,HOÀN THÀNH,Chưa xử lý,-,false,-,2026-09-19 21:29:49
2636,H31.05.02.H31.09.2017.1465,HOÀN THÀNH,Chưa xử lý,-,false,-,2026-09-19 21:30:04
2637,H31.05.02.H31.09.2017.1463,HOÀN THÀNH,Chưa xử lý,-,false,-,2026-09-19 21:30:18
2638,H31.05.02.H31.09.2017.1462,HOÀN THÀNH,Chưa xử lý,-,false,-,2026-09-19 21:30:32
2639,H31.05.02.H31.09.2017.1461,HOÀN THÀNH,Chưa xử lý,-,false,-,2026-09-19 21:30:46
2640,H31.05.02.H31.09.2017.1460,HOÀN THÀNH,Chưa xử lý,-,false,-,2026-09-19 21:31:01
2641,H31.05.02.H31.09.2017.1458,HOÀN THÀNH,Chưa xử lý,-,false,-,2026-09-19 21:31:15
2642,H31.05.02.H31.09.2016-2017.1459,HOÀN THÀNH,"Đạt chuẩn (1 bản duy nhất) (Hồ sơ chuẩn, không có bản trùng thừa)",1,true,"Thẩm định báo cáo kinh tế kỹ thuật cải tạo sửa chữa đội thuế Lương Tài - Chi cục thuế huyện Văn Lâm tại xã Lương Tài, huyện Văn Lâm, tỉnh Hưng Yên",2026-09-21 13:49:55
2643,H31.05.02.H31.09.2016.1453,HOÀN THÀNH,Chưa xử lý,-,false,-,2026-09-19 21:31:44
2644,H31.05.02.H31.09.2017.1454,HOÀN THÀNH,Chưa xử lý,-,false,-,2026-09-19 21:31:58
2645,H31.05.02.H31.09.2017.1446,HOÀN THÀNH,Chưa xử lý,-,false,-,2026-09-19 21:32:12
2646,H31.05.02.H31.09.2017.1445,HOÀN THÀNH,"Đạt chuẩn (1 bản duy nhất) (Hồ sơ chuẩn, không có bản trùng thừa)",1,true,Hồ sơ về việc thẩm định thiết kế bản vẽ thi công và dự toán - Trung tâm đào tạo bóng đá trẻ PVF của Công ty cổ phần Bệnh viện đa khoa quốc tế Vinmec tại xã Long Hưng - Văn Giang (tập 2),2026-09-21 13:49:58
2647,H31.05.02.H31.09.2017.1444,HOÀN THÀNH,Chưa xử lý,-,false,-,2026-09-19 21:32:41
2648,H31.05.02.H31.09.2017.1440,HOÀN THÀNH,Chưa xử lý,-,false,-,2026-09-19 21:32:56
2649,H31.05.02.H31.09.2015-2017.1442,HOÀN THÀNH,Chưa xử lý,-,false,-,2026-09-19 21:33:10
2650,H31.05.02.H31.09.2015-2017.1441,HOÀN THÀNH,Chưa xử lý,-,false,-,2026-09-19 21:33:24
2651,H31.05.02.H31.09.2017.1438,HOÀN THÀNH,"Đạt chuẩn (1 bản duy nhất) (Hồ sơ chuẩn, không có bản trùng thừa)",1,true,"Hồ sơ về việc thẩm định báo cáo kinh tế kỹ thuật Trường mầm non Khu Trung tâm xã Ngô Quyền. Hạng mục nhà lớp học 4 phòng tại xã Ngô Quyền, Tiên Lữ",2026-09-21 13:50:01
2652,H31.05.02.H31.09.2017.1437,HOÀN THÀNH,Chưa xử lý,-,false,-,2026-09-19 21:34:23
2653,H31.05.02.H31.09.2017.1436,HOÀN THÀNH,Chưa xử lý,-,false,-,2026-09-19 21:35:01
2654,H31.05.02.H31.09.2017.1435,HOÀN THÀNH,Chưa xử lý,-,false,-,2026-09-19 21:35:39
2655,H31.05.02.H31.09.2017.1434,HOÀN THÀNH,Chưa xử lý,-,false,-,2026-09-19 21:36:17
2656,H31.05.02.H31.09.2017.1433,HOÀN THÀNH,Chưa xử lý,-,false,-,2026-09-19 21:36:55
2657,H31.05.02.H31.09.2016-2017.1432,HOÀN THÀNH,Chưa xử lý,-,false,-,2026-09-19 21:37:33
2658,H31.05.02.H31.09.2017.1431,HOÀN THÀNH,Chưa xử lý,-,false,-,2026-09-19 21:38:11
2659,H31.05.02.H31.09.2017.1430,HOÀN THÀNH,Chưa xử lý,-,false,-,2026-09-19 21:38:49
2660,H31.05.02.H31.09.2016-2017.1429,HOÀN THÀNH,Chưa xử lý,-,false,-,2026-09-19 21:39:27
2661,H31.05.02.H31.09.2017.1428,HOÀN THÀNH,Chưa xử lý,-,false,-,2026-09-19 21:39:56
2662,H31.05.02.H31.09.2017.1427,HOÀN THÀNH,Chưa xử lý,-,false,-,2026-09-19 21:40:30
2663,H31.05.02.H31.09.2017.1426,HOÀN THÀNH,Chưa xử lý,-,false,-,2026-09-19 21:41:08
2664,H31.05.02.H31.09.2017.1425,HOÀN THÀNH,Chưa xử lý,-,false,-,2026-09-19 21:41:46
2665,H31.05.02.H31.09.2016-2017.1424,HOÀN THÀNH,"Đạt chuẩn (1 bản duy nhất) (Hồ sơ chuẩn, không có bản trùng thừa)",1,true,Về việc thẩm định thiết kế bản vẽ thi công và dự toán trụ sở bảo hiểm xã hội huyện Phù Cừ (tập 1),2026-09-21 13:50:05
2666,H31.05.02.H31.09.2016.1423,HOÀN THÀNH,Chưa xử lý,-,false,-,2026-09-19 21:43:02
2667,H31.05.02.H31.09.2017.1421,HOÀN THÀNH,Chưa xử lý,-,false,-,2026-09-19 21:43:40
2668,H31.05.02.H31.09.2017.1420,HOÀN THÀNH,Chưa xử lý,-,false,-,2026-09-19 21:44:18
2669,H31.05.02.H31.09.2017.1418,HOÀN THÀNH,Chưa xử lý,-,false,-,2026-09-19 21:44:56
2670,H31.05.02.H31.09.2017.1416,HOÀN THÀNH,Chưa xử lý,-,false,-,2026-09-19 21:45:34
2671,H31.05.02.H31.09.2017.1415,HOÀN THÀNH,Chưa xử lý,-,false,-,2026-09-19 21:46:07
2672,H31.05.02.H31.09.2017.1413,HOÀN THÀNH,Chưa xử lý,-,false,-,2026-09-19 21:46:45
2673,H31.05.02.H31.09.2017.1414,HOÀN THÀNH,Chưa xử lý,-,false,-,2026-09-19 21:47:23
2674,H31.05.02.H31.09.2013-2017.1412,HOÀN THÀNH,Chưa xử lý,-,false,-,2026-09-19 21:48:01
2675,H31.05.02.H31.09.2017.1411,HOÀN THÀNH,"Đạt chuẩn (1 bản duy nhất) (Hồ sơ chuẩn, không có bản trùng thừa)",1,true,"Thẩm định thiết kế bản vẽ thi công và dự toán Nhà máy sản xuất sản phẩm Plastic Thuận Đức của Công ty Cổ phần Thuận Đức Hưng Yên tại thị trấn Lương Bằng, huyện Kim Động",2026-09-21 13:50:09
2676,H31.05.02.H31.09.2017.1410,HOÀN THÀNH,Chưa xử lý,-,false,-,2026-09-19 21:49:17
2677,H31.05.02.H31.09.2017.1409,HOÀN THÀNH,Chưa xử lý,-,false,-,2026-09-19 21:49:55
2678,H31.05.02.H31.09.2017.1406,HOÀN THÀNH,Chưa xử lý,-,false,-,2026-09-19 21:50:33
2679,H31.05.02.H31.09.2017.1405,HOÀN THÀNH,"Đạt chuẩn (1 bản duy nhất) (Hồ sơ chuẩn, không có bản trùng thừa)",1,true,"Thẩm định báo cáo kinh tế kỹ thuật - Cải tạo, sửa chữa Đội thuế Thọ Vinh - Chi cục thuế huyện Kim Động tại xã Thọ Vinh, huyện Kim Động",2026-09-21 13:50:12
2680,H31.05.02.H31.09.2017.1403,HOÀN THÀNH,Chưa xử lý,-,false,-,2026-09-19 21:51:49
2681,H31.05.02.H31.09.2017.1404,HOÀN THÀNH,Chưa xử lý,-,false,-,2026-09-19 21:52:27
2682,H31.05.02.H31.09.2017.1402,HOÀN THÀNH,Chưa xử lý,-,false,-,2026-09-19 21:53:05
2683,H31.05.02.H31.09.2017.1401,HOÀN THÀNH,Chưa xử lý,-,false,-,2026-09-19 21:53:43
2684,H31.05.02.H31.09.2017.1400,HOÀN THÀNH,Chưa xử lý,-,false,-,2026-09-19 21:54:21
2685,H31.05.02.H31.09.2017.1399,HOÀN THÀNH,Chưa xử lý,-,false,-,2026-09-19 21:54:59
2686,H31.05.02.H31.09.2017.1398,HOÀN THÀNH,Chưa xử lý,-,false,-,2026-09-19 21:55:37
2687,H31.05.02.H31.09.2017.1397,HOÀN THÀNH,Chưa xử lý,-,false,-,2026-09-19 21:56:15
2688,H31.05.02.H31.09.2017.1396,HOÀN THÀNH,Chưa xử lý,-,false,-,2026-09-19 21:56:53
2689,H31.05.02.H31.09.2016-2017.1395,HOÀN THÀNH,Chưa xử lý,-,false,-,2026-09-19 21:57:31
2690,H31.05.02.H31.09.2017.1394,HOÀN THÀNH,Chưa xử lý,-,false,-,2026-09-19 21:58:09
2691,H31.05.02.H31.09.2017.1393,HOÀN THÀNH,"Đạt chuẩn (1 bản duy nhất) (Hồ sơ chuẩn, không có bản trùng thừa)",1,true,"Về việc thẩm định thiết kế bản vẽ thi công và dự toán - Trường mầm non Thiên Đức của Công ty TNHH Nhị Kinh Kỳ tại phường An Bảo, Thành phố Hưng Yên",2026-09-21 13:50:16
2692,H31.05.02.H31.09.2016-2017.1392,HOÀN THÀNH,Chưa xử lý,-,false,-,2026-09-19 21:59:25
2693,H31.05.02.H31.09.2014-2017.1390,HOÀN THÀNH,Chưa xử lý,-,false,-,2026-09-19 22:00:03
2694,H31.05.02.H31.09.2017.1389,HOÀN THÀNH,Chưa xử lý,-,false,-,2026-09-19 22:00:41
2695,H31.05.02.H31.09.2017.1388,HOÀN THÀNH,Chưa xử lý,-,false,-,2026-09-19 22:04:24
2696,H31.05.02.H31.09.2017.1387,HOÀN THÀNH,Chưa xử lý,-,false,-,2026-09-19 22:05:02
2697,H31.05.02.H31.09.2017.1386,HOÀN THÀNH,Chưa xử lý,-,false,-,2026-09-19 22:05:40
2698,H31.05.02.H31.09.2016-2017.1385,HOÀN THÀNH,Chưa xử lý,-,false,-,2026-09-19 22:06:18
2699,H31.05.02.H31.09.2017.1384,HOÀN THÀNH,"Đạt chuẩn (1 bản duy nhất) (Hồ sơ chuẩn, không có bản trùng thừa)",1,true,"Về việc thẩm định báo cáo kinh tế kỹ thuật Phòng giao dịch Phố Hiến - Ngân hàng Thương mại Cổ phần Công thương Việt Nam - Chi nhánh Hưng Yên tại phường Quang Trung, thành phố Hưng Yên",2026-09-21 13:50:19
2700,H31.05.02.H31.09.2017.1383,HOÀN THÀNH,Chưa xử lý,-,false,-,2026-09-19 22:07:34
2701,H31.05.02.H31.09.2017.1382,HOÀN THÀNH,Chưa xử lý,-,false,-,2026-09-19 22:08:12
2702,H31.05.02.H31.09.2017.1381,HOÀN THÀNH,Chưa xử lý,-,false,-,2026-09-19 22:08:50
2703,H31.05.02.H31.09.2017.1380,HOÀN THÀNH,Chưa xử lý,-,false,-,2026-09-19 22:09:28
2704,H31.05.02.H31.09.2017.1379,HOÀN THÀNH,Chưa xử lý,-,false,-,2026-09-19 22:10:06
2705,H31.05.02.H31.09.2017.1378,HOÀN THÀNH,Chưa xử lý,-,false,-,2026-09-19 22:10:44
2706,H31.05.02.H31.09.2016-2017.1377,HOÀN THÀNH,Chưa xử lý,-,false,-,2026-09-19 22:11:22
2707,H31.05.02.H31.09.2017.1376,HOÀN THÀNH,Chưa xử lý,-,false,-,2026-09-19 22:12:00
2708,H31.05.02.H31.09.2016.1373,HOÀN THÀNH,Chưa xử lý,-,false,-,2026-09-19 22:12:22
2709,H31.05.02.H31.09.2016.1372,HOÀN THÀNH,Chưa xử lý,-,false,-,2026-09-19 22:12:44
2710,H31.05.02.H31.09.2016.1371,HOÀN THÀNH,"Đạt chuẩn (1 bản duy nhất) (Hồ sơ chuẩn, không có bản trùng thừa)",1,true,"Thẩm định thiết kế bản vẽ thi công và dự toán - khối nhà kỹ thuật nghiệp vụ 2 (N.03B) dự án ĐTXD nâng cấp, mở rộng bệnh viện đa khoa Phố Nối (giai đoạn 2) (tập 1)",2026-09-21 13:50:23
2711,H31.05.02.H31.09.2017.1370,HOÀN THÀNH,Chưa xử lý,-,false,-,2026-09-19 22:14:00
2712,H31.05.02.H31.09.2013.1369,HOÀN THÀNH,Chưa xử lý,-,false,-,2026-09-19 22:14:39
2713,H31.05.02.H31.09.2016-2017.1367,HOÀN THÀNH,Chưa xử lý,-,false,-,2026-09-19 22:15:17
2714,H31.05.02.H31.09.2017.1368,HOÀN THÀNH,Chưa xử lý,-,false,-,2026-09-19 22:15:55
2715,H31.05.02.H31.09.2017.1366,HOÀN THÀNH,Chưa xử lý,-,false,-,2026-09-19 22:16:33
2716,H31.05.02.H31.09.2017.1365,HOÀN THÀNH,"Đạt chuẩn (1 bản duy nhất) (Hồ sơ chuẩn, không có bản trùng thừa)",1,true,"Về việc cải tạo, sửa chữa nhà để xe để làm phòng họp và bố trí làm việc chỗ làm việc cho các phòng của Ban quản lý dự án chuyên ngành CN - DD tỉnh Hưng Yên",2026-09-21 13:50:26
2717,H31.05.02.H31.09.2017.1364,HOÀN THÀNH,"Đạt chuẩn (1 bản duy nhất) (Hồ sơ chuẩn, không có bản trùng thừa)",1,true,Thẩm định báo cáo kinh tế kỹ thuật - sửa chữa cải tạo trụ sở làm việc mới cho phù hợp với công năng của Thư viện tỉnh Hưng Yên,2026-09-21 13:50:28
2718,H31.05.02.H31.09.2017.1363,HOÀN THÀNH,Chưa xử lý,-,false,-,2026-09-19 22:18:27
2719,H31.05.02.H31.09.2017.1362,HOÀN THÀNH,"Đạt chuẩn (1 bản duy nhất) (Hồ sơ chuẩn, không có bản trùng thừa)",1,true,"Thẩm định báo cáo kinh tế kỹ thuật cải tạo, sửa chữa nhà làm việc 4 tầng. Trụ sở làm việc Cục thuế tỉnh Hưng Yên (giai đoạn 2) tại phường Hiến Nam TPHY",2026-09-21 13:50:31
2720,H31.05.02.H31.09.2017.1361,HOÀN THÀNH,Chưa xử lý,-,false,-,2026-09-20 14:28:03
2721,H31.05.02.H31.09.2015.1360,HOÀN THÀNH,Chưa xử lý,-,false,-,2026-09-20 14:28:17
2722,H31.05.02.H31.09.2015-2017.1359,HOÀN THÀNH,"Đạt chuẩn (1 bản duy nhất) (Hồ sơ chuẩn, không có bản trùng thừa)",1,true,Thẩm định báo cáo kinh tế kỹ thuật mở rộng Trụ sở làm việc Sở Kế hoạch và Đầu tư năm 2017,2026-09-21 13:50:33
2723,H31.05.02.H31.09.2017.1358,HOÀN THÀNH,Chưa xử lý,-,false,-,2026-09-20 14:28:45
2724,H31.05.02.H31.09.2016-2017.1357,HOÀN THÀNH,Chưa xử lý,-,false,-,2026-09-20 14:28:59
2725,H31.05.02.H31.09.2015-2016.1356,HOÀN THÀNH,"Đạt chuẩn (1 bản duy nhất) (Hồ sơ chuẩn, không có bản trùng thừa)",1,true,Thẩm định báo cáo kinh tế kỹ thuật điều chỉnh bổ sung Công trình Cải tạo sửa chữa trụ sở Uỷ ban nhân dân tỉnh cũ,2026-09-21 13:50:36
2726,H31.05.02.H31.09.2016.1353,HOÀN THÀNH,Chưa xử lý,-,false,-,2026-09-20 14:29:27
2727,H31.05.02.H31.09.2016.1352,HOÀN THÀNH,Chưa xử lý,-,false,-,2026-09-20 14:29:42
2728,H31.05.02.H31.09.2016.1351,HOÀN THÀNH,Chưa xử lý,-,false,-,2026-09-20 14:30:20
2729,H31.05.02.H31.09.2016.1350,HOÀN THÀNH,Chưa xử lý,-,false,-,2026-09-20 14:30:58
2730,H31.05.02.H31.09.2016.1349,HOÀN THÀNH,Chưa xử lý,-,false,-,2026-09-20 14:31:36
2731,H31.05.02.H31.09.2016.1348,HOÀN THÀNH,Chưa xử lý,-,false,-,2026-09-20 14:32:14
2732,H31.05.02.H31.09.2016.1347,HOÀN THÀNH,Chưa xử lý,-,false,-,2026-09-20 14:32:52
2733,H31.05.02.H31.09.2016.1346,HOÀN THÀNH,Chưa xử lý,-,false,-,2026-09-20 14:33:30
2734,H31.05.02.H31.09.2016.1345,HOÀN THÀNH,Chưa xử lý,-,false,-,2026-09-20 14:34:08
2735,H31.05.02.H31.09.2016.1344,HOÀN THÀNH,Chưa xử lý,-,false,-,2026-09-20 14:34:46
2736,H31.05.02.H31.09.2016.1342,HOÀN THÀNH,Chưa xử lý,-,false,-,2026-09-20 14:35:24
2737,H31.05.02.H31.09.2016.1343,HOÀN THÀNH,Chưa xử lý,-,false,-,2026-09-20 14:36:02
2738,H31.05.02.H31.09.2016.1341,HOÀN THÀNH,Chưa xử lý,-,false,-,2026-09-20 14:36:40
2739,H31.05.02.H31.09.2016.1340,HOÀN THÀNH,Chưa xử lý,-,false,-,2026-09-20 14:37:18
2740,H31.05.02.H31.09.2016.1338,HOÀN THÀNH,Chưa xử lý,-,false,-,2026-09-20 14:37:56
2741,H31.05.02.H31.09.2016.1337,HOÀN THÀNH,Chưa xử lý,-,false,-,2026-09-20 14:38:34
2742,H31.05.02.H31.09.2016.1335,HOÀN THÀNH,"Đạt chuẩn (1 bản duy nhất) (Hồ sơ chuẩn, không có bản trùng thừa)",1,true,"Thẩm định thiết kế bản vẽ thi công và dự toán nhà làm việc huyện Ủy Văn Lâm tại thị trấn Như Quỳnh, huyện Văn Lâm, tỉnh Hưng Yên",2026-09-21 13:50:41
2743,H31.05.02.H31.09.2016.1334,HOÀN THÀNH,Chưa xử lý,-,false,-,2026-09-20 14:39:49
2744,H31.05.02.H31.09.2016.1333,HOÀN THÀNH,Chưa xử lý,-,false,-,2026-09-20 14:40:25
2745,H31.05.02.H31.09.2016.1328,HOÀN THÀNH,Chưa xử lý,-,false,-,2026-09-20 14:41:03
2746,H31.05.02.H31.09.2016.1327,HOÀN THÀNH,Chưa xử lý,-,false,-,2026-09-20 14:41:41
2747,H31.05.02.H31.09.2016.1326,HOÀN THÀNH,Chưa xử lý,-,false,-,2026-09-20 14:42:19
2748,H31.05.02.H31.09.2016.1325,HOÀN THÀNH,Chưa xử lý,-,false,-,2026-09-20 14:42:57
2749,H31.05.02.H31.09.2016.1324,HOÀN THÀNH,Chưa xử lý,-,false,-,2026-09-20 14:43:35
2750,H31.05.02.H31.09.2016.1323,HOÀN THÀNH,Chưa xử lý,-,false,-,2026-09-20 14:44:13
2751,H31.05.02.H31.09.2016.1320,HOÀN THÀNH,Chưa xử lý,-,false,-,2026-09-20 14:44:51
2752,H31.05.02.H31.09.2016.1321,HOÀN THÀNH,Chưa xử lý,-,false,-,2026-09-20 14:45:29
2753,H31.05.02.H31.09.2016.1318,HOÀN THÀNH,Chưa xử lý,-,false,-,2026-09-20 14:46:07
2754,H31.05.02.H31.09.2017.1317,HOÀN THÀNH,Chưa xử lý,-,false,-,2026-09-20 14:46:45
2755,H31.05.02.H31.09.2016.1316,HOÀN THÀNH,Chưa xử lý,-,false,-,2026-09-20 14:47:23
2756,H31.05.02.H31.09.2015-2016.1315,HOÀN THÀNH,"Đạt chuẩn (1 bản duy nhất) (Hồ sơ chuẩn, không có bản trùng thừa)",1,true,"Thẩm định thiết kế cơ sở - Nhà điều hành sản xuất điện lực Mỹ Hào của Tổng công ty Điện lực miền Bắc tại xã Nghĩa Hiệp,  huyện Yên Mỹ và thị trấn Bần Yên Nhân, huyện Mỹ Hào (tập 1)",2026-09-21 13:50:45
2757,H31.05.02.H31.09.2016.1314,HOÀN THÀNH,Chưa xử lý,-,false,-,2026-09-20 14:48:39
2758,H31.05.02.H31.09.2016.1313,HOÀN THÀNH,Chưa xử lý,-,false,-,2026-09-20 14:49:17
2759,H31.05.02.H31.09.2016.1312,HOÀN THÀNH,Chưa xử lý,-,false,-,2026-09-20 14:49:55
2760,H31.05.02.H31.09.2016.1309,HOÀN THÀNH,Chưa xử lý,-,false,-,2026-09-20 14:50:33
2761,H31.05.02.H31.09.2016.1310,HOÀN THÀNH,Chưa xử lý,-,false,-,2026-09-20 14:51:11
2762,H31.05.02.H31.09.2016.1308,HOÀN THÀNH,Chưa xử lý,-,false,-,2026-09-20 14:51:49
2763,H31.05.02.H31.09.2016.1307,HOÀN THÀNH,"Đạt chuẩn (1 bản duy nhất) (Hồ sơ chuẩn, không có bản trùng thừa)",1,true,"Hồ sơ thẩm định báo cáo kinh tế kỹ thuật khối nhà phục vụ học tập, trường Tiểu học xã Thọ Vinh, huyện Kim Động, tỉnh Hưng Yên",2026-09-21 13:50:49
2764,H31.05.02.H31.09.2016.1306,HOÀN THÀNH,Chưa xử lý,-,false,-,2026-09-20 14:53:05
2765,H31.05.02.H31.09.2016.1305,HOÀN THÀNH,Chưa xử lý,-,false,-,2026-09-20 14:53:43
2766,H31.05.02.H31.09.2016.1304,HOÀN THÀNH,Chưa xử lý,-,false,-,2026-09-20 14:54:21
2767,H31.05.02.H31.09.2016.1303,HOÀN THÀNH,Chưa xử lý,-,false,-,2026-09-20 15:15:43
2768,H31.05.02.H31.09.2016.1302,HOÀN THÀNH,Chưa xử lý,-,false,-,2026-09-20 15:16:21
2769,H31.05.02.H31.09.2009-2016.1299,HOÀN THÀNH,Chưa xử lý,-,false,-,2026-09-20 15:16:59
2770,H31.05.02.H31.09.2015-2016.1298,HOÀN THÀNH,Chưa xử lý,-,false,-,2026-09-20 15:17:37
2771,H31.05.02.H31.09.2016.1297,HOÀN THÀNH,Chưa xử lý,-,false,-,2026-09-20 15:17:59
2772,H31.05.02.H31.09.2016.1296,HOÀN THÀNH,Chưa xử lý,-,false,-,2026-09-20 15:18:21
2773,H31.05.02.H31.09.2015-2016.1295,HOÀN THÀNH,Chưa xử lý,-,false,-,2026-09-20 15:18:59
2774,H31.05.02.H31.09.2016.1294,HOÀN THÀNH,Chưa xử lý,-,false,-,2026-09-20 15:19:37
2775,H31.05.02.H31.09.2016.1293,HOÀN THÀNH,Chưa xử lý,-,false,-,2026-09-20 15:20:15
2776,H31.05.02.H31.09.2016.1292,HOÀN THÀNH,Chưa xử lý,-,false,-,2026-09-20 15:20:53
2777,H31.05.02.H31.09.2016.1291,HOÀN THÀNH,Chưa xử lý,-,false,-,2026-09-20 15:21:31
2778,H31.05.02.H31.09.2016.1290,HOÀN THÀNH,Chưa xử lý,-,false,-,2026-09-20 15:22:09
2779,H31.05.02.H31.09.2016.1289,HOÀN THÀNH,Chưa xử lý,-,false,-,2026-09-20 15:22:47
2780,H31.05.02.H31.09.2016.1288,HOÀN THÀNH,Chưa xử lý,-,false,-,2026-09-20 15:23:25
2781,H31.05.02.H31.09.2016.1287,HOÀN THÀNH,Chưa xử lý,-,false,-,2026-09-20 15:24:03
2782,H31.05.02.H31.09.2016.1286,HOÀN THÀNH,Chưa xử lý,-,false,-,2026-09-20 15:24:41
2783,H31.05.02.H31.09.2016.1285,HOÀN THÀNH,Chưa xử lý,-,false,-,2026-09-20 15:25:19
2784,H31.05.02.H31.09.2016.1284,HOÀN THÀNH,Chưa xử lý,-,false,-,2026-09-20 15:25:57
2785,H31.05.02.H31.09.2016.1283,HOÀN THÀNH,Chưa xử lý,-,false,-,2026-09-20 15:26:35
2786,H31.05.02.H31.09.2016.1282,HOÀN THÀNH,Chưa xử lý,-,false,-,2026-09-20 15:27:13
2787,H31.05.02.H31.09.2016.1281,HOÀN THÀNH,Chưa xử lý,-,false,-,2026-09-20 15:27:51
2788,H31.05.02.H31.09.2016.1280,HOÀN THÀNH,Chưa xử lý,-,false,-,2026-09-20 15:28:29
2789,H31.05.02.H31.09.2016.1279,CẦN SCAN LẠI,Không tìm thấy hồ sơ (Không tìm thấy hồ sơ nào với mã này trên hệ thống Vinasynet),0,false,-,2026-09-21 13:50:56
2790,H31.05.02.H31.09.2016.1277,CẦN SCAN LẠI,Không tìm thấy hồ sơ (Không tìm thấy hồ sơ nào với mã này trên hệ thống Vinasynet),0,false,-,2026-09-21 13:51:00
2791,H31.05.02.H31.09.2016.1278,CẦN SCAN LẠI,Không tìm thấy hồ sơ (Không tìm thấy hồ sơ nào với mã này trên hệ thống Vinasynet),0,false,-,2026-09-21 13:51:04
2792,H31.05.02.H31.09.2016.1275A,CẦN SCAN LẠI,Không tìm thấy hồ sơ (Không tìm thấy hồ sơ nào với mã này trên hệ thống Vinasynet),0,false,-,2026-09-21 13:51:07
2793,H31.05.02.H31.09.2016.1275,CẦN SCAN LẠI,Không tìm thấy hồ sơ (Không tìm thấy hồ sơ nào với mã này trên hệ thống Vinasynet),0,false,-,2026-09-21 13:51:11
2794,H31.05.02.H31.09.2016.1274,CẦN SCAN LẠI,Không tìm thấy hồ sơ (Không tìm thấy hồ sơ nào với mã này trên hệ thống Vinasynet),0,false,-,2026-09-21 13:51:15
2795,H31.05.02.H31.09.2016.1273,CẦN SCAN LẠI,Không tìm thấy hồ sơ (Không tìm thấy hồ sơ nào với mã này trên hệ thống Vinasynet),0,false,-,2026-09-21 13:51:19
2796,H31.05.02.H31.09.2016.1272,CẦN SCAN LẠI,Không tìm thấy hồ sơ (Không tìm thấy hồ sơ nào với mã này trên hệ thống Vinasynet),0,false,-,2026-09-21 13:51:22
2797,H31.05.02.H31.09.2015-2016.1271,HOÀN THÀNH,"Đạt chuẩn (1 bản duy nhất) (Hồ sơ chuẩn, không có bản trùng thừa)",1,true,Hồ sơ về việc thẩm định thiết kế bản vẽ thi công và dự toán Bệnh viện đa khoa tỉnh Hưng Yên tại khuôn viên Bệnh viện,2026-09-21 13:51:24
2798,H31.05.02.H31.09.2014-2017.1270,HOÀN THÀNH,"Đạt chuẩn (1 bản duy nhất) (Hồ sơ chuẩn, không có bản trùng thừa)",1,true,"Hồ sơ về việc thẩm định báo cáo kinh tế kỹ thuật - cải tạo, sửa chữa nhà làm việc 4 tầng - trụ sở làm việc Cục thuế tỉnh Hưng Yên",2026-09-21 13:51:27
2799,H31.05.02.H31.09.2016.1265,CẦN SCAN LẠI,Không tìm thấy hồ sơ (Không tìm thấy hồ sơ nào với mã này trên hệ thống Vinasynet),0,false,-,2026-09-21 13:51:30
2800,H31.05.02.H31.09.2016.1264,CẦN SCAN LẠI,Không tìm thấy hồ sơ (Không tìm thấy hồ sơ nào với mã này trên hệ thống Vinasynet),0,false,-,2026-09-21 13:51:34
2801,H31.05.02.H31.09.2016.1259,CẦN SCAN LẠI,Không tìm thấy hồ sơ (Không tìm thấy hồ sơ nào với mã này trên hệ thống Vinasynet),0,false,-,2026-09-21 13:51:38
2802,H31.05.02.H31.09.2015-2016.1260,HOÀN THÀNH,"Đạt chuẩn (1 bản duy nhất) (Hồ sơ chuẩn, không có bản trùng thừa)",1,true,"Về việc thẩm định báo cáo kinh tế kỹ thuật sửa chữa, chỉnh trang trụ sở Tỉnh ủy Hưng Yên",2026-09-21 13:51:40
2803,H31.05.02.H31.09.2015.1258,HOÀN THÀNH,Chưa xử lý,-,false,-,2026-09-20 17:06:42
2804,H31.05.02.H31.09.2015.1257,HOÀN THÀNH,Chưa xử lý,-,false,-,2026-09-20 17:07:20
2805,H31.05.02.H31.09.2015.1256,HOÀN THÀNH,Chưa xử lý,-,false,-,2026-09-20 17:07:58
2806,H31.05.02.H31.09.2015.1255,HOÀN THÀNH,Chưa xử lý,-,false,-,2026-09-20 17:08:36
2807,H31.05.02.H31.09.2015.1254,HOÀN THÀNH,Chưa xử lý,-,false,-,2026-09-20 17:09:14
2808,H31.05.02.H31.09.2015.1253,HOÀN THÀNH,Chưa xử lý,-,false,-,2026-09-20 17:09:52
2809,H31.05.02.H31.09.2015.1252,HOÀN THÀNH,Chưa xử lý,-,false,-,2026-09-20 17:10:30
2810,H31.05.02.H31.09.2015.1251,HOÀN THÀNH,Chưa xử lý,-,false,-,2026-09-20 17:11:08
2811,H31.05.02.H31.09.2015.1250,HOÀN THÀNH,Chưa xử lý,-,false,-,2026-09-20 17:11:46
2812,H31.05.02.H31.09.2015.1249,HOÀN THÀNH,Chưa xử lý,-,false,-,2026-09-20 17:12:24
2813,H31.05.02.H31.09.2015.1248,HOÀN THÀNH,Chưa xử lý,-,false,-,2026-09-20 17:13:02
2814,H31.05.02.H31.09.2015.1247,HOÀN THÀNH,Chưa xử lý,-,false,-,2026-09-20 17:13:40
2815,H31.05.02.H31.09.2015.1246,HOÀN THÀNH,Chưa xử lý,-,false,-,2026-09-20 17:14:18
2816,H31.05.02.H31.09.2015.1245,HOÀN THÀNH,Chưa xử lý,-,false,-,2026-09-20 17:14:56
2817,H31.05.02.H31.09.2015.1244,HOÀN THÀNH,Chưa xử lý,-,false,-,2026-09-20 17:15:34
2818,H31.05.02.H31.09.2014-2015.1243,HOÀN THÀNH,Chưa xử lý,-,false,-,2026-09-20 17:16:12
2819,H31.05.02.H31.09.2015.1242,HOÀN THÀNH,Chưa xử lý,-,false,-,2026-09-20 17:16:50
2820,H31.05.02.H31.09.2015.1241,HOÀN THÀNH,Chưa xử lý,-,false,-,2026-09-20 17:22:54
2821,H31.05.02.H31.09.2015.1240,HOÀN THÀNH,Chưa xử lý,-,false,-,2026-09-20 17:23:21
2822,H31.05.02.H31.09.2015.1239,HOÀN THÀNH,Chưa xử lý,-,false,-,2026-09-20 17:23:35
2823,H31.05.02.H31.09.2015.1238,HOÀN THÀNH,Chưa xử lý,-,false,-,2026-09-20 17:23:49
2824,H31.05.02.H31.09.2015.1237,HOÀN THÀNH,Chưa xử lý,-,false,-,2026-09-20 17:24:03
2825,H31.05.02.H31.09.2015.1236,HOÀN THÀNH,Chưa xử lý,-,false,-,2026-09-20 17:24:17
2826,H31.05.02.H31.09.2015.1235,HOÀN THÀNH,"Đạt chuẩn (1 bản duy nhất) (Hồ sơ chuẩn, không có bản trùng thừa)",1,true,"Thẩm định báo cáo kinh tế kỹ thuật - Nhà lớp học 3 tầng 12 phòng - Trường Tiểu học xã Nghĩa Dân, huyện Kim Động",2026-09-21 13:51:46
2827,H31.05.02.H31.09.2015.1234,HOÀN THÀNH,"Đạt chuẩn (1 bản duy nhất) (Hồ sơ chuẩn, không có bản trùng thừa)",1,true,"Thẩm định báo cáo kinh tế kỹ thuật trường mầm non xã Đức Hợp tại xã Đức Hợp, huyện Kim Động, tỉnh Hưng Yên (tập 2)",2026-09-21 13:51:48
2828,H31.05.02.H31.09.2015.1231,HOÀN THÀNH,Chưa xử lý,-,false,-,2026-09-20 17:24:59
2829,H31.05.02.H31.09.2015.1230,HOÀN THÀNH,Chưa xử lý,-,false,-,2026-09-20 17:25:13
2830,H31.05.02.H31.09.2015.1229,HOÀN THÀNH,Chưa xử lý,-,false,-,2026-09-20 17:25:27
2831,H31.05.02.H31.09.2015.1226,HOÀN THÀNH,Chưa xử lý,-,false,-,2026-09-20 17:25:41
2832,H31.05.02.H31.09.2015.1227,HOÀN THÀNH,Chưa xử lý,-,false,-,2026-09-20 17:25:55
2833,H31.05.02.H31.09.2014.1225,HOÀN THÀNH,Chưa xử lý,-,false,-,2026-09-20 17:26:09
2834,H31.05.02.H31.09.2014.1224,HOÀN THÀNH,"Đạt chuẩn (1 bản duy nhất) (Hồ sơ chuẩn, không có bản trùng thừa)",1,true,"Thẩm định báo cáo kinh tế kỹ thuật xây dựng Công trình: Xây dựng hoàn thiện giai đoạn III Quảng trường trung tâm thành phố Hưng Yên, tỉnh Hưng Yên (tập 1)",2026-09-21 13:51:51
2835,H31.05.02.H31.09.2015.1223,HOÀN THÀNH,Chưa xử lý,-,false,-,2026-09-20 17:26:37
2836,H31.05.02.H31.09.2015.1222,HOÀN THÀNH,Chưa xử lý,-,false,-,2026-09-20 17:26:51
2837,H31.05.02.H31.09.2015.1221,HOÀN THÀNH,Chưa xử lý,-,false,-,2026-09-20 17:27:05
2838,H31.05.02.H31.09.2015.1218,HOÀN THÀNH,Chưa xử lý,-,false,-,2026-09-20 17:27:19
2839,H31.05.02.H31.09.2015.1220,HOÀN THÀNH,Chưa xử lý,-,false,-,2026-09-20 17:27:33
2840,H31.05.02.H31.09.2015.1219,HOÀN THÀNH,Chưa xử lý,-,false,-,2026-09-20 17:27:47
2841,H31.05.02.H31.09.2014.1216,HOÀN THÀNH,Chưa xử lý,-,false,-,2026-09-20 17:28:01
2842,H31.05.02.H31.09.2014.1213,HOÀN THÀNH,Chưa xử lý,-,false,-,2026-09-20 17:28:15
2843,H31.05.02.H31.09.2014.1217,HOÀN THÀNH,Chưa xử lý,-,false,-,2026-09-20 17:28:29
2844,H31.05.02.H31.09.2014.1215,HOÀN THÀNH,Chưa xử lý,-,false,-,2026-09-20 17:28:43
2845,H31.05.02.H31.09.2014.1214,HOÀN THÀNH,Chưa xử lý,-,false,-,2026-09-20 17:28:56
2846,H31.05.02.H31.09.2014.1212,HOÀN THÀNH,Chưa xử lý,-,false,-,2026-09-20 17:29:10
2847,H31.05.02.H31.09.2017.1408,HOÀN THÀNH,Chưa xử lý,-,false,-,2026-09-20 17:29:24
2848,H31.05.02.H31.09.2017.1407,HOÀN THÀNH,Chưa xử lý,-,false,-,2026-09-20 17:29:38
2849,H31.05.02.H31.09.1354.BIA.PDF,HOÀN THÀNH,Chưa xử lý,-,false,-,2026-09-20 17:29:52
2850,H31.05.02.H31.09.2016-2017.1355,HOÀN THÀNH,Chưa xử lý,-,false,-,2026-09-20 17:30:06
2851,H31.05.02.H31.09.2016.1301,HOÀN THÀNH,"Đạt chuẩn (1 bản duy nhất) (Hồ sơ chuẩn, không có bản trùng thừa)",1,true,"Thẩm định điều chỉnh thiết kế bản vẽ thi công kho dự trữ Trương Xá tại Toàn Thắng, huyện Kim Động, tỉnh Hưng Yên",2026-09-21 13:51:56
2852,H31.05.02.H31.09.2016.1300,HOÀN THÀNH,"Đạt chuẩn (1 bản duy nhất) (Hồ sơ chuẩn, không có bản trùng thừa)",1,true,"Về việc thẩm định thiết kế bản vẽ thi công và dự toán điều chỉnh chỉ tiết tiết diện cột bê tông cốt thép gói số 3,4 kho lương thực số 12 dự án kho dự trữ Trương Xá (giai đoạn 1) (tập 2).",2026-09-21 13:51:59
2853,H31.05.02.H31.09.2015.1276,HOÀN THÀNH,Chưa xử lý,-,false,-,2026-09-20 17:30:48
2854,H31.05.02.H31.09.2016.1269,CẦN SCAN LẠI,Không tìm thấy hồ sơ (Không tìm thấy hồ sơ nào với mã này trên hệ thống Vinasynet),0,false,-,2026-09-21 13:52:03
2855,H31.05.02.H31.09.2016.1268,CẦN SCAN LẠI,Không tìm thấy hồ sơ (Không tìm thấy hồ sơ nào với mã này trên hệ thống Vinasynet),0,false,-,2026-09-21 13:52:06
2856,H31.05.02.H31.09.2016.1267,CẦN SCAN LẠI,Không tìm thấy hồ sơ (Không tìm thấy hồ sơ nào với mã này trên hệ thống Vinasynet),0,false,-,2026-09-21 13:52:10
2857,H31.05.02.H31.09.2016.1266,CẦN SCAN LẠI,Không tìm thấy hồ sơ (Không tìm thấy hồ sơ nào với mã này trên hệ thống Vinasynet),0,false,-,2026-09-21 13:52:14
2858,H31.05.02.H31.09.2016.1263,CẦN SCAN LẠI,Không tìm thấy hồ sơ (Không tìm thấy hồ sơ nào với mã này trên hệ thống Vinasynet),0,false,-,2026-09-21 13:52:17
2859,H31.05.02.H31.09.2016.1262,CẦN SCAN LẠI,Không tìm thấy hồ sơ (Không tìm thấy hồ sơ nào với mã này trên hệ thống Vinasynet),0,false,-,2026-09-21 13:52:21
2860,H31.05.02.H31.09.2016.1261,CẦN SCAN LẠI,Không tìm thấy hồ sơ (Không tìm thấy hồ sơ nào với mã này trên hệ thống Vinasynet),0,false,-,2026-09-21 13:52:25
2861,H31.05.02.H31.09.2016.1233,CẦN SCAN LẠI,Không tìm thấy hồ sơ (Không tìm thấy hồ sơ nào với mã này trên hệ thống Vinasynet),0,false,-,2026-09-21 13:52:28
2862,H31.05.02.H31.09.2015.1232,HOÀN THÀNH,"Đạt chuẩn (1 bản duy nhất) (Hồ sơ chuẩn, không có bản trùng thừa)",1,true,"Hồ sơ thẩm định báo cáo kinh tế kỹ thuật - Nhà truyền thống xã Nghĩa Dân, huyện Kim Động",2026-09-21 13:52:31
2863,H31.05.02.H31.09.2015.1228,HOÀN THÀNH,"Đạt chuẩn (1 bản duy nhất) (Hồ sơ chuẩn, không có bản trùng thừa)",1,true,"Hồ sơ thẩm định thiết kế Bản vẽ thi công nhà chợ 2 tầng CP1 và CP2 của Công ty TNHH đầu tư phát triển Hoàng Phát tại phường Lê Lợi, thành phố Hưng Yên",2026-09-21 13:52:33
2864,H31.05.02.H31.09.2017.1467,HOÀN THÀNH,Chưa xử lý,-,false,-,2026-09-20 17:33:20
2865,H31.05.02.H31.09.2017.1457,HOÀN THÀNH,Chưa xử lý,-,false,-,2026-09-20 17:33:34
2866,H31.05.02.H31.09.2017.1456,HOÀN THÀNH,Chưa xử lý,-,false,-,2026-09-20 17:33:49
2867,H31.05.02.H31.09.2017.1455,HOÀN THÀNH,"Đạt chuẩn (1 bản duy nhất) (Hồ sơ chuẩn, không có bản trùng thừa)",1,true,"Thẩm định dự toán điều chỉnh trụ sở làm việc Chi cục Thuế huyện Văn Lâm. Hạng mục: Cải tạo sửa chữa nhà ăn 1 tầng và các hạng mục phụ trợ tại thị trấn Như Quỳnh, huyện Văn Lâm",2026-09-21 13:52:36
2868,H31.05.02.H31.09.2017.1443,HOÀN THÀNH,Chưa xử lý,-,false,-,2026-09-20 17:34:17
2869,H31.05.02.H31.09.2017.1422,HOÀN THÀNH,Chưa xử lý,-,false,-,2026-09-20 17:34:31
2870,H31.05.02.H31.09.2017.1419,HOÀN THÀNH,Chưa xử lý,-,false,-,2026-09-20 17:34:45
2871,H31.05.02.H31.09.2017.1417,HOÀN THÀNH,Chưa xử lý,-,false,-,2026-09-20 17:34:59
2872,H31.05.02.H31.09.2017.1391,HOÀN THÀNH,Chưa xử lý,-,false,-,2026-09-20 17:35:13
2873,H31.05.02.H31.09.2017.1374,HOÀN THÀNH,Chưa xử lý,-,false,-,2026-09-20 17:35:26
2874,H31.05.02.H31.09.2017.1375,HOÀN THÀNH,Chưa xử lý,-,false,-,2026-09-20 17:35:40
2875,H31.05.02.H31.09.2016.1339,HOÀN THÀNH,Chưa xử lý,-,false,-,2026-09-20 17:35:54
2876,H31.05.02.H31.09.2016.1336,HOÀN THÀNH,Chưa xử lý,-,false,-,2026-09-20 17:36:08
2877,H31.05.02.H31.09.2016.1330,HOÀN THÀNH,Chưa xử lý,-,false,-,2026-09-20 17:36:22
2878,H31.05.02.H31.09.2016.1322,HOÀN THÀNH,Chưa xử lý,-,false,-,2026-09-20 17:36:36
2879,H31.05.02.H31.09.2016-2017.1319A,HOÀN THÀNH,"Đạt chuẩn (1 bản duy nhất) (Hồ sơ chuẩn, không có bản trùng thừa)",1,true,"Thẩm định thiết kế bản vẽ thi công và dự toán nhà máy sản xuất bê tông, thiết bị xây dựng công nghiệp của Công ty TNHH MTV thương mại và xây dựng 18 tại xã Minh Đức, huyện Mỹ Hào",2026-09-21 13:52:40
2880,H31.05.02.H31.09.2016.1319,HOÀN THÀNH,Chưa xử lý,-,false,-,2026-09-20 17:37:04
2881,H31.05.02.H31.09.2016.1311,HOÀN THÀNH,Chưa xử lý,-,false,-,2026-09-20 17:37:18
2882,H31.05.02.H31.09.2017.1466,HOÀN THÀNH,Chưa xử lý,-,false,-,2026-09-20 17:37:31
2883,H31.05.02.H31.09.2017.1439,HOÀN THÀNH,Chưa xử lý,-,false,-,2026-09-20 17:37:45
2884,H31.05.02.H31.09.2016.1329,HOÀN THÀNH,Chưa xử lý,-,false,-,2026-09-20 17:37:59
2885,H31.05.02.H31.09.2016.1331,HOÀN THÀNH,Chưa xử lý,-,false,-,2026-09-20 17:38:13
2886,H31.05.02.H31.09.2016.2760,HOÀN THÀNH,Chưa xử lý,-,false,-,2026-09-20 17:38:27
2887,H31.05.02.H31.09.2016.2759,HOÀN THÀNH,Chưa xử lý,-,false,-,2026-09-20 17:38:41
2888,H31.05.02.H31.09.2016.2758,HOÀN THÀNH,Chưa xử lý,-,false,-,2026-09-20 17:38:55
2889,H31.05.02.H31.09.2016.2757,HOÀN THÀNH,Chưa xử lý,-,false,-,2026-09-20 17:39:08
2890,H31.05.02.H31.09.2016.2756,HOÀN THÀNH,Chưa xử lý,-,false,-,2026-09-20 17:39:22
2891,H31.05.02.H31.09.2016.2754,HOÀN THÀNH,Chưa xử lý,-,false,-,2026-09-20 17:39:36
2892,H31.05.02.H31.09.2016.2755,HOÀN THÀNH,Chưa xử lý,-,false,-,2026-09-20 17:39:50
2893,H31.05.02.H31.09.2015-2016.2753,HOÀN THÀNH,Chưa xử lý,-,false,-,2026-09-20 17:40:04
2894,H31.05.02.H31.09.2015-2016.2752,HOÀN THÀNH,Chưa xử lý,-,false,-,2026-09-20 17:40:17
2895,H31.05.02.H31.09.2015.2751,HOÀN THÀNH,Chưa xử lý,-,false,-,2026-09-20 17:40:31
2896,H31.05.02.H31.09.2015.2749,HOÀN THÀNH,Chưa xử lý,-,false,-,2026-09-20 17:40:45
2897,H31.05.02.H31.09.2015.2748,HOÀN THÀNH,Chưa xử lý,-,false,-,2026-09-20 17:40:59
2898,H31.05.02.H31.09.2015.2747,HOÀN THÀNH,"Đạt chuẩn (1 bản duy nhất) (Hồ sơ chuẩn, không có bản trùng thừa)",1,true,"Về việc thông báo kết quả thẩm định, thiết kế và dự toán xây dựng công trình hạ tầng kỹ thuật cụm công nghiệp Minh khai mở rộng huyện Văn Lâm TKBVTC, hạng mục: Hệ thống cấp nước sạch + PCCC (tập 10).",2026-09-21 13:52:45
2899,H31.05.02.H31.09.2015.2746,HOÀN THÀNH,Chưa xử lý,-,false,-,2026-09-20 17:41:27
2900,H31.05.02.H31.09.2015.2745,HOÀN THÀNH,Chưa xử lý,-,false,-,2026-09-20 17:41:41
2901,H31.05.02.H31.09.2015.2744,HOÀN THÀNH,Chưa xử lý,-,false,-,2026-09-20 17:41:54
2902,H31.05.02.H31.09.2015.2743,HOÀN THÀNH,Chưa xử lý,-,false,-,2026-09-20 17:42:08
2903,H31.05.02.H31.09.2015.2742,HOÀN THÀNH,Chưa xử lý,-,false,-,2026-09-20 17:42:22
2904,H31.05.02.H31.09.2015.2741,HOÀN THÀNH,Chưa xử lý,-,false,-,2026-09-20 17:42:36
2905,H31.05.02.H31.09.2015.2740,HOÀN THÀNH,Chưa xử lý,-,false,-,2026-09-20 17:42:50
2906,H31.05.02.H31.09.2015.2739,HOÀN THÀNH,"Đạt chuẩn (1 bản duy nhất) (Hồ sơ chuẩn, không có bản trùng thừa)",1,true,Về việc thông báo kết quả thẩm định thiết kế và dự toán xây dựng công trình hạ tầng kỹ thuật cụm công nghiệp Minh Khai mở rộng huyện Văn Lâm (tập 2),2026-09-21 13:52:48
2907,H31.05.02.H31.09.2015.2738,HOÀN THÀNH,Chưa xử lý,-,false,-,2026-09-20 17:43:17
2908,H31.05.02.H31.09.2015.2736,HOÀN THÀNH,Chưa xử lý,-,false,-,2026-09-20 17:43:31
2909,H31.05.02.H31.09.2015.2735,HOÀN THÀNH,Chưa xử lý,-,false,-,2026-09-20 17:43:45
2910,H31.05.02.H31.09.2015.2734,HOÀN THÀNH,Chưa xử lý,-,false,-,2026-09-20 17:43:59
2911,H31.05.02.H31.09.2015.2737,HOÀN THÀNH,Chưa xử lý,-,false,-,2026-09-20 17:44:13
2912,H31.05.02.H31.09.2015.2733,HOÀN THÀNH,Chưa xử lý,-,false,-,2026-09-20 17:44:27
2913,H31.05.02.H31.09.2015.2732,HOÀN THÀNH,Chưa xử lý,-,false,-,2026-09-20 17:44:41
2914,H31.05.02.H31.09.2015.2731,HOÀN THÀNH,Chưa xử lý,-,false,-,2026-09-20 17:44:55
2915,H31.05.02.H31.09.2015.2730,HOÀN THÀNH,Chưa xử lý,-,false,-,2026-09-20 17:45:09
2916,H31.05.02.H31.09.2015.2729,HOÀN THÀNH,Chưa xử lý,-,false,-,2026-09-20 17:45:22
2917,H31.05.02.H31.09.2015.2728,HOÀN THÀNH,Chưa xử lý,-,false,-,2026-09-20 17:45:36
2918,H31.05.02.H31.09.2015.2727,HOÀN THÀNH,Chưa xử lý,-,false,-,2026-09-20 17:45:50
2919,H31.05.02.H31.09.2015.2726,HOÀN THÀNH,Chưa xử lý,-,false,-,2026-09-20 17:46:04
2920,H31.05.02.H31.09.2015.2725,HOÀN THÀNH,Chưa xử lý,-,false,-,2026-09-20 17:46:18
2921,H31.05.02.H31.09.2015.2724,HOÀN THÀNH,Chưa xử lý,-,false,-,2026-09-20 17:46:31
2922,H31.05.02.H31.09.2015.2723,HOÀN THÀNH,Chưa xử lý,-,false,-,2026-09-20 17:46:45
2923,H31.05.02.H31.09.2015.2722,HOÀN THÀNH,"Đạt chuẩn (1 bản duy nhất) (Hồ sơ chuẩn, không có bản trùng thừa)",1,true,"Về việc thiết kế thi công dự án xây dựng hệ thống cấp, thoát nước và vệ sinh thị trấn Ân Thi, huyện Ân Thi - Xây dựng hệ thống thoát nước và vệ sinh thị trấn Ân Thi Tập 2",2026-09-21 13:52:53
2924,H31.05.02.H31.09.2014-2015.2721,HOÀN THÀNH,"Đạt chuẩn (1 bản duy nhất) (Hồ sơ chuẩn, không có bản trùng thừa)",1,true,Hồ sơ về việc thiết kế thi công dự án xây dựng hệ thống cấp thoát nước và vệ sinh thị trấn Ân Thị huyện Ân Thi - xây dựng hệ thống thoát nước và vệ sinh thị trấn Ân Thị Tập 1,2026-09-21 13:52:55
2925,H31.05.02.H31.09.2014-2015.2720,HOÀN THÀNH,Chưa xử lý,-,false,-,2026-09-20 17:47:27
2926,H31.05.02.H31.09.2014.2719,HOÀN THÀNH,Chưa xử lý,-,false,-,2026-09-20 17:47:40
2927,H31.05.02.H31.09.2014.2718,HOÀN THÀNH,Chưa xử lý,-,false,-,2026-09-20 17:47:54
2928,H31.05.02.H31.09.2014.2717,HOÀN THÀNH,Chưa xử lý,-,false,-,2026-09-20 17:48:08
2929,H31.05.02.H31.09.2014.2716,HOÀN THÀNH,Chưa xử lý,-,false,-,2026-09-20 17:48:22
2930,H31.05.02.H31.09.2014.2715,HOÀN THÀNH,"Đạt chuẩn (1 bản duy nhất) (Hồ sơ chuẩn, không có bản trùng thừa)",1,true,"Về việc đề nghị thẩm định và phê duyệt kế hoạch đấu thầu công trình: Sửa chữa, nâng cấp hệ sinh học xử lí nước thải - Thuộc dự án Hệ thống thoát nước và vệ sinh thị trấn Yên Mỹ. Chương trình nước và vệ sinh cho các thị trấn nhỏ ở Việt Nam, giai đoạn I",2026-09-21 13:52:59
2931,H31.05.02.H31.09.2014.2714,HOÀN THÀNH,Chưa xử lý,-,false,-,2026-09-20 17:48:49
2932,H31.05.02.H31.09.2014.2713A,HOÀN THÀNH,Chưa xử lý,-,false,-,2026-09-20 17:49:03
2933,H31.05.02.H31.09.2014.2713,HOÀN THÀNH,"Đã xóa trùng (1 bản duy nhất) (Đã xóa thành công 1 bản trùng thừa, giữ lại bản chính #1)",1,true,Hồ sơ thẩm tra bản vẽ thi công và dự toán công trình Hạ tầng kỹ thuật thuộc dự án khu nhà hỗn hợp cao tầng và khu nhà ở để bán của Công ty cổ phần vật tư và xuất nhập khẩu tại Thị trấn Bần Yên Nhân,2026-09-21 13:53:06
2934,H31.05.02.H31.09.2014.2712,HOÀN THÀNH,Chưa xử lý,-,false,-,2026-09-20 17:49:31
2935,H31.05.02.H31.09.2014.2711,HOÀN THÀNH,Chưa xử lý,-,false,-,2026-09-20 17:49:45
2936,H31.05.02.H31.09.2014.2710,HOÀN THÀNH,Chưa xử lý,-,false,-,2026-09-20 17:49:58
2937,H31.05.02.H31.09.2014.2709,HOÀN THÀNH,"Đạt chuẩn (1 bản duy nhất) (Hồ sơ chuẩn, không có bản trùng thừa)",1,true,"Về việc tham gia ý kiến về thiết kế cơ sở Dự án khai thác mỏ cát Sơn Nam tại xã Mai Động, huyện Kim Động, tỉnh Hưng Yên của Công ty Cổ phần đầu tư xây dựng Sơn Nam",2026-09-21 13:53:09
2938,H31.05.02.H31.09.2014.2708,HOÀN THÀNH,Chưa xử lý,-,false,-,2026-09-20 17:50:26
2939,H31.05.02.H31.09.2014.2707,HOÀN THÀNH,Chưa xử lý,-,false,-,2026-09-20 17:50:40
2940,H31.05.02.H31.09.2014.2706,HOÀN THÀNH,"Đạt chuẩn (1 bản duy nhất) (Hồ sơ chuẩn, không có bản trùng thừa)",1,true,"Về việc thiết kế thi công và thi công xây lắp phân khối lượng công việc còn lại của hệ thống cấp nước Thị Tứ Phùng Hưng, H. Khoái Châu, tỉnh Hưng Yên (tập 1)",2026-09-21 13:53:11
2941,H31.05.02.H31.09.2014.2705,HOÀN THÀNH,Chưa xử lý,-,false,-,2026-09-20 17:51:07
2942,H31.05.02.H31.09.2014.2704,HOÀN THÀNH,Chưa xử lý,-,false,-,2026-09-20 17:51:21
2943,H31.05.02.H31.09.2014.2703,HOÀN THÀNH,Chưa xử lý,-,false,-,2026-09-20 17:51:35
2944,H31.05.02.H31.09.2014.2702,HOÀN THÀNH,Chưa xử lý,-,false,-,2026-09-20 17:51:49
2945,H31.05.02.H31.09.2014.2701,HOÀN THÀNH,Chưa xử lý,-,false,-,2026-09-20 17:52:03
2946,H31.05.02.H31.09.2014.2698,HOÀN THÀNH,"Đã xóa trùng (1 bản duy nhất) (Đã xóa thành công 2 bản trùng thừa, giữ lại bản chính #1)",1,true,"Thẩm định, phê duyệt báo cáo kinh tế - kỹ thuật xây dựng công trình: Nhà sạch và nhà tiêu hợp vệ sinh, xây dựng trạm y tế 06 xã: Quang Hưng, Minh Tân, Phan Sào Nam (thị xã Phù Cừ), Hiệp Cường, Ngọc Thanh, Phú Cường (huyện Kim Động)",2026-09-21 13:53:19
2947,H31.05.02.H31.09.2014.2700,HOÀN THÀNH,Chưa xử lý,-,false,-,2026-09-20 17:52:31
2948,H31.05.02.H31.09.2014.2699,HOÀN THÀNH,Chưa xử lý,-,false,-,2026-09-20 17:52:45
2949,H31.05.02.H31.09.2014.2698A,HOÀN THÀNH,Chưa xử lý,-,false,-,2026-09-20 17:52:53
2950,H31.05.02.H31.09.2013.2697,HOÀN THÀNH,Chưa xử lý,-,false,-,2026-09-20 17:53:07
2951,H31.05.02.H31.09.2013.2696,HOÀN THÀNH,Chưa xử lý,-,false,-,2026-09-20 17:53:21
2952,H31.05.02.H31.09.2013.2695,HOÀN THÀNH,Chưa xử lý,-,false,-,2026-09-20 17:53:35
2953,H31.05.02.H31.09.2013.2694,HOÀN THÀNH,Chưa xử lý,-,false,-,2026-09-20 17:53:49
2954,H31.05.02.H31.09.2013.2693,HOÀN THÀNH,Chưa xử lý,-,false,-,2026-09-20 17:54:03
2955,H31.05.02.H31.09.2013.2692,HOÀN THÀNH,Chưa xử lý,-,false,-,2026-09-20 17:54:17
2956,H31.05.02.H31.09.2013.2691,HOÀN THÀNH,Chưa xử lý,-,false,-,2026-09-20 17:54:30
2957,H31.05.02.H31.09.2013.2690,HOÀN THÀNH,Chưa xử lý,-,false,-,2026-09-20 17:54:44
2958,H31.05.02.H31.09.2011-2012.2689,HOÀN THÀNH,Chưa xử lý,-,false,-,2026-09-20 17:54:58
2959,H31.05.02.H31.09.2011-2012.2688,HOÀN THÀNH,Chưa xử lý,-,false,-,2026-09-20 17:55:12
2960,H31.05.02.H31.09.2011-2012.2687,HOÀN THÀNH,Chưa xử lý,-,false,-,2026-09-20 17:55:26
2961,H31.05.02.H31.09.2011-2012.2686,HOÀN THÀNH,Chưa xử lý,-,false,-,2026-09-20 17:55:40
2962,H31.05.02.H31.09.2011.2685,HOÀN THÀNH,Chưa xử lý,-,false,-,2026-09-20 17:55:54
2963,H31.05.02.H31.09.2011.2684,HOÀN THÀNH,"Đạt chuẩn (1 bản duy nhất) (Hồ sơ chuẩn, không có bản trùng thừa)",1,true,"Về việc tham gia ý kiến thẩm định thiết kế cơ sở dự án đầu tư xây dựng cải tạo, nâng cấp kênh tiêu Chợ Gạo, thành phố Hưng Yên. Tập 1",2026-09-21 13:53:24
2964,H31.05.02.H31.09.2011.2682,HOÀN THÀNH,Chưa xử lý,-,false,-,2026-09-20 17:56:22
2965,H31.05.02.H31.09.2011.2683,HOÀN THÀNH,Chưa xử lý,-,false,-,2026-09-20 17:56:36
2966,H31.05.02.H31.09.2010-2011.2681,HOÀN THÀNH,Chưa xử lý,-,false,-,2026-09-20 17:56:50
2967,H31.05.02.H31.09.2010-2011.2680,HOÀN THÀNH,Chưa xử lý,-,false,-,2026-09-20 17:57:04
2968,H31.05.02.H31.09.2010.2678,HOÀN THÀNH,Chưa xử lý,-,false,-,2026-09-20 17:57:18
2969,H31.05.02.H31.09.2010.2677,HOÀN THÀNH,Chưa xử lý,-,false,-,2026-09-20 17:57:32
2970,H31.05.02.H31.09.2010.2676,HOÀN THÀNH,Chưa xử lý,-,false,-,2026-09-20 17:57:46
2971,H31.05.02.H31.09.2010.2675,HOÀN THÀNH,Chưa xử lý,-,false,-,2026-09-20 17:58:00
2972,H31.05.02.H31.09.2010.2674,HOÀN THÀNH,Chưa xử lý,-,false,-,2026-09-20 17:58:14
2973,H31.05.02.H31.09.2010.2673,HOÀN THÀNH,Chưa xử lý,-,false,-,2026-09-20 17:58:28
2974,H31.05.02.H31.09.2009-2010.2672,HOÀN THÀNH,Chưa xử lý,-,false,-,2026-09-20 17:58:42
2975,H31.05.02.H31.09.2009-2010.2671,HOÀN THÀNH,"Đạt chuẩn (1 bản duy nhất) (Hồ sơ chuẩn, không có bản trùng thừa)",1,true,"Thẩm tra thiết kế bản vẽ thi công và dự toán công trình Xây dựng hạ tầng kỹ thuật làng quân nhân - Bộ chỉ huy quân sự tỉnh Hưng Yên tại xã Bảo Khê, TP. Hưng Yên năm 2010",2026-09-21 13:53:28
2976,H31.05.02.H31.09.2008.2670,HOÀN THÀNH,Chưa xử lý,-,false,-,2026-09-20 17:59:10
2977,H31.05.02.H31.09.2008.2669,HOÀN THÀNH,Chưa xử lý,-,false,-,2026-09-20 17:59:24
2978,H31.05.02.H31.09.2008.2668,HOÀN THÀNH,"Đạt chuẩn (1 bản duy nhất) (Hồ sơ chuẩn, không có bản trùng thừa)",1,true,"Thẩm định thiết kế bản vẽ thi công - Hệ thống cấp nước thị trấn Vương - Dị Chế - Hải Triều, huyện Tiên Lữ, tỉnh Hưng Yên",2026-09-21 13:53:30
2979,H31.05.02.H31.09.2008.2667,HOÀN THÀNH,Chưa xử lý,-,false,-,2026-09-20 17:59:52
